,brand,year,month,country,model,segment,engine_type,price_usd,marketing_spend_usd,dealership_count,fuel_price_usd,gdp_growth_percent,interest_rate_percent,competition_index,units_sold
0,Toyota,2024.0,10.0,Spain,Supra,Sedan,Hybrid,34573.0,474614.0,20.0,1.66,1.43,3.37,9,1192.0
1,Tesla,2018.0,12.0,Spain,Model 3,Suv,Electric,49727.0,75488.0,11.0,1.79,1.13,3.24,7,197.0
2,Toyota,2015.0,6.0,India,Corolla,Sedan,Electric,58338.0,538524.0,54.0,0.97,7.4,6.32,4,1800.0
4,Toyota,2016.0,3.0,UK,C-HR,Suv,Petrol,76745.0,246108.0,30.0,1.94,1.98,2.81,4,1320.0
5,Toyota,2018.0,8.0,Italy,Yaris,Sedan,Hybrid,60218.0,616677.0,37.0,1.82,1.36,3.32,1,2117.0
6,Volkswagen,2022.0,7.0,Italy,Golf,Sedan,Hybrid,68198.0,155186.0,8.0,1.78,0.62,3.62,3,1486.0
7,BMW,2017.0,12.0,Brazil,X5,Sedan,Electric,40730.0,414271.0,398.0,1.2078982584750677,3.0653563407989424,10.389174202698364,2,1096.0
8,Mercedes-Benz,2024.0,12.0,UK,A-Class,Sedan,Electric,126209.0,349404.0,34.0,1.81,1.15,5.04,3,534.0
9,Volkswagen,2018.0,12.0,Australia,Arteon,Sedan,Hybrid,44620.0,175221.0,45.0,1.69,3.33,4.54,4,909.0
10,Porsche,2022.0,1.0,Italy,Cayenne,Suv,Petrol,90507.0,160508.0,28.0,1.78,1.35,3.33,8,245.0
12,Tesla,2015.0,8.0,Germany,Model S Plaid,Suv,Electric,126124.0,234877.0,20.0,1.92,1.61,3.07,6,218.0
14,Volkswagen,2018.0,5.0,Japan,Polo,Sedan,Diesel,30749.0,595985.0,30.0,1.42,1.64,0.13,5,2759.0
15,Audi,2021.0,4.0,Mexico,A6,Sedan,Hybrid,87794.0,525761.0,30.0,1.05,2.15,10.76,10,569.0
17,BMW,2020.0,12.0,India,iX,Sedan,Petrol,100425.0,430791.0,200.0,1.146235567352459,6.573081562027015,6.573405958770348,6,827.0
18,Volkswagen,2018.0,6.0,India,Arteon,Sedan,Hybrid,77354.0,530350.0,69.0,0.99,7.37,6.61,7,1963.0
19,Toyota,2020.0,9.0,Netherlands,Prius,Suv,Hybrid,40740.0,496842.0,83.0,2.1,2.05,3.72,6,2235.0
21,Mercedes-Benz,2024.0,12.0,Italy,S-Class,Sedan,Diesel,128965.0,207175.0,57.0,1.77,0.86,3.64,6,1001.0
22,Porsche,2023.0,4.0,Germany,Macan EV,Suv,Petrol,176336.0,288601.0,2.0,1.9,2.27,3.25,7,472.0
23,Volkswagen,2017.0,3.0,USA,Polo,Sedan,Diesel,50489.0,246261.0,46.0,0.93,2.55,4.34,9,2416.0
24,Volkswagen,2019.0,8.0,Japan,T-Roc,Suv,Electric,29886.0,307783.0,41.0,1.46,1.53,0.27,8,154.0
25,Porsche,2020.0,9.0,Spain,718,Sedan,Hybrid,151484.0,288757.0,12.0,1.66,1.04,3.68,2,113.0
26,Mercedes-Benz,2015.0,5.0,Spain,S-Class,Sedan,Diesel,107568.0,93451.0,39.0,1.82,0.84,3.23,8,172.0
27,Toyota,2015.0,5.0,India,Prius,Suv,Petrol,69347.0,440823.0,94.0,1.12,7.31,6.43,1,1295.0
28,Audi,2024.0,10.0,Italy,e-tron,Suv,Hybrid,84130.0,470966.0,12.0,1.79,1.18,3.3,6,1029.0
29,Porsche,2019.0,9.0,Canada,Cayenne,Suv,Petrol,175058.0,396232.0,16.5,1.2,2.14,4.24,7,255.0
30,Porsche,2018.0,3.0,France,Cayenne Coupe,Suv,Petrol,151135.0,303978.0,15.0,1.8,1.95,3.39,4,299.0
31,Porsche,2022.0,9.0,Japan,Panamera,Sedan,Hybrid,146264.0,137119.0,10.0,1.56,1.38,0.32,7,321.0
32,Mercedes-Benz,2017.0,3.0,Canada,S-Class,Sedan,Hybrid,57702.0,324033.0,29.0,1.21,1.76,3.79,9,1282.0
33,Toyota,2018.0,6.0,Canada,RAV4,Suv,Electric,23860.0,347728.0,79.0,1.33,2.41,4.19,2,229.0
34,Audi,2015.0,8.0,Brazil,A4,Sedan,Hybrid,61176.0,86343.0,57.0,1.1963698404939982,3.66,10.42,9,55.0
35,Mercedes-Benz,2022.0,8.0,Netherlands,CLA,Sedan,Petrol,63773.0,212241.0,36.0,1.93,1.76,3.69,10,86.0
36,Audi,2021.0,5.0,Japan,Q3,Suv,Diesel,49867.0,410758.0,8.0,1.51,1.27,0.35,1,695.0
37,BMW,2019.0,11.0,Australia,i7,Sedan,Electric,42371.0,323541.0,319.0,1.6939819704323988,3.2080725777960453,3.962350696577481,5,730.0
38,Audi,2021.0,8.0,Spain,RS6,Sedan,Petrol,70904.0,349509.0,56.0,1.85,1.72,3.36,2,405.0
39,Ford,2023.0,1.0,Australia,Escape,Suv,Hybrid,40218.0,281742.0,99.0,1.58,2.9,4.04,2,3057.0
40,Tesla,2023.0,1.0,France,Cybertruck,Suv,Electric,113945.0,108838.0,23.0,1.78,1.82,3.52,6,1950.0
41,Toyota,2024.0,5.0,France,RAV4,Suv,Petrol,79979.0,318291.0,40.0,1.8,1.32,3.34,9,1830.0
43,Ford,2015.0,2.0,Brazil,Escape,Suv,Petrol,28449.0,286360.0,112.0,1.22,3.67,10.24,2,3456.0
44,Volkswagen,2019.0,10.0,USA,T-Roc,Suv,Petrol,48612.0,432808.0,51.0,1.02,2.48,4.78,3,410.0
45,Tesla,2018.0,12.0,Canada,Model X,Suv,Electric,105733.0,141468.0,21.0,1.4,2.51,4.1,9,1746.0
46,Ford,2020.0,2.0,UK,Explorer,Suv,Electric,81822.0,666265.0,46.0,1.44,1.68,0.3,10,1836.0
47,Audi,2022.0,4.0,Netherlands,Q7,Suv,Electric,85793.0,504602.0,26.0,1.91,1.99,3.46,1,389.0
48,Mercedes-Benz,2021.0,9.0,Japan,S-Class,Sedan,Petrol,113143.0,182921.0,33.5,1.45,1.05,0.19,10,1051.0
49,Ford,2024.0,12.0,Italy,Edge,Suv,Petrol,73194.0,757297.0,106.0,1.85,1.42,3.69,10,2932.0
50,Ford,2019.0,11.0,India,Ranger,Suv,Hybrid,65583.0,705106.0,43.0,0.98,7.046118602745924,6.22,7,64.0
51,Porsche,2021.0,6.0,USA,Macan,Suv,Electric,151332.0,274733.0,9.0,1.01,2.71,4.55,6,283.0
52,Mercedes-Benz,2023.0,2.0,Germany,GLC,Suv,Diesel,67966.0,422486.0,21.0,2.0,2.29,2.79,3,123.0
53,BMW,2018.0,11.0,USA,iX,Sedan,Diesel,70333.0,327721.0,126.0,0.9913430092765712,2.152539042914261,4.545773016100088,2,634.0
54,Ford,2024.0,12.0,Italy,Mustang Mach-E,Suv,Electric,31683.0,659270.0,40.0,1.89,0.99,3.35,10,3450.0
55,BMW,2018.0,10.0,Brazil,5 Series,Suv,Hybrid,70081.0,164881.0,141.0,1.2130266367178415,3.8721239089441513,10.759270969490167,9,529.0
56,Ford,2021.0,8.0,Mexico,Ranger,Suv,Hybrid,39098.0,255537.0,41.0,1.0,1.63,10.83,10,384.0
57,Volkswagen,2024.0,7.0,Germany,Touareg,Suv,Electric,26032.0,418015.0,80.0,1.93,2.16,2.73,3,534.0
59,Tesla,2017.0,12.0,USA,Semi,Suv,Electric,98133.0,270271.0,19.0,0.97,2.63,4.61,7,50.0
60,Volkswagen,2015.0,6.0,Italy,Tiguan,Suv,Hybrid,32970.0,416504.0,25.0,1.93,1.17,3.62,4,1678.0
61,Tesla,2016.0,3.0,China,Model 3,Suv,Electric,122387.0,270067.0,39.0,1.09,6.32,3.45,7,1024.0
62,Tesla,2016.0,3.0,Netherlands,Model S Plaid,Suv,Electric,41819.0,208731.0,34.0,1.99,1.8,3.55,5,1892.0
63,Toyota,2024.0,6.0,Netherlands,C-HR,Suv,Electric,28655.0,386833.0,87.0,1.92,2.03,3.68,8,989.0
64,Porsche,2019.0,5.0,Mexico,Cayenne,Suv,Hybrid,162668.0,164301.0,22.0,1.03,1.75,10.82,6,416.0
65,Tesla,2020.0,9.0,Australia,Model X Plaid,Suv,Electric,51446.0,221093.0,10.0,1.52,2.88,4.27,7,446.0
66,Volkswagen,2015.0,2.0,UK,Touareg,Suv,Hybrid,69042.0,306054.0,54.0,1.8,1.15,5.08,2,554.0
67,Tesla,2019.0,9.0,France,Model 3,Suv,Electric,110992.0,17624.0,18.0,1.73,2.06,3.54,7,1480.0
68,Toyota,2015.0,7.0,Mexico,Camry,Sedan,Hybrid,32362.0,618173.0,73.0,1.03,1.51,10.87,9,124.0
69,Tesla,2024.0,7.0,Brazil,Semi,Suv,Electric,124647.0,123810.0,38.0,1.18,3.66,10.21,3,2316.0
70,Audi,2024.0,8.0,France,RS6,Sedan,Diesel,58938.0,58529.0,40.0,1.8,1.6277011090863,3.42,8,335.0
71,Toyota,2022.0,10.0,Canada,Yaris,Sedan,Hybrid,32294.0,112812.0,61.0,1.21,2.3,4.21,7,285.0
72,Tesla,2023.0,3.0,Germany,Semi,Suv,Electric,68430.0,173600.0,14.0,1.91,1.68,2.99,9,2278.0
73,Tesla,2018.0,1.0,France,Cybertruck,Suv,Electric,102532.0,195473.0,31.0,1.79,1.53,3.29,1,621.0
74,Audi,2016.0,7.0,Italy,A4,Sedan,Electric,114904.0,341713.0,6.0,1.91,0.77,3.22,5,711.0
75,BMW,2024.0,12.0,France,7 Series,Sedan,Diesel,84646.0,277966.0,282.0,1.8800037283696207,1.1109958286584805,3.282131378041284,7,736.0
76,BMW,2021.0,8.0,Australia,7 Series,Sedan,Electric,106466.0,78885.0,329.0,1.686151465120713,3.2764129607419967,4.15448212415181,1,749.0
77,Toyota,2024.0,12.0,Italy,RAV4,Suv,Hybrid,88008.0,236854.0,32.0,1.83,1.04,3.66,1,1482.0
78,Mercedes-Benz,2023.0,4.0,UK,E-Class,Sedan,Hybrid,121226.0,69737.0,38.0,1.78,1.54,4.89,3,1027.0
79,Audi,2022.0,8.0,Mexico,RS6,Sedan,Petrol,84387.0,211579.0,12.0,1.08,2.16,11.08,6,501.0
80,BMW,2017.0,11.0,China,5 Series,Suv,Electric,118434.0,442704.0,64.0,1.0984555712896071,5.680976952709489,3.7126310560217473,4,216.0
81,Audi,2016.0,4.0,Germany,e-tron,Suv,Petrol,89579.0,498760.0,11.0,1.9,1.41,2.78,1,289.0
82,Volkswagen,2017.0,4.0,USA,Golf,Sedan,Electric,33396.0,112409.0,76.0,0.97,2.28,4.46,10,1632.0
83,Ford,2016.0,7.0,China,Escape,Suv,Petrol,94629.0,72852.0,36.0,1.0950000000000002,6.36,3.45,7,330.0
84,Porsche,2017.0,2.0,UK,Cayenne Coupe,Suv,Electric,65739.0,290476.0,28.0,1.51,2.97,3.98,8,389.0
85,Ford,2021.0,9.0,Japan,Edge,Suv,Petrol,94785.0,328113.0,114.0,1.49,1.4,-0.1,5,1505.0
86,Tesla,2019.0,5.0,USA,Model X,Suv,Electric,56053.0,103000.0,33.0,0.97,2.72,4.67,5,898.0
87,Ford,2018.0,5.0,India,Mustang Mach-E,Suv,Petrol,50313.0,548051.0,72.0,1.13,6.95,6.7,1,1242.0
88,Mercedes-Benz,2024.0,9.0,Spain,E-Class,Sedan,Diesel,84415.0,75034.0,19.0,1.8,1.43,3.53,3,608.0
89,Porsche,2019.0,2.0,Canada,GTS,Sedan,Hybrid,173555.0,131216.0,25.0,1.32,2.34,3.87,8,486.0
90,Tesla,2018.0,12.0,China,Model S Plaid,Suv,Electric,43237.0,98727.0,27.0,1.09,5.8,3.23,6,363.0
91,Toyota,2024.0,6.0,Australia,Prius,Suv,Hybrid,20897.0,648648.0,27.0,1.63,2.9,4.45,1,2658.0
92,Ford,2021.0,3.0,Japan,Ranger,Suv,Hybrid,83132.0,668788.0,100.0,1.44,1.5,-0.18,2,1173.0
93,BMW,2022.0,6.0,Germany,X5,Sedan,Diesel,56650.0,357481.0,168.0,1.903783541056568,1.718770524892073,2.9298831169496986,3,753.0
94,Mercedes-Benz,2015.0,2.0,China,EQS,Suv,Electric,82135.0,363928.0,23.0,1.04,6.23,3.72,5,397.0
95,Mercedes-Benz,2020.0,2.0,USA,E-Class,Sedan,Electric,43722.0,178470.0,32.0,0.96,2.8,4.64,9,574.0
96,Porsche,2016.0,5.0,USA,Macan,Suv,Electric,132946.0,329849.0,17.0,0.92,2.5,4.56,4,6.0
98,BMW,2022.0,2.0,UK,X5,Sedan,Diesel,77674.0,288765.0,308.0,1.8305102694527564,1.8772005408131085,4.935467064453581,10,925.0
99,Toyota,2016.0,6.0,France,Camry,Sedan,Petrol,46545.0,369859.0,78.0,1.87,1.81,3.39,4,1370.0
100,Toyota,2015.0,4.0,China,Camry,Sedan,Electric,67481.0,284663.0,88.0,1.09,5.68,3.74,3,2536.0
101,Audi,2017.0,3.0,Canada,e-tron,Suv,Electric,44280.0,242186.0,40.0,1.38,2.12,4.03,9,287.0
102,Tesla,2019.0,7.0,UK,Model S,Suv,Electric,93409.0,17890.0,25.0,1.82,1.49,4.81,2,1692.0
103,BMW,2024.0,8.0,Australia,i4,Suv,Petrol,35901.0,287989.0,38.0,1.6593074581952354,3.4208478478156867,4.319990188712443,6,207.0
105,Porsche,2024.0,1.0,Canada,718,Sedan,Hybrid,180532.0,364148.0,6.0,1.37,1.98,3.76,1,359.0
106,Audi,2019.0,8.0,France,A3,Sedan,Electric,112599.0,539722.0,39.0,1.73,1.31,3.78,10,1058.0
107,Ford,2021.0,10.0,India,Ranger,Suv,Hybrid,86771.0,134381.0,58.0,1.13,7.05,6.52,2,360.0
108,Tesla,2017.0,7.0,China,Model S Plaid,Suv,Electric,85554.0,175060.0,33.0,1.12,6.36,3.5,4,1863.0
109,Tesla,2019.0,12.0,Australia,Cybertruck,Suv,Electric,45655.0,129131.0,21.0,1.7,3.01,4.53,1,190.0
110,Audi,2018.0,2.0,Mexico,Q7,Suv,Hybrid,111299.0,259754.0,55.0,1.09,1.98,11.1,7,991.0
111,Toyota,2024.0,7.0,India,Land Cruiser,Suv,Electric,75165.0,442871.0,61.0,1.01,7.06,6.42,1,2057.0
112,Mercedes-Benz,2024.0,1.0,Canada,A-Class,Sedan,Diesel,46398.0,523920.0,35.0,1.35,1.94,4.15,9,883.0
113,Porsche,2018.0,8.0,USA,911,Sedan,Electric,103122.0,377731.0,10.0,0.96,2.73,4.65,6,116.0
114,Tesla,2024.0,4.0,Brazil,Semi,Suv,Electric,127640.0,281404.0,26.0,1.18,3.75,10.4,5,75.0
115,Volkswagen,2024.0,9.0,Japan,Tiguan,Suv,Diesel,63429.0,419935.0,15.0,1.45,1.31,0.23,8,2199.0
116,Ford,2022.0,7.0,Germany,Bronco,Suv,Hybrid,64010.0,485765.0,112.0,1.9,1.34,2.95,5,3689.0
117,BMW,2023.0,11.0,Brazil,3 Series,Suv,Diesel,53557.0,219357.0,187.0,1.107344272500164,3.007664032649225,10.331441285461114,1,599.0
118,Toyota,2023.0,1.0,Mexico,Supra,Sedan,Electric,49228.0,311484.0,55.0,1.02,2.32,11.18,7,2452.0
119,Mercedes-Benz,2015.0,5.0,Mexico,GLS,Suv,Electric,116528.0,102302.0,9.0,1.11,1.71,11.1,4,1108.0
120,Toyota,2018.0,12.0,China,RAV4,Suv,Petrol,40251.0,531571.0,14.0,1.07,6.31,3.46,9,185.0
121,Porsche,2024.0,1.0,Italy,Cayenne Coupe,Suv,Petrol,186996.0,254634.0,14.0,1.87,0.9,3.59,7,438.0
122,Mercedes-Benz,2019.0,12.0,USA,GLC,Suv,Hybrid,93080.0,282042.0,30.0,0.91,2.56,4.71,8,442.0
123,Volkswagen,2019.0,3.0,Spain,Tiguan,Suv,Hybrid,40374.0,446682.0,27.0,1.67,0.86,3.44,7,646.0
124,Audi,2017.0,6.0,Spain,A3,Sedan,Diesel,80811.0,429365.0,26.0,1.68,0.89,3.32,3,514.0
125,Tesla,2015.0,7.0,Netherlands,Model S,Suv,Electric,71390.0,193098.0,36.0,2.07,2.5,3.24,6,2173.0
126,Audi,2019.0,6.0,Brazil,RS6,Sedan,Electric,82730.0,548862.0,56.0,1.19,3.35,10.79,7,1160.0
127,Tesla,2020.0,3.0,Brazil,Model S Plaid,Suv,Electric,104594.0,166602.0,33.0,1.23,3.54,10.23,6,1282.0
128,Tesla,2021.0,8.0,Mexico,Model S Plaid,Suv,Electric,106689.0,275741.0,30.0,1.2,2.085,11.0,1,2342.0
129,Mercedes-Benz,2020.0,3.0,Japan,E-Class,Sedan,Hybrid,61949.0,404570.0,22.0,1.42,1.43,-0.18,2,322.0
130,Tesla,2020.0,2.0,France,Model S,Suv,Electric,51762.0,25825.0,16.0,1.87,1.79,3.66,3,167.0
131,Audi,2022.0,2.0,France,A6,Sedan,Petrol,49304.0,196613.0,10.0,1.88,1.86,3.3,10,95.0
132,Volkswagen,2020.0,7.0,China,Tiguan,Suv,Petrol,58026.0,70636.0,16.0,1.1,6.08,3.21,1,843.0
133,Volkswagen,2022.0,4.0,China,Polo,Sedan,Petrol,74560.0,503424.0,88.0,1.08,6.46,3.38,5,1635.0
134,Audi,2019.0,5.0,Australia,A3,Sedan,Electric,38001.0,423164.0,42.0,1.59,3.06,4.0,2,87.0
135,Volkswagen,2023.0,10.0,Spain,Tiguan,Suv,Petrol,20428.0,126200.0,79.0,1.83,1.78,3.73,4,1335.0
136,Porsche,2024.0,4.0,Brazil,911,Sedan,Hybrid,110075.0,227919.0,27.0,1.18,3.78,10.47,2,28.0
137,Volkswagen,2023.0,2.0,Mexico,Arteon,Sedan,Petrol,50742.0,483672.0,87.0,1.14,1.52,11.07,6,1030.0
138,Ford,2019.0,4.0,China,Mustang Mach-E,Suv,Petrol,89472.0,51850.0,98.0,1.14,6.31,3.25,10,3428.0
139,Mercedes-Benz,2024.0,8.0,Canada,E-Class,Sedan,Diesel,125369.0,347849.0,37.0,1.22,1.83,3.93,2,714.0
140,Ford,2021.0,12.0,Brazil,Mustang Mach-E,Suv,Electric,52510.0,322029.0,114.0,1.28,3.84,10.53,8,2814.0
142,Volkswagen,2023.0,1.0,China,ID.3,Suv,Hybrid,25909.0,460988.0,57.0,1.1,5.56,3.57,5,1779.0
143,Tesla,2024.0,2.0,Mexico,Model 3,Suv,Electric,56067.0,242092.0,17.0,1.03,1.54,11.18,4,2294.0
144,Mercedes-Benz,2021.0,2.0,India,CLA,Sedan,Diesel,57799.0,256865.0,55.0,1.1,7.33,6.54,5,269.0
145,Ford,2015.0,9.0,Italy,Escape,Suv,Electric,48684.0,258677.0,109.0,1.8,0.73,3.79,6,1942.0
146,Ford,2024.0,11.0,Spain,F-150 Lightning,Suv,Electric,81599.0,74148.0,30.0,1.83,1.25,3.38,8,3828.0
147,Mercedes-Benz,2020.0,4.0,Brazil,GLS,Suv,Hybrid,50717.0,465282.0,25.0,1.24,3.05,10.44,9,928.0
148,Audi,2015.0,7.0,Germany,TT,Sedan,Hybrid,58440.0,437341.0,56.0,1.99,1.57,2.84,3,1133.0
149,BMW,2023.0,6.0,Brazil,X3,Suv,Electric,100681.0,245413.0,103.0,1.122144118665263,3.380400548970409,10.786080197106395,3,235.0
150,Porsche,2019.0,7.0,China,Taycan,Suv,Hybrid,198950.0,345106.0,20.0,1.11,6.11,3.23,2,483.0
151,Ford,2023.0,3.0,Germany,Edge,Suv,Petrol,79304.0,595903.0,111.0,1.85,1.71,2.88,1,924.0
152,Toyota,2015.0,6.0,Germany,bZ4X,Suv,Hybrid,82919.0,571761.0,16.0,1.99,2.12,3.18,6,784.0
153,Porsche,2016.0,11.0,France,Macan EV,Suv,Hybrid,186926.0,276896.0,6.0,1.88,1.86,3.59,2,246.0
154,Mercedes-Benz,2021.0,6.0,Brazil,EQS,Suv,Hybrid,95967.0,436958.0,43.0,1.13,3.09,10.46,3,430.0
155,BMW,2021.0,3.0,Germany,X1,Suv,Diesel,74449.0,275192.0,58.0,1.8711345432929896,1.6892956140419766,2.87321624206242,2,542.0
156,Ford,2022.0,6.0,Netherlands,Explorer,Suv,Electric,48692.0,66499.0,106.0,1.94,2.06,3.73,8,646.0
157,Toyota,2021.0,8.0,USA,Yaris,Sedan,Hybrid,22182.0,79499.0,43.0,0.93,2.93,4.55,10,625.0
158,Ford,2024.0,3.0,UK,F-150,Suv,Hybrid,39508.0,436642.0,49.0,1.83,1.4849999999999999,4.79,10,1933.0
159,Volkswagen,2022.0,6.0,Mexico,Golf,Sedan,Electric,66121.0,150354.0,48.0,1.05,1.71,10.85,1,1136.0
160,Audi,2022.0,10.0,Italy,A3,Sedan,Diesel,36863.0,161663.0,57.0,1.87,1.2,3.31,2,529.0
161,Toyota,2024.0,6.0,Mexico,Corolla,Sedan,Hybrid,21933.0,456622.0,41.0,1.11,2.36,10.92,10,2318.0
162,Toyota,2022.0,10.0,Netherlands,Supra,Sedan,Hybrid,49906.0,356157.0,49.0,2.04,2.49,3.58,5,1646.0
163,Porsche,2022.0,1.0,China,Macan,Suv,Petrol,114954.0,150581.0,15.0,1.02,6.16,3.46,9,392.0
164,Porsche,2016.0,4.0,Netherlands,Cayenne,Suv,Electric,194205.0,340006.0,11.0,1.99,2.2,3.59,6,76.0
165,Ford,2023.0,4.0,Spain,F-150 Lightning,Suv,Petrol,43817.0,111829.0,71.0,1.73,1.52,3.53,7,1963.0
166,Ford,2018.0,4.0,France,Ranger,Suv,Petrol,34932.0,687534.0,70.0,1.84,1.27,3.61,2,3890.0
167,Ford,2020.0,1.0,Brazil,Mustang,Sedan,Hybrid,77452.0,725736.0,24.0,1.1,3.65,10.68,5,2781.0
168,BMW,2017.0,10.0,UK,5 Series,Suv,Electric,118886.0,186066.0,106.0,0.9789789744182448,7.408265885966654,6.343737134400183,3,357.0
169,Mercedes-Benz,2018.0,10.0,UK,GLS,Suv,Hybrid,41830.0,410032.0,29.0,1.87,1.68,4.74,9,539.0
170,Audi,2017.0,2.0,India,Q3,Suv,Petrol,103172.0,503801.0,26.0,1.11,6.66,6.21,3,1018.0
171,Ford,2017.0,6.0,India,Explorer,Suv,Hybrid,84439.0,451622.0,55.0,0.98,6.5,6.22,4,1523.0
172,BMW,2015.0,1.0,USA,7 Series,Sedan,Hybrid,60186.0,305230.0,312.0,0.9253628615582612,2.505,4.284014458531991,5,922.0
173,Audi,2019.0,10.0,Italy,A4,Sedan,Petrol,55629.0,530168.0,24.0,1.77,0.78,3.27,4,29.0
174,Mercedes-Benz,2023.0,3.0,France,EQE,Suv,Diesel,81045.0,290953.0,62.0,1.80109102358209,1.62,3.64,10,294.0
175,Ford,2022.0,11.0,Italy,Expedition,Suv,Electric,91463.0,464411.0,31.0,1.89,1.02,3.79,1,1920.0
176,Volkswagen,2021.0,4.0,Netherlands,Passat,Sedan,Diesel,27961.0,285638.0,26.0,2.08,2.02,3.79,7,1399.0
177,Mercedes-Benz,2018.0,8.0,Italy,CLA,Sedan,Electric,79002.0,362766.0,42.0,1.89,0.75,3.21,7,901.0
178,Audi,2023.0,6.0,Italy,Q3,Suv,Diesel,56050.0,146054.0,40.0,1.77,1.15,3.45,1,829.0
179,Audi,2015.0,5.0,USA,RS6,Sedan,Electric,59505.0,540100.0,21.0,0.95,2.53,4.57,2,897.0
180,Audi,2022.0,7.0,India,A3,Sedan,Diesel,113377.0,403473.0,44.0,1.08,7.26,6.66,4,95.0
181,Audi,2017.0,4.0,Mexico,RS6,Sedan,Petrol,108515.0,143453.0,19.0,1.03,1.87,10.71,6,1171.0
182,Porsche,2015.0,5.0,Brazil,Macan,Suv,Electric,129100.0,237718.0,14.0,1.21,3.92,10.39,9,118.0
183,Mercedes-Benz,2019.0,4.0,Brazil,E-Class,Sedan,Petrol,113990.0,514968.0,23.0,1.11,3.47,10.29,1,569.0
184,Volkswagen,2024.0,2.0,Netherlands,Passat,Sedan,Diesel,35200.0,137174.0,24.0,2.06,2.19,3.66,3,2755.0
185,Volkswagen,2024.0,7.0,UK,Taos,Suv,Diesel,24769.0,207409.0,30.0,1.76,1.42,3.34,10,2038.0
186,Ford,2020.0,8.0,Brazil,Edge,Suv,Hybrid,44887.0,296790.0,66.0,1.27,3.73,10.69,9,2546.0
187,Tesla,2016.0,12.0,Mexico,Model X Plaid,Suv,Electric,124922.0,129629.0,23.0,1.15,1.82,11.1,10,2216.0
188,BMW,2017.0,2.0,Canada,3 Series,Suv,Electric,63369.0,274522.0,153.0,1.309845332941224,1.8564370426710863,3.850145738898757,5,532.0
189,Mercedes-Benz,2022.0,12.0,UK,EQE,Suv,Hybrid,116444.0,431465.0,61.0,1.66,0.99,3.47,1,944.0
190,Porsche,2019.0,8.0,Germany,Panamera,Sedan,Petrol,70112.0,84806.0,25.0,1.87,1.58,2.81,1,196.0
191,Toyota,2018.0,3.0,USA,bZ4X,Suv,Hybrid,25970.0,566162.0,50.0,1.03,2.74,4.57,4,1005.0
192,Tesla,2021.0,8.0,Netherlands,Model X Plaid,Suv,Electric,128320.0,166765.0,8.0,1.97,1.92,3.37,1,2151.0
193,Tesla,2019.0,12.0,China,Model 3,Suv,Electric,125786.0,104910.0,19.0,1.02,6.4,3.5,2,1773.0
194,Ford,2016.0,3.0,Canada,Bronco,Suv,Hybrid,68316.0,401858.0,34.0,1.27,2.19,4.23,4,2786.0
195,Mercedes-Benz,2018.0,9.0,USA,E-Class,Sedan,Diesel,93265.0,240386.0,48.0,0.93,2.07,4.67,10,537.0
196,Tesla,2024.0,1.0,China,Semi,Suv,Electric,127992.0,293628.0,13.0,1.04,6.1,3.49,8,899.0
197,Toyota,2023.0,9.0,Canada,RAV4,Suv,Petrol,45355.0,69594.0,74.0,1.25,2.42,4.05,6,2792.0
198,Porsche,2015.0,11.0,France,718,Sedan,Electric,125284.0,375286.0,29.0,1.87,1.97,3.29,10,99.0
199,BMW,2015.0,12.0,UK,7 Series,Sedan,Diesel,39321.0,308916.0,115.0,1.2203784776132027,2.440904056152072,3.889762089837584,4,367.0
200,BMW,2018.0,5.0,France,i4,Suv,Electric,95973.0,395072.0,71.0,1.7835161551569858,1.886345014415552,3.253646601387356,1,536.0
201,Audi,2022.0,9.0,UK,Q7,Suv,Electric,113749.0,457955.0,12.0,1.77,1.04,4.85,9,24.0
202,Mercedes-Benz,2021.0,5.0,Mexico,GLC,Suv,Petrol,101543.0,389404.0,23.0,1.19,2.1,11.22,8,367.0
203,Porsche,2023.0,9.0,France,Macan EV,Suv,Electric,161671.0,240029.5,18.0,1.81,1.39,3.4,8,8.0
205,Mercedes-Benz,2023.0,8.0,France,GLS,Suv,Hybrid,40018.0,535796.0,20.0,1.78,2.04,3.61,1,779.0
206,BMW,2018.0,3.0,USA,X5,Sedan,Electric,47615.0,343459.0,38.0,0.930175661963354,2.5062882996683724,4.498349103535431,4,225.0
207,Audi,2019.0,7.0,UK,e-tron,Suv,Hybrid,57237.0,59234.0,49.0,1.86,1.63,5.0,1,121.0
208,Mercedes-Benz,2018.0,10.0,Spain,GLE,Suv,Electric,65574.0,392137.0,60.0,1.71,1.31,3.47,5,1251.0
209,Ford,2019.0,6.0,Germany,Mustang,Sedan,Hybrid,56353.0,158973.0,59.0,1.99,1.8,2.73,8,695.0
210,Ford,2016.0,10.0,France,Ranger,Suv,Electric,92616.0,148614.0,93.0,1.7,1.95,3.7,10,2326.0
211,Ford,2015.0,3.0,Australia,Mustang Mach-E,Suv,Electric,28900.0,733958.0,13.0,1.52,3.36,4.1,8,1737.0
212,Toyota,2022.0,8.0,China,Yaris,Sedan,Hybrid,82652.0,150680.0,66.0,1.16,5.77,3.64,9,2328.0
213,Ford,2021.0,3.0,Italy,Bronco,Suv,Electric,62715.0,576279.0,52.0,1.89,0.59,3.55,9,1451.0
214,Volkswagen,2024.0,10.0,UK,Arteon,Sedan,Electric,25575.0,491093.0,45.0,1.78,1.76,5.14,2,676.0
215,Audi,2016.0,10.0,Spain,Q5,Suv,Electric,102640.0,330823.0,15.0,1.74,1.16,3.71,6,754.0
216,Ford,2016.0,11.0,Japan,Ranger,Suv,Petrol,65384.0,478750.0,73.0,1.53,1.59,0.35,4,1251.0
217,Porsche,2024.0,5.0,Spain,718,Sedan,Hybrid,103373.0,188151.0,8.0,1.8,0.87,3.44,8,426.0
218,Volkswagen,2018.0,7.0,India,Taos,Suv,Petrol,58349.0,555445.0,82.0,1.14,7.46,6.23,10,215.0
219,Porsche,2021.0,11.0,India,911,Sedan,Petrol,170709.0,231839.0,26.0,1.07,7.33,6.63,6,362.0
220,Tesla,2020.0,12.0,USA,Model Y,Suv,Electric,100331.0,53311.0,9.0,0.91,2.67,4.5,7,2201.0
221,Tesla,2020.0,7.0,Brazil,Model X,Suv,Electric,66318.0,143256.0,19.5,1.3,3.31,10.52,2,1834.0
223,Ford,2022.0,2.0,Australia,Mustang Mach-E,Suv,Hybrid,71200.0,665023.0,40.0,1.63,2.7,4.33,4,1568.0
224,Audi,2015.0,8.0,Japan,Q7,Suv,Electric,37013.0,355395.0,47.0,1.47,0.9,0.32,6,903.0
225,Toyota,2023.0,4.0,Australia,RAV4,Suv,Hybrid,50159.0,347728.0,24.0,1.63,2.83,4.2,6,897.0
226,Tesla,2016.0,10.0,Australia,Cybertruck,Suv,Electric,126632.0,240713.0,28.0,1.54,2.61,4.42,6,178.0
228,Audi,2023.0,5.0,Spain,Q7,Suv,Petrol,45339.0,417936.0,27.0,1.69,1.11,3.56,3,545.0
229,Porsche,2023.0,11.0,Australia,GTS,Sedan,Hybrid,63463.0,113749.0,14.0,1.53,2.91,4.02,2,135.0
230,Audi,2017.0,1.0,Canada,A6,Sedan,Diesel,74439.0,369992.0,39.0,1.33,1.84,3.79,1,359.0
231,BMW,2021.0,12.0,Canada,X1,Suv,Hybrid,117844.0,441897.0,332.0,1.3042919277442944,2.643701592820221,4.276081362643268,9,738.0
232,Porsche,2017.0,1.0,Germany,Macan,Suv,Electric,75229.0,382368.0,17.0,1.91,1.33,3.28,6,326.0
233,Mercedes-Benz,2019.0,2.0,Brazil,GLC,Suv,Electric,106071.0,446815.0,45.0,1.22,3.64,10.22,7,630.0
234,Mercedes-Benz,2024.0,7.0,France,GLC,Suv,Petrol,75828.0,324931.0,55.0,1.88,1.59,3.35,6,923.0
235,Tesla,2017.0,10.0,Australia,Model 3,Suv,Electric,101547.0,75103.0,26.0,1.7,3.18,4.24,6,1953.0
236,Ford,2018.0,8.0,USA,Escape,Suv,Hybrid,53377.0,364081.0,56.0,1.07,2.41,4.77,5,2799.0
237,Porsche,2021.0,10.0,Brazil,Panamera Sport,Sedan,Petrol,152331.0,374979.0,17.0,1.3,3.41,10.25,2,414.0
238,Porsche,2015.0,6.0,Brazil,718,Sedan,Electric,103573.0,329082.0,9.0,1.1963698404939982,3.22,10.61,1,69.0
239,Porsche,2015.0,2.0,Italy,Taycan,Suv,Petrol,134693.0,379511.0,11.0,1.79,0.8,3.27,7,493.0
240,Toyota,2023.0,10.0,USA,RAV4,Suv,Petrol,86427.0,468604.0,34.0,0.99,2.63,4.58,8,1618.0
241,BMW,2023.0,3.0,France,X7,Sedan,Hybrid,44121.0,314080.0,164.0,1.815094835575176,1.6857755812734634,3.764138144854975,6,742.0
242,Audi,2022.0,11.0,Australia,Q5,Suv,Electric,32095.0,194790.0,32.0,1.6,3.28,4.25,2,721.0
243,Volkswagen,2024.0,2.0,UK,Polo,Sedan,Diesel,72641.0,183908.0,56.0,1.8,1.75,4.92,5,1057.0
244,Tesla,2022.0,5.0,Japan,Model X Plaid,Suv,Electric,42213.0,161148.0,13.0,1.44,1.5,0.31,5,796.0
245,Volkswagen,2018.0,10.0,Italy,Golf,Sedan,Diesel,71233.0,509039.0,35.0,1.77,1.01,3.48,9,170.0
246,Volkswagen,2016.0,7.0,Canada,Taos,Suv,Petrol,72772.0,339467.0,56.0,1.29,1.83,4.29,2,1425.0
247,Toyota,2018.0,7.0,USA,Highlander,Suv,Hybrid,74410.0,699522.0,86.0,1.02,2.66,4.45,1,2267.0
248,BMW,2023.0,1.0,Canada,5 Series,Suv,Electric,71444.0,173777.0,123.0,1.323569448040243,2.383248028289646,3.998304858405057,2,697.0
249,Audi,2023.0,4.0,Japan,TT,Sedan,Diesel,82774.0,415711.0,45.0,1.48,1.36,-0.07,2,929.0
250,Mercedes-Benz,2020.0,9.0,Germany,E-Class,Sedan,Petrol,97733.0,83677.0,24.0,1.89,1.36,2.71,7,817.0
251,BMW,2022.0,6.0,China,3 Series,Suv,Electric,70315.0,421780.0,94.0,1.1394031481990536,6.377373071927956,3.6444611706525225,2,559.0
252,Volkswagen,2023.0,1.0,Netherlands,Arteon,Sedan,Diesel,43959.0,355599.0,27.0,2.05,2.22,3.34,6,1221.0
253,Porsche,2020.0,3.0,India,Cayenne Coupe,Suv,Electric,118647.0,82048.0,22.0,1.11,6.6,6.78,5,209.0
254,Ford,2021.0,5.0,China,Bronco,Suv,Petrol,80447.0,401858.0,62.0,1.07,6.22,3.48,4,3753.0
255,Ford,2018.0,11.0,Germany,Ranger,Suv,Electric,59717.0,699296.0,104.0,1.86,1.68,2.71,10,2325.0
256,Mercedes-Benz,2020.0,2.0,Australia,GLS,Suv,Petrol,111745.0,244598.0,31.0,1.69,2.86,4.43,6,1106.0
257,Toyota,2015.0,11.0,UK,Highlander,Suv,Electric,21510.0,333750.0,33.0,1.83,1.1,4.95,3,2686.0
258,Audi,2017.0,9.0,India,Q7,Suv,Hybrid,72588.0,449976.0,34.0,1.08,7.14,6.61,10,1073.0
259,Toyota,2018.0,7.0,Canada,Highlander,Suv,Petrol,72814.0,259222.0,62.0,1.4,2.64,3.9,3,339.0
260,Volkswagen,2024.0,4.0,India,ID.3,Suv,Diesel,36149.0,193262.0,62.0,1.11,7.46,6.71,4,2044.0
261,Tesla,2022.0,7.0,UK,Model X,Suv,Electric,127045.0,206668.0,39.0,1.77,1.9,4.82,3,1102.0
262,Tesla,2016.0,1.0,USA,Cybertruck,Suv,Electric,54641.0,260601.0,21.0,1.07,2.37,4.52,1,1773.0
263,Volkswagen,2020.0,6.0,India,Passat,Sedan,Electric,38768.0,450060.0,70.0,1.12,7.02,6.51,3,695.0
264,BMW,2017.0,9.0,Canada,X5,Sedan,Petrol,37716.0,453602.0,140.0,1.2509341244092105,2.388134706086542,3.962561874433235,8,327.0
265,Audi,2016.0,6.0,Spain,A3,Sedan,Petrol,51946.0,232586.0,53.0,1.66,1.54,3.49,10,697.0
266,Mercedes-Benz,2016.0,9.0,Canada,EQS,Suv,Electric,56795.0,581527.0,5.0,1.27,1.9,4.27,4,1146.0
267,Tesla,2019.0,8.0,Japan,Semi,Suv,Electric,88103.0,229671.0,1.0,1.43,1.14,0.27,1,1256.0
269,Audi,2022.0,2.0,Germany,A3,Sedan,Hybrid,45993.0,64184.0,36.0,1.87,1.41,2.83,10,1106.0
270,Mercedes-Benz,2022.0,10.0,Australia,C-Class,Sedan,Diesel,97907.0,281564.0,33.0,1.59,2.69,4.42,7,82.0
271,Porsche,2023.0,1.0,Spain,Macan EV,Suv,Hybrid,107378.0,318362.0,20.0,1.82,0.92,3.23,10,138.0
272,Toyota,2024.0,3.0,India,Highlander,Suv,Hybrid,19214.0,518303.0,67.0,0.98,7.29,6.38,3,575.0
273,Audi,2017.0,10.0,Netherlands,Q5,Suv,Electric,108360.0,504324.0,32.0,1.95,2.4,3.33,8,277.0
274,Tesla,2023.0,10.0,Canada,Semi,Suv,Electric,54198.0,204389.0,16.0,1.32,2.62,3.92,2,1173.0
275,Toyota,2019.0,4.0,UK,Corolla,Sedan,Petrol,40936.0,392363.0,11.0,1.39,2.49,3.82,7,2660.0
276,BMW,2015.0,6.0,Australia,i4,Suv,Diesel,118791.0,443052.0,339.0,1.59,2.9626229567393163,4.470963503245028,5,751.0
277,Ford,2023.0,5.0,Italy,Mustang Mach-E,Suv,Petrol,26668.0,479805.5,96.0,1.9,1.34,3.43,3,3411.0
278,Mercedes-Benz,2018.0,3.0,Canada,C-Class,Sedan,Petrol,83934.0,259055.0,8.0,1.38,2.29,3.87,10,816.0
279,Tesla,2015.0,6.0,Brazil,Model 3,Suv,Electric,65153.0,112024.0,9.0,1.15,3.37,10.69,4,1375.0
280,Toyota,2023.0,5.0,Canada,Land Cruiser,Suv,Hybrid,30436.0,83564.0,81.0,1.34,1.89,4.29,8,514.0
281,Audi,2015.0,6.0,Netherlands,Q5,Suv,Diesel,74949.0,472463.0,30.0,2.01,2.51,3.55,10,530.0
283,Mercedes-Benz,2022.0,11.0,UK,E-Class,Sedan,Electric,108832.0,321453.0,52.0,1.8,1.34,5.19,9,757.0
284,Toyota,2024.0,8.0,Canada,C-HR,Suv,Petrol,83510.0,684366.0,30.0,1.2,2.38,3.95,6,618.0
285,Toyota,2023.0,4.0,USA,Highlander,Suv,Petrol,88485.0,273561.0,51.0,1.04,2.65,4.77,6,1976.0
286,Toyota,2018.0,5.0,France,RAV4,Suv,Petrol,62980.0,615993.0,64.0,1.8,1.88,3.45,9,2435.0
287,Audi,2019.0,11.0,Germany,e-tron,Suv,Diesel,108917.0,70649.0,45.0,1.81,1.34,2.96,2,79.0
291,Mercedes-Benz,2022.0,2.0,UK,A-Class,Sedan,Diesel,105621.0,507079.0,38.5,1.94,1.19,5.02,1,69.0
292,Audi,2023.0,10.0,USA,Q3,Suv,Electric,35677.0,213693.0,34.0,0.93,2.55,4.67,1,870.0
293,BMW,2023.0,11.0,Brazil,X7,Sedan,Electric,77137.0,474315.0,393.0,1.2,3.519081785136218,10.48750912657784,1,896.0
294,Porsche,2024.0,8.0,Mexico,Cayenne,Suv,Hybrid,128553.0,287538.0,3.0,1.07,1.91,10.91,6,89.0
295,BMW,2021.0,5.0,India,3 Series,Suv,Electric,83291.0,215637.0,267.0,1.1329728780440895,7.440458584352914,6.772357146201553,3,899.0
296,Mercedes-Benz,2016.0,5.0,UK,S-Class,Sedan,Hybrid,57588.0,567890.0,59.0,1.83,1.35,4.93,1,745.0
297,BMW,2023.0,6.0,Japan,i4,Suv,Electric,39633.0,251798.0,219.0,1.5589622607083298,1.5920465551771132,0.1786831755983577,1,677.0
298,Mercedes-Benz,2022.0,1.0,UK,C-Class,Sedan,Electric,108926.0,566239.0,46.0,1.79,1.24,5.21,1,219.0
300,Ford,2020.0,10.0,Mexico,Escape,Suv,Electric,40185.0,624677.0,118.0,1.06,2.18,11.25,5,3383.0
301,Porsche,2022.0,1.0,Netherlands,Taycan,Suv,Hybrid,116691.0,386478.0,8.0,1.97,1.64,3.4,10,176.0
302,Mercedes-Benz,2021.0,4.0,India,EQS,Suv,Electric,105775.0,142106.0,32.0,1.13,6.59,6.49,3,469.0
304,Audi,2022.0,7.0,Germany,A4,Sedan,Electric,88333.0,289038.0,52.0,1.96,1.59,3.22,3,415.0
305,Tesla,2023.0,9.0,India,Model X Plaid,Suv,Electric,99238.0,139370.0,23.0,1.01,7.25,6.31,7,1924.0
306,Toyota,2023.0,5.0,China,Highlander,Suv,Electric,52132.0,465463.0,91.0,1.14,6.3,3.79,9,1720.0
308,Volkswagen,2021.0,11.0,Italy,Polo,Sedan,Hybrid,79352.0,376077.0,11.0,1.85,0.73,3.4,10,1433.0
309,Toyota,2024.0,8.0,Italy,Camry,Sedan,Hybrid,68758.0,94371.0,42.0,1.78,0.76,3.3,4,1330.0
310,Volkswagen,2023.0,5.0,China,Polo,Sedan,Electric,76107.0,509143.0,39.0,1.15,6.41,3.43,4,636.0
311,Audi,2015.0,7.0,Mexico,A6,Sedan,Hybrid,52985.0,249030.0,38.0,1.07,1.75,10.9,8,533.0
312,Ford,2015.0,3.0,Brazil,Bronco,Suv,Hybrid,72527.0,746023.0,12.0,1.24,3.7,10.55,2,876.0
313,BMW,2019.0,7.0,France,i4,Suv,Petrol,106576.0,345901.0,129.0,1.8855504566390424,2.0691026301408115,3.730271530978056,7,539.0
314,Tesla,2016.0,12.0,Australia,Model X Plaid,Suv,Electric,58677.0,123591.0,33.0,1.6,2.925,4.51,7,396.0
315,Ford,2024.0,8.0,Italy,Escape,Suv,Electric,69130.0,584452.0,67.0,1.86,0.96,3.21,7,2621.0
316,Audi,2015.0,5.0,Italy,Q3,Suv,Diesel,44926.0,118398.0,4.0,1.81,0.86,3.26,5,762.0
317,Audi,2024.0,8.0,Canada,Q3,Suv,Diesel,67319.0,259690.0,27.0,1.4,2.3,4.22,9,115.0
318,Ford,2021.0,5.0,India,Ranger,Suv,Electric,91688.0,760805.0,108.0,1.03,6.71,6.74,2,856.0
319,Mercedes-Benz,2021.0,12.0,UK,E-Class,Sedan,Petrol,38814.0,130725.0,41.0,1.27,1.74,4.14,6,1107.0
320,Volkswagen,2019.0,10.0,Italy,ID.3,Suv,Petrol,67939.0,440252.0,76.0,1.87,1.25,3.43,8,1907.0
321,Ford,2017.0,11.0,Japan,F-150,Suv,Electric,67112.0,249687.0,111.0,1.53,0.85,-0.12,10,1745.0
322,Toyota,2023.0,1.0,USA,Prius,Suv,Petrol,18331.0,462161.0,88.0,1.05,2.36,4.77,2,2033.0
323,Mercedes-Benz,2020.0,4.0,Italy,A-Class,Sedan,Petrol,87960.0,414796.0,58.0,1.92,0.83,3.21,2,531.0
324,BMW,2024.0,7.0,Germany,i4,Suv,Petrol,35946.0,455881.0,398.0,1.867599031370307,2.095792669436101,3.23400320509054,2,871.0
326,Mercedes-Benz,2016.0,3.0,UK,EQE,Suv,Electric,52156.0,551830.0,15.0,1.79,1.52,4.86,3,386.0
327,Ford,2021.0,9.0,UK,F-150,Suv,Hybrid,56044.0,518927.0,83.0,1.78,1.35,4.79,9,977.0
328,Volkswagen,2019.0,12.0,UK,T-Roc,Suv,Hybrid,38292.0,484697.0,50.0,0.99,2.28,4.69,6,1801.0
329,Audi,2022.0,3.0,Germany,A6,Sedan,Diesel,78522.0,483763.0,51.0,1.83,1.72,3.05,9,100.0
331,BMW,2023.0,11.0,Germany,X7,Sedan,Hybrid,113812.0,300449.0,146.0,1.8561366431031947,1.496097712738393,3.066468042645461,7,570.0
332,Audi,2021.0,4.0,Japan,e-tron,Suv,Petrol,62555.0,74370.0,21.0,1.41,0.73,0.04,10,1068.0
333,Mercedes-Benz,2022.0,1.0,Brazil,EQE,Suv,Diesel,76419.0,478603.0,36.0,1.22,3.26,10.22,4,425.0
335,BMW,2024.0,8.0,India,3 Series,Suv,Electric,57706.0,487043.0,235.0,1.0408754669119922,6.609736198677504,6.528775693384215,3,737.0
336,Porsche,2021.0,1.0,India,GTS,Sedan,Petrol,102486.0,226669.0,6.0,1.12,7.47,6.64,10,460.0
337,Toyota,2017.0,4.0,Mexico,bZ4X,Suv,Hybrid,81415.0,183582.0,26.0,1.08,1.76,10.82,7,2328.0
338,Mercedes-Benz,2024.0,7.0,Italy,A-Class,Sedan,Hybrid,98268.0,103820.0,38.0,1.94,1.31,3.69,10,1093.0
339,Toyota,2020.0,6.0,India,Supra,Sedan,Hybrid,54887.0,641528.0,56.0,0.96,7.13,6.56,7,514.0
340,Porsche,2021.0,6.0,France,GTS,Sedan,Electric,99383.0,376092.0,24.0,1.8,1.54,3.69,2,442.0
341,Ford,2020.0,6.0,Brazil,Escape,Suv,Electric,41104.0,708258.0,68.0,1.24,3.77,10.64,8,1945.0
342,Tesla,2015.0,9.0,India,Model Y,Suv,Electric,108135.0,208554.0,11.0,1.09,7.42,6.75,2,1678.0
343,Audi,2020.0,5.0,Germany,e-tron,Suv,Diesel,44581.0,375343.0,53.0,1.85,2.11,2.77,4,821.0
344,Ford,2021.0,2.0,USA,Escape,Suv,Petrol,35831.0,367527.0,106.0,1.05,2.59,4.59,4,3533.0
345,Ford,2024.0,2.0,India,Ranger,Suv,Electric,48814.0,654142.0,82.0,1.15,6.73,6.37,7,1943.0
346,Tesla,2024.0,12.0,Netherlands,Model X,Suv,Electric,72432.0,37121.0,32.0,1.93,2.05,3.35,3,1718.0
347,Ford,2015.0,11.0,China,Expedition,Suv,Hybrid,56856.0,772293.0,31.0,1.11,6.09,3.4,9,180.0
348,Toyota,2019.0,8.0,UK,Land Cruiser,Suv,Hybrid,88567.0,397918.0,31.0,1.75,1.53,4.97,6,615.0
349,Ford,2019.0,12.0,Brazil,Mustang Mach-E,Suv,Hybrid,75636.0,787124.0,24.0,1.1,3.52,10.71,2,2570.0
350,Ford,2019.0,11.0,China,Edge,Suv,Hybrid,87829.0,615581.0,18.0,1.16,5.9,3.47,4,3658.0
351,Tesla,2015.0,10.0,Australia,Model X Plaid,Suv,Electric,111662.0,62803.0,23.0,1.59,2.81,4.43,3,104.0
352,Mercedes-Benz,2016.0,9.0,Japan,E-Class,Sedan,Diesel,81928.0,298737.0,25.0,1.51,1.23,-0.1,7,525.0
353,Porsche,2016.0,1.0,India,GTS,Sedan,Hybrid,73858.0,128079.0,24.0,0.96,7.32,6.31,2,281.0
354,Volkswagen,2016.0,12.0,China,Polo,Sedan,Hybrid,71943.0,133547.0,70.0,1.01,5.52,3.8,9,343.0
355,Toyota,2023.0,6.0,Australia,Land Cruiser,Suv,Petrol,82417.0,69870.0,28.0,1.51,3.21,4.12,8,2268.0
356,Tesla,2024.0,1.0,Italy,Model X Plaid,Suv,Electric,55468.0,232576.0,38.0,1.81,0.93,3.45,2,921.0
357,Audi,2018.0,8.0,Netherlands,Q8,Suv,Diesel,57248.0,378924.0,30.0,1.91,2.25,3.77,1,450.0
358,BMW,2017.0,2.0,Brazil,X5,Sedan,Hybrid,35798.0,441670.0,25.0,1.2221961977701985,3.2280797719489325,10.327226903944936,6,151.0
359,BMW,2015.0,1.0,India,X1,Suv,Hybrid,41221.0,216969.0,88.0,1.102057964624427,6.519192276823056,6.35588792524702,1,492.0
361,Mercedes-Benz,2021.0,2.0,Italy,C-Class,Sedan,Hybrid,120569.0,579637.0,44.0,1.85,1.03,3.32,8,1092.0
363,Toyota,2015.0,8.0,China,Prius,Suv,Hybrid,78510.0,488012.0,16.0,1.03,6.36,3.27,9,665.0
364,Toyota,2017.0,6.0,Italy,Corolla,Sedan,Petrol,75333.0,637030.0,70.0,1.83,1.37,3.65,4,905.0
365,Toyota,2016.0,5.0,Germany,Land Cruiser,Suv,Electric,85032.0,427268.0,85.0,1.81,2.2,3.0,2,591.0
366,Ford,2024.0,12.0,Australia,Explorer,Suv,Hybrid,49604.0,565897.0,30.0,1.52,2.71,4.05,9,2233.0
367,Volkswagen,2015.0,6.0,UK,ID.3,Suv,Petrol,77983.0,545123.0,10.0,1.84,1.33,5.01,5,1367.0
368,Audi,2019.0,12.0,Italy,TT,Sedan,Electric,96826.0,411734.0,39.0,1.81,0.77,3.44,3,201.0
369,Porsche,2023.0,9.0,Canada,Panamera Sport,Sedan,Electric,98065.0,301934.0,20.0,1.27,2.58,4.04,2,428.0
370,Porsche,2022.0,9.0,Italy,Cayenne Coupe,Suv,Petrol,93193.0,238672.0,5.0,1.82,1.41,3.47,10,53.0
372,Ford,2022.0,3.0,Brazil,Expedition,Suv,Electric,55385.0,576001.0,17.0,1.17,3.7,10.79,5,2901.0
373,Toyota,2022.0,2.0,UK,C-HR,Suv,Hybrid,35274.0,427677.0,91.0,1.77,1.86,5.26,3,1445.0
374,Porsche,2022.0,2.0,Canada,Macan,Suv,Petrol,168497.0,180075.0,5.0,1.25,2.62,4.25,8,268.0
375,Toyota,2016.0,1.0,Australia,bZ4X,Suv,Electric,75164.0,668073.0,30.0,1.7,2.925,4.32,7,1870.0
376,BMW,2022.0,2.0,Australia,i4,Suv,Electric,66728.0,156311.0,266.0,1.5559867793891886,3.2145959227000622,4.346118426030639,1,904.0
377,Porsche,2023.0,6.0,UK,Cayenne Coupe,Suv,Hybrid,70663.0,342118.0,5.0,1.92,1.71,5.19,2,188.0
378,Audi,2018.0,8.0,Japan,TT,Sedan,Electric,43319.0,95790.0,49.0,1.48,1.56,0.07,5,30.0
379,Ford,2019.0,6.0,UK,Mustang Mach-E,Suv,Hybrid,28547.0,748749.0,38.0,1.83,1.92,4.99,9,3555.0
380,Porsche,2021.0,6.0,UK,Panamera,Sedan,Hybrid,152749.0,348526.0,23.0,1.82,1.16,5.25,9,321.0
381,Ford,2018.0,7.0,Australia,Explorer,Suv,Electric,31107.0,229738.0,48.0,1.51,2.72,4.35,9,3177.0
382,Ford,2021.0,9.0,France,Escape,Suv,Petrol,77700.0,537162.0,60.0,1.78,1.97,3.49,5,1658.0
383,Volkswagen,2017.0,5.0,USA,Taos,Suv,Electric,42159.0,517974.0,22.0,0.95,2.44,4.35,3,142.0
384,BMW,2020.0,1.0,Brazil,X3,Suv,Hybrid,63229.0,108655.0,358.0,1.2780516106035604,3.5273996221226764,10.631612173421496,9,749.0
385,Tesla,2023.0,9.0,Brazil,Model X Plaid,Suv,Electric,65050.0,80243.0,27.0,1.22,3.64,10.26,1,512.0
386,Ford,2023.0,6.0,Canada,Mustang Mach-E,Suv,Petrol,61964.0,634370.0,14.0,1.32,1.8,3.87,2,377.0
387,Mercedes-Benz,2024.0,10.0,Australia,EQS,Suv,Diesel,34490.0,290279.0,41.0,1.63,3.15,4.04,8,733.0
389,Ford,2017.0,8.0,Spain,Mustang Mach-E,Suv,Petrol,94224.0,651178.0,44.0,1.66,1.24,3.72,10,3145.0
390,Mercedes-Benz,2021.0,2.0,Canada,EQE,Suv,Hybrid,81045.0,131045.0,23.0,1.22,2.67,4.22,9,1165.0
391,Ford,2024.0,8.0,Mexico,Explorer,Suv,Hybrid,52169.0,760398.0,36.0,1.01,2.41,11.09,3,1007.0
392,Audi,2022.0,9.0,India,Q5,Suv,Electric,70497.0,438539.0,22.0,0.98,6.55,6.57,5,766.0
393,Volkswagen,2023.0,2.0,Canada,Taos,Suv,Petrol,74155.0,165861.0,56.0,1.29,2.43,4.29,1,1848.0
394,Audi,2020.0,8.0,Netherlands,RS6,Sedan,Hybrid,53987.0,92814.0,46.0,1.95,2.16,3.35,2,100.0
395,Mercedes-Benz,2024.0,7.0,Japan,C-Class,Sedan,Petrol,64646.0,221667.0,18.0,1.53,0.96,0.01,6,185.0
396,Audi,2018.0,6.0,Mexico,RS6,Sedan,Hybrid,52629.0,242459.0,48.0,1.13,1.7,11.03,8,1096.0
397,Ford,2023.0,9.0,USA,Explorer,Suv,Petrol,57209.0,433518.0,27.0,0.97,2.03,4.22,6,746.0
398,Ford,2023.0,8.0,India,Expedition,Suv,Hybrid,82077.0,601463.0,108.0,1.12,7.03,6.21,9,613.0
399,Volkswagen,2022.0,9.0,Japan,Arteon,Sedan,Diesel,66357.0,313233.0,82.0,1.49,1.59,0.15,6,1246.0
400,BMW,2017.0,6.0,Japan,iX,Sedan,Electric,47254.0,355761.0,163.0,1.5272820822527562,0.8078914269933044,-0.1811424885879594,7,389.0
401,Tesla,2023.0,2.0,USA,Model S Plaid,Suv,Electric,68774.0,157024.0,14.0,1.05,2.36,4.58,1,2485.0
402,Tesla,2023.0,10.0,Australia,Model Y,Suv,Electric,47598.0,179588.0,39.0,1.53,3.05,3.97,8,1412.0
404,Volkswagen,2015.0,10.0,Germany,Arteon,Sedan,Diesel,66235.0,177792.0,75.0,1.86,2.1,3.17,5,88.0
405,Audi,2022.0,7.0,UK,Q8,Suv,Electric,56745.0,128821.0,48.0,1.82,1.81,5.09,7,1006.0
406,Volkswagen,2023.0,12.0,UK,Polo,Sedan,Diesel,21797.0,71931.0,54.0,1.92,1.04,5.0,8,2375.0
407,BMW,2020.0,7.0,India,7 Series,Sedan,Electric,78894.0,311578.0,368.0,1.0044290274459926,7.299415878968979,6.616817882512656,7,1150.0
409,Mercedes-Benz,2015.0,5.0,USA,GLS,Suv,Diesel,77023.0,351929.0,55.0,0.99,2.37,4.5,1,634.0
410,Tesla,2017.0,11.0,Brazil,Model S,Suv,Electric,123783.0,76203.0,17.0,1.16,3.32,10.59,8,2399.0
411,Audi,2019.0,10.0,Netherlands,A4,Sedan,Hybrid,67914.0,391326.0,28.0,1.9,1.9,3.45,5,412.0
412,BMW,2021.0,8.0,India,7 Series,Sedan,Hybrid,91759.0,333816.0,306.0,1.0583801894756717,7.095115333434544,6.311079757303172,6,876.0
413,Porsche,2022.0,7.0,Spain,GTS,Sedan,Petrol,75254.0,356661.0,11.0,1.71,1.29,3.29,4,120.0
414,BMW,2024.0,1.0,France,i4,Suv,Petrol,86415.0,378082.0,291.0,1.7695143048477964,1.5503709362581852,3.653697997337148,4,666.0
415,BMW,2023.0,7.0,Germany,7 Series,Sedan,Hybrid,75205.0,91115.0,148.0,1.8427022732621343,2.0259799099852955,3.190671197914167,10,309.0
416,Ford,2020.0,2.0,Brazil,Edge,Suv,Petrol,93377.0,144405.0,118.0,1.19,3.22,10.77,3,1898.0
417,BMW,2015.0,11.0,India,i7,Sedan,Electric,69159.0,160084.0,323.0,1.09656030895325,7.005852692951829,6.70442181680672,10,994.0
418,Volkswagen,2023.0,8.0,Australia,Passat,Sedan,Electric,64415.0,178790.0,76.0,1.54,2.91,4.47,9,1153.0
419,Audi,2022.0,8.0,Germany,RS6,Sedan,Diesel,95819.0,230339.0,31.0,1.94,1.93,2.79,5,1130.0
420,Porsche,2019.0,6.0,Australia,GTS,Sedan,Electric,68387.0,165257.0,10.0,1.51,2.81,4.2,3,96.0
422,Ford,2019.0,12.0,Japan,Escape,Suv,Electric,27914.0,263038.0,14.0,1.57,1.33,0.26,9,601.0
423,BMW,2019.0,9.0,USA,5 Series,Suv,Petrol,88634.0,276024.0,252.0,0.9436619061013696,2.8766507618282007,4.797800602576348,4,663.0
424,Toyota,2021.0,3.0,Netherlands,Yaris,Sedan,Petrol,52255.0,437025.0,42.0,1.96,2.19,3.67,2,556.0
425,Porsche,2017.0,7.0,USA,Macan,Suv,Hybrid,121289.0,160473.0,9.0,0.95,2.59,4.21,7,155.0
426,Ford,2019.0,12.0,France,Bronco,Suv,Hybrid,64543.0,86116.0,55.0,1.74,1.7,3.2,10,2228.0
427,Mercedes-Benz,2017.0,6.0,UK,GLS,Suv,Diesel,50635.0,106391.0,47.0,0.95,2.69,4.43,3,271.0
428,Ford,2019.0,6.0,Netherlands,Mustang,Sedan,Hybrid,58679.0,506880.0,10.0,2.02,1.83,3.63,8,3300.0
429,Mercedes-Benz,2023.0,2.0,USA,E-Class,Sedan,Hybrid,53732.0,166354.0,29.0,0.96,2.58,4.42,5,311.0
432,Porsche,2023.0,7.0,UK,Panamera,Sedan,Petrol,163900.0,176615.0,5.0,1.83,1.85,4.81,2,427.0
433,Ford,2024.0,11.0,Australia,Ranger,Suv,Hybrid,60259.0,686324.0,100.0,1.52,2.81,3.98,10,3768.0
434,Volkswagen,2018.0,9.0,Spain,Tiguan,Suv,Petrol,40494.0,317720.0,83.0,1.8,1.67,3.33,2,2543.0
435,Volkswagen,2019.0,8.0,Spain,T-Roc,Suv,Electric,59865.0,151547.0,45.0,1.8,1.26,3.44,9,1556.0
436,Ford,2021.0,4.0,Germany,F-150,Suv,Petrol,43264.0,390211.5,97.0,1.91,1.39,3.23,2,2593.0
437,Toyota,2024.0,4.0,Brazil,bZ4X,Suv,Electric,75173.0,630908.0,75.0,1.22,3.85,10.57,3,488.0
439,Volkswagen,2024.0,9.0,Netherlands,T-Roc,Suv,Hybrid,65601.0,414645.0,10.0,2.06,2.41,3.29,9,700.0
441,Toyota,2018.0,8.0,Mexico,RAV4,Suv,Hybrid,65701.0,44148.0,22.0,1.08,1.77,10.79,7,708.0
442,Mercedes-Benz,2017.0,11.0,China,C-Class,Sedan,Petrol,68997.0,557213.0,40.0,1.18,5.77,3.42,3,709.0
443,Toyota,2015.0,1.0,Germany,C-HR,Suv,Hybrid,53200.0,148185.0,70.0,1.84,1.59,2.72,9,2068.0
444,BMW,2018.0,5.0,France,i7,Sedan,Electric,92174.0,496242.0,195.5,1.7767782442746425,1.3322126951468174,3.739744743964741,4,543.0
445,Porsche,2017.0,6.0,UK,Macan,Suv,Electric,70587.0,107280.0,15.0,1.88,1.08,3.59,9,256.0
446,Toyota,2023.0,5.0,UK,bZ4X,Suv,Petrol,19273.0,87585.0,24.0,1.08,6.9,6.4,10,211.0
447,BMW,2017.0,12.0,India,i4,Suv,Diesel,96868.0,451634.0,116.0,0.9631389717908732,6.898005292954503,6.381749437299916,8,455.0
448,Mercedes-Benz,2022.0,3.0,France,C-Class,Sedan,Petrol,100110.0,266857.0,57.0,1.79,1.54,3.24,3,747.0
449,Tesla,2018.0,10.0,Brazil,Model X Plaid,Suv,Electric,125770.0,223260.0,29.0,1.21,3.07,10.68,4,625.0
450,Toyota,2023.0,7.0,Spain,RAV4,Suv,Petrol,65374.0,285787.0,72.0,1.65,0.82,3.77,4,800.0
451,Ford,2024.0,4.0,China,Ranger,Suv,Hybrid,90231.0,698108.0,55.0,1.16,6.02,3.49,10,1815.0
452,Mercedes-Benz,2021.0,7.0,Spain,EQS,Suv,Hybrid,92883.0,278651.0,16.0,1.73,1.31,3.64,10,1250.0
453,Porsche,2017.0,12.0,Brazil,Cayenne,Suv,Hybrid,128553.0,330755.0,22.0,1.19,3.7,10.58,10,430.0
454,Ford,2022.0,9.0,Australia,Mustang Mach-E,Suv,Petrol,86526.0,582386.0,72.0,1.66,2.65,4.22,3,1339.0
455,Mercedes-Benz,2016.0,4.0,Brazil,GLE,Suv,Petrol,79417.0,561584.0,24.0,1.15,3.01,10.25,10,615.0
456,Volkswagen,2021.0,12.0,Germany,Passat,Sedan,Petrol,72345.0,383305.0,80.0,1.89,1.81,3.26,4,1916.0
457,BMW,2017.0,7.0,Brazil,i4,Suv,Electric,80203.0,171225.0,271.0,1.2012283725680488,3.432497878330132,10.387089679851156,7,738.0
458,Audi,2018.0,12.0,UK,A4,Sedan,Petrol,105718.0,176181.0,35.0,1.85,1.29,4.95,7,926.0
459,BMW,2024.0,7.0,USA,3 Series,Suv,Hybrid,62241.0,403972.0,198.0,0.9785289269415152,2.035942273796742,4.479358810879476,8,508.0
460,Porsche,2022.0,10.0,Brazil,Panamera,Sedan,Petrol,195429.0,266125.0,4.0,1.11,3.6,10.67,7,288.0
461,Audi,2017.0,2.0,USA,A6,Sedan,Diesel,74043.0,71164.0,7.0,0.99,2.54,4.64,3,322.0
462,Audi,2021.0,1.0,Brazil,Q3,Suv,Petrol,75589.0,468195.0,5.0,1.24,3.47,10.25,9,335.0
464,Volkswagen,2018.0,10.0,USA,Touareg,Suv,Diesel,65298.0,427440.0,40.0,0.99,2.16,4.65,2,1091.0
465,Ford,2020.0,3.0,India,Expedition,Suv,Petrol,93356.0,208839.0,68.0,0.96,6.89,6.44,4,2999.0
466,Mercedes-Benz,2021.0,5.0,Germany,EQS,Suv,Petrol,107351.0,375205.0,51.0,1.83,2.1,3.01,8,982.0
467,Ford,2022.0,11.0,Spain,F-150 Lightning,Suv,Electric,34818.0,335158.0,19.0,1.74,1.54,3.49,8,3121.0
468,Volkswagen,2023.0,10.0,USA,T-Roc,Suv,Hybrid,61548.0,326631.0,82.0,0.88,2.52,4.65,8,1090.0
469,Toyota,2022.0,7.0,Netherlands,Land Cruiser,Suv,Petrol,33912.0,527562.0,61.0,2.07,1.77,3.2,4,1686.0
470,Tesla,2024.0,12.0,USA,Model 3,Suv,Electric,103131.0,143680.0,5.0,1.01,2.25,4.24,9,479.0
471,Tesla,2020.0,10.0,Japan,Model Y,Suv,Electric,81653.0,223703.0,38.0,1.52,0.76,0.39,5,968.0
472,BMW,2024.0,1.0,India,i7,Sedan,Hybrid,63132.0,327267.0,26.0,1.039947968490108,6.771949726128631,6.655638957450778,1,267.0
473,Ford,2016.0,4.0,Netherlands,Explorer,Suv,Hybrid,28871.0,386535.0,75.0,2.03,1.76,3.62,10,209.0
474,Toyota,2015.0,10.0,UK,bZ4X,Suv,Hybrid,29560.0,545967.0,15.0,1.79,1.94,5.11,10,2529.0
475,Audi,2022.0,7.0,Japan,A4,Sedan,Petrol,69687.0,192226.0,53.0,1.53,1.2,-0.0,8,476.0
476,Audi,2022.0,5.0,UK,Q7,Suv,Electric,67869.0,408376.0,4.0,1.1,7.28,6.6,4,391.0
477,Volkswagen,2016.0,10.0,Spain,Passat,Sedan,Hybrid,21482.0,113205.0,36.0,1.77,1.25,3.32,4,1749.0
478,Ford,2021.0,1.0,Netherlands,Bronco,Suv,Petrol,40885.0,525992.0,113.0,2.05,1.81,3.74,7,3072.0
479,Ford,2018.0,10.0,India,Bronco,Suv,Petrol,57684.0,119507.0,25.0,1.14,7.24,6.72,1,3888.0
480,Toyota,2016.0,10.0,Japan,Highlander,Suv,Hybrid,58764.0,156313.0,54.0,1.41,1.26,-0.05,10,2758.0
481,BMW,2015.0,3.0,India,7 Series,Sedan,Diesel,40037.0,306306.0,274.0,0.9668213612229996,7.118218063316261,6.2606736056736745,1,762.0
482,Audi,2023.0,6.0,UK,A4,Sedan,Petrol,100256.0,325408.0,15.0,1.85,1.37,5.12,7,659.0
483,BMW,2016.0,8.0,Brazil,i7,Sedan,Electric,75745.0,249618.0,289.0,1.1650660661526528,3.1959828624191453,10.227136373346324,4,1004.0
484,Audi,2020.0,5.0,Mexico,e-tron,Suv,Diesel,50781.0,537822.0,57.0,1.14,2.44,10.87,4,107.0
485,Audi,2023.0,9.0,Germany,A4,Sedan,Diesel,112265.0,283136.0,48.0,1.82,2.27,3.19,3,845.0
486,Toyota,2016.0,12.0,Mexico,C-HR,Suv,Electric,22629.0,625661.0,21.0,1.1,2.06,11.0,9,242.0
487,Mercedes-Benz,2015.0,3.0,USA,E-Class,Sedan,Petrol,50459.0,331375.0,55.0,1.04,2.6,4.37,5,46.0
488,Tesla,2024.0,1.0,Japan,Semi,Suv,Electric,120101.0,242370.0,13.0,1.48,1.27,0.21,1,561.0
489,Porsche,2017.0,11.0,Canada,911,Sedan,Hybrid,164580.0,274927.0,8.0,1.24,1.75,3.73,2,90.0
490,Mercedes-Benz,2021.0,9.0,India,GLE,Suv,Electric,53812.0,458601.0,16.0,1.14,7.095115333434544,6.72,8,754.0
491,Porsche,2018.0,2.0,China,Panamera Sport,Sedan,Hybrid,197391.0,175913.0,15.0,1.14,6.23,3.55,5,486.0
492,Mercedes-Benz,2022.0,6.0,Italy,EQE,Suv,Hybrid,80953.0,554010.0,17.0,1.93,1.26,3.5,9,204.0
493,Tesla,2018.0,10.0,France,Cybertruck,Suv,Electric,96558.0,277344.0,37.0,1.87,1.11,3.26,8,1670.0
494,Porsche,2017.0,6.0,Spain,Panamera Sport,Sedan,Electric,105820.0,209666.0,28.0,1.76,1.27,3.35,10,82.0
495,Ford,2020.0,9.0,UK,Explorer,Suv,Electric,78192.0,348083.0,57.0,1.05,1.8,10.97,7,630.0
496,Volkswagen,2022.0,1.0,Canada,Golf,Sedan,Petrol,47060.0,405463.0,51.0,1.33,2.12,3.71,9,202.0
497,Toyota,2024.0,9.0,Netherlands,bZ4X,Suv,Petrol,68434.0,60557.0,90.0,1.94,1.85,3.79,6,2320.0
498,Tesla,2019.0,10.0,Australia,Model Y,Suv,Electric,58194.0,223272.0,32.0,1.62,2.81,4.46,6,837.0
499,Ford,2022.0,7.0,USA,Mustang Mach-E,Suv,Hybrid,37711.0,365859.0,46.0,1.07,2.75,4.42,8,3161.0
500,Toyota,2015.0,10.0,Canada,Corolla,Sedan,Electric,89051.0,228310.0,57.0,1.28,1.71,4.24,4,2242.0
501,BMW,2022.0,2.0,Australia,i4,Suv,Diesel,56398.0,191835.0,123.0,1.6757259972710317,3.065731963995791,4.110216962101653,9,246.0
502,BMW,2024.0,4.0,Japan,7 Series,Sedan,Petrol,102087.0,286824.0,94.0,1.4969392574260094,0.7817253457467782,0.0749803849171938,9,256.0
503,Audi,2023.0,7.0,Japan,A6,Sedan,Electric,102001.0,521201.0,39.0,1.58,0.95,0.08,6,291.0
504,Porsche,2017.0,12.0,Italy,Taycan,Suv,Hybrid,189859.0,236435.0,25.0,1.87,1.42,3.24,2,421.0
505,Porsche,2016.0,2.0,Canada,Cayenne,Suv,Hybrid,78239.0,196282.0,19.0,1.26,2.57,4.07,6,16.0
506,Volkswagen,2019.0,11.0,Spain,Taos,Suv,Electric,42212.0,290337.0,64.0,1.83,1.63,3.29,3,1036.0
507,Ford,2019.0,8.0,Spain,Ranger,Suv,Petrol,47514.0,179790.0,61.0,1.82,1.45,3.3,10,494.0
508,Porsche,2018.0,6.0,Netherlands,Macan EV,Suv,Electric,190847.0,166057.0,19.0,1.94,1.83,3.44,7,363.0
509,Toyota,2018.0,10.0,UK,Supra,Sedan,Petrol,74935.0,145145.0,32.0,1.88,1.43,4.82,5,2365.0
510,Mercedes-Benz,2016.0,11.0,Canada,A-Class,Sedan,Petrol,107887.0,507234.0,15.0,1.3,2.36,4.23,6,1168.0
511,Mercedes-Benz,2016.0,8.0,Australia,E-Class,Sedan,Petrol,116365.0,198377.0,27.0,1.64,3.16,4.16,9,1135.0
512,Audi,2021.0,8.0,Germany,Q3,Suv,Hybrid,88997.0,503400.0,24.0,1.81,1.31,2.9,8,709.0
513,BMW,2020.0,11.0,Canada,X3,Suv,Hybrid,45785.0,79992.0,195.0,1.3005132152926886,2.464809800902996,3.8049031763562473,6,542.0
514,Porsche,2017.0,5.0,India,Cayenne,Suv,Hybrid,161353.0,94078.0,16.0,1.12,6.88,6.39,10,289.0
515,Porsche,2021.0,8.0,Australia,Taycan,Suv,Petrol,135781.0,119161.0,20.0,1.62,3.01,4.01,4,73.0
516,Audi,2024.0,6.0,Netherlands,Q5,Suv,Electric,101647.0,505310.0,31.0,1.95,1.71,3.54,2,838.0
518,Audi,2024.0,9.0,UK,RS6,Sedan,Electric,70904.0,510592.0,51.0,1.8,1.41,5.03,9,558.0
519,Porsche,2022.0,5.0,Australia,Taycan,Suv,Hybrid,156528.0,372573.0,7.0,1.52,3.45,4.17,2,411.0
520,Audi,2023.0,12.0,Brazil,A3,Sedan,Electric,107328.0,83191.0,15.0,1.29,3.519081785136218,10.58,9,581.0
521,Porsche,2017.0,3.0,Spain,718,Sedan,Petrol,80829.0,218957.0,27.0,1.71,1.16,3.29,1,497.0
522,BMW,2023.0,2.0,France,X1,Suv,Electric,107095.0,352259.0,268.0,1.7373134048102612,1.345957728384508,3.296408823955733,10,924.0
523,Toyota,2020.0,7.0,Spain,bZ4X,Suv,Hybrid,54391.0,437079.0,10.0,1.76,1.01,3.41,1,331.0
524,Tesla,2015.0,11.0,Italy,Semi,Suv,Electric,55981.0,46864.0,23.0,1.83,1.19,3.38,8,1280.0
525,Mercedes-Benz,2016.0,9.0,UK,EQS,Suv,Diesel,46850.0,270294.0,62.0,1.82,1.56,5.23,6,429.0
526,Ford,2016.0,6.0,Australia,Explorer,Suv,Hybrid,43572.0,119667.0,59.0,1.55,2.86,4.54,8,1774.0
527,BMW,2022.0,3.0,UK,X1,Suv,Diesel,111290.0,273177.0,110.0,1.8310205389055128,1.8034827432968847,5.257536832179112,6,277.0
528,Ford,2022.0,3.0,Australia,F-150,Suv,Hybrid,57137.0,775971.0,18.0,1.61,3.47,4.22,2,1104.0
529,Audi,2017.0,9.0,Australia,Q3,Suv,Petrol,99474.0,390878.0,52.0,1.59,3.39,4.47,2,549.0
530,Mercedes-Benz,2022.0,3.0,USA,A-Class,Sedan,Diesel,89756.0,299173.0,7.0,1.01,2.81,4.61,4,429.0
531,Toyota,2021.0,4.0,Brazil,bZ4X,Suv,Hybrid,82090.0,383410.0,41.0,1.26,3.24,10.26,4,798.0
532,Ford,2017.0,6.0,UK,F-150 Lightning,Suv,Electric,43394.0,476496.0,67.0,0.99,2.7,4.5,6,1360.0
533,Mercedes-Benz,2024.0,7.0,Netherlands,EQE,Suv,Hybrid,98930.0,90607.0,7.0,2.03,2.3,3.32,5,521.0
534,BMW,2017.0,1.0,Australia,7 Series,Sedan,Electric,97894.0,408320.0,78.0,1.5096285671956708,2.7999191115069846,4.395915919238962,1,457.0
535,Toyota,2017.0,6.0,Brazil,Land Cruiser,Suv,Hybrid,48026.0,187637.0,75.0,1.14,3.5,10.57,9,1843.0
536,Porsche,2016.0,6.0,UK,Panamera Sport,Sedan,Hybrid,90986.0,315179.0,21.0,1.93,1.94,5.11,1,243.0
537,Ford,2016.0,1.0,China,Mustang Mach-E,Suv,Hybrid,48729.0,289815.0,20.0,1.06,5.92,3.24,10,259.0
538,Toyota,2023.0,3.0,Spain,Camry,Sedan,Electric,82403.0,175978.0,47.0,1.69,1.59,3.23,3,969.0
539,Mercedes-Benz,2021.0,7.0,USA,GLS,Suv,Hybrid,113953.0,565161.0,16.0,0.89,2.93,4.24,9,496.0
540,BMW,2016.0,8.0,Canada,7 Series,Sedan,Petrol,45345.0,274866.0,398.0,1.3269342546507883,2.684110319036498,4.100751999282176,8,916.0
541,Ford,2015.0,2.0,Germany,Explorer,Suv,Electric,40477.0,191607.0,93.0,1.84,1.41,2.8,8,3841.0
542,Toyota,2015.0,9.0,Australia,bZ4X,Suv,Hybrid,42061.0,271629.0,14.0,1.51,2.69,4.45,1,401.0
543,Porsche,2019.0,1.0,Germany,Panamera Sport,Sedan,Petrol,61951.0,220183.0,3.0,1.88,1.97,3.24,9,24.0
544,BMW,2019.0,1.0,China,i7,Sedan,Diesel,49327.0,215250.0,396.0,1.1403933754515407,6.298295178966775,3.589978358466659,10,1066.0
545,Ford,2021.0,8.0,China,F-150 Lightning,Suv,Electric,67063.0,406803.0,71.0,1.01,5.66,3.56,5,1197.0
546,Ford,2017.0,4.0,Brazil,F-150 Lightning,Suv,Petrol,51635.0,399678.0,93.0,1.21,3.18,10.36,4,2199.0
547,Tesla,2024.0,9.0,Brazil,Semi,Suv,Electric,103609.0,84414.0,13.0,1.12,3.42,10.55,5,2244.0
548,Toyota,2017.0,11.0,Italy,Yaris,Sedan,Electric,51504.0,625294.0,24.0,1.78,0.5,3.39,6,355.0
549,Tesla,2023.0,2.0,Netherlands,Semi,Suv,Electric,61481.0,187031.0,16.0,2.05,2.07,3.49,6,1599.0
550,Tesla,2015.0,4.0,France,Semi,Suv,Electric,123331.0,83958.0,20.0,1.85,1.42,3.79,10,1276.0
551,Toyota,2018.0,10.0,UK,Prius,Suv,Electric,54964.0,65926.0,95.0,1.77,1.6,5.23,9,294.0
552,Ford,2021.0,12.0,France,F-150 Lightning,Suv,Petrol,79638.0,527872.0,44.0,1.73,1.9,3.66,2,547.0
553,Mercedes-Benz,2015.0,7.0,Mexico,EQE,Suv,Hybrid,36561.0,316375.0,25.0,1.15,1.51,11.03,1,1198.0
554,Toyota,2022.0,4.0,UK,Land Cruiser,Suv,Electric,84276.0,91338.0,20.0,1.9,1.49,4.84,10,2963.0
555,Volkswagen,2015.0,1.0,India,T-Roc,Suv,Diesel,72399.0,346919.0,43.0,1.05,6.74,6.72,1,2276.0
556,Ford,2017.0,11.0,Brazil,Bronco,Suv,Petrol,56130.0,162527.0,79.0,1.16,3.86,10.41,8,1337.0
557,Toyota,2023.0,12.0,India,Supra,Sedan,Hybrid,52121.0,413163.0,73.0,1.03,6.58,6.24,2,189.0
558,BMW,2023.0,11.0,India,7 Series,Sedan,Electric,72394.0,154843.0,155.0,0.991415161842171,6.831564699067194,6.713018120971961,9,521.0
559,Toyota,2020.0,12.0,Germany,Supra,Sedan,Petrol,25225.0,329958.0,97.0,1.94,2.04,2.72,4,1169.0
560,Mercedes-Benz,2019.0,11.0,Spain,GLE,Suv,Hybrid,110459.0,117795.0,51.0,1.74,1.18,3.58,1,1185.0
561,Tesla,2019.0,12.0,Germany,Model 3,Suv,Electric,101993.0,132424.5,23.0,1.83,2.03,2.74,9,455.0
562,Audi,2018.0,7.0,Brazil,Q8,Suv,Petrol,67456.0,240235.0,37.0,1.11,3.74,10.69,8,103.0
563,Volkswagen,2017.0,11.0,Italy,Golf,Sedan,Electric,55923.0,295068.0,46.0,1.86,1.49,3.74,1,773.0
564,Mercedes-Benz,2023.0,1.0,France,EQS,Suv,Electric,40739.0,285703.0,61.0,1.85,1.19,3.71,9,943.0
565,Audi,2015.0,5.0,Japan,RS6,Sedan,Electric,113277.0,530118.0,21.0,1.52,1.55,-0.07,10,1065.0
566,BMW,2016.0,9.0,France,i4,Suv,Diesel,61081.0,399880.0,279.0,1.8458346975098896,1.658642396450425,3.4059004119035947,9,848.0
567,Toyota,2018.0,11.0,Italy,RAV4,Suv,Hybrid,41174.0,602311.0,44.0,1.77,0.68,3.45,8,2256.0
568,Ford,2023.0,9.0,Germany,Mustang,Sedan,Electric,80651.0,686065.0,69.0,1.83,1.98,3.17,5,2166.0
569,Audi,2019.0,8.0,USA,Q7,Suv,Diesel,71231.0,85263.0,32.0,0.95,2.04,4.4,5,467.0
570,Toyota,2022.0,8.0,Germany,C-HR,Suv,Petrol,73553.0,268962.0,72.0,1.92,2.23,3.03,2,50.0
571,Volkswagen,2023.0,4.0,Brazil,Arteon,Sedan,Electric,44445.0,333480.0,42.0,1.19,3.519081785136218,10.48,4,1973.0
572,BMW,2018.0,3.0,Australia,X5,Sedan,Petrol,68139.0,322869.0,33.0,1.5354857538939417,3.2764474464997244,4.343697102608643,3,459.0
573,Toyota,2024.0,9.0,Italy,RAV4,Suv,Hybrid,69638.0,324616.0,49.0,1.84,1.13,3.27,7,1956.0
574,Ford,2023.0,11.0,Netherlands,Mustang,Sedan,Hybrid,62108.0,685640.0,111.0,1.97,2.2,3.39,1,3608.0
575,Tesla,2019.0,12.0,Mexico,Semi,Suv,Electric,109624.0,283453.0,36.0,1.05,1.53,11.13,4,2352.0
576,Tesla,2021.0,1.0,China,Model Y,Suv,Electric,106203.0,147967.0,14.0,1.12,6.18,3.78,1,728.0
577,Mercedes-Benz,2024.0,1.0,Italy,CLA,Sedan,Hybrid,127565.0,282001.0,31.0,1.89,1.48,3.34,1,757.0
578,Mercedes-Benz,2023.0,7.0,Canada,S-Class,Sedan,Diesel,69037.0,172800.0,51.0,1.24,1.89,4.24,6,574.0
579,Audi,2019.0,9.0,Netherlands,A4,Sedan,Diesel,106260.0,178025.0,8.0,1.91,1.78,3.42,2,904.0
580,Tesla,2020.0,10.0,Spain,Model X Plaid,Suv,Electric,83853.0,297897.0,16.0,1.82,0.91,3.28,3,1496.0
581,Tesla,2017.0,6.0,Canada,Cybertruck,Suv,Electric,86227.0,280320.0,17.0,1.24,1.81,4.08,4,1133.0
582,Ford,2016.0,11.0,India,Ranger,Suv,Hybrid,33839.0,377582.0,111.0,1.0,6.7,6.63,4,3269.0
583,Audi,2016.0,3.0,Canada,A3,Sedan,Hybrid,57086.0,70279.0,12.0,1.29,2.02,3.76,1,485.0
584,Toyota,2016.0,2.0,Netherlands,bZ4X,Suv,Petrol,29250.0,165415.0,66.0,2.01,2.49,3.56,10,2974.0
586,Ford,2018.0,2.0,UK,F-150,Suv,Petrol,67578.0,786964.0,102.0,1.91,1.42,5.29,7,3203.0
587,Audi,2019.0,10.0,Canada,A3,Sedan,Hybrid,100777.0,120139.0,53.0,1.37,2.27,3.98,7,550.0
588,BMW,2015.0,12.0,India,X3,Suv,Hybrid,53100.0,414543.0,76.0,1.0826094383606846,7.466845499799286,6.334576089971027,1,320.0
589,Ford,2024.0,9.0,Canada,Mustang Mach-E,Suv,Electric,79956.0,604653.0,57.0,1.2968078140931214,2.05,3.92,4,62.0
590,Toyota,2021.0,11.0,Italy,Land Cruiser,Suv,Petrol,53774.0,58343.0,40.0,1.91,1.02,3.32,3,1591.0
591,Ford,2022.0,1.0,UK,Mustang,Sedan,Petrol,94785.0,716550.0,19.0,1.83,1.79,5.1,6,2324.0
592,BMW,2024.0,3.0,China,3 Series,Suv,Electric,101972.0,445460.0,350.0,1.0021675302960598,6.3955232284962005,3.433521007240498,5,780.0
593,Tesla,2022.0,6.0,China,Model Y,Suv,Electric,111115.0,236765.0,4.0,1.1,5.81,3.22,1,227.0
594,Ford,2022.0,7.0,Mexico,Escape,Suv,Hybrid,76659.0,759523.0,58.0,1.13,1.9,10.88,1,1961.0
595,Volkswagen,2015.0,1.0,Brazil,Arteon,Sedan,Petrol,65853.0,147188.0,57.0,1.16,3.36,10.3,2,2065.0
597,Porsche,2023.0,5.0,China,911,Sedan,Hybrid,189928.0,118320.0,17.0,1.04,6.38,3.62,9,160.0
598,Volkswagen,2016.0,11.0,UK,Passat,Sedan,Diesel,26321.0,435175.0,10.0,1.81,1.96,5.12,9,168.0
599,Ford,2022.0,3.0,Netherlands,Bronco,Suv,Petrol,47432.0,124049.0,114.0,1.94,2.28,3.74,6,381.0
601,BMW,2024.0,7.0,Brazil,i7,Sedan,Hybrid,73367.0,462289.0,215.0,1.2458689588175993,3.23041666211735,10.200884293251788,4,596.0
602,Volkswagen,2020.0,8.0,Netherlands,ID.3,Suv,Diesel,65388.0,210209.0,61.0,1.98,1.74,3.42,4,589.0
603,Volkswagen,2023.0,10.0,Netherlands,Tiguan,Suv,Hybrid,65907.0,448338.0,27.0,2.04,2.47,3.63,9,952.0
604,Volkswagen,2023.0,2.0,Netherlands,Polo,Sedan,Hybrid,20193.0,484885.0,27.0,1.95,1.94,3.66,8,865.0
605,Audi,2024.0,12.0,Netherlands,Q5,Suv,Hybrid,68041.0,246730.0,49.0,1.98,2.33,3.65,8,277.0
606,Ford,2017.0,10.0,Canada,Expedition,Suv,Hybrid,36038.0,742912.0,57.0,1.26,2.64,3.76,7,1288.0
607,Tesla,2016.0,5.0,Brazil,Model X Plaid,Suv,Electric,125244.0,43548.0,9.0,1.15,3.88,10.78,5,251.0
608,Audi,2016.0,11.0,Germany,A6,Sedan,Electric,59875.0,306326.0,21.0,1.96,2.25,3.05,2,76.0
609,Mercedes-Benz,2020.0,1.0,USA,GLC,Suv,Hybrid,69588.0,492993.0,31.0,0.91,2.18,4.77,6,1133.0
610,Toyota,2017.0,8.0,Italy,bZ4X,Suv,Hybrid,89861.0,593373.0,60.0,1.79,1.18,3.76,2,620.0
611,Volkswagen,2020.0,4.0,India,ID.3,Suv,Electric,40003.0,588046.0,17.0,1.01,6.57,6.6,9,1688.0
612,Porsche,2024.0,8.0,China,911,Sedan,Hybrid,91762.0,157043.0,19.0,1.06,5.93,3.51,7,34.0
613,Audi,2017.0,6.0,Brazil,Q3,Suv,Hybrid,86245.0,127205.0,14.0,1.18,3.24,10.34,4,259.0
614,BMW,2023.0,2.0,India,i7,Sedan,Hybrid,48798.0,96015.0,393.0,1.057832255335051,6.807289964926286,6.681815538699598,10,1153.0
615,Porsche,2015.0,1.0,France,Panamera Sport,Sedan,Electric,110670.0,105064.0,28.0,1.85,1.85,3.34,5,296.0
616,Ford,2016.0,8.0,Japan,Mustang Mach-E,Suv,Electric,59213.0,440063.0,89.0,1.5,0.79,0.2,4,853.0
617,Porsche,2021.0,6.0,Italy,911,Sedan,Electric,105844.0,137369.0,19.0,1.76,0.98,3.33,5,330.0
618,Mercedes-Benz,2018.0,9.0,UK,GLE,Suv,Petrol,124919.0,316592.0,24.0,1.11,7.0,6.39,10,1000.0
619,Porsche,2017.0,9.0,Germany,Taycan,Suv,Petrol,129742.0,363469.0,7.0,1.87,2.01,2.74,5,228.0
620,BMW,2021.0,2.0,Australia,i7,Sedan,Petrol,90512.0,96233.0,263.0,1.5156912762684531,2.770832251262074,4.213382852423382,4,705.0
621,Tesla,2020.0,2.0,Australia,Cybertruck,Suv,Electric,75292.0,252055.0,36.0,1.57,2.77,4.08,1,614.0
622,Ford,2015.0,7.0,UK,Ranger,Suv,Hybrid,82916.0,141015.0,14.0,1.84,1.23,4.7,4,281.0
623,Toyota,2016.0,3.0,Mexico,bZ4X,Suv,Petrol,38132.0,183570.0,33.0,1.07,2.1,10.98,8,946.0
624,Audi,2020.0,11.0,Japan,A4,Sedan,Electric,40707.0,486694.0,31.0,1.58,0.76,0.03,5,473.0
625,Audi,2020.0,10.0,Germany,TT,Sedan,Electric,87487.0,310154.5,23.0,1.83,2.29,2.86,3,72.0
626,Tesla,2017.0,2.0,UK,Model X Plaid,Suv,Electric,121275.0,120292.0,21.0,1.83,1.91,3.72,9,37.0
627,Porsche,2021.0,7.0,China,Panamera Sport,Sedan,Petrol,111464.0,117371.0,8.0,1.2,5.77,3.2,8,385.0
628,Mercedes-Benz,2024.0,2.0,Brazil,EQS,Suv,Electric,57037.0,79624.0,11.0,1.2,3.2,10.42,6,952.0
629,Audi,2015.0,1.0,USA,Q8,Suv,Petrol,88888.0,319331.0,16.0,1.03,2.47,4.38,3,897.0
630,Volkswagen,2021.0,6.0,Brazil,Tiguan,Suv,Electric,55935.0,72797.0,67.0,1.29,3.6,10.5,4,1927.0
631,Mercedes-Benz,2018.0,6.0,Mexico,CLA,Sedan,Petrol,44616.0,347243.0,22.0,1.03,2.17,11.22,3,80.0
632,BMW,2016.0,4.0,Canada,i7,Sedan,Diesel,36301.0,142837.0,69.0,1.3187321582417078,2.378669956672565,3.917151994502719,1,595.0
633,BMW,2017.0,4.0,Brazil,X5,Sedan,Hybrid,73871.0,470661.0,209.0,1.179245818622948,3.034670266726484,10.549684101050094,4,525.0
634,Ford,2024.0,6.0,Canada,Edge,Suv,Electric,69354.0,469015.0,77.0,1.32,2.57,3.79,1,3556.0
635,Tesla,2018.0,12.0,Japan,Model S Plaid,Suv,Electric,92607.5,14639.0,2.0,1.47,1.69,0.01,3,1388.0
636,Ford,2016.0,3.0,France,Explorer,Suv,Electric,82607.0,339130.0,10.0,1.82,2.03,3.22,8,714.0
637,Tesla,2024.0,11.0,UK,Model X,Suv,Electric,71949.0,135382.0,5.0,1.79,1.4849999999999999,4.76,3,407.0
639,Ford,2018.0,10.0,France,Escape,Suv,Petrol,76017.0,104125.0,94.0,1.82,1.93,3.4,6,133.0
640,Ford,2022.0,9.0,India,Explorer,Suv,Electric,71529.0,246264.0,61.0,0.98,7.29,6.71,4,3259.0
641,Volkswagen,2017.0,2.0,UK,Golf,Sedan,Hybrid,30727.0,334334.0,65.0,1.91,1.75,5.22,2,675.0
642,Porsche,2022.0,9.0,Mexico,Macan EV,Suv,Hybrid,177591.0,179690.0,6.0,1.05,1.79,11.27,10,192.0
643,BMW,2021.0,6.0,Germany,3 Series,Suv,Petrol,74647.5,398984.0,377.0,1.853848646189876,1.8326172664550235,2.8454823021808378,4,1008.0
644,Tesla,2019.0,11.0,Canada,Model X Plaid,Suv,Electric,41829.0,192842.0,13.0,1.28,1.75,3.83,7,1848.0
645,Tesla,2019.0,2.0,Germany,Model S,Suv,Electric,86166.0,58883.0,6.0,1.96,1.35,3.22,5,1423.0
646,Porsche,2021.0,1.0,UK,Cayenne,Suv,Hybrid,154066.0,120553.0,19.0,1.9,1.15,4.94,10,300.0
647,Tesla,2019.0,10.0,India,Model S Plaid,Suv,Electric,52195.0,120106.0,1.0,1.11,7.32,6.58,3,1518.0
648,Toyota,2017.0,6.0,Spain,Land Cruiser,Suv,Electric,66350.0,105302.0,69.0,1.83,1.27,3.45,1,1854.0
649,Volkswagen,2017.0,11.0,Australia,Taos,Suv,Petrol,67462.0,291845.0,24.0,1.57,2.52,4.28,3,2592.0
650,Mercedes-Benz,2021.0,10.0,Japan,GLE,Suv,Diesel,45222.0,166066.0,62.0,1.5,1.27,0.15,10,244.0
652,Ford,2015.0,7.0,Australia,Bronco,Suv,Petrol,90273.0,238395.0,44.0,1.69,3.06,4.05,8,497.0
653,Ford,2015.0,6.0,Australia,Edge,Suv,Hybrid,56474.0,144577.0,65.0,1.54,2.8882702534115143,4.17,5,2986.0
654,Mercedes-Benz,2020.0,1.0,Brazil,CLA,Sedan,Electric,70089.0,299288.0,27.0,1.17,3.53,10.69,5,490.0
655,Ford,2015.0,8.0,France,Ranger,Suv,Hybrid,59916.0,373993.0,110.0,1.76,1.46,3.48,6,2605.0
657,Toyota,2017.0,10.0,Italy,Land Cruiser,Suv,Electric,43604.0,177401.0,51.0,1.87,1.0,3.74,3,663.0
658,Toyota,2017.0,9.0,Japan,Land Cruiser,Suv,Electric,64961.0,139231.0,65.0,1.42,0.82,0.34,8,2564.0
659,Tesla,2022.0,6.0,Germany,Semi,Suv,Electric,95785.0,20188.0,19.0,1.93,2.01,3.22,6,2215.0
660,Audi,2018.0,10.0,France,A4,Sedan,Petrol,97325.0,210585.0,8.0,1.74,1.85,3.33,9,567.0
661,Audi,2022.0,1.0,China,RS6,Sedan,Electric,89372.0,183203.0,52.0,1.17,6.31,3.43,3,525.0
662,Tesla,2020.0,3.0,Brazil,Semi,Suv,Electric,123500.0,294956.0,18.0,1.27,3.83,10.33,10,1425.0
664,Toyota,2024.0,8.0,Spain,Yaris,Sedan,Hybrid,30032.0,406877.0,30.0,1.7,1.74,3.67,7,1927.0
665,Volkswagen,2019.0,9.0,Spain,Polo,Sedan,Diesel,53027.0,359425.0,49.0,1.7,1.11,3.52,8,2323.0
666,Mercedes-Benz,2016.0,12.0,UK,A-Class,Sedan,Hybrid,89580.0,537545.0,14.0,1.89,1.66,4.95,7,785.0
667,Audi,2023.0,4.0,China,Q3,Suv,Diesel,74683.0,99390.0,38.0,1.16,5.91,3.58,5,201.0
669,Tesla,2018.0,6.0,USA,Model 3,Suv,Electric,112777.0,153647.0,23.0,0.97,2.31,4.23,6,2072.0
670,Tesla,2015.0,10.0,Australia,Model X,Suv,Electric,122673.0,36397.0,27.0,1.59,3.45,4.17,2,1690.0
671,BMW,2017.0,5.0,UK,iX,Sedan,Hybrid,111946.0,194615.0,276.0,1.896173495040729,1.9650269106665128,4.774578334091327,4,903.0
672,Toyota,2016.0,5.0,Netherlands,bZ4X,Suv,Petrol,20101.0,444530.0,37.0,2.04,2.5,3.28,1,2240.0
673,Porsche,2021.0,5.0,Netherlands,Taycan,Suv,Petrol,136063.0,234154.0,12.0,1.93,2.16,3.63,9,374.0
674,Tesla,2024.0,3.0,France,Model Y,Suv,Electric,101285.0,51117.0,14.0,1.84,2.04,3.46,1,823.0
675,Toyota,2020.0,11.0,Brazil,C-HR,Suv,Electric,35350.0,248065.0,27.0,1.23,3.65,10.57,6,2338.0
676,Audi,2023.0,8.0,Brazil,Q7,Suv,Hybrid,55204.0,536064.0,13.0,1.3,3.24,10.76,3,622.0
677,Toyota,2015.0,4.0,Mexico,bZ4X,Suv,Hybrid,75576.0,119366.0,21.0,1.17,2.32,11.03,10,2846.0
678,Porsche,2015.0,8.0,Brazil,Taycan,Suv,Electric,124423.0,200287.0,15.5,1.21,3.12,10.69,9,419.0
679,Mercedes-Benz,2017.0,1.0,Spain,CLA,Sedan,Hybrid,74274.0,365324.0,6.0,1.83,1.25,3.69,6,64.0
680,Ford,2024.0,11.0,Canada,Expedition,Suv,Hybrid,43268.0,636453.0,48.0,1.35,2.3,3.95,9,70.0
681,Audi,2022.0,6.0,USA,A4,Sedan,Petrol,34027.0,544309.0,42.0,0.93,2.54,4.51,1,633.0
682,Mercedes-Benz,2015.0,11.0,Canada,EQE,Suv,Petrol,104048.0,563881.0,44.0,1.29,1.74,4.25,6,581.0
683,Tesla,2023.0,9.0,Canada,Model 3,Suv,Electric,97844.0,266420.0,11.0,1.28,2.36,3.72,8,2085.0
684,Audi,2019.0,12.0,France,TT,Sedan,Electric,61983.0,311729.0,46.0,1.84,2.09,3.47,4,682.0
685,Volkswagen,2024.0,9.0,UK,Passat,Sedan,Petrol,23320.0,371779.0,73.0,1.9,1.52,4.86,6,1290.0
686,Volkswagen,2022.0,5.0,USA,Taos,Suv,Electric,57320.0,597760.0,28.0,0.87,2.41,4.29,6,415.0
687,Porsche,2019.0,5.0,Italy,GTS,Sedan,Petrol,94039.0,368929.0,29.0,1.88,0.61,3.33,10,182.0
688,Audi,2020.0,2.0,India,A3,Sedan,Hybrid,50620.0,522921.0,4.0,1.03,6.58,6.37,6,663.0
689,Toyota,2016.0,7.0,USA,RAV4,Suv,Hybrid,85059.0,582226.0,67.0,0.99,2.14,4.26,1,453.0
690,Toyota,2022.0,3.0,India,bZ4X,Suv,Hybrid,23843.0,585251.0,99.0,0.96,6.56,6.67,4,1756.0
691,BMW,2018.0,1.0,China,i4,Suv,Petrol,90432.0,398216.0,381.0,1.0054191985006968,5.89,3.59535436514609,9,1195.0
692,Ford,2022.0,8.0,Italy,Escape,Suv,Petrol,38961.0,229939.0,13.0,1.94,1.49,3.39,4,2782.0
693,Toyota,2018.0,4.0,UK,C-HR,Suv,Electric,49433.0,341375.0,83.0,1.85,1.89,5.13,10,1665.0
694,Audi,2018.0,10.0,Brazil,Q8,Suv,Electric,91746.0,265639.0,20.0,1.23,3.83,10.79,6,918.0
695,Volkswagen,2022.0,5.0,Netherlands,Touareg,Suv,Diesel,20885.0,411612.0,27.0,2.09,1.75,3.79,10,1604.0
696,Tesla,2017.0,3.0,France,Semi,Suv,Electric,89845.0,277750.0,20.0,1.79,1.46,3.51,6,752.0
698,Volkswagen,2020.0,10.0,UK,ID.3,Suv,Hybrid,38649.0,423867.0,14.0,1.86,1.86,5.24,3,440.0
699,BMW,2023.0,1.0,Australia,7 Series,Sedan,Petrol,118286.0,242537.0,78.0,1.696816693839859,3.12750546321837,4.474206268511804,4,421.0
700,BMW,2017.0,1.0,Germany,X5,Sedan,Diesel,119573.0,452681.0,187.0,1.910409436170396,1.924148907849134,2.945646991314744,8,67.0
701,Ford,2017.0,1.0,Mexico,Ranger,Suv,Hybrid,48760.0,101979.0,45.0,1.11,2.27,10.78,5,1190.0
702,Tesla,2016.0,10.0,Germany,Model 3,Suv,Electric,97098.0,71546.0,37.0,1.97,2.18,2.9,2,1617.0
703,BMW,2016.0,5.0,Germany,X3,Suv,Electric,59162.0,334965.0,155.0,1.9973260245917688,1.341572859050392,2.789005920577253,5,542.0
704,Mercedes-Benz,2016.0,9.0,Spain,S-Class,Sedan,Diesel,73912.0,184046.0,16.0,1.66,1.44,3.36,10,68.0
705,Audi,2019.0,10.0,Japan,A4,Sedan,Petrol,86736.0,84327.0,55.0,1.44,1.45,0.18,7,192.0
706,Toyota,2023.0,5.0,Italy,Corolla,Sedan,Hybrid,26802.0,320608.0,94.0,1.78,1.14,3.57,7,1527.0
707,Mercedes-Benz,2016.0,8.0,UK,GLE,Suv,Electric,98618.0,380890.0,41.0,1.96,2.18,3.46,5,893.0
708,Toyota,2017.0,7.0,Germany,Land Cruiser,Suv,Hybrid,52750.0,295087.0,57.0,1.91,2.03,2.91,1,2043.0
709,BMW,2016.0,8.0,France,i4,Suv,Electric,42853.0,104362.0,235.0,1.7833131656964585,1.865546750515861,3.20000698085322,3,666.0
710,Audi,2017.0,10.0,China,A4,Sedan,Electric,94345.0,431391.0,25.0,1.04,6.035,3.74,6,906.0
711,Porsche,2021.0,6.0,Netherlands,911,Sedan,Petrol,123718.0,334588.0,13.0,1.94,2.28,3.65,3,492.0
712,Mercedes-Benz,2016.0,3.0,UK,CLA,Sedan,Electric,117429.0,254100.0,60.0,1.11,5.76,3.54,9,914.0
714,Mercedes-Benz,2024.0,12.0,Brazil,CLA,Sedan,Petrol,58203.0,538486.0,58.0,1.15,3.23,10.45,2,400.0
715,Porsche,2022.0,7.0,Mexico,Macan,Suv,Petrol,167888.0,363280.0,22.0,1.05,2.17,10.99,2,290.0
716,Ford,2021.0,3.0,UK,Ranger,Suv,Electric,78032.0,378583.0,56.0,1.87,1.15,4.99,2,3480.0
717,Volkswagen,2018.0,3.0,Brazil,Taos,Suv,Electric,63714.0,112964.0,53.0,1.28,3.33,10.38,5,2764.0
718,BMW,2016.0,9.0,India,X1,Suv,Petrol,42465.0,275192.0,255.0,0.9870660359057428,7.093221570107384,6.735381498883792,5,775.0
719,Toyota,2018.0,6.0,Japan,bZ4X,Suv,Petrol,50535.0,84119.0,10.0,1.59,1.58,-0.06,2,517.0
720,Ford,2018.0,9.0,Germany,Ranger,Suv,Hybrid,42723.0,269830.0,45.0,1.92,2.04,3.01,2,2585.0
721,Tesla,2021.0,10.0,Italy,Model 3,Suv,Electric,107317.0,172452.0,38.0,1.8,1.37,3.37,4,592.0
722,Volkswagen,2019.0,2.0,Spain,Taos,Suv,Hybrid,72890.0,579870.0,80.0,1.68,1.43,3.47,1,335.0
724,Mercedes-Benz,2018.0,4.0,Spain,C-Class,Sedan,Petrol,110695.0,116405.0,39.0,1.69,0.92,3.79,1,613.0
725,Toyota,2015.0,7.0,India,Land Cruiser,Suv,Hybrid,65142.0,502187.0,87.0,1.15,7.45,6.24,7,582.0
726,Audi,2018.0,12.0,USA,A3,Sedan,Hybrid,107494.0,277582.0,19.0,1.05,2.68,4.39,5,184.0
727,Porsche,2020.0,12.0,USA,Macan,Suv,Petrol,169456.0,304163.0,4.0,0.97,2.87,4.62,1,312.0
728,Audi,2017.0,8.0,Netherlands,A4,Sedan,Diesel,53625.0,360147.0,53.0,1.98,2.1,3.47,4,131.0
729,Porsche,2023.0,4.0,France,718,Sedan,Hybrid,155170.0,226108.0,5.0,1.78,1.54,3.67,4,249.0
730,Tesla,2023.0,2.0,Spain,Model Y,Suv,Electric,102037.0,248022.0,28.0,1.7,1.68,3.28,7,1117.0
731,Ford,2022.0,9.0,Italy,Mustang Mach-E,Suv,Electric,93956.0,472058.0,63.0,1.91,0.64,3.53,4,3870.0
732,Tesla,2022.0,3.0,Canada,Model Y,Suv,Electric,70417.0,244101.0,35.0,1.38,2.55,3.76,3,1976.0
733,Toyota,2018.0,5.0,France,bZ4X,Suv,Electric,86780.0,298737.0,57.0,1.9,1.7,3.79,6,1097.0
734,Ford,2019.0,1.0,USA,Mustang Mach-E,Suv,Petrol,62663.0,757110.0,37.0,1.03,2.98,4.31,4,1791.0
735,Volkswagen,2015.0,12.0,USA,Golf,Sedan,Electric,21668.0,551405.0,81.0,0.95,2.38,4.49,5,2405.0
737,BMW,2018.0,9.0,Australia,X7,Sedan,Petrol,77137.0,484044.0,52.0,1.5564944852740008,3.375883083517057,4.273456731641605,8,243.0
738,Volkswagen,2022.0,2.0,France,Polo,Sedan,Electric,35736.0,349934.0,71.0,1.88,1.38,3.65,9,2629.0
739,Tesla,2016.0,10.0,Germany,Model 3,Suv,Electric,111423.0,173668.0,32.0,2.0,1.84,3.16,8,412.0
740,Mercedes-Benz,2019.0,7.0,Australia,EQS,Suv,Electric,33658.0,142589.0,9.0,1.55,2.79,4.04,8,1294.0
741,Audi,2021.0,10.0,Australia,RS6,Sedan,Electric,56657.0,170860.0,48.0,1.6,2.74,4.18,5,821.0
742,Audi,2022.0,3.0,Japan,Q5,Suv,Hybrid,103915.0,505228.0,15.0,1.51,1.41,0.38,4,1000.0
743,BMW,2017.0,5.0,Canada,3 Series,Suv,Hybrid,51374.0,219330.0,330.0,1.2819809779392577,2.485651618080232,3.771001714554032,2,1096.0
744,Mercedes-Benz,2024.0,12.0,Brazil,C-Class,Sedan,Petrol,110241.0,293135.0,32.0,1.2,3.71,10.36,9,676.0
745,Porsche,2024.0,1.0,Mexico,Cayenne,Suv,Petrol,163818.0,121972.0,7.0,1.05,1.51,11.1,2,67.0
746,Toyota,2023.0,1.0,Netherlands,Corolla,Sedan,Electric,69932.0,326011.0,81.0,2.09,2.01,3.5,9,2001.0
747,Ford,2024.0,4.0,Italy,Mustang Mach-E,Suv,Petrol,46320.0,642460.0,88.0,1.82,0.9,3.8,8,3299.0
748,Volkswagen,2018.0,10.0,India,Arteon,Sedan,Hybrid,57934.0,448223.0,75.0,1.14,6.61,6.76,2,1038.0
749,Toyota,2021.0,2.0,Mexico,C-HR,Suv,Hybrid,36126.0,157490.0,79.0,1.1,2.3,10.8,7,998.0
750,Tesla,2015.0,5.0,Mexico,Model S Plaid,Suv,Electric,62229.0,244203.0,7.0,1.14,1.84,10.99,1,43.0
751,Porsche,2019.0,2.0,France,718,Sedan,Hybrid,177346.0,359636.0,21.0,1.72,1.3,3.73,4,104.0
752,Mercedes-Benz,2020.0,11.0,Italy,S-Class,Sedan,Petrol,110171.0,285209.0,18.0,1.86,1.4,3.7,6,316.0
753,Toyota,2016.0,8.0,Mexico,Yaris,Sedan,Petrol,45747.0,160224.0,33.0,1.11,2.35,10.71,10,2133.0
754,Mercedes-Benz,2019.0,1.0,Canada,E-Class,Sedan,Diesel,70398.0,554324.0,50.0,1.21,2.69,3.98,7,666.0
755,Toyota,2024.0,11.0,UK,Camry,Sedan,Hybrid,75340.0,206565.0,15.0,1.33,2.52,3.78,9,1233.0
756,Volkswagen,2019.0,6.0,India,Arteon,Sedan,Electric,60060.0,435764.0,59.0,1.050836054691628,7.43,6.31,10,1832.0
758,Mercedes-Benz,2021.0,12.0,Japan,CLA,Sedan,Hybrid,79008.0,521962.0,10.0,1.43,1.06,0.17,6,1088.0
759,Volkswagen,2015.0,8.0,UK,Arteon,Sedan,Hybrid,59445.0,57289.0,9.0,1.84,1.17,5.25,5,2225.0
760,BMW,2020.0,9.0,UK,X1,Suv,Petrol,89962.0,327510.0,195.5,1.948431602964663,1.919391973214417,4.998178089743498,10,282.0
761,BMW,2023.0,10.0,Australia,X1,Suv,Diesel,52558.0,327483.0,176.0,1.5243772186673896,2.7726240007335337,4.198129460915211,4,545.0
762,Volkswagen,2023.0,10.0,Spain,Polo,Sedan,Diesel,43350.0,181619.0,69.0,1.83,1.01,3.68,8,1804.0
763,Audi,2020.0,7.0,Italy,Q3,Suv,Diesel,41591.0,90326.0,45.0,1.94,0.84,3.45,10,591.0
764,Tesla,2015.0,10.0,India,Model 3,Suv,Electric,51358.0,219007.0,27.0,1.01,7.44,6.64,10,1734.0
765,Ford,2017.0,4.0,Canada,F-150 Lightning,Suv,Electric,48015.0,597783.0,75.0,1.31,1.76,3.84,8,3327.0
766,Porsche,2024.0,7.0,Mexico,Panamera Sport,Sedan,Petrol,162527.0,273712.0,20.0,1.03,2.37,11.22,7,433.0
767,Volkswagen,2019.0,11.0,Germany,T-Roc,Suv,Electric,79989.0,467950.0,35.0,1.94,1.94,3.29,2,93.0
768,Audi,2024.0,6.0,Germany,A4,Sedan,Hybrid,51041.0,133071.0,37.0,1.92,2.02,2.91,6,1082.0
769,Porsche,2016.0,4.0,UK,Panamera,Sedan,Electric,100081.0,272268.0,13.0,1.11,6.75,6.31,4,156.0
770,Toyota,2022.0,7.0,Canada,bZ4X,Suv,Electric,65204.0,341356.0,65.0,1.38,2.13,3.83,2,756.0
771,Toyota,2020.0,11.0,Japan,RAV4,Suv,Petrol,47250.0,579942.0,26.0,1.6,1.65,-0.2,10,215.0
772,Tesla,2017.0,1.0,China,Model 3,Suv,Electric,47645.0,16731.0,22.0,1.1,5.58,3.64,3,584.0
774,Volkswagen,2020.0,12.0,Italy,Taos,Suv,Petrol,62184.0,319692.0,9.0,1.91,1.4,3.51,1,825.0
775,Volkswagen,2018.0,8.0,Germany,Tiguan,Suv,Petrol,68312.0,521388.0,71.0,1.83,1.81,3.14,4,883.0
776,Ford,2018.0,9.0,Germany,Bronco,Suv,Hybrid,76008.0,306264.0,52.0,1.98,1.89,2.76,2,366.0
777,Audi,2018.0,1.0,UK,TT,Sedan,Electric,73602.0,403893.0,12.0,1.85,1.08,4.81,10,786.0
779,Mercedes-Benz,2019.0,1.0,Brazil,GLE,Suv,Diesel,36240.0,109185.0,7.0,1.15,3.51,10.52,2,448.0
780,BMW,2020.0,12.0,Germany,X1,Suv,Petrol,119078.0,352240.0,101.0,1.8517559963200032,1.3343885211152184,3.245592241247269,10,307.0
782,Mercedes-Benz,2017.0,7.0,France,EQE,Suv,Petrol,44169.0,536967.0,29.0,1.83,1.76,3.47,3,515.0
783,Mercedes-Benz,2016.0,5.0,Japan,GLS,Suv,Diesel,92347.0,261667.0,20.0,1.54,1.05,0.05,8,155.0
784,Toyota,2024.0,12.0,France,Supra,Sedan,Hybrid,82375.0,159653.0,51.0,1.75,1.61,3.7,9,1784.0
785,Audi,2022.0,2.0,UK,Q5,Suv,Electric,92361.0,228078.0,9.0,1.17,5.71,3.52,8,628.0
786,Ford,2022.0,1.0,USA,Explorer,Suv,Electric,28798.0,665737.0,28.0,0.89,2.64,4.65,9,2089.0
787,Porsche,2020.0,9.0,China,Panamera Sport,Sedan,Petrol,115993.0,398227.0,25.0,1.19,6.37,3.67,4,487.0
788,BMW,2021.0,11.0,Brazil,X5,Sedan,Diesel,50896.0,173711.0,299.0,1.2092860632155693,3.704871010043382,10.690276885209352,10,668.0
789,Audi,2021.0,6.0,Australia,Q7,Suv,Hybrid,72118.0,219186.0,13.0,1.68,3.33,4.32,1,306.0
790,Audi,2019.0,10.0,Japan,TT,Sedan,Electric,48368.0,148254.0,42.0,1.48,1.16,-0.11,9,434.0
791,Mercedes-Benz,2019.0,9.0,Canada,GLC,Suv,Diesel,81462.0,224815.0,63.0,1.35,2.27,3.87,4,869.0
792,Ford,2017.0,2.0,India,Bronco,Suv,Hybrid,41605.0,329059.0,16.0,1.15,7.26,6.67,2,487.0
793,Ford,2024.0,12.0,China,Ranger,Suv,Petrol,37611.0,615877.0,83.0,1.11,6.47,3.73,10,2059.0
794,Ford,2024.0,9.0,Canada,Ranger,Suv,Petrol,55783.0,695413.0,78.0,1.33,1.77,3.87,9,2562.0
795,Volkswagen,2017.0,2.0,Mexico,T-Roc,Suv,Diesel,68669.0,274276.0,69.0,1.11,2.22,10.98,1,854.0
796,Porsche,2019.0,4.0,India,Taycan,Suv,Hybrid,70119.0,259747.0,15.0,1.050836054691628,7.046118602745924,6.73,10,208.0
797,Toyota,2018.0,10.0,Australia,Camry,Sedan,Hybrid,48242.0,646258.0,42.0,1.6,2.96,4.53,8,2814.0
798,Toyota,2018.0,3.0,Canada,C-HR,Suv,Petrol,51592.0,591986.0,88.0,1.32,1.86,3.87,6,195.0
799,Tesla,2020.0,11.0,Mexico,Model Y,Suv,Electric,81653.0,66747.0,4.0,1.06,2.24,10.89,1,2361.0
800,Toyota,2023.0,1.0,Australia,Highlander,Suv,Hybrid,24986.0,432706.0,99.0,1.57,2.92,4.43,7,2836.0
802,Volkswagen,2019.0,5.0,Japan,Tiguan,Suv,Hybrid,55915.0,284998.0,70.0,1.57,1.37,0.32,10,1653.0
803,Toyota,2019.0,6.0,India,Land Cruiser,Suv,Petrol,54314.0,678296.0,72.0,1.02,7.41,6.38,8,791.0
804,Ford,2019.0,4.0,China,Mustang Mach-E,Suv,Petrol,65681.0,82231.0,52.0,1.17,6.49,3.69,7,1596.0
805,Toyota,2016.0,9.0,Japan,Prius,Suv,Hybrid,19643.0,402923.0,37.0,1.51,1.26,-0.06,6,1535.0
806,Ford,2023.0,9.0,Spain,Bronco,Suv,Electric,33313.0,762259.0,29.0,1.77,0.88,3.75,3,1711.0
807,BMW,2020.0,11.0,India,X5,Sedan,Diesel,112362.0,380511.0,75.0,1.0881875476204932,7.1451727904094495,6.304619857402995,10,495.0
808,Tesla,2018.0,6.0,Italy,Semi,Suv,Electric,55217.0,247503.0,20.0,1.78,1.23,3.74,10,224.0
809,Toyota,2022.0,2.0,Germany,bZ4X,Suv,Hybrid,80494.0,385396.0,92.0,1.82,2.03,3.14,3,2542.0
810,Tesla,2017.0,12.0,Canada,Model X Plaid,Suv,Electric,84007.0,247406.0,33.0,1.25,1.95,4.13,4,1820.0
811,Toyota,2020.0,5.0,Japan,C-HR,Suv,Electric,50043.0,692347.0,70.0,1.46,0.82,0.08,8,2291.0
812,Porsche,2017.0,4.0,Mexico,911,Sedan,Hybrid,83558.0,221395.0,4.0,1.02,1.55,10.93,3,433.0
813,Toyota,2017.0,10.0,Canada,Supra,Sedan,Petrol,62918.0,499200.0,38.0,1.35,2.25,4.22,10,2454.0
814,Mercedes-Benz,2017.0,6.0,UK,A-Class,Sedan,Hybrid,103763.0,70984.0,17.0,1.94,1.88,5.02,3,643.0
815,Mercedes-Benz,2023.0,5.0,Brazil,CLA,Sedan,Electric,62999.0,123114.0,34.0,1.22,3.13,10.32,7,415.0
816,Mercedes-Benz,2018.0,11.0,India,CLA,Sedan,Diesel,36927.0,277560.0,61.0,1.12,7.09,6.5,1,35.0
817,Ford,2017.0,11.0,Netherlands,Explorer,Suv,Hybrid,36802.0,706591.0,95.0,1.99,1.97,3.53,3,614.0
818,Mercedes-Benz,2016.0,8.0,Italy,GLC,Suv,Petrol,42075.0,69002.0,57.0,1.81,0.71,3.64,5,322.0
819,Volkswagen,2016.0,4.0,Australia,Polo,Sedan,Petrol,70020.0,358667.0,54.0,1.62,3.15,4.15,9,194.0
820,Mercedes-Benz,2017.0,6.0,India,CLA,Sedan,Diesel,89864.0,325878.0,32.0,1.02,6.75,6.75,9,613.0
822,BMW,2018.0,12.0,Canada,X3,Suv,Petrol,66875.0,308470.0,213.0,1.239619526551948,1.956530062444248,4.092504760884445,9,434.0
823,Porsche,2024.0,5.0,UK,GTS,Sedan,Electric,174904.0,259675.0,9.0,1.85,1.44,4.7,1,323.0
824,Toyota,2020.0,9.0,China,Yaris,Sedan,Hybrid,71056.0,351732.0,65.0,1.11,6.06,3.24,9,364.0
825,Porsche,2019.0,4.0,Netherlands,Cayenne Coupe,Suv,Electric,65676.0,354460.0,2.0,2.1,2.4,3.72,9,80.0
826,Toyota,2018.0,4.0,Germany,bZ4X,Suv,Petrol,62540.0,565173.0,40.0,1.82,2.12,2.83,6,1191.0
827,Toyota,2023.0,2.0,India,RAV4,Suv,Electric,63138.0,86092.0,21.0,1.06,6.9,6.68,3,1760.0
828,Ford,2021.0,2.0,Canada,Edge,Suv,Hybrid,68413.0,641172.0,64.0,1.34,2.21,3.74,4,1227.0
829,Mercedes-Benz,2023.0,11.0,Japan,CLA,Sedan,Electric,66100.0,299859.0,45.0,1.4,1.56,0.32,5,671.0
830,Porsche,2020.0,5.0,Italy,Cayenne Coupe,Suv,Hybrid,198420.0,329392.0,25.0,1.9,1.3,3.79,10,470.0
831,Mercedes-Benz,2022.0,12.0,Australia,E-Class,Sedan,Hybrid,53738.0,116977.0,45.0,1.51,3.45,4.39,3,865.0
832,Audi,2022.0,7.0,Italy,A6,Sedan,Hybrid,35263.0,268724.0,24.0,1.95,1.47,3.51,6,783.0
833,Toyota,2017.0,1.0,UK,Land Cruiser,Suv,Electric,30166.0,606130.0,93.0,1.12,7.44,6.38,2,2336.0
834,Audi,2021.0,11.0,UK,Q3,Suv,Electric,101323.0,158820.0,21.0,1.76,1.75,4.83,7,1046.0
835,BMW,2024.0,10.0,UK,X7,Sedan,Electric,118123.0,378634.0,264.0,1.875911539378348,1.2842740929275167,4.780297017799816,9,912.0
836,Toyota,2016.0,6.0,India,bZ4X,Suv,Hybrid,23549.0,69634.0,19.0,0.99,7.2,6.54,5,50.0
838,Ford,2022.0,10.0,UK,Mustang Mach-E,Suv,Electric,94800.0,431085.0,71.0,1.75,1.52,3.5,9,1184.0
839,Audi,2015.0,3.0,China,Q3,Suv,Hybrid,34762.0,303907.0,20.0,1.14,6.25,3.32,7,231.0
840,Audi,2018.0,7.0,Netherlands,Q8,Suv,Electric,107121.0,446016.0,53.0,1.92,2.12,3.71,6,275.0
841,Mercedes-Benz,2022.0,3.0,Canada,A-Class,Sedan,Electric,107131.0,374579.0,9.0,1.35,1.73,4.15,10,1161.0
842,Toyota,2018.0,5.0,Japan,bZ4X,Suv,Hybrid,78464.0,661476.0,82.0,1.59,1.51,0.35,6,1096.0
843,Mercedes-Benz,2024.0,8.0,Japan,E-Class,Sedan,Diesel,81084.0,229155.0,50.0,1.54,1.09,0.32,6,301.0
844,Mercedes-Benz,2015.0,8.0,Spain,E-Class,Sedan,Electric,118951.0,166192.0,49.0,1.66,1.6,3.8,4,386.0
845,Toyota,2023.0,8.0,USA,C-HR,Suv,Hybrid,69863.0,575337.0,22.0,1.02,2.25,4.3,5,1486.0
846,Ford,2022.0,1.0,Germany,Mustang,Sedan,Petrol,82281.0,275966.0,80.0,1.86,1.78,2.98,3,2453.0
847,Volkswagen,2015.0,3.0,UK,ID.3,Suv,Petrol,39280.0,157413.0,18.0,1.85,1.75,4.86,6,2050.0
848,Tesla,2018.0,11.0,China,Model 3,Suv,Electric,129365.0,289596.0,33.0,1.01,5.52,3.7,10,687.0
849,Tesla,2020.0,3.0,USA,Model S,Suv,Electric,94359.0,224551.0,14.0,0.94,2.06,4.56,10,1181.0
850,Mercedes-Benz,2019.0,1.0,Australia,CLA,Sedan,Diesel,41025.0,321650.0,23.0,1.62,3.3,4.03,7,741.0
851,Toyota,2021.0,11.0,Mexico,RAV4,Suv,Hybrid,41583.0,310195.0,30.0,1.1,2.0,11.3,3,2938.0
852,Volkswagen,2020.0,11.0,Canada,Passat,Sedan,Hybrid,25748.0,130334.0,61.0,1.3,1.87,3.81,4,851.0
853,Porsche,2015.0,7.0,Mexico,Cayenne Coupe,Suv,Petrol,76261.0,205790.0,11.0,1.11,2.36,10.82,5,235.0
854,Volkswagen,2019.0,10.0,India,Touareg,Suv,Diesel,22725.0,305908.0,71.0,1.14,7.03,6.62,8,914.0
855,Mercedes-Benz,2017.0,5.0,Germany,GLS,Suv,Diesel,62418.0,255794.0,8.0,1.89,1.34,3.09,5,1286.0
856,Tesla,2018.0,6.0,Canada,Model X,Suv,Electric,106125.0,119704.0,39.0,1.4,2.52,4.1,3,1667.0
857,BMW,2020.0,7.0,China,3 Series,Suv,Diesel,60625.0,492765.0,323.0,1.0397431363068346,6.486886936600517,3.6633468615779945,2,954.0
858,Porsche,2023.0,7.0,Italy,Cayenne,Suv,Petrol,72403.0,312009.0,18.0,1.77,1.09,3.57,6,273.0
859,Audi,2015.0,5.0,USA,Q7,Suv,Hybrid,72118.0,362544.0,8.0,0.97,2.505,4.35,5,529.0
860,Volkswagen,2023.0,7.0,USA,Passat,Sedan,Petrol,23131.0,357728.0,42.0,1.01,2.96,4.47,2,1036.0
861,Audi,2020.0,2.0,France,A3,Sedan,Diesel,69346.0,132795.0,34.0,1.74,1.16,3.72,2,802.0
862,Porsche,2023.0,3.0,Germany,Taycan,Suv,Petrol,97192.0,226294.0,24.0,2.0,1.71,3.18,7,427.0
863,Audi,2016.0,7.0,Germany,TT,Sedan,Electric,76815.0,152804.0,27.0,1.97,2.2,2.86,8,611.0
864,Volkswagen,2024.0,6.0,Netherlands,Passat,Sedan,Diesel,67218.0,450825.0,60.0,2.06,1.83,3.51,3,1068.0
865,Toyota,2019.0,6.0,Germany,Highlander,Suv,Electric,78739.0,79871.0,63.0,1.86,2.28,3.18,4,198.0
866,Tesla,2019.0,7.0,Spain,Model X Plaid,Suv,Electric,83941.0,260916.0,36.0,1.77,0.82,3.26,4,1300.0
867,Mercedes-Benz,2020.0,9.0,Italy,CLA,Sedan,Diesel,83938.0,169616.0,32.0,1.86,1.09,3.26,9,1040.0
868,Porsche,2021.0,3.0,China,Panamera,Sedan,Hybrid,182566.0,83583.0,21.0,1.13,6.07,3.64,9,385.0
869,BMW,2023.0,6.0,Japan,5 Series,Suv,Hybrid,63060.0,176683.0,86.0,1.5605171359159626,0.8080257541306913,0.0033163896032509,2,256.0
870,Volkswagen,2020.0,11.0,Netherlands,Golf,Sedan,Petrol,23268.0,162478.0,20.0,1.97,2.22,3.68,3,57.0
871,Porsche,2022.0,3.0,France,Macan,Suv,Hybrid,196771.0,346033.0,6.0,1.89,1.52,3.8,9,262.0
872,Mercedes-Benz,2023.0,6.0,Spain,GLC,Suv,Diesel,63054.0,569246.0,15.0,1.71,1.47,3.35,3,868.0
873,Porsche,2016.0,2.0,Mexico,GTS,Sedan,Electric,193549.0,264859.0,13.0,1.17,1.7,11.1,1,125.0
874,Audi,2015.0,2.0,India,A6,Sedan,Electric,52723.0,306326.0,41.0,1.01,7.38,6.47,9,575.0
875,Volkswagen,2021.0,11.0,Mexico,Touareg,Suv,Electric,61710.0,368114.0,87.0,1.11,1.92,11.25,8,1186.0
876,Tesla,2017.0,4.0,USA,Model S Plaid,Suv,Electric,45967.0,282030.0,15.0,1.03,2.65,4.73,6,2355.0
877,Volkswagen,2015.0,5.0,China,Golf,Sedan,Electric,47060.0,322035.5,76.0,1.14,5.62,3.77,4,756.0
878,Mercedes-Benz,2021.0,10.0,Brazil,GLC,Suv,Electric,121171.0,404482.0,51.0,1.27,3.96,10.69,1,491.0
879,Porsche,2015.0,7.0,Australia,911,Sedan,Hybrid,167177.0,347339.0,16.0,1.67,2.8,4.46,10,265.0
880,Audi,2022.0,6.0,Netherlands,Q5,Suv,Diesel,111173.0,491660.0,34.0,2.03,2.47,3.67,4,782.0
881,Tesla,2016.0,9.0,UK,Cybertruck,Suv,Electric,120642.0,189910.0,17.0,1.85,1.4,5.2,3,1569.0
882,Toyota,2023.0,7.0,China,Camry,Sedan,Petrol,38269.0,103521.0,52.0,1.05,5.55,3.44,8,1790.0
883,Tesla,2020.0,12.0,Mexico,Model S,Suv,Electric,73915.0,251507.0,36.0,1.03,2.23,10.93,5,1244.0
884,Audi,2020.0,8.0,Japan,Q3,Suv,Electric,70145.0,147346.0,38.0,1.5,0.8,-0.08,4,609.0
885,Volkswagen,2019.0,10.0,Japan,ID.3,Suv,Electric,25437.0,310013.0,75.0,1.6,1.61,-0.06,7,2064.0
886,Mercedes-Benz,2022.0,10.0,France,GLE,Suv,Diesel,40055.0,486670.0,18.0,1.85,1.9,3.54,8,886.0
887,BMW,2020.0,1.0,India,i4,Suv,Electric,111276.0,291422.0,231.0,1.0466814871946293,6.962675605065393,6.788592426897611,4,789.0
889,BMW,2017.0,11.0,UK,X7,Sedan,Electric,66973.0,131515.0,332.0,1.9028745324443472,1.098395649713397,5.096181631820803,7,737.0
890,Tesla,2021.0,3.0,USA,Model X,Suv,Electric,62039.0,167625.0,4.0,1.03,2.565,4.43,1,1343.0
891,Porsche,2018.0,7.0,Spain,Macan EV,Suv,Petrol,166294.0,195619.0,20.0,1.82,1.09,3.45,6,41.0
892,Tesla,2021.0,4.0,India,Model 3,Suv,Electric,125297.0,230695.0,7.0,1.08,6.71,6.67,7,142.0
893,Toyota,2020.0,8.0,Spain,Prius,Suv,Electric,28975.0,311277.0,81.0,1.78,1.5,3.24,5,2674.0
894,Audi,2017.0,12.0,Germany,e-tron,Suv,Electric,59063.0,121111.0,30.0,1.8,1.41,2.95,9,900.0
895,Audi,2017.0,11.0,India,A4,Sedan,Petrol,63120.0,120877.0,54.0,1.1,6.5,6.66,9,905.0
896,Audi,2016.0,3.0,Italy,Q7,Suv,Hybrid,105836.0,399698.0,52.0,1.94,1.47,3.58,7,856.0
897,Tesla,2015.0,7.0,Germany,Model X,Suv,Electric,84892.0,84653.0,9.0,1.91,1.37,2.74,7,1387.0
899,Ford,2024.0,9.0,Germany,F-150 Lightning,Suv,Hybrid,52984.0,101156.0,22.0,1.88,1.6,3.3,5,930.0
900,Ford,2019.0,5.0,USA,Edge,Suv,Hybrid,26430.0,738966.0,112.0,0.92,2.12,4.66,8,1496.0
901,Mercedes-Benz,2024.0,9.0,China,GLS,Suv,Petrol,92781.0,360714.0,29.0,1.14,6.04,3.62,4,569.0
902,Porsche,2022.0,8.0,Mexico,911,Sedan,Electric,141778.0,325036.0,20.0,1.01,2.45,10.95,6,478.0
903,Mercedes-Benz,2017.0,2.0,USA,CLA,Sedan,Hybrid,37421.0,570824.0,55.0,0.9,2.08,4.3,5,399.0
904,Ford,2020.0,3.0,Germany,Bronco,Suv,Electric,82126.0,357550.0,98.0,1.82,1.43,3.15,8,186.0
905,Audi,2017.0,12.0,USA,e-tron,Suv,Electric,107155.0,73262.0,15.0,0.91,2.62,4.52,7,383.0
906,Porsche,2023.0,8.0,Japan,Macan,Suv,Hybrid,186517.0,129782.0,15.0,1.48,1.58,0.36,4,85.0
908,Porsche,2021.0,7.0,Netherlands,Macan EV,Suv,Hybrid,161661.0,386519.0,13.0,1.9,1.81,3.62,6,360.0
909,Audi,2019.0,7.0,China,A6,Sedan,Petrol,80439.0,76082.0,56.0,1.03,5.84,3.29,2,852.0
910,Mercedes-Benz,2023.0,4.0,Australia,EQE,Suv,Diesel,92472.0,144890.0,62.0,1.55,2.57,4.33,1,683.0
911,Ford,2021.0,12.0,Australia,Explorer,Suv,Hybrid,68928.0,667133.0,90.0,1.68,3.07,3.97,3,1909.0
912,Porsche,2016.0,10.0,Mexico,Cayenne Coupe,Suv,Petrol,67468.0,156101.0,21.0,1.04,2.31,10.72,10,139.0
913,Ford,2020.0,7.0,Italy,Explorer,Suv,Petrol,78158.0,327961.0,110.0,1.85,0.5,3.62,4,2099.0
914,BMW,2023.0,6.0,Australia,3 Series,Suv,Hybrid,92608.0,460616.0,114.0,1.5305718278368663,2.7372267917359947,4.011069483572243,5,551.0
915,BMW,2024.0,3.0,Canada,iX,Sedan,Electric,113282.0,363732.0,393.0,1.2011011598320842,1.906992578438427,4.009943577067587,1,1129.0
917,Volkswagen,2022.0,6.0,Australia,Polo,Sedan,Electric,79781.0,133612.0,52.0,1.54,2.95,4.05,2,627.0
918,Volkswagen,2024.0,5.0,Australia,Golf,Sedan,Petrol,64254.0,152296.0,68.0,1.56,3.27,4.47,10,1794.0
919,BMW,2017.0,6.0,China,7 Series,Sedan,Diesel,61655.0,246314.0,310.0,1.195796223034962,5.726028997816,3.5842856253055064,8,1066.0
920,Tesla,2015.0,9.0,UK,Semi,Suv,Electric,39283.0,169144.0,16.0,1.59,1.22,0.19,10,778.0
921,Volkswagen,2016.0,3.0,UK,Polo,Sedan,Electric,40344.0,299836.0,37.0,1.88,1.41,5.16,6,2011.0
922,Ford,2019.0,8.0,Germany,Explorer,Suv,Petrol,77825.0,449605.0,96.0,1.82,2.1,2.89,1,1203.0
923,Porsche,2015.0,10.0,France,Cayenne,Suv,Hybrid,66871.0,86598.0,28.0,1.79,1.55,3.77,9,129.0
924,Volkswagen,2020.0,9.0,India,Tiguan,Suv,Petrol,67916.0,362245.0,44.0,0.98,6.54,6.27,7,1867.0
925,Porsche,2017.0,12.0,China,Cayenne,Suv,Electric,141558.0,87541.0,26.0,1.18,6.035,3.36,9,178.0
926,Mercedes-Benz,2024.0,10.0,Canada,S-Class,Sedan,Petrol,125044.0,192839.0,36.0,1.24,2.4,3.74,10,637.0
928,Porsche,2021.0,12.0,Brazil,718,Sedan,Petrol,106295.0,267940.0,20.0,1.23,3.4,10.8,8,16.0
929,Mercedes-Benz,2019.0,6.0,Canada,E-Class,Sedan,Hybrid,90565.0,68771.0,48.0,1.27,2.37,4.03,2,434.0
930,Volkswagen,2016.0,9.0,France,Passat,Sedan,Electric,20800.0,363323.0,60.0,1.85,1.17,3.2,10,2215.0
931,BMW,2019.0,12.0,Canada,X1,Suv,Petrol,71547.0,281226.0,380.0,1.3341464623811667,1.960286857566003,4.244317018423498,5,1087.0
932,Porsche,2018.0,9.0,Germany,Cayenne Coupe,Suv,Petrol,141583.0,250256.0,27.0,1.92,1.72,2.73,3,250.0
933,Audi,2015.0,1.0,Canada,A6,Sedan,Diesel,101764.0,306326.0,12.0,1.32,2.04,3.73,6,419.0
934,Audi,2017.0,5.0,USA,RS6,Sedan,Petrol,112999.0,519845.0,18.0,1.05,2.18,4.68,8,620.0
935,BMW,2021.0,6.0,Canada,X7,Sedan,Hybrid,35215.0,310464.0,114.0,1.2315909645670695,2.6150900684070435,4.019817320347684,9,288.0
936,Tesla,2021.0,6.0,France,Model X,Suv,Electric,85087.0,238722.0,2.0,1.77,2.05,3.5,5,1828.0
937,Audi,2021.0,1.0,USA,RS6,Sedan,Electric,45812.0,199724.0,12.0,0.93,2.06,4.25,2,954.0
938,Porsche,2021.0,3.0,France,Cayenne Coupe,Suv,Electric,167826.0,192512.0,19.0,1.81,2.07,3.74,6,171.0
939,Tesla,2016.0,8.0,Canada,Model Y,Suv,Electric,73316.0,144165.0,7.0,1.24,2.43,3.83,6,998.0
940,BMW,2017.0,2.0,UK,X5,Sedan,Diesel,50689.0,288765.0,39.0,1.8815690609206075,1.651232977041492,4.763955818184795,6,406.0
941,Mercedes-Benz,2022.0,1.0,Germany,S-Class,Sedan,Diesel,74743.0,149369.0,47.0,1.84,1.94,2.82,7,705.0
942,Tesla,2017.0,7.0,Brazil,Model X,Suv,Electric,89884.0,23473.0,28.0,1.29,3.83,10.49,8,1831.0
943,Mercedes-Benz,2017.0,3.0,Australia,CLA,Sedan,Diesel,103040.0,81754.0,29.0,1.63,3.08,4.51,2,680.0
945,BMW,2024.0,2.0,France,X5,Sedan,Electric,84630.0,448167.0,308.0,1.749742854517526,1.6277011090863,3.4585325141970835,9,862.0
946,Volkswagen,2016.0,3.0,Mexico,Polo,Sedan,Hybrid,79658.0,282520.0,47.0,1.16,1.69,11.24,5,1899.0
948,Porsche,2024.0,5.0,Brazil,911,Sedan,Electric,139310.0,202288.0,19.0,1.12,3.39,10.78,6,162.0
949,Audi,2023.0,10.0,Spain,TT,Sedan,Hybrid,108598.0,313778.0,42.0,1.7,1.07,3.78,5,148.0
950,Porsche,2015.0,12.0,USA,Cayenne,Suv,Hybrid,178713.0,287797.0,6.0,0.89,2.87,4.24,2,281.0
951,Mercedes-Benz,2022.0,6.0,Brazil,EQS,Suv,Hybrid,61192.0,220646.0,22.0,1.24,3.23,10.2,10,948.0
952,Mercedes-Benz,2018.0,8.0,UK,GLC,Suv,Electric,65369.0,230893.0,51.0,1.6,2.51,4.43,5,86.0
953,Audi,2017.0,3.0,China,e-tron,Suv,Hybrid,37512.0,328154.0,9.0,1.14,5.67,3.54,5,44.0
954,BMW,2016.0,6.0,China,5 Series,Suv,Electric,69493.0,211323.0,311.0,1.0057565352626678,5.903482866212397,3.2804091370703845,4,967.0
955,Toyota,2022.0,6.0,Brazil,bZ4X,Suv,Hybrid,22769.0,341928.0,76.0,1.18,3.27,10.34,5,515.0
956,Volkswagen,2022.0,5.0,Spain,Arteon,Sedan,Electric,56091.0,262144.0,31.0,1.83,1.02,3.59,10,504.0
957,Tesla,2024.0,8.0,USA,Model S Plaid,Suv,Electric,50395.0,78590.0,27.0,1.04,2.76,4.64,2,1454.0
958,BMW,2019.0,2.0,Canada,5 Series,Suv,Electric,114436.0,354169.0,309.0,1.2044247103057997,2.458263195929023,3.714752149875281,1,730.0
959,Porsche,2023.0,8.0,USA,GTS,Sedan,Hybrid,104637.0,108710.0,3.0,1.01,2.35,4.53,3,222.0
960,Audi,2018.0,5.0,Australia,RS6,Sedan,Electric,51436.0,238777.0,11.0,1.62,2.96,4.55,3,615.0
961,Volkswagen,2015.0,8.0,Italy,ID.3,Suv,Electric,31655.0,102293.0,76.0,1.88,0.65,3.62,8,2298.0
962,Mercedes-Benz,2018.0,10.0,France,GLE,Suv,Electric,105386.0,386490.0,46.0,1.7,1.41,3.58,3,43.0
963,Porsche,2020.0,1.0,Netherlands,911,Sedan,Petrol,191301.0,333948.0,26.0,1.92,1.92,3.39,7,105.0
964,Porsche,2024.0,7.0,Brazil,Macan EV,Suv,Petrol,85275.0,231922.0,13.0,1.29,3.83,10.6,6,187.0
965,Toyota,2016.0,7.0,Brazil,Yaris,Sedan,Hybrid,38174.0,309308.0,13.0,1.14,3.78,10.56,8,749.0
967,Mercedes-Benz,2020.0,2.0,UK,GLC,Suv,Petrol,74627.0,100443.0,11.0,1.85,1.24,4.82,6,1091.0
968,Porsche,2018.0,1.0,China,GTS,Sedan,Electric,87733.0,309158.0,21.0,1.09,5.89,3.72,7,498.0
969,Volkswagen,2018.0,6.0,Netherlands,Tiguan,Suv,Petrol,55935.0,60241.0,82.0,2.0,2.06,3.25,5,2547.0
970,Tesla,2015.0,7.0,Australia,Model S Plaid,Suv,Electric,62606.0,206716.0,24.0,1.57,3.38,4.36,10,442.0
971,Porsche,2024.0,5.0,Spain,Macan EV,Suv,Hybrid,114145.0,279705.0,20.0,1.83,1.01,3.5,5,294.0
972,Audi,2016.0,7.0,Germany,A4,Sedan,Hybrid,102478.0,171642.0,54.0,1.87,2.26,3.2,9,1146.0
973,Audi,2017.0,1.0,India,A6,Sedan,Hybrid,34903.0,184228.0,19.0,0.98,7.15,6.25,5,1092.0
974,BMW,2015.0,8.0,USA,3 Series,Suv,Petrol,87982.0,449594.0,178.0,1.034758076844259,2.607905214090704,4.385623630717669,2,495.0
975,Volkswagen,2018.0,3.0,France,Passat,Sedan,Hybrid,40745.0,323502.0,25.0,1.76,1.34,3.24,3,482.0
976,Ford,2015.0,4.0,Japan,Mustang Mach-E,Suv,Electric,29682.0,518760.0,98.0,1.51,1.4,0.12,5,2661.0
977,Mercedes-Benz,2018.0,6.0,Mexico,GLE,Suv,Hybrid,49253.0,227566.0,35.0,1.03,2.24,11.09,3,1039.0
978,Volkswagen,2021.0,2.0,Canada,Arteon,Sedan,Petrol,21447.0,238367.0,47.0,1.39,2.21,3.79,3,1819.0
979,Volkswagen,2016.0,3.0,France,Arteon,Sedan,Electric,64004.0,493444.0,29.0,1.8,1.87,3.71,4,2097.0
980,Tesla,2017.0,3.0,UK,Model S Plaid,Suv,Electric,124252.0,201391.0,1.0,1.95,1.91,5.09,4,685.0
981,Mercedes-Benz,2018.0,5.0,India,E-Class,Sedan,Petrol,93493.0,410192.0,21.0,1.09,7.47,6.35,2,39.0
982,Volkswagen,2017.0,6.0,Italy,Taos,Suv,Diesel,25147.0,254825.0,82.0,1.79,0.82,3.59,3,1288.0
983,Toyota,2017.0,3.0,China,Yaris,Sedan,Hybrid,65756.0,358178.0,76.0,1.05,5.62,3.63,7,2885.0
984,Volkswagen,2021.0,3.0,Canada,Touareg,Suv,Hybrid,23761.0,95167.0,59.0,1.34,1.89,4.22,4,1780.0
985,Volkswagen,2018.0,8.0,Japan,ID.3,Suv,Petrol,38074.0,562402.0,25.0,1.6,0.73,0.13,6,2577.0
986,Tesla,2015.0,11.0,USA,Model X Plaid,Suv,Electric,48429.0,266407.0,19.0,0.98,2.41,4.42,2,1113.0
987,Audi,2020.0,5.0,UK,A6,Sedan,Electric,52136.0,319765.0,40.0,1.84,1.86,5.22,7,548.0
988,Ford,2015.0,1.0,France,Mustang Mach-E,Suv,Petrol,58104.0,750547.0,10.0,1.77,1.89,3.24,3,2250.0
989,BMW,2017.0,12.0,China,X5,Sedan,Electric,49271.0,488744.0,356.0,1.1405081003069617,6.261037790250783,3.770463624638803,3,967.0
990,Audi,2021.0,4.0,Australia,Q7,Suv,Petrol,39248.0,513410.0,28.0,1.54,3.13,4.35,8,447.0
991,Toyota,2019.0,5.0,Spain,Supra,Sedan,Electric,59020.0,466513.0,60.0,1.75,1.35,3.27,4,2367.0
992,Ford,2016.0,8.0,Canada,Explorer,Suv,Electric,78958.0,101024.0,58.0,1.22,2.62,4.28,2,178.0
993,Ford,2018.0,2.0,India,Explorer,Suv,Petrol,77143.0,336694.0,99.0,1.06,6.71,6.67,7,894.0
994,Ford,2022.0,1.0,Italy,F-150,Suv,Petrol,71001.0,676919.0,90.0,1.76,1.22,3.56,10,2401.0
995,Toyota,2016.0,3.0,Canada,Land Cruiser,Suv,Electric,81964.0,182225.0,68.0,1.33,2.65,4.06,5,446.0
996,Toyota,2024.0,12.0,China,RAV4,Suv,Electric,74218.0,184395.0,88.0,1.06,6.28,3.57,9,206.0
997,BMW,2022.0,4.0,India,X7,Sedan,Electric,47861.0,140925.0,125.0,1.0550000000000002,6.957699605159294,6.325329634403098,1,669.0
998,Audi,2015.0,10.0,Spain,Q8,Suv,Petrol,65400.0,288595.0,42.0,1.84,1.07,3.41,5,1053.0
999,Audi,2019.0,8.0,China,A6,Sedan,Hybrid,52206.0,544182.0,55.0,1.14,6.2,3.68,4,683.0
1000,BMW,2018.0,6.0,France,7 Series,Sedan,Petrol,87248.0,183851.0,33.0,1.789482473364691,1.632113485265316,3.264303206803865,1,477.0
1001,Ford,2015.0,1.0,Japan,F-150 Lightning,Suv,Hybrid,68133.0,493138.0,51.0,1.41,1.24,0.13,7,2545.0
1002,Mercedes-Benz,2017.0,1.0,Japan,E-Class,Sedan,Hybrid,54995.0,563004.0,59.0,1.53,0.72,-0.0,7,1020.0
1003,Volkswagen,2016.0,7.0,Canada,T-Roc,Suv,Diesel,50500.0,487329.0,70.0,1.39,2.02,4.1,6,961.0
1004,Volkswagen,2016.0,12.0,China,Passat,Sedan,Petrol,62321.0,315578.0,68.0,1.15,5.98,3.78,1,1890.0
1005,Tesla,2015.0,2.0,India,Model S,Suv,Electric,82770.0,226331.0,19.0,1.15,6.97,6.71,8,921.0
1006,Tesla,2021.0,1.0,Japan,Cybertruck,Suv,Electric,79735.0,290704.0,19.0,1.54,1.07,0.18,3,1614.0
1007,Ford,2020.0,1.0,Japan,Edge,Suv,Hybrid,66814.0,224827.0,118.0,1.58,1.32,-0.05,9,316.0
1008,Volkswagen,2022.0,6.0,Australia,Tiguan,Suv,Hybrid,46852.0,342072.0,42.0,1.66,2.87,3.99,6,44.0
1009,Audi,2024.0,5.0,China,A4,Sedan,Hybrid,86865.0,382413.0,49.0,1.14,5.95,3.57,1,906.0
1010,Ford,2017.0,10.0,Netherlands,Mustang Mach-E,Suv,Petrol,67330.0,792711.0,37.0,1.92,2.56,3.38,2,2737.0
1011,Porsche,2023.0,2.0,USA,GTS,Sedan,Petrol,111846.0,216152.0,13.0,0.97,2.01,4.61,6,380.0
1012,Volkswagen,2017.0,8.0,UK,Tiguan,Suv,Hybrid,72998.0,94418.0,63.0,1.75,1.75,5.08,7,285.0
1013,Mercedes-Benz,2022.0,6.0,USA,CLA,Sedan,Diesel,55404.0,493033.0,56.0,0.91,2.42,4.79,4,638.0
1014,BMW,2023.0,11.0,USA,X7,Sedan,Electric,105456.0,261027.0,397.0,0.9944827283131992,2.19583308413427,4.284481769335605,4,402.0
1015,BMW,2022.0,10.0,Canada,X3,Suv,Diesel,52883.0,414633.0,334.0,1.3368466053024315,2.26,3.75860326840383,8,712.0
1016,Volkswagen,2020.0,4.0,Netherlands,Passat,Sedan,Diesel,53171.0,275895.0,54.0,2.09,1.88,3.75,3,1827.0
1017,Tesla,2016.0,6.0,Netherlands,Semi,Suv,Electric,122936.0,137611.0,33.0,1.91,1.71,3.29,4,1254.0
1018,BMW,2020.0,1.0,UK,i4,Suv,Hybrid,51576.0,262909.0,368.0,1.900792380719357,1.2922182304618977,5.246462096986349,10,1073.0
1019,BMW,2015.0,9.0,UK,X7,Sedan,Diesel,75581.0,221635.0,295.0,1.7921324378011334,1.5923503285933622,5.247418007370015,2,848.0
1020,Mercedes-Benz,2017.0,1.0,UK,EQS,Suv,Hybrid,56491.0,152723.0,36.0,1.88,1.63,4.77,9,391.0
1021,BMW,2022.0,1.0,China,3 Series,Suv,Electric,96607.0,184479.0,220.0,1.158628574799348,6.343649664051823,3.7887155174984697,1,579.0
1022,Tesla,2023.0,10.0,Australia,Model S,Suv,Electric,112520.0,210277.0,5.0,1.66,3.2,4.0,1,1237.0
1023,BMW,2021.0,5.0,France,X3,Suv,Diesel,81121.0,431923.0,73.0,1.861624075912884,1.2612212872540045,3.757818591405544,4,368.0
1024,Ford,2015.0,2.0,Spain,Mustang Mach-E,Suv,Hybrid,66973.0,291563.0,100.0,1.8,1.09,3.46,5,821.0
1025,Toyota,2022.0,10.0,India,Supra,Sedan,Petrol,59768.0,581987.0,83.0,1.1,7.46,6.21,3,1045.0
1026,BMW,2016.0,5.0,UK,i4,Suv,Diesel,102684.0,76505.0,30.0,1.8768727377743373,1.926194068431782,4.837206067762165,2,336.0
1028,Audi,2019.0,3.0,France,Q3,Suv,Diesel,114302.0,541691.0,38.0,1.8,1.59,3.61,9,541.0
1029,Mercedes-Benz,2020.0,11.0,Mexico,C-Class,Sedan,Hybrid,36860.0,382748.0,57.0,1.0750000000000002,1.95,10.98,2,1160.0
1030,Mercedes-Benz,2024.0,4.0,USA,EQS,Suv,Hybrid,77540.5,380304.0,16.0,0.94,2.35,4.48,1,462.0
1031,BMW,2018.0,8.0,UK,X7,Sedan,Diesel,108779.0,188266.0,194.0,1.9158789329717687,1.7266709920703232,4.88285065723168,2,827.0
1032,BMW,2024.0,8.0,France,X1,Suv,Electric,74867.0,417508.0,244.0,1.898827872244233,1.433001913058198,3.601692173118914,6,951.0
1033,Audi,2023.0,9.0,USA,TT,Sedan,Petrol,91202.0,320072.0,4.0,1.03,2.92,4.76,4,315.0
1034,Mercedes-Benz,2018.0,2.0,Italy,GLC,Suv,Petrol,80854.0,81637.0,64.0,1.81,0.65,3.6,7,510.0
1035,Porsche,2022.0,12.0,Netherlands,718,Sedan,Hybrid,185699.0,225823.0,3.0,1.98,2.03,3.34,4,104.0
1036,Tesla,2021.0,4.0,Netherlands,Cybertruck,Suv,Electric,100944.0,274567.0,6.0,1.96,1.85,3.35,5,465.0
1037,Mercedes-Benz,2021.0,9.0,Japan,EQS,Suv,Diesel,80824.0,517262.0,41.0,1.5,1.69,-0.06,2,892.0
1038,Toyota,2019.0,1.0,UK,Highlander,Suv,Electric,64919.0,359303.0,72.0,1.19,3.2,10.4,7,2567.0
1039,Ford,2020.0,1.0,Japan,Mustang,Sedan,Hybrid,29029.0,733693.0,79.0,1.42,1.55,0.24,3,2693.0
1040,Porsche,2023.0,6.0,Australia,GTS,Sedan,Petrol,130498.0,110324.0,22.0,1.5811840914147268,2.78,4.01,6,34.0
1041,Audi,2022.0,11.0,UK,RS6,Sedan,Diesel,70904.0,260773.0,46.0,1.83,1.55,4.73,4,663.0
1042,Mercedes-Benz,2020.0,3.0,Spain,GLC,Suv,Electric,128748.0,363021.0,46.0,1.71,0.89,3.79,3,436.0
1043,Porsche,2023.0,11.0,Australia,GTS,Sedan,Electric,146002.0,273238.0,12.0,1.57,2.98,3.96,4,469.0
1044,Ford,2021.0,9.0,Australia,Explorer,Suv,Electric,52395.0,144942.0,14.0,1.66,3.39,4.04,6,1357.0
1045,Ford,2024.0,8.0,Netherlands,F-150 Lightning,Suv,Hybrid,78283.0,555043.0,87.0,1.9,2.27,3.61,5,645.0
1047,Porsche,2015.0,6.0,Australia,Macan EV,Suv,Petrol,67351.0,329101.0,5.0,1.54,3.14,4.47,3,14.0
1048,Porsche,2021.0,11.0,UK,911,Sedan,Hybrid,172416.0,179128.0,2.0,1.83,1.11,5.23,8,45.0
1049,Volkswagen,2016.0,8.0,Japan,Passat,Sedan,Petrol,49274.0,201300.0,49.0,1.45,1.37,-0.19,4,455.0
1050,Toyota,2021.0,9.0,Japan,Corolla,Sedan,Petrol,50556.0,157239.0,57.0,1.57,1.2,-0.12,6,178.0
1051,Audi,2020.0,2.0,Mexico,Q5,Suv,Hybrid,77453.0,360157.0,14.0,1.13,2.37,11.15,9,227.0
1052,Ford,2017.0,12.0,Spain,Mustang Mach-E,Suv,Electric,22704.0,290726.0,116.0,1.67,0.85,3.5,2,3534.0
1053,Porsche,2015.0,1.0,India,718,Sedan,Petrol,106260.0,377998.0,19.0,1.13,7.06,6.47,8,220.0
1054,Tesla,2023.0,7.0,Mexico,Model S,Suv,Electric,60246.0,185925.0,36.0,1.17,1.5,10.89,1,2377.0
1055,Volkswagen,2019.0,5.0,Germany,Taos,Suv,Electric,25164.0,351949.0,17.0,1.91,2.08,2.94,5,87.0
1056,Volkswagen,2016.0,3.0,China,Passat,Sedan,Electric,29644.0,429490.0,8.0,1.16,6.05,3.36,3,1999.0
1057,Mercedes-Benz,2015.0,7.0,Germany,S-Class,Sedan,Diesel,80705.0,152766.0,21.0,1.83,1.5,3.28,5,223.0
1059,Audi,2016.0,1.0,Spain,Q7,Suv,Hybrid,42550.0,305554.0,32.0,1.79,1.37,3.21,8,626.0
1060,Volkswagen,2021.0,5.0,Canada,Taos,Suv,Diesel,61620.0,302080.0,29.0,1.36,1.97,4.07,8,1220.0
1061,Tesla,2024.0,3.0,France,Semi,Suv,Electric,64061.0,90794.0,32.0,1.72,1.68,3.58,8,1804.0
1063,Mercedes-Benz,2024.0,6.0,Germany,EQE,Suv,Petrol,111476.0,481595.0,17.0,1.83,2.1,2.91,1,936.0
1064,Tesla,2021.0,10.0,India,Semi,Suv,Electric,111014.0,290882.0,20.0,0.96,7.18,6.65,7,443.0
1065,Volkswagen,2017.0,8.0,UK,Touareg,Suv,Hybrid,27044.0,563107.0,71.0,1.83,1.08,4.71,10,1118.0
1066,Mercedes-Benz,2023.0,8.0,Japan,GLE,Suv,Hybrid,33380.0,599708.0,53.0,1.43,1.21,-0.02,8,1027.0
1067,Ford,2020.0,10.0,USA,Edge,Suv,Hybrid,60067.0,653031.0,65.0,0.96,2.61,4.22,9,2461.0
1068,Ford,2020.0,4.0,Japan,F-150,Suv,Electric,33047.0,594710.0,31.0,1.6,1.07,0.35,7,3545.0
1069,Ford,2017.0,1.0,Brazil,F-150,Suv,Electric,76010.0,92038.0,44.0,1.11,3.97,10.39,1,596.0
1070,Toyota,2018.0,3.0,Mexico,Yaris,Sedan,Petrol,79591.0,149686.0,91.0,1.19,1.53,11.08,1,1825.0
1071,Tesla,2016.0,12.0,Netherlands,Model 3,Suv,Electric,93052.0,276685.0,14.0,2.03,2.25,3.6,9,1746.0
1072,Toyota,2019.0,12.0,Netherlands,Supra,Sedan,Petrol,42083.0,267049.0,78.0,1.96,1.64,3.73,6,1773.0
1073,Tesla,2021.0,5.0,Italy,Model 3,Suv,Electric,60186.0,284194.0,19.0,1.88,0.51,3.23,8,1063.0
1074,Toyota,2015.0,2.0,Australia,bZ4X,Suv,Petrol,30991.0,169395.0,91.0,1.61,2.55,4.31,7,2796.0
1075,Porsche,2020.0,2.0,Brazil,Macan,Suv,Hybrid,78064.0,377253.0,11.0,1.2,3.528699811061338,10.51,8,354.0
1076,Tesla,2024.0,12.0,China,Model 3,Suv,Electric,115506.0,93275.0,25.0,1.06,6.12,3.3,8,1488.0
1078,Ford,2023.0,4.0,India,Escape,Suv,Petrol,36044.0,761502.0,68.0,1.13,7.15,6.38,9,2850.0
1079,Toyota,2024.0,10.0,Spain,Yaris,Sedan,Petrol,45545.0,407784.0,42.0,1.76,1.05,3.33,4,628.0
1080,Mercedes-Benz,2021.0,11.0,Germany,S-Class,Sedan,Petrol,49563.0,182492.0,39.0,1.93,1.81,2.8,10,562.0
1081,Ford,2015.0,5.0,France,Edge,Suv,Electric,76175.0,441943.0,99.0,1.73,1.29,3.44,9,3023.0
1082,Porsche,2023.0,7.0,Italy,Cayenne,Suv,Petrol,74545.0,323941.0,24.0,1.8,1.08,3.5,2,418.0
1083,Porsche,2020.0,9.0,China,GTS,Sedan,Hybrid,174593.0,174520.0,28.0,1.07,5.85,3.45,10,289.0
1084,Tesla,2018.0,8.0,UK,Model 3,Suv,Electric,57411.0,168138.0,17.0,1.88,1.14,4.92,5,1404.0
1085,Audi,2021.0,10.0,China,Q5,Suv,Petrol,82074.0,155561.0,53.0,1.2,6.49,3.72,4,1099.0
1086,Tesla,2023.0,1.0,Spain,Model Y,Suv,Electric,123894.0,71697.0,15.0,1.73,1.04,3.8,10,844.0
1087,Toyota,2023.0,10.0,India,Highlander,Suv,Hybrid,49849.5,479155.0,31.0,1.04,7.03,6.36,6,1814.0
1089,Audi,2018.0,7.0,Canada,Q7,Suv,Electric,113871.0,273545.0,31.0,1.2,2.24,4.01,3,634.0
1090,Volkswagen,2022.0,6.0,UK,Polo,Sedan,Diesel,39132.0,511005.0,45.0,1.21,3.66,10.44,2,1144.0
1091,Toyota,2019.0,4.0,UK,Prius,Suv,Hybrid,24239.0,232914.0,14.0,1.86,1.04,4.88,5,2355.0
1092,Ford,2022.0,8.0,Japan,Edge,Suv,Petrol,73883.0,106916.0,82.0,1.54,1.53,-0.18,10,3227.0
1093,Ford,2017.0,2.0,France,Bronco,Suv,Electric,34650.0,433346.0,84.0,1.87,1.23,3.68,1,1306.0
1094,Audi,2023.0,8.0,Netherlands,A3,Sedan,Diesel,44190.0,231747.0,50.0,1.98,1.75,3.28,7,62.0
1095,Audi,2019.0,10.0,Spain,Q7,Suv,Diesel,74743.0,119713.0,15.0,1.84,1.19,3.7,3,793.0
1096,Volkswagen,2023.0,7.0,Australia,Arteon,Sedan,Hybrid,22485.0,427376.0,74.0,1.56,2.7,4.33,10,400.0
1097,Tesla,2017.0,9.0,Australia,Semi,Suv,Electric,110855.0,242060.0,4.0,1.54,2.71,3.97,4,2061.0
1098,BMW,2021.0,9.0,Australia,i7,Sedan,Hybrid,84036.0,416378.0,284.0,1.5475088261748655,2.8885581012703456,4.219216173573519,1,1016.0
1099,Audi,2024.0,11.0,Brazil,Q8,Suv,Diesel,56104.0,205221.0,46.0,1.26,3.56,10.35,10,368.0
1100,BMW,2023.0,10.0,France,X1,Suv,Electric,67574.0,171544.0,263.0,1.848718783235312,2.050531052586204,3.5603906399290137,4,713.0
1101,Mercedes-Benz,2015.0,7.0,Spain,GLC,Suv,Diesel,43084.0,579677.0,58.0,1.74,1.62,3.51,1,366.0
1102,Mercedes-Benz,2023.0,1.0,Canada,A-Class,Sedan,Hybrid,75926.0,410634.0,61.0,1.29,2.52,3.88,2,101.0
1103,Ford,2020.0,1.0,France,Ranger,Suv,Petrol,59840.0,57293.0,21.0,1.87,1.49,3.23,8,3166.0
1104,Ford,2023.0,3.0,India,Edge,Suv,Electric,54198.0,101006.0,76.0,1.07,6.79,6.44,2,3749.0
1105,Volkswagen,2019.0,7.0,Japan,Taos,Suv,Diesel,44465.0,337508.0,68.0,1.42,0.99,0.16,9,1684.0
1106,Mercedes-Benz,2022.0,9.0,UK,GLE,Suv,Diesel,88940.0,96318.0,10.0,1.91,1.33,5.15,5,1298.0
1107,Mercedes-Benz,2015.0,7.0,Mexico,EQS,Suv,Electric,121631.0,509816.0,22.0,1.11,1.53,11.28,7,1030.0
1108,Mercedes-Benz,2024.0,7.0,Spain,E-Class,Sedan,Hybrid,116653.0,521304.0,6.0,1.82,1.17,3.45,8,800.0
1109,Porsche,2022.0,5.0,Australia,Macan EV,Suv,Petrol,193660.0,240029.5,17.0,1.51,2.72,4.4,3,319.0
1110,Ford,2022.0,10.0,Japan,Ranger,Suv,Hybrid,62290.0,680432.0,19.0,1.44,1.67,0.24,7,1709.0
1111,Mercedes-Benz,2015.0,4.0,USA,GLE,Suv,Diesel,100978.0,473270.0,60.0,0.88,2.8,4.64,1,282.0
1112,Toyota,2020.0,2.0,Germany,Corolla,Sedan,Hybrid,26878.0,210075.0,94.0,1.95,2.08,3.22,4,2480.0
1113,Porsche,2015.0,3.0,Brazil,Panamera Sport,Sedan,Electric,160752.0,89690.0,5.0,1.29,3.23,10.68,3,252.0
1115,Mercedes-Benz,2022.0,5.0,France,GLS,Suv,Hybrid,36198.0,520019.0,46.0,1.76,1.79,3.68,10,359.0
1116,Audi,2024.0,1.0,Brazil,Q8,Suv,Electric,48698.0,313992.0,22.0,1.21,3.23,10.23,5,639.0
1117,Porsche,2022.0,6.0,Canada,Cayenne,Suv,Hybrid,153813.0,335366.0,17.0,1.39,2.68,3.87,4,171.0
1120,Toyota,2023.0,8.0,China,RAV4,Suv,Petrol,75590.0,300355.0,24.0,1.17,6.42,3.27,9,569.0
1121,Porsche,2024.0,12.0,India,Taycan,Suv,Hybrid,65269.0,181373.0,15.0,1.15,7.04,6.39,8,41.0
1122,Mercedes-Benz,2015.0,10.0,Australia,CLA,Sedan,Hybrid,98064.0,503480.0,19.0,1.55,3.34,4.48,8,23.0
1123,Volkswagen,2017.0,12.0,China,Tiguan,Suv,Electric,56653.0,492497.0,52.0,1.02,6.46,3.26,1,1777.0
1124,BMW,2023.0,3.0,Germany,i7,Sedan,Electric,71483.0,220824.0,89.0,1.8167001433397336,2.053378185258942,2.9257557513185493,10,543.0
1125,Audi,2021.0,4.0,Germany,Q7,Suv,Electric,49606.0,289181.0,56.0,2.0,2.2,2.9,9,930.0
1126,Mercedes-Benz,2024.0,10.0,UK,EQS,Suv,Diesel,117269.0,349739.0,50.0,1.85,1.35,4.93,7,199.0
1127,Porsche,2023.0,3.0,Canada,Macan,Suv,Petrol,99252.0,104583.0,19.0,1.32,1.77,4.07,5,42.0
1128,Porsche,2020.0,11.0,UK,Macan,Suv,Electric,145804.0,131754.0,4.0,1.76,1.22,3.73,9,101.0
1129,Audi,2020.0,8.0,Germany,RS6,Sedan,Electric,74036.0,486090.0,15.0,1.87,2.24,2.96,3,521.0
1130,Porsche,2022.0,10.0,Japan,Panamera,Sedan,Petrol,173012.0,241940.0,12.0,1.5,1.07,0.32,6,439.0
1131,Porsche,2021.0,7.0,Germany,Taycan,Suv,Petrol,63206.0,225823.0,11.0,1.93,1.86,3.09,3,315.0
1132,Mercedes-Benz,2023.0,9.0,Canada,C-Class,Sedan,Diesel,84614.0,318053.0,18.0,1.25,1.89,4.03,7,923.0
1133,Tesla,2016.0,4.0,Japan,Model Y,Suv,Electric,81232.0,178171.0,28.0,1.53,1.44,-0.12,3,185.0
1134,Porsche,2024.0,2.0,Japan,Cayenne Coupe,Suv,Petrol,122877.0,374033.0,2.0,1.47,1.18,0.18,4,494.0
1135,Porsche,2016.0,3.0,Spain,911,Sedan,Electric,106614.0,182057.0,4.0,1.77,1.49,3.57,2,441.0
1136,Mercedes-Benz,2022.0,2.0,Netherlands,E-Class,Sedan,Hybrid,37529.0,570401.0,23.0,1.91,1.71,3.7,8,586.0
1138,BMW,2020.0,11.0,Canada,i4,Suv,Petrol,66186.0,83635.0,395.0,1.2526225139821685,1.7361603805247623,3.881877013567197,8,905.0
1139,Toyota,2024.0,6.0,Spain,bZ4X,Suv,Hybrid,52519.0,79607.0,65.0,1.66,1.0,3.68,8,1765.0
1140,Toyota,2022.0,10.0,Australia,Supra,Sedan,Petrol,26942.0,662911.0,40.0,1.67,3.02,4.08,5,2153.0
1141,Mercedes-Benz,2023.0,7.0,Brazil,A-Class,Sedan,Diesel,126332.0,546802.0,21.0,1.19,4.0,10.35,4,1048.0
1142,BMW,2022.0,6.0,USA,3 Series,Suv,Hybrid,110986.0,296060.0,310.0,1.0489654700855298,2.7751328233611146,4.763699364938513,8,644.0
1143,Mercedes-Benz,2016.0,9.0,Germany,CLA,Sedan,Diesel,35188.0,327330.0,39.0,1.89,1.9,3.19,4,1160.0
1144,Toyota,2022.0,1.0,UK,C-HR,Suv,Electric,85107.0,487829.0,84.0,1.01,7.04,6.78,2,849.0
1145,Ford,2016.0,2.0,Canada,Bronco,Suv,Electric,58382.0,396113.0,31.0,1.26,1.73,4.18,1,1189.0
1146,Porsche,2016.0,3.0,Netherlands,911,Sedan,Electric,123778.0,202467.0,28.0,1.99,2.25,3.32,3,486.0
1147,Audi,2020.0,9.0,Spain,Q5,Suv,Petrol,96068.0,363129.0,29.0,1.82,1.04,3.65,4,939.0
1149,Tesla,2017.0,3.0,Netherlands,Model 3,Suv,Electric,62357.0,252925.0,24.0,2.05,2.47,3.68,2,591.0
1150,Audi,2015.0,10.0,USA,TT,Sedan,Diesel,56706.0,287102.0,5.0,1.03,2.32,4.71,9,950.0
1151,Volkswagen,2022.0,5.0,Brazil,T-Roc,Suv,Hybrid,50285.0,55160.0,74.0,1.13,3.08,10.31,7,1356.0
1152,Mercedes-Benz,2017.0,12.0,Australia,A-Class,Sedan,Electric,75503.0,513157.0,14.0,1.51,2.95,4.09,8,51.0
1153,Audi,2018.0,8.0,Mexico,RS6,Sedan,Petrol,34785.0,294061.0,29.0,1.08,2.1,10.97,8,1016.0
1154,Audi,2015.0,11.0,USA,Q5,Suv,Hybrid,113042.0,174809.0,42.0,0.91,2.33,4.47,6,187.0
1156,Toyota,2021.0,1.0,China,Yaris,Sedan,Electric,39125.0,462178.0,47.0,1.09,5.92,3.29,6,1804.0
1157,Toyota,2019.0,9.0,China,Yaris,Sedan,Petrol,65636.0,637296.0,26.0,1.19,6.098868397439429,3.39,3,1475.0
1158,BMW,2021.0,4.0,Japan,X3,Suv,Petrol,112713.0,139044.0,100.0,1.5821854368987684,1.3847311725538791,-0.1024298363930652,6,527.0
1159,Audi,2015.0,4.0,Mexico,Q7,Suv,Petrol,92200.0,301819.0,36.0,1.0,1.9,10.93,1,1079.0
1160,Ford,2018.0,9.0,India,Edge,Suv,Hybrid,66848.0,149759.0,55.0,1.15,7.4,6.43,8,2878.0
1161,Ford,2017.0,9.0,UK,F-150,Suv,Hybrid,65923.0,310380.0,119.0,1.8,1.85,4.84,4,602.0
1162,Toyota,2018.0,3.0,Italy,Corolla,Sedan,Electric,51125.0,215091.0,50.0,1.94,1.26,3.51,10,2318.0
1164,Toyota,2018.0,4.0,Australia,RAV4,Suv,Electric,61865.0,405651.0,68.0,1.7,3.35,4.54,10,2691.0
1165,Volkswagen,2020.0,10.0,Brazil,ID.3,Suv,Hybrid,43911.0,180247.0,52.0,1.21,3.33,10.73,4,212.0
1166,Ford,2020.0,4.0,Netherlands,F-150,Suv,Hybrid,51840.0,735942.0,31.0,1.97,2.17,3.31,4,1942.0
1167,Toyota,2016.0,11.0,France,Highlander,Suv,Petrol,46119.0,456920.0,95.0,1.77,1.22,3.22,4,552.0
1168,Toyota,2021.0,4.0,Australia,Highlander,Suv,Electric,40409.0,378356.0,19.0,1.55,2.93,4.4,9,259.0
1169,Toyota,2019.0,10.0,Canada,Corolla,Sedan,Electric,26534.0,210626.0,90.0,1.22,1.84,3.93,4,1473.0
1170,BMW,2019.0,9.0,UK,X1,Suv,Electric,78882.5,346956.0,395.0,1.7783943979521988,1.100637478523533,4.843924467653567,3,1088.0
1171,Audi,2021.0,6.0,Japan,Q7,Suv,Electric,56657.0,266143.0,14.0,1.56,1.42,-0.04,3,149.0
1172,Porsche,2020.0,12.0,Japan,Cayenne Coupe,Suv,Electric,132418.0,263512.0,23.0,1.54,1.22,-0.16,7,381.0
1173,Volkswagen,2023.0,8.0,Netherlands,ID.3,Suv,Electric,28197.0,218632.0,76.0,2.01,1.73,3.38,1,198.0
1174,Porsche,2018.0,6.0,Mexico,Panamera Sport,Sedan,Petrol,97309.0,134312.0,9.0,1.02,2.39,10.83,5,483.0
1175,Ford,2019.0,5.0,Germany,F-150 Lightning,Suv,Petrol,22343.0,564425.0,67.0,1.87,1.83,3.04,8,3872.0
1176,Tesla,2021.0,11.0,UK,Cybertruck,Suv,Electric,40705.0,16268.0,35.0,1.88,2.0,4.8,1,283.0
1177,Ford,2015.0,9.0,USA,Edge,Suv,Petrol,88852.0,284748.0,119.0,0.96,2.69,4.21,5,3083.0
1178,Audi,2021.0,12.0,China,Q5,Suv,Electric,77171.0,525522.0,37.0,1.19,6.15,3.7,5,983.0
1179,Tesla,2020.0,4.0,Mexico,Model S Plaid,Suv,Electric,81113.0,286770.0,6.0,1.06,2.16,10.96,3,1132.0
1181,Audi,2020.0,3.0,Netherlands,Q3,Suv,Petrol,44232.0,215665.0,26.0,2.02,2.37,3.33,4,973.0
1182,Porsche,2024.0,5.0,Japan,Cayenne Coupe,Suv,Hybrid,92470.0,216636.0,24.0,1.6,0.72,0.09,1,178.0
1183,Tesla,2016.0,10.0,Germany,Model S,Suv,Electric,62653.0,275574.0,27.0,1.89,1.75,3.26,8,2301.0
1184,Audi,2021.0,4.0,UK,Q3,Suv,Electric,57893.0,503447.0,35.0,1.77,1.89,5.3,8,271.0
1185,Volkswagen,2024.0,10.0,Italy,Taos,Suv,Electric,70072.0,377615.0,27.0,1.76,1.08,3.5,3,2523.0
1186,Volkswagen,2017.0,7.0,Brazil,ID.3,Suv,Petrol,49759.0,204139.0,55.0,1.13,3.18,10.3,4,2364.0
1187,Audi,2017.0,8.0,Canada,A3,Sedan,Hybrid,62518.0,442087.0,12.0,1.35,2.1,4.21,8,75.0
1188,Tesla,2023.0,8.0,Canada,Model X,Suv,Electric,58764.0,87304.0,7.0,1.23,2.32,4.1,2,169.0
1190,Audi,2015.0,11.0,Netherlands,e-tron,Suv,Diesel,92916.0,511036.0,17.0,2.09,1.75,3.61,8,437.0
1191,Volkswagen,2024.0,5.0,Netherlands,ID.3,Suv,Hybrid,29336.0,514776.0,54.0,1.93,2.48,3.47,3,347.0
1192,Volkswagen,2015.0,5.0,Brazil,Arteon,Sedan,Diesel,22519.0,557380.0,78.0,1.26,3.59,10.56,9,576.0
1193,Porsche,2015.0,7.0,India,718,Sedan,Petrol,139811.0,140773.0,29.0,0.99,6.97,6.35,9,443.0
1194,Volkswagen,2024.0,10.0,USA,Golf,Sedan,Hybrid,31411.0,80896.0,53.0,0.93,2.9,4.53,5,2308.0
1195,Toyota,2024.0,5.0,Italy,bZ4X,Suv,Petrol,36035.0,430026.0,58.0,1.79,1.23,3.7,5,2541.0
1196,Ford,2021.0,6.0,Italy,Escape,Suv,Electric,66296.0,122471.0,101.0,1.85,1.16,3.8,3,1413.0
1197,Volkswagen,2018.0,10.0,Germany,Golf,Sedan,Petrol,73582.0,174509.0,38.0,1.88,2.03,3.21,4,269.0
1198,Audi,2016.0,1.0,Canada,Q3,Suv,Electric,70107.0,300954.0,5.0,1.3,1.77,4.14,1,85.0
1199,Ford,2020.0,7.0,France,F-150 Lightning,Suv,Electric,61793.0,376216.0,92.0,1.73,1.97,3.64,2,2606.0
1201,Volkswagen,2021.0,3.0,Australia,T-Roc,Suv,Electric,37026.0,457766.0,57.0,1.62,3.48,4.5,2,2219.0
1202,Ford,2024.0,7.0,Canada,Edge,Suv,Petrol,79768.0,193393.0,65.0,1.36,2.39,4.17,2,3081.0
1203,Porsche,2015.0,2.0,USA,GTS,Sedan,Electric,124171.0,203263.0,12.0,0.95,2.4,4.57,7,327.0
1204,Porsche,2024.0,1.0,Germany,GTS,Sedan,Petrol,146178.0,345773.0,24.0,1.82,1.69,3.03,8,466.0
1206,BMW,2021.0,2.0,Japan,iX,Sedan,Diesel,63307.0,74099.0,78.0,1.5087076434685291,0.7676683619000015,0.2247010583378612,4,221.0
1207,Ford,2015.0,4.0,Australia,Edge,Suv,Hybrid,36792.0,618266.0,95.0,1.52,2.87,3.96,8,2339.0
1208,Mercedes-Benz,2018.0,9.0,France,E-Class,Sedan,Petrol,115253.0,258535.0,40.0,1.71,1.75,3.78,7,664.0
1210,Toyota,2021.0,11.0,USA,Prius,Suv,Hybrid,65908.0,390664.0,14.0,1.07,2.79,4.29,7,2860.0
1211,Audi,2018.0,5.0,USA,e-tron,Suv,Diesel,54056.0,101941.0,22.0,0.94,2.19,4.65,10,61.0
1212,Porsche,2017.0,10.0,Netherlands,Cayenne Coupe,Suv,Hybrid,137604.0,235451.0,16.0,1.94,1.71,3.76,5,126.0
1213,Audi,2023.0,9.0,Brazil,Q3,Suv,Electric,32965.0,533121.0,33.0,1.15,3.13,10.44,7,961.0
1214,Ford,2016.0,7.0,Australia,F-150,Suv,Electric,35030.0,530429.0,33.0,1.51,3.12,4.34,2,548.0
1215,Audi,2024.0,1.0,India,TT,Sedan,Diesel,107592.0,409259.0,51.0,1.07,7.06,6.57,7,395.0
1217,Audi,2016.0,8.0,France,A6,Sedan,Electric,80903.0,412352.0,45.0,1.83,1.54,3.31,1,195.0
1218,Tesla,2022.0,2.0,Netherlands,Model Y,Suv,Electric,115778.0,170475.0,29.0,2.08,2.35,3.41,2,777.0
1219,Tesla,2017.0,2.0,Mexico,Cybertruck,Suv,Electric,129765.0,212298.0,31.0,1.14,2.41,11.03,7,1010.0
1220,Ford,2022.0,7.0,Germany,Edge,Suv,Petrol,75141.0,629539.0,93.0,1.96,1.46,3.05,4,1775.0
1221,Volkswagen,2017.0,1.0,Canada,Taos,Suv,Petrol,37138.0,81630.0,39.0,1.33,2.55,4.26,4,449.0
1222,Mercedes-Benz,2020.0,7.0,India,S-Class,Sedan,Hybrid,105645.0,488847.0,17.0,1.09,7.0,6.75,3,1247.0
1223,BMW,2016.0,4.0,Australia,7 Series,Sedan,Petrol,85210.0,286824.0,309.0,1.515715699431004,2.850626931209181,3.96992186527482,1,865.0
1224,Ford,2016.0,9.0,Brazil,F-150,Suv,Electric,34054.0,500477.0,53.0,1.28,3.57,10.24,6,2062.0
1225,Mercedes-Benz,2016.0,1.0,UK,GLE,Suv,Diesel,78368.0,387184.0,30.0,1.9,1.78,4.71,3,54.0
1226,BMW,2024.0,8.0,UK,X1,Suv,Diesel,97766.0,193029.0,111.0,1.9261741518397857,1.7527166395576412,4.795163063175845,5,499.0
1228,Volkswagen,2015.0,2.0,Germany,Touareg,Suv,Diesel,74500.0,260437.0,65.0,1.94,1.98,2.74,1,426.0
1229,Porsche,2024.0,2.0,Brazil,Cayenne Coupe,Suv,Hybrid,195685.0,334583.0,2.0,1.17,3.47,10.42,5,437.0
1230,Ford,2022.0,5.0,UK,Edge,Suv,Petrol,57606.0,599223.0,68.0,1.84,1.46,4.71,5,3881.0
1231,Porsche,2015.0,7.0,Japan,Panamera,Sedan,Electric,114903.0,185365.0,22.0,1.49,1.56,0.07,10,17.0
1232,Audi,2019.0,11.0,Canada,A4,Sedan,Diesel,63873.0,363513.0,27.0,1.22,2.26,3.85,4,481.0
1233,Tesla,2024.0,12.0,India,Model X,Suv,Electric,114565.0,138855.0,7.0,0.99,6.77,6.68,8,2388.0
1234,Porsche,2022.0,1.0,Canada,Taycan,Suv,Hybrid,76594.0,372732.0,3.0,1.37,2.63,3.76,2,54.0
1235,Mercedes-Benz,2016.0,9.0,UK,EQE,Suv,Petrol,118281.0,191434.0,38.0,1.05,2.67,4.39,4,69.0
1236,BMW,2015.0,10.0,China,7 Series,Sedan,Petrol,115846.0,164919.0,25.0,1.0103647073644857,5.981140101854818,3.519553659530952,5,359.0
1237,Audi,2019.0,1.0,Netherlands,e-tron,Suv,Hybrid,58657.0,264470.0,57.0,1.96,2.14,3.26,8,203.0
1238,Volkswagen,2019.0,4.0,Mexico,Tiguan,Suv,Petrol,22633.0,115495.0,42.0,1.19,1.68,10.77,2,961.0
1239,Ford,2021.0,1.0,France,Mustang Mach-E,Suv,Petrol,28112.0,403278.0,54.0,1.79,1.96,3.61,2,70.0
1240,Toyota,2016.0,10.0,Germany,RAV4,Suv,Petrol,28671.0,325924.0,77.0,1.87,1.46,2.85,7,1403.0
1241,Toyota,2018.0,2.0,China,RAV4,Suv,Electric,23846.0,627227.0,62.0,1.13,5.65,3.8,2,2854.0
1242,BMW,2023.0,6.0,Germany,5 Series,Suv,Electric,46962.0,258606.0,26.0,1.877896378980484,1.5884054378187458,3.276681291244556,6,396.0
1243,Volkswagen,2021.0,5.0,Japan,T-Roc,Suv,Diesel,36416.0,456133.0,33.0,1.56,0.9,-0.06,9,2029.0
1244,Audi,2015.0,12.0,Mexico,e-tron,Suv,Hybrid,35111.0,509312.0,11.0,1.01,1.77,10.74,7,670.0
1245,Mercedes-Benz,2020.0,12.0,USA,EQE,Suv,Petrol,35365.0,373969.0,37.0,1.02,2.43,4.59,4,300.0
1246,Toyota,2024.0,1.0,Canada,Land Cruiser,Suv,Electric,87520.0,263679.0,68.0,1.32,2.46,4.22,8,1708.0
1247,Audi,2021.0,8.0,Australia,TT,Sedan,Petrol,51764.0,264809.0,4.0,1.57,2.65,4.47,5,1057.0
1248,Toyota,2016.0,12.0,Brazil,C-HR,Suv,Petrol,64400.0,159288.0,33.0,1.18,3.33,10.54,5,2669.0
1249,Mercedes-Benz,2021.0,9.0,Italy,A-Class,Sedan,Diesel,51832.0,130446.0,63.0,1.86,1.39,3.73,7,1131.0
1250,Volkswagen,2020.0,7.0,France,Arteon,Sedan,Petrol,77741.0,449316.0,12.0,1.87,1.58,3.8,6,104.0
1251,BMW,2017.0,2.0,France,X3,Suv,Electric,35390.0,451954.0,360.0,1.7081457604637942,1.2160726405069164,3.227601585213052,2,1007.0
1252,Mercedes-Benz,2022.0,7.0,Italy,CLA,Sedan,Diesel,50288.0,523958.0,29.0,1.92,0.67,3.43,2,530.0
1253,Mercedes-Benz,2016.0,10.0,Germany,CLA,Sedan,Petrol,37768.0,76770.0,38.0,1.81,1.84,3.2,2,995.0
1254,Ford,2015.0,6.0,Canada,Mustang,Sedan,Electric,71569.0,373585.0,94.0,1.37,1.87,4.22,7,3753.0
1256,BMW,2015.0,8.0,Japan,X7,Sedan,Diesel,96861.0,465685.0,81.0,1.5951704158925069,1.3374299014982065,0.2356548002335969,3,451.0
1257,BMW,2016.0,2.0,Australia,X7,Sedan,Hybrid,44190.0,495527.0,252.0,1.6476067232852742,2.546965966775055,4.049770021253647,6,632.0
1258,Volkswagen,2022.0,11.0,Canada,Tiguan,Suv,Diesel,56411.0,474401.0,10.0,1.36,2.69,3.86,3,752.0
1259,Ford,2015.0,4.0,France,Bronco,Suv,Hybrid,37183.0,175157.0,52.0,1.71,1.28,3.27,5,3172.0
1260,BMW,2019.0,1.0,India,5 Series,Suv,Hybrid,46516.0,395876.0,183.0,1.051672109383256,7.0422372054918485,6.554208614275264,10,496.0
1262,Porsche,2020.0,1.0,UK,GTS,Sedan,Electric,111846.0,397754.0,14.0,1.93,1.39,4.91,9,499.0
1263,Toyota,2016.0,2.0,Mexico,Yaris,Sedan,Hybrid,52783.0,225434.0,74.0,1.15,1.5,11.11,7,2663.0
1264,Tesla,2023.0,10.0,Japan,Model S,Suv,Electric,79512.0,288127.0,24.0,1.47,1.39,-0.08,5,555.0
1266,Audi,2019.0,12.0,Australia,Q3,Suv,Diesel,74882.0,166403.0,26.0,1.54,3.03,4.15,4,1054.0
1267,Toyota,2020.0,2.0,Canada,RAV4,Suv,Electric,57286.0,259298.0,95.0,1.28,2.68,4.12,3,2543.0
1268,Toyota,2024.0,12.0,India,RAV4,Suv,Hybrid,73512.0,577184.0,56.0,1.09,6.83,6.29,2,2739.0
1269,BMW,2024.0,3.0,Germany,X1,Suv,Hybrid,79306.0,317956.0,220.0,1.9613122295722896,2.1729458358764084,3.139334931845737,9,525.0
1270,Audi,2020.0,10.0,Australia,TT,Sedan,Hybrid,101095.0,189061.0,27.0,1.5,2.5,4.06,2,299.0
1271,Ford,2018.0,8.0,France,Explorer,Suv,Hybrid,51401.0,599640.0,64.0,1.88,1.94,3.22,9,2531.0
1272,Ford,2022.0,5.0,France,Mustang Mach-E,Suv,Electric,54344.0,162020.0,99.0,1.88,1.98,3.24,9,2479.0
1273,Ford,2021.0,10.0,Germany,Edge,Suv,Hybrid,23335.0,650087.0,83.0,1.88,2.11,3.26,1,2618.0
1275,Toyota,2016.0,5.0,Netherlands,Yaris,Sedan,Hybrid,52255.0,230916.0,71.0,2.04,1.83,3.38,10,677.0
1276,BMW,2015.0,5.0,India,3 Series,Suv,Petrol,82645.0,369248.0,322.0,1.015038012844939,6.758133432701127,6.594041998724776,5,827.0
1277,Toyota,2024.0,11.0,Spain,RAV4,Suv,Petrol,42760.0,597859.0,17.0,1.71,1.28,3.7,3,2580.0
1278,Mercedes-Benz,2024.0,10.0,Brazil,E-Class,Sedan,Electric,124089.0,403642.0,24.0,1.14,3.19,10.62,9,364.0
1279,BMW,2019.0,12.0,Brazil,X3,Suv,Diesel,70693.0,418946.0,20.0,1.2007234808688392,3.822103160600226,10.428252004504538,10,429.0
1280,BMW,2022.0,5.0,India,3 Series,Suv,Petrol,42130.0,487480.0,11.0,0.989934756431672,6.956069984217036,6.671105576835808,4,435.0
1282,Tesla,2021.0,6.0,Netherlands,Cybertruck,Suv,Electric,83265.0,291931.0,32.0,2.04,1.98,3.76,3,1021.0
1283,Porsche,2020.0,2.0,Canada,Macan EV,Suv,Hybrid,86398.0,109153.0,4.0,1.23,1.73,3.87,3,385.0
1284,Audi,2017.0,3.0,Germany,Q7,Suv,Petrol,97785.0,299579.0,50.0,1.88,1.71,2.76,6,663.0
1286,Toyota,2016.0,6.0,Mexico,Camry,Sedan,Hybrid,47465.0,227074.0,18.0,1.13,2.45,11.04,4,1463.0
1287,Porsche,2024.0,7.0,Netherlands,911,Sedan,Hybrid,109134.0,189228.0,29.0,2.02,2.11,3.55,10,360.0
1288,BMW,2017.0,9.0,Germany,i7,Sedan,Diesel,105411.0,469543.0,62.0,1.898759119272878,1.861277197569496,3.1625803079727364,8,179.0
1289,Audi,2016.0,4.0,Italy,Q8,Suv,Diesel,60633.0,386624.0,17.0,1.89,1.21,3.51,6,307.0
1290,Porsche,2015.0,2.0,France,911,Sedan,Hybrid,75416.0,120433.0,7.0,1.86,1.38,3.77,5,397.0
1291,Ford,2024.0,4.0,Mexico,Ranger,Suv,Petrol,83781.0,65396.0,56.0,1.2,2.38,10.86,5,1474.0
1292,Tesla,2018.0,5.0,India,Model S Plaid,Suv,Electric,108975.0,129489.0,16.0,1.01,6.95,6.76,3,2417.0
1293,Toyota,2020.0,10.0,Australia,Highlander,Suv,Petrol,46270.0,146797.0,49.0,1.53,3.28,4.09,5,2327.0
1294,BMW,2020.0,2.0,USA,5 Series,Suv,Electric,54773.0,258606.0,251.0,0.982459363175582,2.465205612283718,4.236085405560472,2,982.0
1295,Tesla,2019.0,8.0,USA,Model X,Suv,Electric,76203.0,220544.0,4.0,0.93,2.11,4.75,5,1896.0
1296,Toyota,2021.0,4.0,Italy,Yaris,Sedan,Hybrid,23323.0,357251.0,36.0,1.82,1.16,3.33,4,1280.0
1297,Volkswagen,2023.0,4.0,Spain,T-Roc,Suv,Electric,60954.0,50831.0,33.0,1.75,1.13,3.62,5,1466.0
1298,Audi,2018.0,3.0,India,Q3,Suv,Hybrid,112965.0,123560.0,22.0,0.96,6.57,6.29,5,395.0
1299,Ford,2020.0,11.0,Italy,Bronco,Suv,Hybrid,24235.0,572493.0,50.0,1.79,1.41,3.43,7,3630.0
1300,Volkswagen,2016.0,5.0,Italy,Passat,Sedan,Hybrid,73138.0,398895.0,70.0,1.79,0.52,3.62,1,1819.0
1301,Ford,2016.0,8.0,Australia,Edge,Suv,Electric,94469.0,514377.0,42.0,1.67,2.65,4.23,6,3400.0
1302,Porsche,2018.0,5.0,Spain,Macan,Suv,Petrol,67315.0,376838.0,2.0,1.78,1.25,3.26,10,469.0
1303,Toyota,2018.0,10.0,France,C-HR,Suv,Electric,83990.0,262528.0,49.0,1.88,1.46,3.49,8,2703.0
1304,Ford,2023.0,1.0,USA,Ranger,Suv,Petrol,60988.0,356616.0,108.0,0.97,2.61,4.79,4,2019.0
1305,Tesla,2020.0,1.0,Spain,Semi,Suv,Electric,103564.0,152695.0,19.0,1.67,1.36,3.38,6,1441.0
1306,Tesla,2019.0,5.0,Netherlands,Cybertruck,Suv,Electric,114677.0,167399.0,11.0,1.92,1.84,3.61,10,1890.0
1307,Audi,2019.0,10.0,UK,Q8,Suv,Hybrid,55457.0,388343.0,4.0,2.01,1.87,3.39,5,911.0
1308,Mercedes-Benz,2021.0,10.0,Netherlands,E-Class,Sedan,Petrol,126155.0,84077.0,13.0,2.03,2.17,3.76,1,37.0
1309,Porsche,2021.0,1.0,USA,Macan,Suv,Electric,118096.0,117974.0,9.0,1.0,2.87,4.78,3,255.0
1310,Audi,2019.0,4.0,Canada,RS6,Sedan,Diesel,111174.0,192888.0,27.0,1.31,2.27,4.07,5,1080.0
1311,Tesla,2024.0,9.0,Netherlands,Semi,Suv,Electric,121033.0,72131.0,27.0,1.9,2.34,3.5,4,1854.0
1312,Ford,2017.0,8.0,Australia,Mustang,Sedan,Hybrid,87557.0,167924.0,101.0,1.59,2.98,4.25,6,726.0
1313,Mercedes-Benz,2017.0,11.0,Mexico,EQS,Suv,Electric,95809.0,583229.0,47.0,1.11,2.02,10.77,5,1203.0
1314,Tesla,2018.0,10.0,India,Model S,Suv,Electric,85068.0,90513.0,39.0,1.05,7.24,6.62,5,1247.0
1315,Ford,2019.0,3.0,India,Explorer,Suv,Electric,82805.0,516127.0,20.0,0.98,6.68,6.32,6,123.0
1316,Porsche,2023.0,12.0,France,911,Sedan,Petrol,123718.0,350255.0,26.0,1.89,1.18,3.78,9,369.0
1317,Tesla,2019.0,3.0,Mexico,Model X,Suv,Electric,95843.0,159223.0,12.0,1.03,2.41,10.7,3,1620.0
1318,BMW,2020.0,2.0,Australia,i7,Sedan,Diesel,85906.0,135936.0,381.0,1.6549307062362364,2.796535581287656,4.15982193784751,5,802.0
1319,Mercedes-Benz,2018.0,2.0,India,A-Class,Sedan,Diesel,96428.0,423006.0,5.0,1.08,7.38,6.74,5,1280.0
1320,Ford,2020.0,6.0,UK,Ranger,Suv,Hybrid,69127.0,499595.0,30.0,1.76,1.99,4.96,3,1227.0
1321,Porsche,2017.0,4.0,China,Cayenne,Suv,Petrol,198054.0,319683.0,24.0,1.05,5.98,3.77,3,57.0
1322,Audi,2018.0,11.0,Germany,Q7,Suv,Hybrid,107586.0,529598.0,45.0,1.8,1.53,2.82,7,1088.0
1324,Toyota,2024.0,4.0,Netherlands,Land Cruiser,Suv,Electric,50581.0,442855.0,84.0,1.99,2.3,3.67,3,582.0
1325,Audi,2017.0,4.0,Italy,A6,Sedan,Electric,103210.0,390639.0,19.0,1.88,1.21,3.64,9,681.0
1326,Mercedes-Benz,2016.0,7.0,Mexico,EQS,Suv,Hybrid,39796.0,90577.0,12.0,1.17,2.43,11.0,2,763.0
1327,Audi,2024.0,2.0,Japan,TT,Sedan,Electric,80021.0,172550.0,18.0,1.56,1.12,-0.03,7,598.0
1328,BMW,2017.0,11.0,Japan,X3,Suv,Electric,81751.0,211297.0,118.0,1.431230519473238,1.1087341710980962,-0.184768186603793,7,355.0
1329,Porsche,2024.0,7.0,Netherlands,911,Sedan,Electric,75315.0,307499.0,21.0,2.01,2.34,3.53,3,159.0
1330,Toyota,2016.0,5.0,Germany,Prius,Suv,Petrol,24878.0,168041.0,86.0,1.97,1.93,2.81,6,1734.0
1331,Mercedes-Benz,2023.0,6.0,Canada,GLE,Suv,Hybrid,59140.0,191066.0,64.0,1.23,2.28,4.26,8,272.0
1332,Tesla,2024.0,7.0,UK,Cybertruck,Suv,Electric,75204.0,115864.0,12.0,1.86,1.27,4.89,8,241.0
1333,Porsche,2022.0,8.0,India,Macan,Suv,Petrol,101930.0,131398.0,3.0,1.09,6.59,6.61,6,289.0
1334,Tesla,2024.0,2.0,Australia,Model 3,Suv,Electric,99334.0,132768.0,5.0,1.56,2.71,4.26,7,1695.0
1335,BMW,2019.0,4.0,China,i4,Suv,Electric,77543.0,446659.0,182.0,1.1510083857492557,6.418926533639555,3.351344612104017,7,797.0
1336,Volkswagen,2019.0,2.0,Japan,Passat,Sedan,Hybrid,53892.0,581320.0,68.0,1.54,0.84,0.09,4,989.0
1337,Tesla,2017.0,11.0,Germany,Semi,Suv,Electric,105603.0,71226.0,19.0,1.96,1.85,3.26,10,2451.0
1338,BMW,2018.0,12.0,France,iX,Sedan,Petrol,118255.0,245889.0,335.0,1.8318707844411568,1.5614774646247342,3.582320886084968,6,1069.0
1339,Mercedes-Benz,2018.0,11.0,India,CLA,Sedan,Electric,57049.0,561007.0,60.0,1.05,7.27,6.25,6,942.0
1340,Tesla,2019.0,8.0,Germany,Model X,Suv,Electric,56537.0,30458.0,15.0,1.91,1.86,3.06,8,1325.0
1341,Toyota,2017.0,7.0,UK,Yaris,Sedan,Hybrid,52255.0,234341.0,57.0,1.86,1.07,4.75,4,2528.0
1342,Volkswagen,2021.0,3.0,Brazil,Golf,Sedan,Diesel,55137.0,322497.0,53.0,1.18,3.85,10.61,10,1406.0
1343,Ford,2021.0,2.0,Netherlands,F-150 Lightning,Suv,Hybrid,80664.0,708127.0,89.0,2.0,2.56,3.54,6,1964.0
1344,Toyota,2015.0,9.0,Canada,Camry,Sedan,Electric,72656.0,616002.0,35.0,1.26,1.95,3.76,6,330.0
1345,Toyota,2023.0,11.0,Australia,Supra,Sedan,Petrol,53930.0,554549.0,50.0,1.59,2.79,4.01,3,2950.0
1347,Volkswagen,2024.0,4.0,China,Passat,Sedan,Hybrid,34309.0,95964.0,16.0,1.09,5.9,3.74,4,1693.0
1348,Tesla,2016.0,3.0,India,Model S,Suv,Electric,122333.0,111193.0,22.0,1.14,7.48,6.39,7,1560.0
1349,Volkswagen,2023.0,8.0,Germany,Arteon,Sedan,Diesel,77586.0,572317.0,8.0,1.98,1.35,3.21,7,972.0
1351,Porsche,2015.0,4.0,Italy,911,Sedan,Hybrid,143952.0,133938.0,2.0,1.81,1.43,3.76,4,149.0
1352,Volkswagen,2019.0,10.0,India,Golf,Sedan,Petrol,43009.0,561806.0,25.0,1.11,7.34,6.63,5,429.0
1353,Mercedes-Benz,2021.0,8.0,Germany,E-Class,Sedan,Diesel,88215.0,557216.0,63.0,1.93,1.76,3.27,9,711.0
1354,Volkswagen,2020.0,4.0,France,ID.3,Suv,Electric,36542.0,129210.0,84.0,1.85,1.64,3.32,4,528.0
1355,Tesla,2015.0,10.0,India,Semi,Suv,Electric,94525.0,246943.0,14.0,1.07,7.06,6.24,1,1644.0
1356,Mercedes-Benz,2016.0,4.0,Spain,EQS,Suv,Hybrid,38040.0,524263.0,32.0,1.83,1.04,3.49,9,355.0
1357,Porsche,2020.0,7.0,Netherlands,Panamera,Sedan,Petrol,63990.0,397948.0,10.0,1.95,2.05,3.6,4,438.0
1358,Toyota,2018.0,8.0,USA,Camry,Sedan,Electric,74699.0,88788.0,46.0,1.01,2.79,4.45,1,1045.0
1359,Toyota,2020.0,11.0,China,C-HR,Suv,Petrol,54849.0,41664.0,43.0,1.09,5.92,3.67,2,379.0
1360,Toyota,2018.0,8.0,India,Yaris,Sedan,Petrol,80576.0,65705.0,23.0,0.95,6.85,6.71,4,1001.0
1361,Audi,2022.0,7.0,Germany,Q5,Suv,Diesel,45109.0,502561.0,16.0,1.8,2.15,2.98,6,362.0
1362,Tesla,2015.0,6.0,Spain,Model S,Suv,Electric,122277.0,85008.0,29.0,1.74,1.56,3.28,4,179.0
1363,Mercedes-Benz,2016.0,9.0,China,EQS,Suv,Hybrid,85076.0,551829.0,55.0,1.11,5.59,3.55,3,183.0
1365,Toyota,2023.0,12.0,India,Supra,Sedan,Electric,43813.0,407865.0,47.0,0.96,6.57,6.34,9,548.0
1366,Porsche,2016.0,7.0,UK,911,Sedan,Hybrid,91938.0,121703.0,14.0,1.83,1.26,5.03,1,460.0
1367,Toyota,2021.0,7.0,Spain,Prius,Suv,Petrol,65759.0,108475.0,34.0,1.68,0.94,3.46,7,66.0
1368,Volkswagen,2016.0,1.0,India,Tiguan,Suv,Diesel,36067.0,342072.0,52.0,0.99,6.87,6.58,10,1249.0
1369,BMW,2024.0,4.0,USA,X5,Sedan,Hybrid,69924.0,395932.0,205.0,0.9383744332077372,2.5412665786761104,4.777795202315397,9,667.0
1370,Tesla,2015.0,12.0,Italy,Cybertruck,Suv,Electric,90083.0,126035.0,32.0,1.78,0.7,3.49,3,165.0
1371,Mercedes-Benz,2019.0,11.0,USA,GLS,Suv,Electric,116707.0,319502.0,9.0,0.91,2.42,4.73,1,723.0
1373,Ford,2017.0,12.0,Canada,Mustang,Sedan,Electric,93090.0,738375.0,57.0,1.33,2.01,3.71,9,1684.0
1375,Ford,2019.0,9.0,Netherlands,Explorer,Suv,Electric,26285.0,92320.0,46.0,2.1,2.12,3.31,5,835.0
1376,Toyota,2023.0,6.0,Mexico,Camry,Sedan,Petrol,88747.0,245764.0,26.0,1.11,1.97,11.24,2,1239.0
1377,Porsche,2021.0,10.0,India,Macan,Suv,Electric,143159.0,90360.0,17.0,1.07,7.39,6.52,9,157.0
1378,Toyota,2024.0,1.0,Canada,Highlander,Suv,Electric,73789.0,603917.0,47.0,1.21,1.76,4.02,1,2020.0
1380,Mercedes-Benz,2018.0,5.0,Australia,C-Class,Sedan,Diesel,62261.0,267370.0,56.0,1.55,2.77,4.02,2,978.0
1381,Ford,2023.0,9.0,Canada,Bronco,Suv,Electric,62618.0,107691.0,14.0,1.4,2.09,3.88,5,3107.0
1382,Volkswagen,2019.0,1.0,Spain,Tiguan,Suv,Hybrid,49219.0,65436.0,57.0,1.81,1.4,3.57,3,725.0
1384,Mercedes-Benz,2022.0,6.0,Germany,S-Class,Sedan,Diesel,118217.0,222990.0,44.0,1.87,1.69,2.86,1,441.0
1385,Ford,2020.0,10.0,Canada,Explorer,Suv,Electric,37698.0,212325.0,16.0,1.34,1.99,3.8,9,3082.0
1386,Volkswagen,2022.0,9.0,Canada,Golf,Sedan,Electric,37085.0,156699.0,30.0,1.23,2.51,4.2,9,1256.0
1387,Porsche,2024.0,8.0,Mexico,Cayenne,Suv,Electric,172098.0,162618.0,8.0,1.14,2.49,10.9,1,130.0
1388,Tesla,2016.0,1.0,USA,Model S Plaid,Suv,Electric,48630.0,272170.0,16.0,0.92,2.35,4.7,9,2451.0
1389,Tesla,2018.0,1.0,Brazil,Model Y,Suv,Electric,98429.0,237033.0,13.0,1.22,3.26,10.35,6,386.0
1390,Audi,2024.0,7.0,Brazil,A6,Sedan,Petrol,74915.0,103126.0,25.0,1.27,3.9,10.52,4,35.0
1391,BMW,2017.0,10.0,UK,i4,Suv,Electric,97874.0,248110.0,225.0,1.7627281818573286,1.8556960938375395,5.012867413426154,4,482.0
1392,Volkswagen,2015.0,8.0,USA,Touareg,Suv,Hybrid,51097.0,484610.0,30.0,1.05,2.69,4.62,7,1884.0
1393,Toyota,2019.0,12.0,Netherlands,bZ4X,Suv,Electric,50535.0,404229.0,55.0,1.95,1.86,3.21,6,989.0
1394,Porsche,2015.0,8.0,China,911,Sedan,Petrol,89093.0,210805.0,3.0,1.11,5.98,3.6,4,294.0
1395,BMW,2015.0,12.0,USA,X5,Sedan,Hybrid,83665.0,422454.0,150.0,0.9312507241573224,2.8139702695060187,4.569131662938607,2,553.0
1396,Toyota,2020.0,3.0,India,Yaris,Sedan,Petrol,85441.0,571206.0,75.0,0.99,7.11,6.35,10,2371.0
1397,Mercedes-Benz,2019.0,3.0,UK,C-Class,Sedan,Hybrid,74087.0,439418.0,61.0,1.87,1.44,5.18,8,361.0
1398,Volkswagen,2015.0,11.0,Australia,Golf,Sedan,Petrol,54092.0,377158.0,28.0,1.58,3.22,4.46,2,202.0
1399,Mercedes-Benz,2019.0,10.0,Spain,GLE,Suv,Hybrid,125937.0,179040.0,58.0,1.78,1.72,3.58,5,1215.0
1400,Porsche,2017.0,12.0,Germany,Cayenne,Suv,Petrol,173621.0,350324.0,8.0,1.94,1.93,3.29,5,232.0
1401,Ford,2016.0,4.0,UK,Edge,Suv,Electric,90534.0,582497.0,10.0,1.89,1.02,4.88,1,1181.0
1402,Tesla,2020.0,4.0,Australia,Semi,Suv,Electric,53401.0,45758.0,11.0,1.58,3.25,3.96,6,2382.0
1403,Volkswagen,2018.0,12.0,UK,Polo,Sedan,Electric,37662.0,285818.0,31.0,1.88,1.35,5.06,3,650.0
1404,Audi,2021.0,7.0,Australia,e-tron,Suv,Hybrid,44416.0,463856.0,19.0,1.57,3.42,4.21,2,973.0
1405,Tesla,2020.0,9.0,India,Model 3,Suv,Electric,44641.0,125637.0,12.0,1.08,7.1,6.55,9,623.0
1406,Ford,2018.0,9.0,India,Explorer,Suv,Hybrid,48256.0,794378.0,117.0,1.15,6.84,6.76,2,3206.0
1407,Mercedes-Benz,2016.0,7.0,Spain,CLA,Sedan,Electric,99884.0,327330.0,21.0,1.72,1.55,3.59,3,1295.0
1408,Mercedes-Benz,2019.0,8.0,Canada,GLC,Suv,Electric,125470.0,99239.0,16.0,1.23,2.32,4.03,2,465.0
1409,Ford,2016.0,11.0,USA,Edge,Suv,Hybrid,40664.0,176067.0,76.0,0.95,2.72,4.51,3,1969.0
1410,Volkswagen,2017.0,11.0,Italy,Taos,Suv,Hybrid,44534.0,47330.0,30.0,1.85,1.26,3.54,4,1416.0
1411,Ford,2023.0,7.0,Germany,Ranger,Suv,Electric,65097.0,762478.0,24.0,1.86,1.34,2.85,9,2895.0
1412,Audi,2021.0,7.0,USA,Q7,Suv,Hybrid,52232.0,202060.0,35.0,0.93,2.49,4.63,10,661.0
1413,Ford,2019.0,1.0,USA,Ranger,Suv,Petrol,30973.0,605552.0,30.0,0.97,2.53,4.54,4,2345.0
1414,BMW,2021.0,12.0,India,5 Series,Suv,Electric,99604.0,123606.0,170.0,1.1002750172058091,7.110225149477642,6.281212449366612,7,754.0
1415,Tesla,2020.0,12.0,France,Model X,Suv,Electric,79409.0,169868.0,20.0,1.85,1.37,3.3,10,2013.0
1416,Tesla,2022.0,6.0,India,Model S Plaid,Suv,Electric,81119.0,273674.0,12.0,1.11,6.97,6.74,7,1892.0
1417,BMW,2023.0,1.0,Germany,X3,Suv,Petrol,41937.0,394572.0,237.0,1.8557519744829103,1.6587155254170134,3.182662324607703,6,588.0
1418,Ford,2015.0,11.0,Germany,Bronco,Suv,Petrol,40139.0,406642.0,67.0,1.87,2.25,3.0,2,2938.0
1420,Audi,2020.0,8.0,Germany,Q8,Suv,Hybrid,57674.0,360334.0,13.0,1.99,1.78,2.98,7,506.0
1421,Toyota,2015.0,4.0,Australia,Land Cruiser,Suv,Petrol,82614.0,183553.0,67.0,1.58,2.53,4.45,7,2648.0
1422,BMW,2020.0,5.0,Brazil,5 Series,Suv,Hybrid,117821.0,58177.0,281.0,1.2529055589309437,3.407584208573817,10.696511353263782,3,654.0
1423,Ford,2023.0,5.0,Spain,Escape,Suv,Electric,79721.0,588564.0,33.0,1.81,1.355,3.66,6,1235.0
1424,Toyota,2020.0,8.0,France,C-HR,Suv,Electric,77580.0,372572.0,44.0,1.72,1.92,3.55,7,525.0
1425,BMW,2018.0,2.0,Japan,i7,Sedan,Diesel,90421.0,239607.0,233.0,1.568542380432111,1.060233918800428,-0.0377640281692846,3,591.0
1426,Porsche,2023.0,4.0,UK,Panamera Sport,Sedan,Hybrid,199143.0,212053.0,7.0,1.91,1.39,5.11,6,472.0
1427,Ford,2020.0,2.0,Germany,Ranger,Suv,Hybrid,58220.0,249983.0,119.0,1.98,1.95,3.09,9,2503.0
1428,Porsche,2019.0,11.0,China,Panamera Sport,Sedan,Hybrid,193397.0,107322.0,24.0,1.14,5.88,3.38,9,446.0
1429,Audi,2015.0,11.0,Japan,A4,Sedan,Diesel,43376.0,338512.0,8.0,1.495,0.73,0.11,10,258.0
1430,Ford,2020.0,1.0,Australia,Edge,Suv,Petrol,59038.5,614230.0,10.0,1.61,3.33,4.27,3,1971.0
1431,Ford,2021.0,4.0,France,F-150 Lightning,Suv,Electric,54096.0,431482.0,90.0,1.77,1.19,3.57,10,2999.0
1432,Toyota,2018.0,4.0,Australia,Corolla,Sedan,Electric,35458.0,385343.0,26.0,1.52,3.02,4.39,10,879.0
1433,Toyota,2019.0,7.0,USA,Yaris,Sedan,Hybrid,57003.0,270401.0,31.0,1.03,2.38,4.58,2,2032.0
1434,Audi,2015.0,3.0,Netherlands,Q8,Suv,Hybrid,63848.0,113982.0,17.0,2.02,2.41,3.28,8,136.0
1435,Ford,2019.0,2.0,China,Mustang Mach-E,Suv,Electric,75823.0,570385.0,106.0,1.17,5.89,3.67,8,369.0
1436,Volkswagen,2017.0,5.0,Netherlands,Golf,Sedan,Petrol,25633.0,571969.0,16.0,2.0,1.73,3.3,6,2779.0
1437,Tesla,2016.0,10.0,Australia,Model S,Suv,Electric,53815.0,53312.0,20.0,1.52,3.25,4.09,8,1829.0
1438,Porsche,2022.0,12.0,Canada,Macan EV,Suv,Hybrid,92487.0,259035.0,11.0,1.26,2.6,3.93,2,123.0
1439,Porsche,2024.0,12.0,USA,Cayenne Coupe,Suv,Hybrid,131538.0,186578.0,8.0,0.97,2.3,4.48,10,64.0
1440,Ford,2023.0,2.0,Brazil,Mustang,Sedan,Electric,40215.0,704813.0,95.0,1.11,3.32,10.52,8,277.0
1441,Audi,2022.0,2.0,China,A3,Sedan,Petrol,62299.0,490311.0,6.0,1.01,6.16,3.61,5,1185.0
1442,Porsche,2022.0,7.0,USA,GTS,Sedan,Hybrid,112314.0,108573.0,14.0,0.94,2.1,4.37,6,403.0
1443,Tesla,2018.0,12.0,Australia,Cybertruck,Suv,Electric,72549.0,169604.0,17.0,1.7,2.54,4.36,2,490.0
1444,Porsche,2022.0,4.0,France,718,Sedan,Petrol,115510.0,343460.0,28.0,1.75,1.18,3.6,5,7.0
1445,BMW,2023.0,4.0,UK,5 Series,Suv,Diesel,65232.0,400514.0,135.0,1.8237052687447524,1.0311340828845117,5.091000095225531,10,319.0
1446,BMW,2018.0,8.0,India,i7,Sedan,Diesel,57504.0,304043.0,21.0,1.0364153765888393,6.724615611843852,6.423300214302508,3,387.0
1447,Porsche,2020.0,11.0,Italy,Cayenne,Suv,Petrol,162558.0,230047.0,22.0,1.8,0.82,3.49,3,414.0
1448,Porsche,2023.0,5.0,Spain,Macan,Suv,Hybrid,132992.0,337450.0,9.0,1.83,1.11,3.79,10,39.0
1449,Porsche,2021.0,3.0,Canada,Macan,Suv,Hybrid,143396.5,215594.0,16.5,1.35,2.22,3.94,6,14.0
1450,Mercedes-Benz,2018.0,12.0,Germany,A-Class,Sedan,Hybrid,110958.0,501623.0,63.0,1.83,1.75,3.15,10,662.0
1451,Porsche,2021.0,10.0,UK,GTS,Sedan,Electric,105532.0,387441.0,16.0,1.8,1.38,4.7,9,8.0
1452,Audi,2023.0,3.0,UK,Q8,Suv,Petrol,91971.0,393570.0,56.0,1.95,1.55,5.06,1,272.0
1453,Porsche,2022.0,4.0,India,911,Sedan,Electric,72454.0,91220.0,26.0,1.12,6.87,6.47,1,160.0
1454,Volkswagen,2016.0,9.0,Brazil,T-Roc,Suv,Petrol,45831.0,427941.0,54.0,1.2,3.76,10.76,5,570.0
1455,Mercedes-Benz,2023.0,7.0,China,C-Class,Sedan,Diesel,81639.0,186157.0,29.0,1.1160168183461843,6.27,3.34,6,1018.0
1456,Mercedes-Benz,2021.0,5.0,Canada,GLE,Suv,Petrol,89823.0,119120.0,62.0,1.34,2.35,3.85,1,243.0
1457,Volkswagen,2022.0,7.0,Japan,ID.3,Suv,Hybrid,33211.0,235636.0,10.0,1.4,1.47,0.3,2,909.0
1458,BMW,2021.0,1.0,Canada,iX,Sedan,Electric,109694.0,258137.0,148.0,1.2164343334952856,1.965046428325004,3.712566976618548,8,410.0
1459,Toyota,2024.0,5.0,Germany,bZ4X,Suv,Electric,69158.0,612674.0,97.0,1.82,1.63,2.95,10,2859.0
1460,Tesla,2021.0,2.0,Brazil,Model 3,Suv,Electric,42680.0,116469.0,11.0,1.25,3.39,10.41,8,400.0
1461,BMW,2023.0,7.0,Germany,X5,Sedan,Petrol,74346.0,70045.0,235.0,1.95215700972338,1.4195942459383015,3.127946872333797,7,773.0
1462,Ford,2015.0,6.0,India,Bronco,Suv,Petrol,32200.0,340201.0,106.0,1.05,7.31,6.74,3,2620.0
1463,Ford,2018.0,2.0,USA,Expedition,Suv,Hybrid,91955.0,771463.0,46.0,0.89,2.72,4.59,3,2739.0
1464,BMW,2017.0,4.0,UK,7 Series,Sedan,Diesel,79439.0,484352.0,11.0,1.86724596640336,1.9472833396118152,4.792010841869648,7,420.0
1465,Ford,2024.0,4.0,France,Mustang,Sedan,Hybrid,58679.0,129491.0,38.0,1.86,1.85,3.62,1,717.0
1466,BMW,2022.0,9.0,France,5 Series,Suv,Hybrid,64831.0,107939.0,84.0,1.8005440780184958,1.401377874164142,3.648565628105751,2,450.0
1467,Toyota,2021.0,3.0,Spain,Supra,Sedan,Electric,20190.0,599474.0,68.0,1.73,1.75,3.54,5,2059.0
1468,BMW,2018.0,6.0,USA,X7,Sedan,Electric,94470.0,153475.0,268.0,0.8853724150552327,2.522576599336745,4.379739406772324,9,733.0
1469,Ford,2021.0,4.0,Australia,Expedition,Suv,Electric,82493.0,223984.0,66.0,1.66,3.31,4.0,8,1754.0
1470,Tesla,2016.0,10.0,UK,Model 3,Suv,Electric,102935.0,270738.0,9.0,1.77,1.43,4.93,7,1522.0
1471,BMW,2020.0,11.0,Germany,i4,Suv,Electric,116418.0,261655.0,323.0,1.808173723253296,1.795,2.8153734112852025,9,654.0
1472,BMW,2019.0,1.0,UK,i7,Sedan,Petrol,64265.0,356259.0,31.0,1.7671316499192862,1.2741606665598058,4.747651621393392,6,231.0
1473,BMW,2017.0,10.0,UK,7 Series,Sedan,Diesel,40033.0,349479.0,390.0,1.935302677155449,2.230948695506978,3.1137160506189367,10,1118.0
1474,Volkswagen,2019.0,10.0,Spain,Taos,Suv,Electric,75048.0,571188.0,74.0,1.74,1.18,3.46,4,1859.0
1475,Mercedes-Benz,2023.0,2.0,USA,S-Class,Sedan,Electric,77476.0,364878.0,44.0,1.01,2.93,4.8,2,889.0
1478,BMW,2024.0,4.0,Canada,5 Series,Suv,Hybrid,49175.0,304817.0,264.0,1.3818065041331282,1.83156768512726,4.129494978809253,6,918.0
1479,Ford,2020.0,8.0,UK,Mustang,Sedan,Hybrid,89137.0,235744.0,62.0,1.8,1.37,5.28,10,1856.0
1480,Mercedes-Benz,2018.0,10.0,Spain,GLS,Suv,Diesel,82052.0,93502.0,9.0,1.76,1.37,3.73,5,754.0
1481,Tesla,2015.0,3.0,Mexico,Model 3,Suv,Electric,59416.0,225157.0,6.0,1.03,2.29,11.28,9,2059.0
1482,Volkswagen,2019.0,12.0,India,Taos,Suv,Electric,42391.0,593554.0,89.0,1.01,7.39,6.23,9,2001.0
1483,Audi,2023.0,7.0,UK,Q3,Suv,Diesel,50851.0,494712.0,24.0,1.91,1.83,4.81,4,699.0
1484,Audi,2024.0,4.0,Italy,Q3,Suv,Electric,64269.0,113954.0,8.0,1.89,0.75,3.49,4,202.0
1485,Volkswagen,2017.0,6.0,Canada,Taos,Suv,Petrol,52963.0,235405.0,74.0,1.31,2.34,3.8,10,988.0
1486,Toyota,2021.0,8.0,India,C-HR,Suv,Petrol,49999.0,124740.0,63.0,0.97,7.38,6.69,2,1730.0
1487,Tesla,2017.0,8.0,UK,Semi,Suv,Electric,69078.0,57658.0,20.0,1.05,6.77,6.78,3,911.0
1488,Tesla,2019.0,10.0,UK,Model 3,Suv,Electric,116234.0,132081.0,9.0,1.8,1.66,3.78,9,1370.0
1489,Tesla,2020.0,3.0,Germany,Model Y,Suv,Electric,56866.0,286229.0,35.0,1.85,1.86,3.17,8,111.0
1490,Audi,2021.0,11.0,France,e-tron,Suv,Petrol,65504.0,407767.0,53.0,1.83,1.57,3.67,9,806.0
1491,BMW,2024.0,8.0,Brazil,7 Series,Sedan,Electric,84768.0,257383.0,130.0,1.148386336063106,3.071775806226513,10.60957033273404,6,451.0
1492,BMW,2016.0,9.0,Brazil,X1,Suv,Hybrid,114079.0,89041.0,73.0,1.2924894589884222,3.363629602379294,10.783069249632575,10,396.0
1493,BMW,2020.0,5.0,India,7 Series,Sedan,Electric,109462.0,352666.0,197.0,1.1401857189005098,7.254264973347023,6.751055859287245,1,744.0
1494,Mercedes-Benz,2022.0,6.0,Mexico,C-Class,Sedan,Diesel,50327.0,242383.0,30.0,1.01,1.98,10.86,9,670.0
1495,Audi,2024.0,6.0,Japan,Q5,Suv,Hybrid,83287.0,191494.0,6.0,1.54,1.58,0.38,10,1096.0
1496,Volkswagen,2018.0,3.0,Brazil,T-Roc,Suv,Electric,69708.0,298404.0,45.0,1.27,3.24,10.64,9,1513.0
1497,Toyota,2023.0,12.0,Canada,C-HR,Suv,Hybrid,24901.0,286278.0,48.0,1.28,2.69,3.83,9,1665.0
1498,Porsche,2021.0,2.0,China,Cayenne,Suv,Hybrid,187638.0,293572.0,12.0,1.18,6.19,3.28,4,210.0
1500,Porsche,2023.0,5.0,UK,Cayenne Coupe,Suv,Hybrid,173951.0,254673.0,11.0,1.87,1.17,5.22,5,46.0
1501,Volkswagen,2022.0,1.0,Brazil,Touareg,Suv,Hybrid,25612.0,193443.0,11.0,1.15,3.16,10.3,8,233.0
1502,Ford,2016.0,9.0,Germany,Escape,Suv,Electric,64144.0,716665.0,64.0,1.92,1.9,3.09,9,2420.0
1503,Volkswagen,2024.0,3.0,Australia,ID.3,Suv,Diesel,40880.0,270548.0,85.0,1.6,3.09,4.5,8,1214.0
1504,Mercedes-Benz,2022.0,12.0,UK,E-Class,Sedan,Petrol,72137.0,186767.0,54.0,1.81,1.83,4.7,7,451.0
1505,Mercedes-Benz,2020.0,10.0,Brazil,A-Class,Sedan,Diesel,101045.0,308045.0,8.0,1.23,3.47,10.76,6,566.0
1506,Toyota,2020.0,11.0,Germany,Yaris,Sedan,Electric,55979.0,404501.0,18.0,1.82,1.93,3.16,1,2000.0
1507,BMW,2021.0,2.0,India,5 Series,Suv,Electric,110163.0,485497.0,394.0,1.099087894836866,7.037106541818548,6.552104670812527,8,1237.0
1508,Mercedes-Benz,2018.0,6.0,UK,GLE,Suv,Diesel,59802.0,293290.0,63.0,1.94,1.52,4.81,2,106.0
1509,Ford,2021.0,11.0,Australia,Ranger,Suv,Electric,32607.0,440483.0,11.0,1.52,2.87,4.33,3,2533.0
1510,Ford,2019.0,12.0,Canada,Escape,Suv,Electric,52840.0,616250.0,105.0,1.32,1.96,3.9,7,1136.0
1511,Volkswagen,2024.0,10.0,Brazil,Polo,Sedan,Diesel,71934.0,262110.0,39.0,1.26,3.12,10.49,5,1002.0
1513,Mercedes-Benz,2016.0,2.0,Mexico,CLA,Sedan,Petrol,92371.0,485446.0,20.0,1.11,2.19,10.89,8,997.0
1514,Toyota,2019.0,1.0,Italy,C-HR,Suv,Hybrid,46494.0,472965.0,84.0,1.77,1.22,3.42,10,2385.0
1515,Tesla,2021.0,4.0,China,Model Y,Suv,Electric,47439.0,189793.0,14.0,1.03,5.51,3.79,1,1583.0
1516,Ford,2018.0,3.0,Germany,Ranger,Suv,Hybrid,24105.0,303277.0,19.0,1.9,2.26,3.13,1,261.0
1517,Ford,2022.0,11.0,Italy,Bronco,Suv,Hybrid,33114.0,568705.0,35.0,1.89,1.21,3.65,3,3106.0
1518,BMW,2017.0,8.0,UK,iX,Sedan,Hybrid,71993.0,81556.0,240.0,1.9462594180994488,1.2601577909620512,5.138492578988438,2,766.0
1519,Porsche,2016.0,11.0,Australia,GTS,Sedan,Electric,184710.0,293456.0,25.0,1.54,2.88,3.96,5,47.0
1520,Mercedes-Benz,2023.0,4.0,Australia,EQS,Suv,Electric,105764.0,175966.0,55.0,1.67,3.08,4.47,3,557.0
1521,Volkswagen,2023.0,9.0,UK,Polo,Sedan,Electric,46564.0,465793.0,18.0,1.76,1.03,4.73,1,2597.0
1522,Mercedes-Benz,2021.0,4.0,France,A-Class,Sedan,Hybrid,80188.0,240384.0,11.0,1.73,2.05,3.38,5,325.0
1523,Tesla,2023.0,8.0,Germany,Model 3,Suv,Electric,104630.0,291368.0,32.0,1.81,1.62,2.72,8,117.0
1524,BMW,2023.0,1.0,Brazil,X1,Suv,Electric,61478.0,331366.0,33.0,1.1374087497115046,3.279979093660284,10.661695759915162,7,360.0
1525,Toyota,2017.0,4.0,Netherlands,Prius,Suv,Petrol,85978.0,78688.0,76.0,2.05,2.55,3.35,5,2193.0
1526,Mercedes-Benz,2021.0,11.0,India,S-Class,Sedan,Hybrid,39288.0,471832.0,30.0,1.04,7.23,6.61,3,822.0
1527,Volkswagen,2023.0,11.0,USA,ID.3,Suv,Hybrid,32538.0,127382.0,51.0,1.0,2.62,4.47,2,169.0
1528,Tesla,2015.0,1.0,Canada,Semi,Suv,Electric,76376.0,33162.0,25.0,1.3,2.31,4.0,2,274.0
1529,Mercedes-Benz,2021.0,10.0,Canada,EQE,Suv,Petrol,72495.0,185427.0,37.0,1.33,2.21,3.79,5,274.0
1530,Porsche,2016.0,10.0,China,718,Sedan,Petrol,90895.0,81882.0,12.0,1.15,6.48,3.6,4,425.0
1532,Volkswagen,2017.0,4.0,Netherlands,T-Roc,Suv,Hybrid,35391.0,260503.0,65.0,2.0,2.09,3.78,8,2537.0
1533,BMW,2017.0,7.0,India,iX,Sedan,Diesel,96822.0,227169.0,302.0,1.0004873888688042,7.247470938133756,6.222009921734359,2,941.0
1534,Porsche,2020.0,1.0,China,Panamera,Sedan,Electric,188775.0,331891.0,19.0,1.02,5.77,3.45,6,454.0
1535,Mercedes-Benz,2018.0,2.0,Italy,GLE,Suv,Diesel,113647.0,208269.0,37.0,1.8,0.98,3.39,3,293.0
1536,Tesla,2018.0,9.0,Japan,Model S Plaid,Suv,Electric,59202.0,155894.0,37.0,1.43,1.12,-0.2,7,1441.0
1538,Toyota,2018.0,10.0,France,Supra,Sedan,Electric,20755.0,615801.0,77.0,1.89,2.08,3.5,6,734.0
1539,Porsche,2015.0,8.0,USA,GTS,Sedan,Petrol,92511.0,99120.0,29.0,0.98,2.52,4.63,2,435.0
1540,Mercedes-Benz,2023.0,6.0,Canada,S-Class,Sedan,Electric,77629.0,315031.0,38.0,1.38,2.02,3.75,8,698.0
1541,Volkswagen,2023.0,3.0,France,T-Roc,Suv,Electric,26200.0,234605.0,87.0,1.9,1.66,3.41,2,416.0
1542,Porsche,2023.0,9.0,Netherlands,GTS,Sedan,Petrol,183144.0,133015.0,9.0,2.1,1.7,3.38,7,76.0
1543,Tesla,2019.0,11.0,China,Cybertruck,Suv,Electric,102103.0,27573.0,32.0,1.13,5.64,3.37,9,136.0
1544,Mercedes-Benz,2023.0,8.0,UK,GLE,Suv,Electric,70560.0,212693.0,23.0,1.95,1.64,5.13,5,1278.0
1545,Audi,2021.0,9.0,Italy,Q3,Suv,Electric,95778.0,430179.0,37.0,1.87,0.83,3.73,2,948.0
1546,Mercedes-Benz,2016.0,3.0,Spain,EQS,Suv,Diesel,123804.0,340886.0,26.0,1.69,1.19,3.4,1,1137.0
1547,Audi,2018.0,8.0,USA,A3,Sedan,Hybrid,74964.0,137846.0,56.0,1.04,2.11,4.5,6,461.0
1548,BMW,2023.0,1.0,UK,i7,Sedan,Hybrid,63379.0,104633.0,91.0,1.807885362273701,2.287668007996647,3.266435603811968,5,466.0
1549,Porsche,2024.0,12.0,Canada,Taycan,Suv,Petrol,179306.0,264845.0,26.0,1.21,2.65,3.74,3,390.0
1550,Porsche,2016.0,6.0,China,718,Sedan,Electric,62147.0,176465.0,26.0,1.1,6.04,3.74,8,380.0
1551,Mercedes-Benz,2021.0,9.0,France,E-Class,Sedan,Diesel,119093.0,314211.0,57.0,1.83,1.77,3.68,9,769.0
1552,Porsche,2021.0,7.0,India,Macan EV,Suv,Hybrid,92842.0,169857.0,21.0,1.07,6.51,6.6,10,271.0
1553,Porsche,2016.0,2.0,India,Cayenne,Suv,Electric,89120.0,276101.0,9.0,1.1,6.59,6.35,3,77.0
1554,Audi,2020.0,6.0,Australia,RS6,Sedan,Hybrid,76089.0,392975.0,16.0,1.55,3.36,4.05,1,535.0
1555,Ford,2016.0,6.0,Mexico,Ranger,Suv,Petrol,80197.0,223362.0,41.0,1.02,2.31,11.18,10,445.0
1556,Porsche,2016.0,1.0,France,GTS,Sedan,Electric,111846.0,178188.0,9.0,1.86,2.0,3.57,7,255.0
1557,Toyota,2022.0,8.0,China,Land Cruiser,Suv,Petrol,89823.0,684338.0,46.0,1.16,6.26,3.38,7,788.0
1558,Mercedes-Benz,2022.0,2.0,Australia,E-Class,Sedan,Electric,108843.0,473563.0,46.0,1.63,2.89,4.03,2,1256.0
1559,Porsche,2021.0,7.0,UK,Panamera Sport,Sedan,Electric,67709.0,382680.0,6.0,1.84,1.72,3.14,10,191.0
1560,BMW,2023.0,3.0,China,i7,Sedan,Diesel,50540.0,348276.0,355.0,1.00610004998781,5.786541252128284,3.5544999563414064,5,1177.0
1561,Toyota,2021.0,4.0,UK,Highlander,Suv,Petrol,48271.0,634091.0,17.0,1.81,1.83,4.89,9,2528.0
1562,Audi,2016.0,2.0,Spain,Q7,Suv,Petrol,71783.0,412902.0,25.0,1.83,1.56,3.67,4,274.0
1563,Audi,2023.0,3.0,Japan,RS6,Sedan,Electric,46447.0,296814.0,48.0,1.42,1.22,0.01,5,347.0
1564,Mercedes-Benz,2019.0,12.0,Germany,CLA,Sedan,Petrol,123120.0,532120.0,13.0,1.92,1.66,2.87,6,241.0
1565,Volkswagen,2015.0,2.0,Brazil,ID.3,Suv,Diesel,70547.0,499223.0,82.0,1.19,3.5,10.32,3,2765.0
1566,Audi,2015.0,10.0,China,Q7,Suv,Petrol,94392.0,424752.0,22.0,1.11,5.86,3.21,3,635.0
1567,Audi,2020.0,3.0,India,A4,Sedan,Hybrid,111366.0,490383.0,35.0,1.06,7.27,6.64,1,543.0
1568,Ford,2019.0,10.0,Spain,Explorer,Suv,Electric,47944.0,372364.0,91.0,1.67,1.09,3.63,7,778.0
1569,Porsche,2020.0,10.0,UK,718,Sedan,Electric,120388.0,91548.0,14.0,1.92,1.67,5.01,3,242.0
1570,Mercedes-Benz,2019.0,3.0,Australia,EQE,Suv,Diesel,53797.0,206235.0,19.0,1.62,2.96,4.39,4,100.0
1572,Porsche,2016.0,7.0,Spain,GTS,Sedan,Petrol,90049.0,340590.0,21.0,1.77,0.92,3.33,4,387.0
1574,Volkswagen,2016.0,6.0,Germany,Golf,Sedan,Electric,50484.0,550227.0,11.0,1.95,2.24,2.78,4,370.0
1575,Ford,2021.0,4.0,Canada,Mustang,Sedan,Petrol,66785.0,772286.0,84.0,1.23,2.69,3.92,4,1808.0
1576,BMW,2021.0,10.0,China,5 Series,Suv,Electric,54023.0,208272.0,83.0,1.1878135397025793,6.3747016726842,3.517362280416328,6,475.0
1577,Audi,2024.0,10.0,Mexico,A4,Sedan,Petrol,46658.0,326616.0,29.0,1.13,1.51,11.29,2,72.0
1578,Tesla,2023.0,4.0,Australia,Cybertruck,Suv,Electric,78980.0,158286.0,38.0,1.67,3.5,4.04,10,1352.0
1579,Porsche,2021.0,6.0,Brazil,Cayenne,Suv,Hybrid,102851.0,227367.0,19.0,1.21,3.56,10.37,1,440.0
1580,Mercedes-Benz,2015.0,1.0,Australia,E-Class,Sedan,Petrol,108979.0,579903.0,12.0,1.57,2.98,4.18,3,558.0
1581,Porsche,2024.0,5.0,Brazil,Panamera Sport,Sedan,Electric,125991.0,106485.0,11.0,1.11,3.78,10.64,9,382.0
1582,Volkswagen,2023.0,11.0,Canada,T-Roc,Suv,Diesel,64808.0,440595.0,61.0,1.32,2.31,3.71,5,2534.0
1583,Porsche,2015.0,9.0,Germany,Taycan,Suv,Electric,185410.0,321581.0,25.0,1.84,2.28,3.15,10,391.0
1584,Volkswagen,2018.0,12.0,Australia,Arteon,Sedan,Petrol,32484.0,565528.0,19.0,1.56,2.62,4.34,9,2498.0
1585,Mercedes-Benz,2021.0,8.0,Netherlands,A-Class,Sedan,Hybrid,120983.0,595427.0,17.0,1.98,2.27,3.49,6,474.0
1586,BMW,2021.0,10.0,UK,iX,Sedan,Electric,107227.0,422684.0,79.0,1.8235068844583064,1.398663027772313,4.787824395297349,9,380.0
1587,Toyota,2021.0,4.0,Mexico,Corolla,Sedan,Petrol,21370.0,392363.0,49.0,1.07,2.23,10.81,4,558.0
1588,Porsche,2018.0,6.0,Australia,Cayenne Coupe,Suv,Hybrid,146148.0,326043.0,14.0,1.67,2.56,4.5,8,235.0
1589,Tesla,2017.0,1.0,France,Model S Plaid,Suv,Electric,101567.0,21111.0,12.0,1.74,1.52,3.78,6,2276.0
1590,Tesla,2015.0,4.0,China,Model X Plaid,Suv,Electric,40973.0,209515.0,21.0,1.16,6.0,3.33,7,2193.0
1591,Porsche,2024.0,6.0,USA,Macan EV,Suv,Electric,113272.0,379621.0,22.0,0.9,2.67,4.52,10,285.0
1592,Mercedes-Benz,2019.0,8.0,Japan,EQS,Suv,Hybrid,91783.0,108401.0,62.0,1.51,1.49,0.22,3,936.0
1593,Toyota,2024.0,8.0,Netherlands,Highlander,Suv,Hybrid,47488.0,226298.0,34.0,1.91,2.57,3.41,1,2403.0
1594,Toyota,2020.0,4.0,Spain,Camry,Sedan,Electric,27173.0,629105.0,79.0,1.7,1.05,3.49,5,2988.0
1595,Tesla,2020.0,4.0,Japan,Semi,Suv,Electric,89923.0,275641.0,20.0,1.4,0.92,0.35,10,37.0
1596,Ford,2015.0,12.0,India,Explorer,Suv,Hybrid,37834.0,316899.0,21.0,1.04,6.88,6.2,3,2016.0
1597,BMW,2023.0,2.0,UK,i7,Sedan,Diesel,87116.0,247286.0,318.0,1.809447561541724,1.3012652607600004,5.059014490578655,2,816.0
1598,BMW,2021.0,7.0,China,X7,Sedan,Diesel,68672.0,63440.0,51.0,1.09,6.454051027258722,3.563704780670528,8,187.0
1599,Mercedes-Benz,2017.0,5.0,Brazil,CLA,Sedan,Petrol,127063.0,292866.0,25.0,1.19,3.05,10.62,2,84.0
1600,Ford,2024.0,12.0,Netherlands,Ranger,Suv,Electric,42331.0,719852.0,117.0,2.06,2.57,3.37,3,2735.0
1601,Audi,2016.0,7.0,China,Q8,Suv,Petrol,50204.0,182642.0,34.0,1.03,5.98,3.24,10,613.0
1602,Toyota,2020.0,8.0,Japan,Supra,Sedan,Hybrid,64016.0,179532.0,77.0,1.55,1.62,-0.1,6,1956.0
1603,BMW,2016.0,9.0,USA,X7,Sedan,Electric,118111.0,372245.0,41.0,0.8742538821700774,2.024400781556538,4.722059324340558,3,290.0
1604,BMW,2018.0,8.0,India,7 Series,Sedan,Diesel,79237.0,443922.0,178.0,0.9713753846189488,7.02516338366706,6.625427757033459,7,807.0
1605,Tesla,2022.0,5.0,Germany,Model X,Suv,Electric,40272.0,207602.0,35.0,1.93,2.03,3.3,3,92.0
1606,Porsche,2023.0,9.0,Netherlands,911,Sedan,Petrol,123718.0,319199.0,20.0,1.9,1.77,3.33,7,177.0
1607,Audi,2018.0,11.0,Japan,Q5,Suv,Petrol,84840.0,124818.0,39.0,1.4,1.11,-0.1,4,244.0
1608,Porsche,2024.0,7.0,UK,Panamera,Sedan,Hybrid,121155.0,387167.0,23.0,1.79,1.65,4.87,6,269.0
1609,Toyota,2016.0,6.0,China,Supra,Sedan,Petrol,30828.0,427488.0,94.0,1.07,6.11,3.64,10,1851.0
1610,Ford,2024.0,1.0,Spain,Mustang Mach-E,Suv,Petrol,72428.0,771299.0,18.0,1.73,1.46,3.72,9,3578.0
1611,Tesla,2018.0,1.0,India,Model X,Suv,Electric,96273.0,24634.0,12.0,1.03,6.6,6.33,4,2133.0
1612,BMW,2023.0,1.0,China,i4,Suv,Diesel,62405.0,412579.0,197.0,1.185663712517545,5.870158700255445,3.2092739699173203,5,605.0
1613,Mercedes-Benz,2023.0,12.0,China,EQS,Suv,Hybrid,113167.0,361151.0,8.0,1.09,6.01,3.37,3,1263.0
1614,Ford,2022.0,4.0,Spain,Explorer,Suv,Hybrid,67851.0,69136.0,51.0,1.78,1.3,3.45,1,2814.0
1615,Audi,2018.0,6.0,USA,Q3,Suv,Diesel,42365.0,139396.0,50.0,0.99,2.67,4.6,6,1043.0
1616,Toyota,2024.0,6.0,France,RAV4,Suv,Hybrid,52141.0,318240.0,35.0,1.75,1.43,3.55,9,2690.0
1617,Mercedes-Benz,2017.0,10.0,USA,EQE,Suv,Petrol,68319.0,405268.0,12.0,0.88,2.27,4.73,7,570.0
1618,Toyota,2018.0,1.0,Japan,Camry,Sedan,Hybrid,19095.0,495554.0,18.0,1.53,1.44,-0.04,7,390.0
1619,BMW,2015.0,8.0,Australia,X1,Suv,Diesel,65930.0,320001.0,89.0,1.5984650960002365,2.886540506823028,4.256765277320451,1,301.0
1620,Porsche,2017.0,6.0,China,Panamera Sport,Sedan,Hybrid,190440.0,143150.0,22.0,1.14,6.42,3.7,3,328.0
1621,Mercedes-Benz,2024.0,11.0,Germany,CLA,Sedan,Petrol,121768.0,521438.0,45.0,1.96,2.08,3.21,7,86.0
1622,Tesla,2020.0,8.0,France,Model X,Suv,Electric,82975.0,278458.0,7.0,1.87,1.52,3.28,5,2126.0
1623,Toyota,2022.0,1.0,USA,Prius,Suv,Hybrid,26682.0,380930.0,49.0,0.88,2.83,4.48,9,967.0
1624,Ford,2024.0,8.0,Germany,Mustang Mach-E,Suv,Petrol,27474.0,432743.0,102.0,1.86,2.16,2.82,4,2870.0
1625,Audi,2017.0,8.0,Mexico,RS6,Sedan,Petrol,63190.0,340940.0,27.0,1.09,2.49,11.03,2,38.0
1626,Porsche,2020.0,4.0,USA,Macan,Suv,Electric,179340.0,290986.0,23.0,0.9,2.05,4.22,3,62.0
1627,Ford,2018.0,10.0,Germany,Escape,Suv,Electric,34061.0,740857.0,67.0,1.96,1.75,3.03,10,3906.0
1628,Mercedes-Benz,2020.0,10.0,Italy,E-Class,Sedan,Petrol,128954.0,150088.0,7.0,1.89,0.75,3.7,10,1017.0
1629,Mercedes-Benz,2021.0,6.0,France,EQS,Suv,Electric,47502.0,371531.0,44.0,1.75,1.49,3.77,4,269.0
1630,Mercedes-Benz,2020.0,3.0,Italy,A-Class,Sedan,Hybrid,76273.0,365001.0,33.0,1.87,1.38,3.47,2,81.0
1631,Ford,2019.0,6.0,Spain,Explorer,Suv,Hybrid,49178.0,163063.0,49.0,1.78,1.14,3.68,6,2921.0
1632,Mercedes-Benz,2015.0,3.0,Canada,GLC,Suv,Hybrid,72437.0,252035.0,52.0,1.28,1.83,4.14,1,673.0
1633,Tesla,2018.0,5.0,Netherlands,Model X Plaid,Suv,Electric,113202.0,161646.0,9.0,1.92,2.55,3.25,7,1574.0
1634,Audi,2015.0,11.0,Australia,A3,Sedan,Hybrid,99125.0,188283.0,51.0,1.63,3.44,4.29,10,82.0
1635,Volkswagen,2022.0,8.0,Canada,Polo,Sedan,Electric,34637.0,96123.0,86.0,1.3,1.85,4.28,6,505.0
1636,Mercedes-Benz,2022.0,10.0,Japan,S-Class,Sedan,Hybrid,115593.0,388965.0,56.0,1.4,1.22,0.07,10,358.0
1637,Toyota,2024.0,4.0,Germany,RAV4,Suv,Hybrid,50398.0,227617.0,75.0,1.95,1.43,2.76,7,1482.0
1638,Audi,2016.0,9.0,India,e-tron,Suv,Petrol,95230.0,230232.0,57.0,0.98,6.52,6.42,10,531.0
1639,Tesla,2016.0,10.0,Spain,Model X Plaid,Suv,Electric,40876.0,125578.0,30.0,1.77,1.64,3.79,6,1016.0
1640,Ford,2020.0,10.0,Canada,Edge,Suv,Hybrid,89567.0,139220.0,102.0,1.29,2.64,4.04,6,786.0
1641,Tesla,2019.0,1.0,Mexico,Model X,Suv,Electric,53047.0,58656.0,39.0,1.05,1.63,10.83,10,1148.0
1642,Porsche,2023.0,8.0,Brazil,911,Sedan,Electric,175423.0,115067.0,22.0,1.13,3.75,10.68,6,179.0
1643,Volkswagen,2016.0,8.0,Brazil,Golf,Sedan,Diesel,73352.0,138836.0,89.0,1.2,3.46,10.65,9,2263.0
1644,Porsche,2021.0,5.0,France,911,Sedan,Electric,199729.0,250091.0,11.0,1.88,1.72,3.34,6,358.0
1645,Porsche,2024.0,4.0,Canada,Taycan,Suv,Electric,123101.0,349748.0,4.0,1.37,2.28,3.96,6,299.0
1646,Ford,2016.0,12.0,Brazil,Escape,Suv,Electric,73144.0,736361.0,74.0,1.15,3.22,10.75,2,3453.0
1647,BMW,2023.0,11.0,France,3 Series,Suv,Petrol,63899.0,200862.0,350.0,1.8119511367276768,1.2622334057824791,3.207564511985455,9,1021.0
1648,Volkswagen,2024.0,8.0,Australia,Polo,Sedan,Hybrid,53079.0,191047.0,31.0,1.62,2.86,4.24,1,386.0
1649,Toyota,2020.0,6.0,Italy,Yaris,Sedan,Hybrid,46558.0,88989.0,77.0,1.84,0.69,3.45,10,237.0
1650,Tesla,2020.0,5.0,Japan,Cybertruck,Suv,Electric,86005.0,20531.0,38.0,1.48,1.24,0.04,5,460.0
1653,Tesla,2024.0,3.0,Italy,Model S Plaid,Suv,Electric,42922.0,298106.0,2.0,1.8,0.82,3.7,6,153.0
1654,Porsche,2018.0,9.0,Italy,Macan,Suv,Hybrid,98573.0,114767.0,29.0,1.9,1.05,3.62,8,454.0
1655,Ford,2021.0,11.0,Mexico,Edge,Suv,Electric,54069.0,264140.0,79.0,1.06,2.27,10.76,6,2072.0
1656,Tesla,2020.0,10.0,China,Model S,Suv,Electric,113759.0,181273.0,21.0,1.15,6.28,3.32,1,60.0
1657,Volkswagen,2016.0,7.0,UK,Polo,Sedan,Diesel,72904.0,585945.0,87.0,1.79,1.55,5.05,5,447.0
1658,Audi,2016.0,3.0,Japan,A3,Sedan,Diesel,54470.0,549670.0,20.0,1.51,1.38,0.0,8,1063.0
1659,Toyota,2023.0,11.0,Germany,RAV4,Suv,Hybrid,55365.5,387878.0,76.0,1.97,1.54,3.2,2,189.0
1660,Volkswagen,2021.0,2.0,France,Polo,Sedan,Diesel,66187.0,335654.0,25.0,1.86,1.87,3.36,6,2597.0
1661,Volkswagen,2023.0,6.0,Brazil,ID.3,Suv,Hybrid,49759.0,200766.0,43.0,1.2,3.65,10.42,1,2504.0
1662,Mercedes-Benz,2022.0,3.0,UK,A-Class,Sedan,Petrol,60217.0,360671.0,47.0,1.94,1.81,5.06,5,192.0
1663,Volkswagen,2018.0,2.0,China,Polo,Sedan,Electric,22287.0,201818.0,52.0,1.05,5.73,3.41,7,548.0
1664,Mercedes-Benz,2022.0,6.0,Japan,EQE,Suv,Electric,101815.0,206605.0,59.0,1.49,1.25,-0.17,3,499.0
1665,Ford,2015.0,2.0,Italy,Ranger,Suv,Petrol,60968.0,758971.0,55.0,1.79,0.95,3.47,5,2090.0
1666,Volkswagen,2015.0,12.0,India,Passat,Sedan,Diesel,32369.0,321803.0,77.0,1.05,7.49,6.57,7,1238.0
1667,Ford,2015.0,5.0,India,Mustang Mach-E,Suv,Hybrid,73757.0,564573.0,115.0,0.98,6.91,6.68,5,2542.0
1668,Tesla,2021.0,12.0,France,Cybertruck,Suv,Electric,83278.0,167399.0,17.0,1.74,1.97,3.25,1,345.0
1669,Audi,2022.0,8.0,Mexico,Q7,Suv,Diesel,112415.0,307171.0,25.0,1.02,1.86,10.8,7,245.0
1670,Volkswagen,2021.0,7.0,Japan,T-Roc,Suv,Petrol,39598.0,200357.0,46.0,1.54,1.6,-0.13,2,1018.0
1671,Toyota,2021.0,10.0,Germany,Supra,Sedan,Electric,57804.0,428701.0,75.0,1.9,2.14,3.27,8,814.0
1672,Mercedes-Benz,2023.0,5.0,Netherlands,C-Class,Sedan,Electric,124849.0,189984.0,19.0,2.03,2.53,3.55,9,126.0
1673,BMW,2019.0,1.0,Canada,i4,Suv,Petrol,100449.0,387201.0,314.0,1.3974552258629889,2.0764633668780497,4.186331998469099,10,844.0
1674,Porsche,2018.0,6.0,USA,Macan,Suv,Electric,166988.0,137737.0,27.0,0.91,2.8,4.45,5,79.0
1675,Toyota,2021.0,11.0,France,Camry,Sedan,Electric,65818.0,104893.0,97.0,1.88,1.73,3.69,6,2611.0
1676,BMW,2018.0,5.0,Brazil,X5,Sedan,Petrol,95197.0,395665.0,191.0,1.20786844838313,3.186570058886036,10.735535399093989,2,805.0
1677,Ford,2019.0,1.0,Japan,Expedition,Suv,Electric,38561.0,127639.0,14.0,1.52,0.9,0.05,3,601.0
1678,Porsche,2019.0,1.0,India,911,Sedan,Hybrid,71580.0,208604.0,26.0,1.11,7.06,6.73,8,428.0
1679,Porsche,2023.0,7.0,France,Cayenne Coupe,Suv,Hybrid,103568.0,229013.0,8.0,1.72,1.13,3.41,2,7.0
1681,Ford,2024.0,1.0,Netherlands,F-150,Suv,Hybrid,85743.0,582193.0,21.0,1.94,1.79,3.31,6,71.0
1682,Audi,2020.0,1.0,Australia,A3,Sedan,Electric,38208.0,544319.0,40.0,1.51,2.75,4.35,2,908.0
1683,Audi,2024.0,6.0,Germany,Q5,Suv,Diesel,102757.0,194623.0,51.0,1.82,1.7,2.94,7,489.0
1684,Toyota,2024.0,2.0,Italy,bZ4X,Suv,Hybrid,19861.0,181467.0,71.0,1.76,0.51,3.38,5,2967.0
1687,Ford,2017.0,3.0,Australia,Edge,Suv,Hybrid,51633.0,454609.0,105.0,1.66,3.27,4.2,8,3464.0
1688,Tesla,2016.0,6.0,Canada,Model X Plaid,Suv,Electric,84314.0,259816.0,4.0,1.37,1.86,4.24,8,1308.0
1689,Ford,2019.0,5.0,France,Escape,Suv,Electric,23833.0,87219.0,14.0,1.75,1.55,3.24,1,1942.0
1690,Porsche,2019.0,9.0,India,Cayenne Coupe,Suv,Hybrid,168668.0,337829.0,9.0,1.12,6.62,6.71,6,272.0
1691,Tesla,2023.0,9.0,Japan,Model X,Suv,Electric,74286.0,271261.0,14.0,1.42,1.22,0.11,5,51.0
1693,Toyota,2024.0,6.0,Australia,bZ4X,Suv,Hybrid,19107.0,498483.0,30.0,1.65,2.97,4.27,5,2581.0
1694,Audi,2020.0,9.0,Japan,A3,Sedan,Diesel,74923.0,338208.0,11.0,1.49,1.49,0.19,9,1011.0
1695,Audi,2016.0,10.0,China,Q5,Suv,Hybrid,112534.0,225613.0,22.0,1.0950000000000002,5.88,3.2,6,659.0
1696,BMW,2017.0,2.0,China,X5,Sedan,Diesel,80349.0,242718.0,278.0,1.0646743124231042,6.394190874664118,3.3151203948312458,3,896.0
1697,BMW,2019.0,6.0,Brazil,X5,Sedan,Diesel,108870.0,383245.0,363.0,1.2014469617376784,3.933875017527905,10.38969366298605,1,951.0
1698,Tesla,2020.0,7.0,Germany,Model 3,Suv,Electric,109067.0,228101.0,26.0,1.96,1.76,3.12,10,2494.0
1699,Toyota,2016.0,3.0,Spain,Corolla,Sedan,Petrol,39683.0,201787.0,68.0,1.81,0.88,3.52,6,1682.0
1700,Ford,2023.0,3.0,Mexico,Mustang Mach-E,Suv,Petrol,27952.0,548959.0,31.0,1.15,2.01,11.11,3,1604.0
1701,BMW,2024.0,6.0,Canada,iX,Sedan,Electric,63931.0,314140.0,184.5,1.3794220519905154,2.049209574612661,4.135573407322144,4,307.0
1702,Audi,2017.0,10.0,Netherlands,RS6,Sedan,Petrol,55351.0,349683.0,41.0,2.0,2.48,3.79,5,482.0
1703,Toyota,2021.0,1.0,UK,Prius,Suv,Hybrid,22905.0,239372.0,38.0,1.88,1.17,5.0,9,1331.0
1704,Audi,2024.0,7.0,Brazil,Q5,Suv,Hybrid,95262.0,526825.0,57.0,1.25,3.95,10.22,5,516.0
1705,BMW,2024.0,7.0,USA,X5,Sedan,Petrol,76979.0,267508.0,310.0,0.954271400455414,2.7682734138645184,4.4506600693004,7,630.0
1706,Porsche,2023.0,11.0,India,718,Sedan,Hybrid,104133.0,190768.0,26.0,0.97,6.6,6.39,1,291.0
1707,Audi,2022.0,1.0,China,Q5,Suv,Petrol,45011.0,477189.0,41.0,1.18,5.78,3.37,4,932.0
1708,Porsche,2024.0,2.0,UK,Cayenne Coupe,Suv,Petrol,63222.0,280113.0,13.0,1.87,1.2,4.84,8,334.0
1709,Porsche,2022.0,2.0,Canada,GTS,Sedan,Hybrid,144278.0,283064.0,18.0,1.21,1.84,4.24,10,362.0
1710,Audi,2020.0,8.0,Netherlands,A3,Sedan,Petrol,33902.0,481841.0,12.0,1.97,2.2,3.47,3,625.0
1711,Volkswagen,2018.0,11.0,Germany,Taos,Suv,Petrol,55199.0,201179.0,75.0,1.95,2.1,2.71,7,2228.0
1713,Volkswagen,2020.0,6.0,Germany,Golf,Sedan,Electric,47663.0,342793.0,51.0,1.91,1.98,2.71,1,602.0
1714,Volkswagen,2022.0,4.0,Australia,Golf,Sedan,Electric,63272.0,321574.0,15.0,1.61,2.72,4.37,5,2309.0
1715,Volkswagen,2023.0,8.0,Mexico,Polo,Sedan,Electric,68201.0,322652.0,30.0,1.14,1.54,10.73,5,904.0
1716,Audi,2020.0,3.0,UK,Q8,Suv,Diesel,69077.0,234554.0,4.0,1.81,1.34,4.7,6,635.0
1717,BMW,2024.0,8.0,Brazil,i7,Sedan,Electric,62856.0,177536.0,368.0,1.190439805656687,3.0393435406685096,10.273265948406015,4,869.0
1718,Volkswagen,2018.0,9.0,China,Taos,Suv,Hybrid,48926.0,240468.0,81.0,1.02,5.72,3.65,1,2526.0
1719,Audi,2018.0,7.0,UK,A4,Sedan,Electric,43893.0,67884.0,16.0,0.92,2.24,4.64,2,933.0
1720,Porsche,2017.0,5.0,Italy,Macan EV,Suv,Hybrid,173933.0,365131.0,18.0,1.84,0.97,3.5,5,96.0
1721,Volkswagen,2015.0,3.0,India,Passat,Sedan,Electric,52331.0,264331.0,16.0,0.97,6.67,6.58,3,2715.0
1722,Toyota,2021.0,1.0,Mexico,Supra,Sedan,Petrol,25555.0,57976.0,36.0,1.2,2.05,10.88,6,1217.0
1723,Toyota,2015.0,4.0,Spain,C-HR,Suv,Petrol,85197.0,461172.0,12.0,1.81,1.25,3.78,1,2003.0
1724,BMW,2018.0,4.0,Germany,5 Series,Suv,Electric,38174.0,431186.0,40.0,1.8093703817055204,1.3001346930044853,3.006677483542338,9,420.0
1725,Audi,2021.0,11.0,China,Q7,Suv,Electric,47472.0,114494.0,50.0,1.19,5.58,3.41,7,1128.0
1726,BMW,2024.0,12.0,Brazil,3 Series,Suv,Electric,64709.0,292599.0,11.0,1.2,3.480761175756275,10.59820269921759,1,130.0
1727,Porsche,2018.0,11.0,India,Cayenne,Suv,Electric,65996.0,218111.0,8.0,1.09,6.83,6.52,5,213.0
1728,Volkswagen,2018.0,3.0,UK,Golf,Sedan,Electric,26817.0,337983.0,75.0,1.92,1.05,5.0,5,2125.0
1729,Toyota,2015.0,2.0,Germany,Yaris,Sedan,Hybrid,55687.0,63643.0,30.0,2.0,2.0,2.83,4,1379.0
1730,Audi,2020.0,8.0,China,Q7,Suv,Diesel,44054.0,69741.0,37.0,1.06,6.04,3.67,2,640.0
1731,Volkswagen,2017.0,12.0,Italy,Passat,Sedan,Petrol,68703.0,237470.0,62.0,1.92,1.11,3.35,8,2657.0
1732,Mercedes-Benz,2021.0,4.0,Brazil,GLS,Suv,Hybrid,125453.0,339037.0,54.0,1.22,3.04,10.39,7,720.0
1733,Porsche,2020.0,8.0,Italy,Macan EV,Suv,Hybrid,105704.0,336638.0,26.0,1.94,1.42,3.48,2,28.0
1734,Porsche,2019.0,5.0,Canada,Cayenne,Suv,Electric,123241.0,120528.0,24.0,1.3,2.64,4.05,7,265.0
1735,Volkswagen,2020.0,2.0,Spain,Golf,Sedan,Electric,47060.0,240688.0,60.0,1.78,1.225,3.58,1,1064.0
1736,Ford,2024.0,9.0,France,Mustang Mach-E,Suv,Petrol,59945.0,476007.0,111.0,1.75,1.27,3.68,4,3092.0
1738,Toyota,2021.0,6.0,France,Highlander,Suv,Hybrid,45864.0,524781.0,19.0,1.75,1.54,3.44,2,1880.0
1739,Ford,2020.0,3.0,Brazil,Escape,Suv,Petrol,56894.0,185110.0,79.0,1.25,3.96,10.62,9,654.0
1740,Audi,2021.0,8.0,Italy,Q7,Suv,Petrol,38729.0,507544.0,30.0,1.88,1.47,3.79,10,547.0
1741,Mercedes-Benz,2019.0,3.0,UK,C-Class,Sedan,Petrol,47285.0,585461.0,50.0,1.91,1.44,4.87,10,1258.0
1742,Ford,2019.0,5.0,Canada,Edge,Suv,Hybrid,59038.5,352586.0,97.0,1.22,2.39,3.76,5,1201.0
1743,Toyota,2018.0,5.0,Japan,Camry,Sedan,Petrol,38202.0,439303.0,74.0,1.55,1.63,0.05,9,2488.0
1744,Mercedes-Benz,2023.0,12.0,Germany,S-Class,Sedan,Electric,56393.0,186126.0,9.0,1.88,1.86,2.87,4,259.0
1745,Porsche,2017.0,2.0,Australia,911,Sedan,Petrol,73677.0,232978.0,4.0,1.59,3.14,4.1,7,316.0
1746,Mercedes-Benz,2019.0,12.0,India,GLS,Suv,Hybrid,60684.0,515873.0,30.0,1.09,7.32,6.31,5,1080.0
1748,Toyota,2017.0,2.0,Japan,Highlander,Suv,Hybrid,53388.0,463628.0,47.0,1.54,0.92,0.26,4,1069.0
1749,Ford,2016.0,8.0,UK,Ranger,Suv,Electric,32763.0,472482.0,90.0,1.95,1.89,4.79,1,3623.0
1750,Ford,2021.0,8.0,India,F-150 Lightning,Suv,Hybrid,43119.0,776014.0,74.0,1.13,6.78,6.69,1,1091.0
1751,Audi,2018.0,11.0,Italy,TT,Sedan,Hybrid,75407.0,326276.0,24.0,1.77,1.08,3.43,5,975.0
1752,Tesla,2018.0,2.0,Mexico,Model X Plaid,Suv,Electric,97848.0,248667.0,36.0,1.03,1.78,11.06,8,1872.0
1753,Tesla,2024.0,8.0,France,Model X Plaid,Suv,Electric,64652.0,281110.0,2.0,1.83,1.58,3.44,3,567.0
1754,Volkswagen,2021.0,7.0,UK,T-Roc,Suv,Hybrid,43900.0,395306.0,59.0,1.94,1.18,5.05,5,1180.0
1755,Porsche,2018.0,2.0,France,GTS,Sedan,Electric,155493.0,155617.0,22.0,1.74,1.96,3.37,9,231.0
1756,Ford,2018.0,8.0,Canada,Expedition,Suv,Petrol,35986.0,787166.0,29.0,1.33,2.67,4.14,8,3100.0
1757,BMW,2019.0,1.0,Germany,i4,Suv,Petrol,75475.0,131268.0,200.0,1.9136617206670945,2.149223410494178,3.094567735380206,3,610.0
1758,Volkswagen,2017.0,10.0,Canada,ID.3,Suv,Electric,48847.0,533458.0,54.0,1.37,2.1,4.18,5,2458.0
1759,Porsche,2024.0,1.0,USA,Cayenne Coupe,Suv,Hybrid,151259.0,281835.0,16.0,0.92,2.8,4.41,2,192.0
1761,Volkswagen,2022.0,12.0,Canada,T-Roc,Suv,Petrol,50034.0,139096.0,85.0,1.29,1.9,3.76,1,650.0
1762,Tesla,2015.0,10.0,Spain,Semi,Suv,Electric,112840.0,85062.0,26.0,1.71,0.82,3.26,4,283.0
1763,Porsche,2015.0,12.0,USA,Taycan,Suv,Hybrid,106794.0,160007.0,7.0,0.94,2.505,4.28,6,203.0
1764,Porsche,2019.0,5.0,Spain,Panamera,Sedan,Hybrid,147472.0,105989.0,22.0,1.66,1.68,3.46,6,354.0
1765,Toyota,2022.0,7.0,USA,Prius,Suv,Petrol,80066.0,476339.0,12.0,0.94,2.73,4.43,10,2580.0
1766,Ford,2019.0,10.0,Mexico,Edge,Suv,Petrol,86520.0,176327.0,50.0,1.06,2.22,10.88,10,2874.0
1767,Tesla,2015.0,12.0,Mexico,Model Y,Suv,Electric,109414.0,124753.0,37.0,1.12,2.48,11.23,1,2073.0
1768,Ford,2024.0,2.0,Italy,Explorer,Suv,Electric,44126.0,375768.0,74.0,1.83,0.76,3.5,9,795.0
1769,Audi,2018.0,12.0,Spain,A4,Sedan,Hybrid,98248.0,444373.0,23.0,1.82,1.39,3.44,7,1186.0
1770,Mercedes-Benz,2017.0,12.0,USA,GLS,Suv,Petrol,88962.0,143614.0,26.0,0.95,2.56,4.43,4,912.0
1771,Porsche,2020.0,9.0,Australia,Cayenne,Suv,Hybrid,61829.0,210227.0,10.0,1.62,3.0,4.31,1,194.0
1772,Ford,2021.0,4.0,France,Edge,Suv,Petrol,75431.0,708382.0,63.0,1.89,1.91,3.73,9,1851.0
1774,BMW,2021.0,7.0,France,i7,Sedan,Hybrid,115820.0,95689.0,331.0,1.7053022621083245,1.1705687474004298,3.585451566923789,5,1055.0
1775,Ford,2017.0,5.0,USA,Ranger,Suv,Petrol,34345.0,264687.0,41.0,0.95,2.6,4.25,2,3366.0
1776,Ford,2024.0,1.0,Australia,Ranger,Suv,Hybrid,72141.0,645983.0,15.0,1.55,3.13,4.26,6,3556.0
1777,Toyota,2017.0,8.0,Spain,Corolla,Sedan,Electric,60634.0,515133.0,68.0,1.73,1.39,3.28,8,475.0
1779,Volkswagen,2024.0,2.0,Germany,T-Roc,Suv,Hybrid,21958.0,395485.0,87.0,1.92,1.55,2.74,6,2168.0
1780,Porsche,2020.0,11.0,Spain,718,Sedan,Petrol,98264.0,173803.0,22.0,1.73,1.58,3.51,7,74.0
1781,Mercedes-Benz,2017.0,9.0,USA,GLE,Suv,Diesel,62722.0,359772.0,40.0,0.89,2.62,4.25,5,565.0
1782,Toyota,2021.0,2.0,Japan,Yaris,Sedan,Hybrid,21705.0,387922.0,19.0,1.5,1.6,0.1,3,642.0
1783,Audi,2020.0,9.0,China,e-tron,Suv,Petrol,57543.0,117580.0,45.0,1.1,5.76,3.44,1,1023.0
1784,Audi,2023.0,2.0,Germany,Q7,Suv,Diesel,72955.0,338212.0,34.0,1.83,1.49,3.15,8,503.0
1785,Volkswagen,2016.0,2.0,Italy,ID.3,Suv,Diesel,56500.0,427737.0,26.0,1.75,1.12,3.26,3,2586.0
1786,BMW,2024.0,3.0,Canada,iX,Sedan,Petrol,58283.0,396479.0,135.0,1.393964209015709,2.473473125686601,3.77852419643101,6,355.0
1787,Tesla,2018.0,3.0,Australia,Model S,Suv,Electric,48231.0,234388.0,10.0,1.62,3.1,4.49,3,723.0
1788,BMW,2017.0,8.0,Australia,X1,Suv,Electric,82975.0,275192.0,321.0,1.5080218382824966,2.8710387629846026,4.5425897382416345,5,652.0
1789,Mercedes-Benz,2022.0,6.0,Australia,E-Class,Sedan,Petrol,41339.0,515399.0,48.0,1.61,3.19,4.51,4,1227.0
1790,Ford,2016.0,3.0,Germany,Expedition,Suv,Hybrid,31417.0,179031.0,64.0,1.98,1.82,3.14,6,1738.0
1792,Ford,2024.0,6.0,Australia,F-150,Suv,Hybrid,45606.0,295955.0,95.0,1.55,3.07,4.2,6,1740.0
1793,Volkswagen,2018.0,7.0,Canada,Taos,Suv,Diesel,45002.0,219141.0,66.0,1.2,2.39,3.71,9,1296.0
1794,BMW,2016.0,2.0,Japan,5 Series,Suv,Hybrid,42797.0,258606.0,398.0,1.5110863411205255,1.6997176732861303,0.3979821022443432,8,1026.0
1795,Mercedes-Benz,2019.0,2.0,India,E-Class,Sedan,Hybrid,113790.0,127548.0,12.0,1.02,7.45,6.45,1,732.0
1796,BMW,2017.0,1.0,USA,i4,Suv,Hybrid,96816.0,221128.0,30.0,1.0201742135582994,2.858412751843012,4.457396416425011,6,373.0
1797,Toyota,2021.0,3.0,UK,C-HR,Suv,Petrol,45969.0,427898.0,62.0,1.92,1.34,5.12,10,1653.0
1798,Tesla,2020.0,10.0,China,Model S Plaid,Suv,Electric,127604.0,137883.0,38.0,1.14,6.03,3.68,7,1162.0
1799,Mercedes-Benz,2015.0,10.0,Japan,CLA,Sedan,Petrol,86405.0,163946.0,11.0,1.41,1.52,0.26,8,1186.0
1800,Mercedes-Benz,2021.0,11.0,Canada,A-Class,Sedan,Hybrid,128034.0,204869.0,7.0,1.34,2.15,3.76,3,922.0
1801,Audi,2015.0,11.0,France,Q8,Suv,Petrol,82190.0,292325.0,54.0,1.72,1.37,3.75,4,302.0
1802,BMW,2021.0,1.0,Australia,X1,Suv,Petrol,82234.0,315372.0,96.0,1.646398788362281,2.8745401188473627,4.520428583845949,8,324.0
1803,BMW,2015.0,4.0,UK,X3,Suv,Electric,53157.0,107786.0,195.5,1.853665930472748,1.9900538501042635,4.784050409141915,8,667.0
1805,Ford,2018.0,11.0,USA,F-150 Lightning,Suv,Electric,91542.0,98468.0,95.0,1.06,2.9,4.25,10,2889.0
1806,Mercedes-Benz,2024.0,9.0,China,CLA,Sedan,Petrol,39418.0,176606.0,12.0,1.16,6.01,3.55,7,419.0
1807,Tesla,2016.0,5.0,Canada,Model S,Suv,Electric,111517.0,60730.0,5.0,1.27,2.1,3.74,3,1568.0
1808,Volkswagen,2020.0,5.0,Italy,ID.3,Suv,Petrol,45159.0,369116.0,52.0,1.89,1.36,3.32,2,1646.0
1809,Volkswagen,2020.0,2.0,China,Golf,Sedan,Electric,69421.0,340435.0,61.0,1.07,5.78,3.39,1,1359.0
1810,Mercedes-Benz,2017.0,9.0,France,EQS,Suv,Hybrid,91112.0,108021.0,8.0,1.78,1.82,3.53,10,496.0
1811,Ford,2021.0,8.0,Japan,Explorer,Suv,Electric,51813.0,731041.0,55.0,1.44,1.2231501741505977,0.13,4,413.0
1812,Mercedes-Benz,2019.0,8.0,Spain,CLA,Sedan,Petrol,35239.0,132025.0,44.0,1.77,1.79,3.41,2,1046.0
1813,Porsche,2017.0,5.0,Brazil,Cayenne Coupe,Suv,Petrol,73892.0,265204.0,24.0,1.28,3.42,10.53,3,134.0
1814,Tesla,2015.0,9.0,Canada,Model S,Suv,Electric,124127.0,206071.0,21.0,1.27,2.27,3.78,5,2208.0
1815,Toyota,2020.0,4.0,UK,Supra,Sedan,Hybrid,46727.0,584864.0,16.0,1.24,3.3,10.58,10,629.0
1816,Porsche,2024.0,2.0,Germany,Macan,Suv,Electric,199165.0,275052.0,8.0,1.98,2.16,2.77,3,338.0
1817,BMW,2017.0,3.0,China,5 Series,Suv,Hybrid,108755.0,296983.0,243.0,1.079518879592559,5.919727316926123,3.583115568598452,9,578.0
1818,Porsche,2023.0,3.0,India,718,Sedan,Electric,139261.0,398661.0,8.0,1.09,6.63,6.31,1,213.0
1819,Mercedes-Benz,2021.0,12.0,Germany,A-Class,Sedan,Petrol,41591.0,217287.0,27.0,1.95,1.9,3.09,2,1013.0
1820,Tesla,2023.0,12.0,UK,Model X Plaid,Suv,Electric,113274.0,26484.0,13.0,1.83,1.09,5.1,2,263.0
1821,Mercedes-Benz,2024.0,6.0,UK,A-Class,Sedan,Petrol,109561.0,226209.0,38.5,1.75,1.13,3.41,8,1239.0
1822,BMW,2017.0,5.0,USA,X5,Sedan,Petrol,108984.0,210212.0,241.0,1.0482286227396145,2.969878826707639,4.225895947170345,8,472.0
1823,Porsche,2020.0,2.0,Australia,718,Sedan,Petrol,177066.0,161515.0,13.0,1.51,3.37,4.4,9,206.0
1824,Mercedes-Benz,2021.0,7.0,UK,EQS,Suv,Electric,33687.0,427335.0,54.0,1.87,1.16,5.17,2,207.0
1825,BMW,2019.0,7.0,UK,i4,Suv,Diesel,36073.0,132018.0,264.0,1.9164268355915484,1.160759896048308,5.190780214471437,1,880.0
1826,Volkswagen,2018.0,3.0,Germany,Taos,Suv,Diesel,56878.0,477516.0,83.0,1.96,1.93,2.7,2,41.0
1827,Ford,2020.0,1.0,USA,Edge,Suv,Hybrid,70417.0,522140.0,88.0,1.02,2.1,4.3,9,3092.0
1828,Mercedes-Benz,2019.0,5.0,China,A-Class,Sedan,Electric,84069.0,460478.0,53.0,1.08,5.9,3.23,10,1101.0
1830,BMW,2015.0,8.0,China,5 Series,Suv,Hybrid,40583.0,240715.0,29.0,1.0374823888195166,5.57940658464303,3.6388978942042174,6,417.0
1831,Porsche,2019.0,12.0,France,Cayenne Coupe,Suv,Hybrid,98090.0,166294.0,21.0,1.78,1.45,3.64,3,464.0
1832,BMW,2017.0,12.0,USA,X3,Suv,Petrol,100364.0,152877.0,179.0,1.0132301348446386,2.3113076991560035,4.566200269986551,6,639.0
1833,Mercedes-Benz,2019.0,1.0,India,GLE,Suv,Electric,93587.0,526793.0,40.0,1.04,7.49,6.65,2,763.0
1834,Porsche,2023.0,4.0,Mexico,911,Sedan,Hybrid,166707.0,223595.0,12.0,1.11,2.37,10.78,6,412.0
1835,Tesla,2017.0,10.0,Germany,Model 3,Suv,Electric,106270.0,216616.0,4.0,1.98,1.82,3.24,9,2269.0
1836,Porsche,2015.0,12.0,UK,GTS,Sedan,Hybrid,108538.0,212570.0,17.0,1.82,1.21,4.78,8,150.0
1837,Tesla,2015.0,6.0,Japan,Cybertruck,Suv,Electric,39724.0,75068.0,32.0,1.54,1.09,0.14,4,2264.0
1838,Mercedes-Benz,2016.0,1.0,Spain,GLS,Suv,Electric,82322.0,185766.0,55.0,1.7,1.78,3.29,2,950.0
1839,Volkswagen,2016.0,3.0,UK,Polo,Sedan,Electric,49423.0,299730.0,51.0,1.81,1.53,4.92,6,549.0
1840,Ford,2019.0,6.0,Brazil,F-150,Suv,Electric,82494.0,390211.5,111.0,1.2,3.1,10.7,7,195.0
1841,Ford,2015.0,6.0,Australia,Explorer,Suv,Hybrid,43623.0,518126.0,114.0,1.5,3.22,3.95,1,332.0
1843,BMW,2015.0,1.0,China,X5,Sedan,Petrol,83517.0,190021.0,311.0,1.0228191569775869,6.108527272696467,3.409703823252092,8,662.0
1844,Audi,2018.0,1.0,Japan,e-tron,Suv,Electric,38032.0,469171.0,13.0,1.57,1.1,0.15,1,101.0
1845,Ford,2022.0,10.0,India,Mustang Mach-E,Suv,Petrol,23797.0,647071.0,77.0,1.06,7.13,6.73,9,2156.0
1846,Porsche,2021.0,5.0,Brazil,Macan,Suv,Hybrid,155180.0,274656.0,22.0,1.12,3.99,10.24,1,186.0
1847,Toyota,2016.0,12.0,Japan,Land Cruiser,Suv,Electric,78137.0,623178.0,47.0,1.41,0.76,0.36,7,1070.0
1848,Ford,2020.0,8.0,USA,Bronco,Suv,Electric,44400.0,292668.0,54.0,0.87,2.44,4.28,9,3824.0
1849,Tesla,2022.0,12.0,UK,Cybertruck,Suv,Electric,87682.0,48122.0,20.0,1.76,1.32,5.16,1,1014.0
1850,Tesla,2021.0,11.0,Australia,Model Y,Suv,Electric,81653.0,155105.0,27.0,1.56,3.09,4.35,3,2317.0
1851,BMW,2021.0,3.0,Japan,X7,Sedan,Diesel,46350.0,310464.0,270.0,1.5590372389537408,1.2163003483011954,-0.0062261162352524,1,944.0
1852,BMW,2021.0,5.0,UK,X5,Sedan,Diesel,75718.0,290056.0,380.0,1.8338895987914627,1.9464565131504048,5.235534936491884,10,1088.0
1853,Volkswagen,2022.0,8.0,Brazil,Touareg,Suv,Diesel,35891.0,138511.0,16.0,1.29,3.87,10.75,1,453.0
1854,Audi,2020.0,2.0,Germany,Q5,Suv,Hybrid,36813.0,343847.0,22.0,1.97,1.66,2.86,5,1014.0
1855,Porsche,2015.0,11.0,Australia,Panamera Sport,Sedan,Electric,101119.0,102969.0,6.0,1.65,2.68,4.2,5,52.0
1856,Porsche,2023.0,4.0,USA,718,Sedan,Electric,75270.0,291971.0,8.0,1.06,2.35,4.29,4,227.0
1857,Volkswagen,2015.0,9.0,China,Taos,Suv,Electric,66328.0,49938.0,54.0,1.01,6.04,3.37,5,2428.0
1858,Volkswagen,2015.0,5.0,Mexico,Taos,Suv,Hybrid,41985.0,321574.0,60.0,1.18,1.75,10.85,10,118.0
1859,BMW,2020.0,6.0,China,7 Series,Sedan,Diesel,52576.0,84409.0,153.0,1.1108708105022802,6.454865280663194,3.642738150017461,8,728.0
1860,BMW,2015.0,11.0,Germany,5 Series,Suv,Petrol,81032.0,231323.0,10.0,1.845435911404703,1.474881437175959,3.213442355343472,4,247.0
1861,Porsche,2021.0,12.0,Italy,Cayenne Coupe,Suv,Hybrid,186684.0,348196.0,8.0,1.85,1.16,3.79,10,262.0
1862,Volkswagen,2017.0,10.0,Canada,Polo,Sedan,Hybrid,53422.0,228359.0,69.0,1.32,2.07,4.06,7,94.0
1863,Volkswagen,2019.0,12.0,Brazil,Taos,Suv,Diesel,28525.0,329664.0,51.0,1.19,3.99,10.68,6,2754.0
1864,Ford,2015.0,2.0,France,Explorer,Suv,Electric,78092.0,157299.0,30.0,1.74,1.11,3.32,9,3672.0
1865,Toyota,2015.0,2.0,Brazil,Highlander,Suv,Hybrid,30012.0,204812.0,22.0,1.22,3.23,10.29,6,2402.0
1866,BMW,2023.0,6.0,Japan,7 Series,Sedan,Petrol,78315.0,481723.0,288.0,1.4637733636642278,1.6166352358412073,0.0585911323079777,10,869.0
1867,Porsche,2022.0,9.0,Australia,Cayenne Coupe,Suv,Hybrid,77690.0,137814.0,7.0,1.6,2.76,4.22,9,124.0
1868,Toyota,2016.0,9.0,Mexico,bZ4X,Suv,Hybrid,73623.0,502598.0,22.0,1.18,2.27,11.04,7,1990.0
1869,Tesla,2024.0,5.0,Mexico,Model X,Suv,Electric,89547.0,252146.0,11.0,1.13,2.31,11.05,3,2107.0
1871,Audi,2016.0,10.0,France,RS6,Sedan,Diesel,85347.0,178513.0,31.0,1.83,1.97,3.41,3,171.0
1872,Toyota,2024.0,6.0,India,Prius,Suv,Electric,34154.0,274453.0,97.0,1.1,7.06,6.44,4,710.0
1873,BMW,2018.0,1.0,Japan,3 Series,Suv,Petrol,95610.0,73548.0,224.0,1.5588050378540592,1.034905614657086,-0.1164367564019676,8,685.0
1874,Toyota,2015.0,9.0,UK,Yaris,Sedan,Electric,38916.0,441622.0,42.0,1.78,1.65,4.84,1,2336.0
1875,Audi,2018.0,7.0,UK,Q3,Suv,Petrol,93943.0,300954.0,28.0,1.75,1.46,4.97,2,774.0
1876,Porsche,2022.0,5.0,Spain,718,Sedan,Hybrid,129343.0,293709.0,21.0,1.85,1.55,3.64,8,90.0
1877,Toyota,2015.0,7.0,Australia,bZ4X,Suv,Electric,48095.0,510455.0,10.0,1.69,2.64,4.03,4,865.0
1878,Volkswagen,2023.0,8.0,Spain,Taos,Suv,Electric,50842.0,535812.0,49.0,1.8,1.6,3.57,8,60.0
1879,Audi,2015.0,12.0,Japan,Q7,Suv,Electric,100632.0,92670.0,22.0,1.57,1.35,-0.03,7,990.0
1880,Audi,2016.0,1.0,Australia,Q8,Suv,Petrol,33680.0,411047.0,27.0,1.54,3.42,4.31,1,947.0
1882,Toyota,2018.0,3.0,India,Yaris,Sedan,Hybrid,60331.0,258444.0,51.0,1.14,6.86,6.62,8,280.0
1883,BMW,2024.0,5.0,Brazil,X3,Suv,Hybrid,63022.0,90633.0,382.0,1.2390289108095187,3.9877855202148873,10.28186385153404,3,935.0
1884,Tesla,2020.0,3.0,Japan,Model 3,Suv,Electric,39801.0,164091.0,38.0,1.57,1.27,0.38,8,412.0
1885,Audi,2016.0,8.0,Canada,A3,Sedan,Electric,63039.0,420948.0,53.0,1.38,2.34,3.76,2,559.0
1886,Mercedes-Benz,2022.0,12.0,Brazil,CLA,Sedan,Diesel,83831.0,368933.0,56.0,1.19,3.13,10.63,10,1051.0
1887,Audi,2022.0,6.0,China,A6,Sedan,Petrol,87631.0,284438.0,37.0,1.02,5.77,3.27,5,340.0
1888,Ford,2023.0,3.0,UK,Bronco,Suv,Electric,63339.0,432687.0,73.0,1.76,1.38,4.74,8,2669.0
1889,Toyota,2016.0,8.0,China,Highlander,Suv,Electric,19571.0,695795.0,26.0,1.02,5.66,3.52,7,2146.0
1890,Volkswagen,2020.0,5.0,France,Golf,Sedan,Diesel,32468.0,421590.0,21.0,1.81,1.17,3.69,7,1123.0
1891,Ford,2024.0,3.0,Netherlands,Ranger,Suv,Electric,55595.0,656037.0,67.0,2.02,2.4,3.64,5,3948.0
1893,Mercedes-Benz,2017.0,3.0,China,EQS,Suv,Electric,81811.0,67603.0,5.0,1.04,5.6,3.36,8,327.0
1894,Mercedes-Benz,2016.0,12.0,Australia,CLA,Sedan,Diesel,61067.0,196890.0,24.0,1.6,3.01,4.21,6,365.0
1895,Audi,2017.0,9.0,Mexico,TT,Sedan,Electric,102024.0,308580.0,46.0,1.06,2.07,11.29,8,229.0
1896,Porsche,2022.0,1.0,Germany,Cayenne Coupe,Suv,Petrol,60545.0,388590.0,16.0,1.92,1.97,3.18,6,288.0
1897,Tesla,2017.0,3.0,Germany,Model S,Suv,Electric,77773.0,291858.0,33.0,1.94,1.81,3.14,5,296.0
1898,Porsche,2024.0,10.0,Italy,Cayenne Coupe,Suv,Petrol,178041.0,342809.0,25.0,1.92,0.9,3.6,9,335.0
1899,Mercedes-Benz,2020.0,4.0,Canada,GLC,Suv,Electric,60479.0,60131.0,12.0,1.36,2.57,3.84,1,1215.0
1900,Tesla,2015.0,12.0,Italy,Semi,Suv,Electric,120134.0,255228.0,16.0,1.78,0.95,3.31,4,105.0
1901,Toyota,2016.0,4.0,Japan,RAV4,Suv,Electric,46260.0,616906.0,65.0,1.42,1.23,0.37,2,1247.0
1902,Audi,2021.0,3.0,China,Q7,Suv,Electric,42327.0,225800.0,11.0,1.09,5.55,3.46,8,1197.0
1903,Toyota,2018.0,6.0,USA,C-HR,Suv,Hybrid,23376.0,77969.0,21.0,1.0,2.21,4.37,5,1373.0
1905,Ford,2022.0,4.0,Australia,F-150,Suv,Electric,84811.0,736097.0,93.0,1.56,2.73,4.11,8,2385.0
1906,Porsche,2019.0,12.0,Japan,Cayenne,Suv,Petrol,169731.0,395289.0,3.0,1.54,0.94,-0.08,7,401.0
1907,Porsche,2020.0,6.0,Brazil,GTS,Sedan,Petrol,111846.0,139297.0,3.0,1.27,3.33,10.27,9,413.0
1908,Ford,2024.0,12.0,Italy,Ranger,Suv,Electric,48317.0,395392.0,84.0,1.93,0.96,3.22,9,3142.0
1909,Volkswagen,2020.0,10.0,USA,Tiguan,Suv,Petrol,41553.0,170497.0,57.0,0.92,2.01,4.21,10,1118.0
1910,Mercedes-Benz,2019.0,1.0,Spain,EQE,Suv,Diesel,57943.0,448469.0,6.0,1.81,1.43,3.29,1,500.0
1911,Porsche,2019.0,7.0,Germany,Panamera Sport,Sedan,Hybrid,76454.0,212001.0,11.0,1.8,1.93,3.1,2,260.0
1913,Toyota,2022.0,12.0,Germany,bZ4X,Suv,Hybrid,89116.0,431255.0,24.0,1.9,2.02,2.73,5,610.0
1914,Mercedes-Benz,2021.0,3.0,France,EQE,Suv,Diesel,126902.0,95944.0,43.0,1.79,1.48,3.68,5,114.0
1915,BMW,2022.0,6.0,Japan,X1,Suv,Hybrid,106139.0,486442.0,38.0,1.5312957214663006,1.448073179429532,0.2870618728540826,1,407.0
1916,Ford,2022.0,3.0,Australia,Edge,Suv,Hybrid,48637.0,78691.0,54.0,1.52,2.62,3.96,7,3271.0
1917,BMW,2017.0,12.0,China,3 Series,Suv,Petrol,117936.0,291532.0,58.0,1.0794574581120735,6.346452291734519,3.2764931973991893,9,441.0
1918,Audi,2017.0,11.0,Italy,e-tron,Suv,Petrol,90243.0,429384.0,46.0,1.94,0.93,3.21,9,582.0
1919,Porsche,2019.0,11.0,Japan,GTS,Sedan,Petrol,108047.0,164926.0,17.0,1.43,0.9,-0.19,5,224.0
1920,Ford,2022.0,5.0,Netherlands,Edge,Suv,Electric,36021.0,99973.0,77.0,1.96,2.48,3.33,1,1553.0
1921,Toyota,2021.0,10.0,Australia,Highlander,Suv,Petrol,82374.0,78010.0,25.0,1.6,3.19,4.03,2,2276.0
1922,Toyota,2023.0,9.0,France,Corolla,Sedan,Hybrid,63766.0,495571.0,68.0,1.75,1.26,3.33,2,1781.0
1923,Volkswagen,2020.0,8.0,China,Golf,Sedan,Hybrid,76215.0,438544.0,37.0,1.02,6.39,3.36,4,1696.0
1924,Toyota,2023.0,7.0,Germany,Camry,Sedan,Hybrid,55988.0,233377.0,33.0,1.91,2.01,2.72,10,1761.0
1925,Toyota,2016.0,7.0,Canada,Yaris,Sedan,Electric,74204.0,443821.0,56.0,1.4,1.8,3.99,1,1796.0
1926,Porsche,2018.0,6.0,Japan,Cayenne,Suv,Hybrid,113939.0,168721.0,14.0,1.48,1.47,0.35,10,195.0
1927,Audi,2021.0,7.0,Australia,Q8,Suv,Electric,59570.0,469175.0,42.0,1.52,3.23,4.51,5,431.0
1928,Tesla,2016.0,2.0,Brazil,Model Y,Suv,Electric,125098.0,122781.0,25.0,1.11,3.05,10.5,9,1086.0
1929,BMW,2018.0,3.0,Brazil,X3,Suv,Petrol,67966.0,146952.0,224.0,1.2436246152452988,3.764883261542128,10.687791443229656,7,480.0
1930,Toyota,2016.0,11.0,Italy,Camry,Sedan,Petrol,61239.0,128683.0,45.0,1.77,0.85,3.72,7,2915.0
1931,BMW,2017.0,8.0,Japan,3 Series,Suv,Hybrid,65063.0,296060.0,65.0,1.5074791205875846,1.033499171691144,0.0389012161545659,8,245.0
1932,Mercedes-Benz,2017.0,11.0,France,S-Class,Sedan,Diesel,70469.0,250875.0,23.0,1.76,1.42,3.32,10,648.0
1933,Porsche,2024.0,10.0,Japan,Cayenne,Suv,Petrol,161999.0,382522.0,17.0,1.54,1.52,0.33,3,111.0
1934,Tesla,2022.0,5.0,Mexico,Model X,Suv,Electric,91964.0,275333.0,15.0,1.01,2.08,11.28,3,2457.0
1935,Toyota,2021.0,3.0,China,Highlander,Suv,Petrol,65855.0,410503.0,87.0,1.03,6.41,3.55,2,1848.0
1936,Volkswagen,2022.0,11.0,Mexico,Golf,Sedan,Hybrid,45568.0,322035.5,62.0,1.11,2.19,11.05,9,963.0
1937,Toyota,2016.0,8.0,India,Prius,Suv,Hybrid,36590.0,186812.0,24.0,1.12,6.8,6.44,9,2997.0
1939,Volkswagen,2015.0,12.0,Italy,Touareg,Suv,Electric,76053.0,307530.0,32.0,1.82,1.32,3.27,6,1465.0
1940,Volkswagen,2018.0,1.0,Mexico,Touareg,Suv,Diesel,41191.0,101437.0,70.0,1.18,1.68,11.28,3,854.0
1941,Ford,2021.0,8.0,France,Bronco,Suv,Hybrid,41740.0,401858.0,95.0,1.83,1.14,3.56,8,3474.0
1942,Audi,2022.0,10.0,France,TT,Sedan,Electric,95200.0,445543.0,54.0,1.74,1.33,3.74,3,157.0
1943,Audi,2021.0,3.0,Netherlands,TT,Sedan,Petrol,114163.0,157903.0,33.0,2.09,2.39,3.8,5,1185.0
1944,Tesla,2016.0,1.0,Australia,Semi,Suv,Electric,100568.0,146699.0,36.0,1.61,2.74,4.35,1,997.0
1945,Tesla,2015.0,5.0,Brazil,Model S,Suv,Electric,64815.0,298053.0,23.0,1.12,3.22,10.45,7,1429.0
1946,BMW,2022.0,2.0,Brazil,5 Series,Suv,Electric,100679.0,65994.0,212.0,1.1793107363979929,3.8000034817636816,10.531624245431129,1,614.0
1947,Volkswagen,2021.0,11.0,Australia,Tiguan,Suv,Hybrid,38960.0,599040.0,26.0,1.7,3.09,4.39,8,599.0
1948,Toyota,2018.0,4.0,Italy,RAV4,Suv,Petrol,61427.0,178504.0,47.0,1.93,1.07,3.74,3,2786.0
1949,Mercedes-Benz,2018.0,10.0,UK,GLS,Suv,Diesel,67786.0,552123.0,6.0,1.34,1.76,4.16,7,424.0
1950,BMW,2017.0,11.0,Canada,X5,Sedan,Hybrid,61928.0,260387.0,378.0,1.3873915646062125,2.060136407471519,3.7525856480583033,9,798.0
1951,BMW,2017.0,1.0,USA,iX,Sedan,Hybrid,69635.0,79777.0,113.0,1.0035609366452811,2.902894995191988,4.711358324634709,7,533.0
1952,Porsche,2015.0,7.0,Brazil,Panamera,Sedan,Hybrid,87171.0,349187.0,21.0,1.28,3.83,10.63,4,228.0
1953,Volkswagen,2021.0,6.0,India,Touareg,Suv,Electric,30636.0,405441.0,75.0,0.95,7.21,6.24,1,473.0
1955,Toyota,2017.0,12.0,India,Highlander,Suv,Hybrid,67190.0,179501.0,13.0,1.12,7.47,6.48,3,484.0
1956,Mercedes-Benz,2020.0,10.0,Mexico,S-Class,Sedan,Hybrid,107073.0,112353.0,26.0,1.2,1.57,11.27,10,1091.0
1957,Ford,2017.0,7.0,China,F-150 Lightning,Suv,Petrol,74548.0,461669.0,114.0,1.03,6.19,3.76,10,3204.0
1958,Porsche,2018.0,7.0,Brazil,Panamera,Sedan,Petrol,124942.0,237584.0,29.0,1.27,3.0,10.55,1,168.0
1959,Porsche,2018.0,10.0,UK,Taycan,Suv,Hybrid,188362.0,287266.0,11.0,1.88,1.45,4.71,9,382.0
1960,Tesla,2024.0,12.0,Australia,Semi,Suv,Electric,41667.0,73613.0,15.0,1.51,3.49,4.16,10,1531.0
1961,Volkswagen,2020.0,9.0,India,Golf,Sedan,Hybrid,68779.0,563963.0,58.0,1.03,7.12,6.77,9,1459.0
1962,Tesla,2018.0,6.0,France,Model Y,Suv,Electric,127205.0,218174.0,6.0,1.85,1.93,3.7,7,87.0
1963,Audi,2023.0,4.0,China,Q3,Suv,Diesel,114635.0,92926.0,29.0,1.07,6.29,3.66,4,966.0
1964,BMW,2023.0,9.0,UK,i4,Suv,Electric,80212.0,437356.0,124.0,1.1130409182520984,3.7720124763099903,10.216300452735336,7,519.0
1965,Volkswagen,2016.0,4.0,USA,T-Roc,Suv,Petrol,41784.0,444307.0,76.0,0.96,2.26,4.45,7,2249.0
1966,BMW,2017.0,5.0,India,X1,Suv,Diesel,54810.0,96705.0,167.0,1.0238561540431084,7.013854464206768,6.505334333354633,6,663.0
1967,Ford,2015.0,11.0,UK,Ranger,Suv,Hybrid,86959.0,388560.0,67.0,1.87,1.87,5.24,9,3989.0
1968,BMW,2023.0,2.0,China,3 Series,Suv,Diesel,42008.0,294754.0,274.0,1.03542213588141,5.524315966431454,3.587283377544301,6,691.0
1969,Tesla,2015.0,12.0,Spain,Model X Plaid,Suv,Electric,115985.0,294559.0,19.5,1.72,1.59,3.31,2,74.0
1970,Audi,2015.0,8.0,Mexico,RS6,Sedan,Petrol,84034.0,141030.0,7.0,1.01,1.73,11.23,8,408.0
1971,Porsche,2016.0,4.0,Japan,Macan EV,Suv,Electric,113272.0,211462.0,11.0,1.59,0.74,-0.02,6,66.0
1972,Audi,2021.0,7.0,Japan,A3,Sedan,Diesel,96967.0,424344.0,6.0,1.53,0.93,0.13,6,1072.0
1973,Tesla,2018.0,11.0,India,Model X,Suv,Electric,70187.0,229252.0,9.0,0.99,7.2,6.64,9,1573.0
1974,Toyota,2023.0,8.0,Netherlands,Highlander,Suv,Petrol,36094.0,120126.0,13.0,2.03,2.59,3.36,7,863.0
1975,Volkswagen,2024.0,9.0,Japan,Polo,Sedan,Diesel,26007.0,120059.0,49.0,1.59,0.89,-0.18,10,1760.0
1976,Volkswagen,2015.0,8.0,Netherlands,Tiguan,Suv,Petrol,38661.0,532131.0,54.0,2.04,2.07,3.76,9,1375.0
1977,BMW,2016.0,11.0,USA,X1,Suv,Diesel,77624.0,215837.0,115.0,1.0060456484862583,2.650325686346937,4.319725470557487,7,433.0
1978,Toyota,2018.0,12.0,India,Highlander,Suv,Electric,24288.0,315181.0,63.0,0.98,6.81,6.33,10,1082.0
1979,Audi,2015.0,6.0,USA,Q8,Suv,Petrol,67456.0,327717.0,9.0,0.98,2.24,4.32,4,1189.0
1980,Audi,2021.0,3.0,Germany,Q7,Suv,Electric,76266.0,381447.0,6.0,1.97,1.36,2.98,2,870.0
1981,Mercedes-Benz,2021.0,12.0,Netherlands,EQS,Suv,Electric,110218.0,273178.0,34.0,1.91,2.01,3.52,1,1147.0
1982,BMW,2021.0,7.0,Germany,iX,Sedan,Petrol,114878.0,53089.0,112.0,1.8202943085732064,1.9064290596595896,2.705518230969978,7,453.0
1984,BMW,2021.0,4.0,USA,7 Series,Sedan,Diesel,36466.0,182371.0,381.0,0.9919128667959792,2.284840494377468,4.22213216841272,3,992.0
1985,Mercedes-Benz,2020.0,4.0,UK,GLE,Suv,Diesel,90744.0,202902.0,44.0,1.79,1.78,5.16,5,1063.0
1986,Volkswagen,2022.0,2.0,Australia,Tiguan,Suv,Electric,40884.0,399104.0,57.0,1.61,2.84,4.34,4,987.0
1987,Audi,2015.0,5.0,Italy,TT,Sedan,Electric,102782.0,305666.0,45.0,1.88,1.33,3.75,4,272.0
1988,Toyota,2023.0,10.0,Japan,Prius,Suv,Petrol,56008.0,388498.0,78.0,1.59,1.42,0.15,2,1108.0
1991,Audi,2018.0,10.0,Japan,TT,Sedan,Electric,87228.0,528491.0,14.0,1.43,1.02,0.39,2,1039.0
1992,Toyota,2018.0,6.0,UK,RAV4,Suv,Hybrid,88546.0,688924.0,30.0,1.84,1.27,4.94,2,246.0
1993,BMW,2018.0,5.0,Japan,iX,Sedan,Hybrid,106042.0,411185.0,44.0,1.501522075736891,1.0236792364042435,0.05526186316985,6,152.0
1994,Mercedes-Benz,2019.0,5.0,China,E-Class,Sedan,Hybrid,127966.0,287197.0,35.0,1.16,6.22,3.55,8,1184.0
1995,BMW,2016.0,10.0,USA,i7,Sedan,Electric,77431.0,239518.0,188.0,0.9554215577252512,2.110051924527677,4.336761097525165,7,543.0
1996,Ford,2015.0,2.0,Netherlands,Escape,Suv,Hybrid,60673.0,591495.0,67.0,2.08,2.54,3.64,2,3693.0
1997,Ford,2020.0,1.0,USA,Edge,Suv,Hybrid,59038.5,240515.0,64.0,1.03,2.53,4.26,10,256.0
1998,Mercedes-Benz,2019.0,2.0,Australia,E-Class,Sedan,Petrol,37599.0,492632.0,41.0,1.59,2.99,4.4,2,274.0
1999,Audi,2022.0,5.0,Mexico,RS6,Sedan,Diesel,108536.0,380077.0,29.0,1.07,2.32,10.87,10,951.0
2000,Toyota,2019.0,9.0,Canada,Yaris,Sedan,Electric,24988.0,119575.0,62.0,1.29,2.27,4.27,8,2938.0
2001,Toyota,2023.0,10.0,Australia,RAV4,Suv,Hybrid,39965.0,520172.0,59.0,1.69,3.17,4.43,5,1458.0
2002,Porsche,2018.0,7.0,Italy,GTS,Sedan,Hybrid,95814.0,301953.0,13.0,1.78,0.91,3.53,8,20.0
2004,Mercedes-Benz,2020.0,3.0,Italy,GLC,Suv,Electric,44129.0,128114.0,36.0,1.76,0.52,3.63,7,364.0
2005,Porsche,2020.0,6.0,India,Cayenne,Suv,Hybrid,60668.0,393263.0,6.0,1.08,6.54,6.46,4,372.0
2006,BMW,2020.0,11.0,Australia,i7,Sedan,Electric,109328.0,389499.0,120.0,1.631996809206836,3.377339353380981,4.1047649766290935,2,453.0
2007,Volkswagen,2017.0,12.0,Australia,Touareg,Suv,Hybrid,25843.0,415218.0,20.0,1.56,3.21,4.34,1,718.0
2008,Tesla,2017.0,2.0,Mexico,Model S,Suv,Electric,42646.0,283550.0,32.0,1.07,2.03,11.15,8,1338.0
2009,BMW,2021.0,3.0,Germany,3 Series,Suv,Hybrid,49678.0,282259.0,245.0,1.8547253332563327,1.983295376606505,2.967541623826049,3,875.0
2010,BMW,2024.0,12.0,UK,5 Series,Suv,Hybrid,96078.0,446108.0,252.0,1.9400474707641608,1.9173135754622428,4.782091178551377,6,630.0
2011,Volkswagen,2023.0,11.0,UK,Taos,Suv,Diesel,59283.0,495866.0,17.0,1.83,1.18,4.71,4,2712.0
2012,Ford,2017.0,7.0,Canada,Ranger,Suv,Hybrid,58044.0,338325.0,107.0,1.25,1.78,4.29,9,3327.0
2013,BMW,2015.0,7.0,Brazil,3 Series,Suv,Diesel,44927.0,498013.0,382.0,1.1927396809879964,3.277381182981133,10.312872695834256,9,923.0
2014,Toyota,2016.0,3.0,Spain,Prius,Suv,Hybrid,76270.0,85068.0,35.0,1.69,0.81,3.41,10,165.0
2015,Tesla,2021.0,1.0,Germany,Model 3,Suv,Electric,70780.0,30717.0,30.0,1.96,1.87,2.87,9,1415.0
2016,Porsche,2020.0,7.0,China,Macan EV,Suv,Petrol,144095.0,303269.0,14.0,1.1,6.0,3.53,4,463.0
2017,Mercedes-Benz,2017.0,6.0,Netherlands,GLE,Suv,Diesel,121230.0,63339.0,53.0,2.09,1.69,3.3,9,1233.0
2018,Toyota,2018.0,4.0,Germany,Corolla,Sedan,Hybrid,82752.0,93931.0,96.0,1.83,1.9,3.3,8,435.0
2019,Mercedes-Benz,2017.0,6.0,China,A-Class,Sedan,Electric,71527.0,192450.0,31.0,1.09,6.24,3.78,7,430.0
2020,BMW,2020.0,7.0,UK,i7,Sedan,Petrol,100776.0,328011.0,214.0,1.8703846862030264,1.4345959608587118,5.164327793438094,1,714.0
2021,Audi,2016.0,2.0,Spain,RS6,Sedan,Hybrid,36690.0,390448.0,21.0,1.82,1.48,3.75,8,570.0
2022,BMW,2016.0,5.0,Canada,X5,Sedan,Electric,78066.0,296103.0,30.0,1.3607207070883072,1.7834640849893837,4.229449821044403,7,187.0
2023,Toyota,2015.0,4.0,Japan,Land Cruiser,Suv,Electric,50568.0,601527.0,80.0,1.46,0.97,0.16,10,2561.0
2024,Volkswagen,2020.0,1.0,Canada,Polo,Sedan,Petrol,50489.0,269413.0,9.0,1.29,2.205,3.98,5,2480.0
2025,Ford,2018.0,9.0,Australia,Edge,Suv,Petrol,34657.0,130099.0,25.0,1.65,2.95,4.07,7,1302.0
2026,Ford,2020.0,3.0,Australia,Ranger,Suv,Petrol,54560.0,473357.0,119.0,1.55,3.47,4.37,8,3047.0
2027,Volkswagen,2017.0,5.0,Germany,Touareg,Suv,Electric,60740.0,573461.0,83.0,2.0,1.47,3.27,10,1819.0
2028,Porsche,2022.0,5.0,UK,Taycan,Suv,Electric,156049.0,250722.0,13.0,1.92,1.95,5.22,2,222.0
2029,Ford,2023.0,8.0,Spain,Mustang,Sedan,Electric,22151.0,783087.0,39.0,1.74,1.53,3.55,8,1172.0
2030,Tesla,2017.0,7.0,Netherlands,Cybertruck,Suv,Electric,123800.0,41295.0,22.0,2.01,2.17,3.69,3,269.0
2031,Volkswagen,2024.0,9.0,Italy,Passat,Sedan,Petrol,75583.0,441444.0,81.0,1.87,1.2,3.35,4,2381.0
2032,Audi,2016.0,1.0,Canada,Q5,Suv,Hybrid,61881.0,495297.0,41.0,1.34,2.29,4.24,7,189.0
2035,Volkswagen,2015.0,8.0,Mexico,Polo,Sedan,Diesel,73447.0,371285.0,70.0,1.19,2.03,11.18,7,1898.0
2036,Porsche,2019.0,1.0,Canada,Macan EV,Suv,Electric,93932.0,295650.0,22.0,1.25,1.93,4.03,2,234.0
2037,Tesla,2020.0,7.0,Canada,Model X,Suv,Electric,128842.0,192161.0,37.0,1.3,1.94,4.01,7,737.0
2038,Toyota,2017.0,12.0,Germany,C-HR,Suv,Petrol,36696.0,443228.0,13.0,1.9,2.22,2.93,8,2909.0
2039,Audi,2023.0,1.0,UK,Q3,Suv,Diesel,68300.0,92295.0,55.0,1.77,1.68,4.98,4,1106.0
2042,Mercedes-Benz,2021.0,8.0,Canada,GLE,Suv,Diesel,91060.0,283636.0,62.0,1.33,2.31,3.83,2,712.0
2043,Porsche,2023.0,1.0,India,911,Sedan,Petrol,145974.0,381808.0,5.0,1.14,7.04,6.52,2,400.0
2044,Tesla,2016.0,8.0,Australia,Model X Plaid,Suv,Electric,115756.0,263833.0,30.0,1.55,2.68,4.13,8,2112.0
2046,BMW,2017.0,1.0,USA,3 Series,Suv,Hybrid,39603.0,431028.0,255.0,0.98,2.706475726486901,4.218951686895386,2,778.0
2047,Volkswagen,2016.0,9.0,Japan,Passat,Sedan,Diesel,34800.0,511869.0,19.0,1.51,0.95,0.21,2,1240.0
2048,Porsche,2022.0,8.0,Italy,Cayenne,Suv,Petrol,114083.0,204129.0,22.0,1.84,0.65,3.65,7,173.0
2049,Ford,2020.0,6.0,Netherlands,Ranger,Suv,Petrol,27783.0,628225.0,56.0,1.98,2.44,3.33,1,3267.0
2050,BMW,2022.0,1.0,USA,X7,Sedan,Diesel,91809.0,442007.0,280.0,1.0371960241024412,2.0253507434154576,4.777589048806755,1,947.0
2051,Volkswagen,2018.0,3.0,China,ID.3,Suv,Petrol,62321.0,353192.0,79.0,1.17,6.07,3.28,2,1367.0
2052,Mercedes-Benz,2015.0,4.0,Canada,GLC,Suv,Petrol,103316.0,543171.0,12.0,1.4,1.91,3.71,3,1287.0
2053,Mercedes-Benz,2017.0,10.0,Italy,GLS,Suv,Electric,54689.0,564065.0,25.0,1.75,1.06,3.77,3,226.0
2054,Porsche,2023.0,3.0,Spain,Cayenne,Suv,Hybrid,112102.0,107804.0,2.0,1.73,1.28,3.69,5,216.0
2055,Toyota,2021.0,5.0,USA,Corolla,Sedan,Electric,42848.0,353446.0,46.0,0.94,2.32,4.31,5,2844.0
2056,Audi,2016.0,9.0,India,TT,Sedan,Electric,45582.0,486229.0,18.0,0.97,7.16,6.59,10,113.0
2057,Volkswagen,2019.0,5.0,Mexico,Tiguan,Suv,Petrol,79048.0,377981.0,62.0,1.17,1.61,11.06,3,629.0
2058,BMW,2023.0,4.0,Germany,X5,Sedan,Electric,110318.0,351407.0,74.0,1.8239524263638505,1.5114480069965448,2.896498411306749,5,532.0
2059,Tesla,2021.0,2.0,Netherlands,Model 3,Suv,Electric,110160.0,226151.0,36.0,2.1,2.16,3.74,1,1006.0
2060,Toyota,2020.0,9.0,Japan,Land Cruiser,Suv,Electric,21267.0,110314.0,83.0,1.51,0.89,0.04,7,1889.0
2061,Toyota,2015.0,10.0,Australia,C-HR,Suv,Hybrid,60148.0,262974.0,45.0,1.67,3.38,4.45,6,2595.0
2062,Porsche,2015.0,9.0,Australia,Macan EV,Suv,Electric,84463.0,373181.0,27.0,1.61,3.3,4.22,3,238.0
2063,Tesla,2023.0,6.0,Canada,Model X,Suv,Electric,102884.0,148533.0,29.0,1.26,2.39,4.23,7,1746.0
2064,Volkswagen,2020.0,2.0,Germany,ID.3,Suv,Diesel,55242.0,290744.0,55.0,1.91,1.44,3.14,2,1333.0
2065,BMW,2019.0,12.0,Canada,i7,Sedan,Petrol,52653.0,423145.0,173.0,1.271632543606568,2.371700684405857,4.070876944274738,3,599.0
2066,Volkswagen,2019.0,5.0,Japan,Touareg,Suv,Diesel,49811.0,394231.0,62.0,1.55,1.46,0.37,3,2122.0
2068,Volkswagen,2023.0,11.0,Canada,T-Roc,Suv,Petrol,72851.0,349413.0,77.0,1.27,2.25,3.77,9,2759.0
2069,Volkswagen,2020.0,10.0,Mexico,Arteon,Sedan,Electric,64217.0,532610.0,88.0,1.13,1.53,10.95,7,1171.0
2070,BMW,2022.0,6.0,China,i7,Sedan,Diesel,111298.0,332803.0,290.0,1.1303922519005205,6.048733789366586,3.615137118615616,8,847.0
2071,BMW,2023.0,6.0,India,X7,Sedan,Diesel,103968.0,451821.0,153.0,1.1354355638958906,7.164911724487218,6.677269976473838,4,601.0
2072,Toyota,2021.0,12.0,Spain,C-HR,Suv,Hybrid,22421.0,203063.0,88.0,1.69,1.2850000000000001,3.46,6,2702.0
2073,Audi,2018.0,3.0,Netherlands,Q3,Suv,Hybrid,107290.0,400625.0,54.0,1.96,2.43,3.54,8,977.0
2074,Ford,2021.0,1.0,Japan,Edge,Suv,Petrol,59038.5,607741.0,74.0,1.57,1.67,0.19,10,1918.0
2075,Ford,2018.0,5.0,Spain,Mustang Mach-E,Suv,Electric,89277.0,55943.0,90.0,1.7,1.11,3.25,2,3784.0
2076,Volkswagen,2016.0,3.0,Japan,Tiguan,Suv,Petrol,63134.0,343703.0,48.0,1.43,1.61,-0.12,1,1828.0
2077,Volkswagen,2017.0,11.0,Italy,Touareg,Suv,Hybrid,56547.0,238555.0,68.0,1.94,0.53,3.63,5,102.0
2078,BMW,2019.0,9.0,China,X5,Sedan,Electric,40801.0,446343.0,118.0,1.03339061774944,6.203857091634331,3.2026179617901853,2,716.0
2079,BMW,2019.0,1.0,Japan,i4,Suv,Hybrid,84056.0,153986.0,76.0,1.427765434529882,0.8280458389577724,-0.1088583838926234,10,419.0
2080,Ford,2018.0,6.0,Spain,Explorer,Suv,Hybrid,60881.0,400260.0,47.0,1.77,0.93,3.31,7,1835.0
2081,Ford,2015.0,2.0,France,F-150,Suv,Hybrid,28791.0,335044.0,46.0,1.89,1.18,3.47,5,3503.0
2082,Tesla,2018.0,10.0,Spain,Model Y,Suv,Electric,106440.0,28396.0,38.0,1.66,1.13,3.61,6,30.0
2083,Toyota,2020.0,1.0,Brazil,Highlander,Suv,Petrol,36535.0,579089.0,28.0,1.19,3.66,10.54,6,1035.0
2084,Tesla,2020.0,6.0,India,Model S,Suv,Electric,42873.0,49665.0,19.0,1.07,7.3,6.54,2,543.0
2085,Tesla,2015.0,5.0,USA,Model X,Suv,Electric,122099.0,232913.0,39.0,0.87,2.08,4.77,5,1206.0
2086,Toyota,2021.0,5.0,Italy,Land Cruiser,Suv,Petrol,26877.0,348426.0,95.0,1.86,1.36,3.35,4,1284.0
2087,Audi,2015.0,5.0,China,RS6,Sedan,Diesel,58405.0,528481.0,46.0,1.17,5.69,3.75,4,873.0
2088,Porsche,2018.0,11.0,Netherlands,Cayenne Coupe,Suv,Hybrid,123800.0,183925.0,25.0,2.09,1.69,3.38,2,254.0
2089,Toyota,2021.0,10.0,Spain,RAV4,Suv,Hybrid,68579.0,549429.0,45.0,1.67,1.52,3.38,9,2006.0
2090,Tesla,2024.0,11.0,Spain,Model X Plaid,Suv,Electric,58747.0,236206.0,8.0,1.74,1.66,3.78,10,1754.0
2091,Volkswagen,2024.0,9.0,France,Golf,Sedan,Diesel,29476.0,536059.0,63.0,1.78,1.68,3.66,10,1838.0
2092,Audi,2018.0,7.0,Australia,TT,Sedan,Petrol,78019.0,367806.0,27.0,1.65,2.61,4.53,3,821.0
2093,BMW,2016.0,7.0,Germany,X1,Suv,Electric,113002.0,101482.0,126.0,1.8567551811597447,1.731659546229679,2.776548181677338,9,318.0
2094,Toyota,2024.0,2.0,Germany,bZ4X,Suv,Hybrid,53077.0,562037.0,83.0,2.0,1.35,3.12,4,730.0
2095,Tesla,2015.0,6.0,India,Model S Plaid,Suv,Electric,42425.0,158331.0,9.0,1.07,6.64,6.46,3,1312.0
2096,Audi,2018.0,2.0,India,A4,Sedan,Hybrid,110439.0,326360.0,55.0,1.09,7.22,6.69,4,231.0
2097,Mercedes-Benz,2022.0,6.0,India,EQS,Suv,Electric,112564.0,410323.0,30.0,1.05,6.76,6.65,3,606.0
2098,Porsche,2022.0,5.0,France,Cayenne,Suv,Petrol,179353.0,259836.0,20.0,1.86,1.46,3.25,10,326.0
2099,Tesla,2019.0,10.0,UK,Model X,Suv,Electric,78165.0,193003.0,16.0,1.82,1.95,4.95,10,269.0
2100,Mercedes-Benz,2017.0,2.0,Japan,EQE,Suv,Hybrid,59119.0,378918.0,41.0,1.45,1.49,0.27,3,217.0
2101,Porsche,2015.0,3.0,China,718,Sedan,Electric,189029.0,257836.0,5.0,1.2,6.35,3.5,6,111.0
2102,Mercedes-Benz,2022.0,2.0,Netherlands,GLE,Suv,Electric,86240.0,265188.0,41.0,1.96,1.84,3.26,1,517.0
2103,Volkswagen,2015.0,11.0,Netherlands,Touareg,Suv,Hybrid,42043.0,393987.0,77.0,2.06,2.2,3.49,1,747.0
2104,BMW,2019.0,9.0,USA,X7,Sedan,Petrol,119517.0,138741.0,213.0,0.8765052358982504,2.626220321631416,4.278746926609433,3,517.0
2105,Ford,2022.0,10.0,Germany,Mustang Mach-E,Suv,Petrol,31327.0,726446.0,67.0,1.9,1.91,2.87,7,1116.0
2106,Volkswagen,2015.0,5.0,Netherlands,ID.3,Suv,Hybrid,68375.0,127358.0,29.0,1.9,2.31,3.3,5,641.0
2107,BMW,2024.0,7.0,Japan,X3,Suv,Electric,76910.0,474429.0,225.0,1.4141864432267548,1.2062660594952028,0.1804624188257988,1,686.0
2108,Mercedes-Benz,2017.0,5.0,Australia,EQS,Suv,Hybrid,63017.0,301904.0,29.0,1.57,2.79,4.13,1,1279.0
2110,Mercedes-Benz,2017.0,5.0,Netherlands,GLS,Suv,Hybrid,46827.0,266355.0,38.0,2.03,2.065,3.6,8,118.0
2111,Toyota,2020.0,11.0,Netherlands,Highlander,Suv,Hybrid,29989.0,253588.0,19.0,2.04,1.9,3.79,6,2455.0
2112,Volkswagen,2017.0,3.0,Japan,ID.3,Suv,Electric,61584.0,129196.0,87.0,1.43,1.68,-0.14,8,1048.0
2114,Toyota,2024.0,8.0,China,Corolla,Sedan,Electric,22922.0,341849.0,69.0,1.08,5.81,3.27,9,923.0
2115,BMW,2015.0,10.0,Germany,5 Series,Suv,Petrol,80760.0,380724.0,362.0,1.937680479285547,2.0281887562036034,2.997294789723719,1,961.0
2116,Toyota,2016.0,6.0,Japan,Camry,Sedan,Electric,51584.0,87353.0,53.0,1.53,1.28,0.26,1,1811.0
2117,Tesla,2019.0,3.0,Japan,Semi,Suv,Electric,54769.0,15835.0,18.0,1.4,1.33,0.01,2,2465.0
2118,Toyota,2017.0,9.0,Brazil,C-HR,Suv,Hybrid,19383.0,470316.0,14.0,1.19,3.61,10.48,10,2940.0
2119,Mercedes-Benz,2015.0,3.0,Brazil,A-Class,Sedan,Diesel,106677.0,520611.0,63.0,1.24,3.72,10.44,3,361.0
2122,Tesla,2021.0,5.0,Canada,Cybertruck,Suv,Electric,121923.0,230601.0,5.0,1.31,1.72,3.72,9,1763.0
2123,Porsche,2016.0,4.0,Brazil,Panamera Sport,Sedan,Electric,181159.0,206147.0,20.0,1.19,3.59,10.22,8,235.0
2124,Mercedes-Benz,2023.0,7.0,Italy,E-Class,Sedan,Hybrid,102367.0,576852.0,30.0,1.89,1.4,3.52,6,628.0
2125,Tesla,2018.0,9.0,Japan,Model Y,Suv,Electric,55068.0,148431.0,16.0,1.46,1.64,0.19,10,1230.0
2126,Ford,2021.0,3.0,Japan,Explorer,Suv,Hybrid,77109.0,616693.0,20.0,1.42,1.06,0.13,8,2476.0
2127,Toyota,2024.0,11.0,Italy,RAV4,Suv,Electric,77511.0,347728.0,18.0,1.79,0.89,3.41,5,2738.0
2128,Ford,2015.0,10.0,Mexico,Bronco,Suv,Petrol,69623.0,172957.0,61.0,1.19,1.63,10.85,4,2607.0
2129,Mercedes-Benz,2021.0,9.0,Mexico,S-Class,Sedan,Petrol,57460.0,301232.0,12.0,1.2,1.5,10.72,6,283.0
2130,Audi,2021.0,9.0,Italy,A6,Sedan,Petrol,79363.0,492676.0,4.0,1.84,1.43,3.41,2,496.0
2131,Mercedes-Benz,2023.0,7.0,Spain,EQE,Suv,Petrol,113698.0,277900.0,24.0,1.81,1.37,3.34,7,649.0
2132,Ford,2021.0,6.0,China,Mustang Mach-E,Suv,Petrol,52438.0,538185.0,74.0,1.01,5.64,3.33,4,1394.0
2133,Audi,2015.0,8.0,Brazil,e-tron,Suv,Diesel,47627.0,87953.0,14.0,1.19,3.12,10.3,5,503.0
2134,BMW,2016.0,11.0,Germany,i4,Suv,Hybrid,65573.0,344499.0,111.0,1.9355128723684565,1.340775141554764,3.054535765912945,10,578.0
2135,Toyota,2019.0,11.0,Netherlands,Supra,Sedan,Electric,65627.0,558957.0,62.0,2.09,1.86,3.33,7,2509.0
2136,Volkswagen,2020.0,12.0,France,Arteon,Sedan,Hybrid,39223.0,389023.0,17.0,1.88,1.75,3.36,9,927.0
2138,Mercedes-Benz,2015.0,4.0,Brazil,S-Class,Sedan,Electric,86711.0,592663.0,48.0,1.12,3.87,10.33,1,1014.0
2139,Ford,2019.0,12.0,Brazil,Escape,Suv,Electric,27204.0,642718.0,105.0,1.16,3.02,10.28,9,699.0
2140,Volkswagen,2020.0,6.0,USA,ID.3,Suv,Hybrid,79330.0,291446.0,38.0,0.94,2.06,4.22,9,1977.0
2141,Tesla,2015.0,6.0,Netherlands,Model X Plaid,Suv,Electric,116384.0,248336.0,13.0,1.97,2.54,3.5,6,2229.0
2142,Mercedes-Benz,2017.0,10.0,Spain,CLA,Sedan,Electric,72518.0,565952.0,27.0,1.66,1.06,3.28,7,870.0
2143,Volkswagen,2022.0,11.0,Germany,ID.3,Suv,Diesel,43068.0,129779.0,69.0,1.8,1.62,3.1,10,633.0
2144,Audi,2017.0,5.0,India,Q5,Suv,Petrol,56693.0,344330.0,27.0,0.99,6.57,6.35,3,375.0
2145,Toyota,2024.0,5.0,Netherlands,Camry,Sedan,Hybrid,83251.0,539532.0,98.0,2.08,2.05,3.52,1,2335.0
2146,Volkswagen,2016.0,10.0,Italy,Arteon,Sedan,Electric,51668.0,160614.0,38.0,1.88,0.72,3.68,9,2185.0
2147,BMW,2018.0,12.0,Japan,X5,Sedan,Diesel,102946.0,171361.0,396.0,1.4193068940390885,1.4036859774607957,0.1244190859869462,10,869.0
2148,Ford,2021.0,1.0,UK,F-150 Lightning,Suv,Petrol,91321.0,506558.0,63.5,1.87,1.15,5.18,8,3343.0
2149,Volkswagen,2017.0,6.0,China,Tiguan,Suv,Diesel,29324.0,300328.0,35.0,1.06,5.74,3.64,5,2095.0
2150,BMW,2021.0,5.0,Japan,i7,Sedan,Electric,38084.0,264839.0,81.0,1.4433479600181551,1.4368737449441822,0.3176782465259371,8,267.0
2152,Audi,2016.0,10.0,Spain,Q3,Suv,Diesel,88724.0,63727.0,33.0,1.82,1.79,3.8,3,761.0
2153,Tesla,2023.0,9.0,India,Cybertruck,Suv,Electric,93045.0,32773.0,35.0,1.08,6.82,6.23,4,1552.0
2154,Porsche,2021.0,3.0,France,GTS,Sedan,Electric,111846.0,93861.0,10.0,1.8,1.19,3.53,7,202.0
2155,BMW,2015.0,9.0,Australia,X7,Sedan,Diesel,65607.0,165260.0,181.0,1.6603456166139583,3.370969123746085,4.3784521592794565,1,588.0
2156,Audi,2018.0,1.0,France,TT,Sedan,Petrol,95097.0,141544.0,22.0,1.82,1.46,3.34,10,282.0
2157,BMW,2021.0,10.0,China,i4,Suv,Petrol,80203.0,165819.0,195.5,1.0537354718769891,5.925213504469234,3.2134815849920706,2,514.0
2158,Audi,2024.0,5.0,Netherlands,Q5,Suv,Petrol,103340.0,347580.0,52.0,2.03,2.57,3.51,1,831.0
2159,Tesla,2018.0,7.0,Spain,Model Y,Suv,Electric,67087.0,255147.0,20.0,1.68,1.17,3.44,1,2074.0
2160,BMW,2015.0,7.0,China,i4,Suv,Electric,111976.0,287989.0,220.0,1.1540814835615587,5.823610219149542,3.4931859142427992,5,552.0
2161,Audi,2017.0,12.0,UK,A3,Sedan,Diesel,71961.0,379149.0,14.0,1.96,1.62,3.02,4,648.0
2162,BMW,2020.0,7.0,Canada,i4,Suv,Petrol,53984.0,294172.0,196.0,1.2720100931801956,2.344149221475916,3.7289116074359776,4,545.0
2163,Toyota,2015.0,3.0,Italy,Supra,Sedan,Hybrid,53037.0,309601.0,18.0,1.87,0.53,3.73,10,841.0
2164,Volkswagen,2015.0,11.0,USA,Arteon,Sedan,Electric,41010.0,375172.0,80.0,0.96,2.58,4.79,9,458.0
2165,Ford,2017.0,2.0,Netherlands,Edge,Suv,Hybrid,47232.0,496016.0,100.0,1.97,2.06,3.54,6,2155.0
2166,Porsche,2020.0,1.0,Canada,Taycan,Suv,Petrol,169994.0,339997.0,13.0,1.22,2.24,3.83,10,272.0
2168,BMW,2015.0,3.0,Canada,7 Series,Sedan,Diesel,85494.0,359044.0,184.5,1.2310480491861426,2.1007630608753263,4.03578419878493,6,100.0
2170,Volkswagen,2023.0,10.0,Australia,Golf,Sedan,Petrol,55563.0,399328.0,63.0,1.62,2.78,4.1,2,523.0
2171,Tesla,2024.0,3.0,India,Semi,Suv,Electric,59610.0,212900.0,2.0,1.05,6.96,6.61,6,1735.0
2172,BMW,2018.0,6.0,India,i7,Sedan,Hybrid,42987.0,149477.0,109.0,1.040947971126772,7.139119937815501,6.720750976712013,4,296.0
2173,Porsche,2019.0,2.0,Canada,Panamera Sport,Sedan,Electric,192573.0,378324.0,3.0,1.4,2.34,3.88,8,304.0
2174,Ford,2018.0,1.0,Spain,Mustang,Sedan,Hybrid,73429.0,721908.0,94.0,1.76,1.15,3.31,1,1293.0
2175,Volkswagen,2020.0,9.0,UK,Polo,Sedan,Petrol,55122.0,124986.0,71.0,1.95,1.34,4.74,2,1188.0
2176,Toyota,2019.0,2.0,Spain,Supra,Sedan,Petrol,34870.0,167860.0,30.0,1.77,0.84,3.23,6,2140.0
2177,Toyota,2018.0,4.0,China,RAV4,Suv,Electric,55365.5,66558.0,16.0,1.17,5.52,3.55,4,2154.0
2178,BMW,2022.0,10.0,Germany,5 Series,Suv,Petrol,70892.0,115439.0,214.0,1.992562071414805,2.104906776841439,2.710803933360273,5,597.0
2179,Audi,2021.0,6.0,USA,Q7,Suv,Diesel,56823.0,278925.0,10.0,0.97,2.57,4.74,1,966.0
2180,Tesla,2021.0,9.0,Canada,Cybertruck,Suv,Electric,76821.0,274980.0,26.0,1.34,1.77,4.14,1,1423.0
2183,Toyota,2024.0,9.0,USA,Land Cruiser,Suv,Electric,55358.0,282828.0,99.0,0.97,2.44,4.8,1,2592.0
2184,Volkswagen,2022.0,7.0,Brazil,Golf,Sedan,Diesel,38526.0,71678.0,66.0,1.29,3.53,10.4,5,2705.0
2185,Tesla,2024.0,7.0,Netherlands,Model S,Suv,Electric,67509.0,144909.0,26.0,1.99,2.31,3.63,2,33.0
2187,Mercedes-Benz,2022.0,8.0,Australia,GLS,Suv,Hybrid,33422.0,559311.0,11.0,1.54,2.83,4.17,10,141.0
2188,Mercedes-Benz,2020.0,6.0,Australia,E-Class,Sedan,Petrol,87849.0,446373.0,11.0,1.594709392152332,2.64,3.99,7,979.0
2189,Porsche,2021.0,2.0,India,Taycan,Suv,Electric,189739.0,92058.0,15.0,1.13,7.04,6.71,5,100.0
2190,Porsche,2021.0,9.0,Brazil,Panamera,Sedan,Electric,181256.0,386582.0,15.0,1.15,3.66,10.47,1,114.0
2191,Audi,2017.0,8.0,Canada,Q8,Suv,Electric,67456.0,337819.0,12.0,1.31,2.03,4.05,1,944.0
2192,BMW,2015.0,10.0,France,X7,Sedan,Petrol,67634.0,490977.0,284.0,1.7819257789790464,1.440604166581292,3.2430271333085905,10,849.0
2193,Tesla,2017.0,4.0,UK,Model S Plaid,Suv,Electric,97246.0,87693.0,37.0,1.9,1.15,5.29,8,824.0
2194,Tesla,2024.0,9.0,France,Model X Plaid,Suv,Electric,99592.0,150858.0,1.0,1.87,1.8,3.24,8,303.0
2195,Mercedes-Benz,2019.0,11.0,Japan,CLA,Sedan,Petrol,90755.0,538761.0,29.0,1.43,1.33,0.05,6,793.0
2196,Ford,2017.0,1.0,Australia,Escape,Suv,Hybrid,55497.0,555903.0,34.0,1.69,3.01,4.33,4,1125.0
2197,BMW,2023.0,4.0,UK,3 Series,Suv,Diesel,114481.0,410971.0,394.0,1.7821616102834998,1.6635017691080558,4.703036950307731,7,1190.0
2199,Toyota,2021.0,12.0,Canada,bZ4X,Suv,Hybrid,45786.0,457482.0,58.0,1.2,1.95,4.01,1,1669.0
2200,Mercedes-Benz,2020.0,4.0,Spain,EQS,Suv,Diesel,126025.0,391236.0,20.0,1.83,0.83,3.35,7,105.0
2201,Tesla,2017.0,6.0,Spain,Semi,Suv,Electric,120607.0,183974.0,28.0,1.66,1.56,3.55,8,1176.0
2202,Tesla,2023.0,11.0,Spain,Model X,Suv,Electric,121284.0,190254.0,34.0,1.68,1.46,3.71,2,127.0
2203,Mercedes-Benz,2023.0,7.0,Spain,GLE,Suv,Hybrid,39890.0,173828.0,18.0,1.68,1.07,3.26,9,620.0
2204,Audi,2016.0,10.0,Australia,A6,Sedan,Diesel,93952.0,254994.0,40.0,1.58,3.49,4.16,9,921.0
2205,Porsche,2022.0,3.0,Canada,Panamera,Sedan,Electric,195144.0,395240.0,24.0,1.26,2.2,3.96,10,229.0
2207,Ford,2016.0,3.0,Japan,Expedition,Suv,Electric,63608.0,135266.0,17.0,1.45,1.16,0.4,4,3323.0
2208,Tesla,2024.0,1.0,Canada,Model S,Suv,Electric,101967.0,40564.0,16.0,1.31,2.27,4.07,4,1695.0
2209,Ford,2023.0,6.0,Canada,Escape,Suv,Petrol,81520.0,186443.0,29.0,1.31,2.39,3.71,2,2115.0
2210,Audi,2016.0,2.0,Italy,Q8,Suv,Hybrid,41456.0,96556.0,22.0,1.88,1.45,3.67,9,385.0
2211,Audi,2018.0,2.0,Canada,A3,Sedan,Diesel,82757.0,173535.0,50.0,1.24,2.03,4.06,7,404.0
2212,Volkswagen,2016.0,8.0,Canada,Passat,Sedan,Hybrid,43511.0,46824.0,60.0,1.36,2.68,3.92,7,2435.0
2213,Volkswagen,2023.0,4.0,India,Passat,Sedan,Hybrid,46015.0,240529.0,30.0,1.08,7.41,6.38,7,686.0
2214,Audi,2022.0,8.0,China,A6,Sedan,Diesel,80203.0,294421.0,43.0,1.04,5.84,3.38,8,539.0
2217,BMW,2023.0,7.0,USA,3 Series,Suv,Petrol,97532.0,438227.0,113.0,1.0033728515092208,2.5155960285792505,4.493307948154152,8,517.0
2218,Mercedes-Benz,2023.0,2.0,Canada,A-Class,Sedan,Electric,119650.0,293733.0,37.0,1.38,2.09,4.23,5,630.0
2219,Toyota,2024.0,9.0,France,Corolla,Sedan,Electric,52547.0,612287.0,32.0,1.88,1.96,3.22,8,87.0
2220,Ford,2015.0,11.0,Spain,Expedition,Suv,Electric,60787.0,706014.0,59.0,1.72,0.98,3.43,3,1542.0
2221,Mercedes-Benz,2019.0,3.0,USA,C-Class,Sedan,Diesel,73150.0,205831.0,17.0,1.01,2.42,4.31,5,857.0
2222,Volkswagen,2021.0,1.0,Australia,Polo,Sedan,Hybrid,59665.0,377463.0,81.0,1.66,2.71,4.47,1,282.0
2223,BMW,2016.0,2.0,USA,7 Series,Sedan,Hybrid,115960.0,464627.0,381.0,0.9843544704096644,2.829286799316756,4.7273873401693605,9,805.0
2225,Toyota,2017.0,9.0,Italy,C-HR,Suv,Electric,22582.0,235348.0,38.0,1.8,1.16,3.65,6,1593.0
2226,Porsche,2020.0,3.0,Mexico,Cayenne Coupe,Suv,Hybrid,151670.0,125668.0,12.0,1.06,1.55,10.79,9,285.0
2227,Tesla,2018.0,10.0,France,Model S,Suv,Electric,84613.0,185450.0,24.0,1.85,1.92,3.22,9,1960.0
2228,Volkswagen,2016.0,11.0,Mexico,Arteon,Sedan,Petrol,28890.0,527548.0,13.0,1.19,1.9,10.8,6,2764.0
2231,BMW,2017.0,9.0,France,X7,Sedan,Diesel,101727.0,333817.0,314.0,1.86883408979384,1.7638045276218053,3.4847785254498884,7,889.0
2232,Mercedes-Benz,2023.0,10.0,UK,GLE,Suv,Hybrid,45695.0,187205.0,60.0,1.85,1.71,4.99,3,1120.0
2233,Tesla,2022.0,11.0,Canada,Model S,Suv,Electric,127258.0,259631.0,21.0,1.36,2.64,3.83,7,1978.0
2234,Ford,2022.0,12.0,Australia,Edge,Suv,Hybrid,44566.0,500351.0,55.0,1.67,2.99,4.14,1,1376.0
2235,Mercedes-Benz,2019.0,11.0,France,S-Class,Sedan,Petrol,51007.0,418678.0,57.0,1.76,1.45,3.27,9,1062.0
2236,Audi,2022.0,2.0,UK,TT,Sedan,Petrol,75407.0,98714.0,48.0,1.9,1.22,4.74,4,1026.0
2237,Ford,2023.0,4.0,USA,Ranger,Suv,Petrol,60205.0,359117.0,78.0,0.89,2.77,4.63,7,3079.0
2238,Audi,2018.0,12.0,France,Q5,Suv,Hybrid,77453.0,317094.0,40.0,1.74,1.25,3.71,9,754.0
2239,BMW,2022.0,12.0,Germany,5 Series,Suv,Hybrid,62025.0,368667.0,217.0,1.9428065288933711,1.711021075265546,3.2445666015339327,5,880.0
2240,Porsche,2018.0,12.0,Italy,Panamera Sport,Sedan,Petrol,136505.0,201491.0,5.0,1.79,0.92,3.75,5,127.0
2241,Ford,2017.0,9.0,Germany,Explorer,Suv,Petrol,24527.0,70089.0,118.0,2.0,1.44,2.88,9,2712.0
2242,Tesla,2020.0,4.0,France,Cybertruck,Suv,Electric,72983.0,273209.0,2.0,1.71,2.05,3.78,7,126.0
2243,BMW,2020.0,4.0,China,iX,Sedan,Hybrid,50581.0,431164.0,331.0,1.0185981279646266,5.855493010441357,3.6765183987662495,1,877.0
2244,Audi,2017.0,3.0,UK,A3,Sedan,Diesel,39316.0,83785.0,50.0,1.83,1.7,4.9,2,881.0
2245,Volkswagen,2017.0,8.0,Netherlands,Polo,Sedan,Diesel,30953.0,406935.0,71.0,1.93,2.46,3.26,9,2479.0
2246,Mercedes-Benz,2015.0,5.0,UK,EQE,Suv,Diesel,50909.0,244738.0,30.0,1.91,1.42,3.14,7,1083.0
2247,Volkswagen,2017.0,4.0,Germany,Touareg,Suv,Petrol,66973.0,90080.0,52.5,1.97,2.04,2.78,5,495.0
2248,Ford,2022.0,1.0,Australia,Mustang,Sedan,Electric,38507.0,555464.0,80.0,1.59,3.22,4.16,10,569.0
2249,Mercedes-Benz,2017.0,11.0,Japan,EQS,Suv,Diesel,77540.5,186535.0,6.0,1.47,1.67,0.0,7,1145.0
2250,Volkswagen,2018.0,11.0,Japan,Touareg,Suv,Diesel,41782.0,191501.0,52.0,1.45,1.46,-0.14,9,209.0
2251,Tesla,2021.0,5.0,UK,Model Y,Suv,Electric,127937.0,107058.0,39.0,1.91,1.68,4.97,4,190.0
2252,Volkswagen,2021.0,3.0,Netherlands,ID.3,Suv,Hybrid,65566.0,57087.0,59.0,2.07,2.26,3.57,1,538.0
2253,Ford,2020.0,11.0,Japan,Mustang,Sedan,Electric,56576.0,392867.0,103.0,1.53,1.2,0.05,9,815.0
2254,Mercedes-Benz,2021.0,12.0,India,EQE,Suv,Diesel,92543.0,107367.0,28.0,1.01,7.16,6.57,8,933.0
2255,Porsche,2021.0,9.0,Mexico,911,Sedan,Petrol,110236.0,351008.0,22.0,1.11,2.46,10.88,8,453.0
2256,BMW,2016.0,2.0,China,X7,Sedan,Petrol,105990.0,198866.0,339.0,1.0010459227085826,6.283791784485397,3.53253590847921,1,1024.0
2257,Audi,2015.0,5.0,Spain,A3,Sedan,Diesel,112127.0,128884.0,48.0,1.77,1.15,3.33,7,344.0
2258,Mercedes-Benz,2015.0,2.0,UK,A-Class,Sedan,Petrol,113975.0,471374.0,24.0,1.85,1.06,4.83,1,703.0
2259,Volkswagen,2017.0,4.0,Australia,Golf,Sedan,Diesel,25200.0,443659.0,29.0,1.58,3.35,4.36,6,358.0
2260,Ford,2023.0,12.0,UK,Escape,Suv,Electric,75184.0,768979.0,51.0,1.92,1.9,5.1,8,2075.0
2261,Audi,2018.0,5.0,Australia,A6,Sedan,Diesel,91364.0,306326.0,41.0,1.67,2.95,4.41,8,1066.0
2262,Porsche,2017.0,11.0,Netherlands,911,Sedan,Electric,101013.0,378887.0,27.0,2.1,2.42,3.62,9,82.0
2263,Porsche,2022.0,5.0,Canada,Cayenne Coupe,Suv,Electric,85847.0,392092.0,12.0,1.24,2.1,4.19,1,209.0
2264,Porsche,2016.0,2.0,Spain,718,Sedan,Petrol,163473.0,192662.0,13.0,1.81,1.55,3.21,10,453.0
2266,Tesla,2022.0,1.0,UK,Cybertruck,Suv,Electric,59800.0,191378.0,2.0,1.93,1.29,5.11,6,468.0
2267,Audi,2015.0,5.0,Spain,TT,Sedan,Electric,81024.0,536164.0,23.0,1.8,1.0,3.24,5,483.0
2268,Mercedes-Benz,2019.0,7.0,France,S-Class,Sedan,Petrol,43480.0,318385.0,40.0,1.72,1.19,3.23,6,712.0
2269,Ford,2022.0,12.0,Japan,Expedition,Suv,Electric,89390.0,410707.0,119.0,1.44,0.72,0.38,5,1113.0
2270,Tesla,2021.0,3.0,India,Model 3,Suv,Electric,69507.0,109662.0,16.0,1.04,7.21,6.59,1,749.0
2272,Porsche,2018.0,2.0,Japan,718,Sedan,Petrol,188917.0,373472.0,8.0,1.48,0.86,0.36,6,154.0
2274,Toyota,2016.0,2.0,Italy,RAV4,Suv,Hybrid,63291.0,337308.0,25.0,1.86,0.8,3.26,3,1012.0
2275,Audi,2015.0,11.0,Germany,Q5,Suv,Petrol,100830.0,416194.0,15.0,1.86,1.36,3.24,3,1139.0
2276,Audi,2019.0,10.0,Italy,e-tron,Suv,Electric,66335.0,296223.5,11.0,1.78,1.49,3.23,7,1135.0
2277,Porsche,2023.0,4.0,Netherlands,Cayenne,Suv,Petrol,162053.0,213887.0,22.0,1.99,1.93,3.62,4,405.0
2278,Audi,2024.0,3.0,Netherlands,Q5,Suv,Diesel,94419.0,132096.0,30.0,2.1,1.92,3.48,3,101.0
2279,Ford,2017.0,5.0,Canada,Escape,Suv,Electric,59378.0,409947.0,15.0,1.34,1.73,4.0,10,2905.0
2280,Volkswagen,2018.0,11.0,China,Arteon,Sedan,Electric,55052.0,382541.0,55.0,1.06,6.2,3.25,3,1990.0
2282,BMW,2016.0,5.0,Australia,7 Series,Sedan,Petrol,102691.0,183114.0,129.0,1.58,2.8023332493514936,4.105600938390257,5,390.0
2283,Audi,2023.0,7.0,Brazil,A4,Sedan,Petrol,63166.0,109820.0,23.0,1.16,3.37,10.45,8,223.0
2284,Mercedes-Benz,2020.0,12.0,India,EQS,Suv,Electric,81031.0,388980.0,21.0,0.96,7.09,6.39,7,937.0
2285,Volkswagen,2015.0,10.0,Italy,Taos,Suv,Petrol,44420.0,339467.0,67.0,1.88,0.61,3.59,7,1065.0
2286,Porsche,2022.0,10.0,Canada,Panamera Sport,Sedan,Electric,149400.0,340475.0,28.0,1.23,2.13,3.88,6,374.0
2287,Toyota,2022.0,8.0,Brazil,Corolla,Sedan,Electric,72792.0,287704.0,61.0,1.17,3.87,10.73,10,1376.0
2288,Audi,2023.0,2.0,UK,Q5,Suv,Hybrid,69331.0,511076.0,34.0,1.94,1.41,4.95,10,71.0
2289,Ford,2015.0,3.0,USA,F-150,Suv,Hybrid,46502.0,611368.0,57.0,1.03,2.97,4.35,8,2662.0
2290,BMW,2020.0,7.0,India,7 Series,Sedan,Hybrid,43346.0,212696.0,144.0,0.975831883030299,6.7473481017431975,6.470326481186056,4,386.0
2291,Ford,2023.0,4.0,Netherlands,F-150 Lightning,Suv,Hybrid,59558.0,355059.0,22.0,1.9,2.21,3.39,5,224.0
2292,Toyota,2021.0,12.0,Japan,Highlander,Suv,Hybrid,37069.0,126478.0,36.0,1.54,1.34,0.37,1,822.0
2293,Volkswagen,2016.0,3.0,France,Taos,Suv,Petrol,51939.0,385351.0,81.0,1.72,1.98,3.76,5,620.0
2294,Toyota,2019.0,2.0,India,Supra,Sedan,Petrol,53927.0,103273.0,44.0,1.1,6.73,6.39,7,2799.0
2295,Mercedes-Benz,2024.0,1.0,Brazil,C-Class,Sedan,Hybrid,35701.0,400942.0,30.0,1.23,3.17,10.38,3,721.0
2296,Volkswagen,2019.0,5.0,Canada,Taos,Suv,Petrol,42376.0,82249.0,15.0,1.38,2.6,3.96,8,450.0
2297,Mercedes-Benz,2018.0,12.0,Canada,E-Class,Sedan,Diesel,90818.0,108412.0,25.0,1.29,2.66,4.18,10,134.0
2298,Ford,2022.0,7.0,Canada,F-150 Lightning,Suv,Hybrid,38893.0,253935.0,79.0,1.25,2.64,3.87,2,196.0
2299,Mercedes-Benz,2020.0,12.0,France,GLE,Suv,Diesel,129472.0,426752.0,9.0,1.81,1.51,3.37,5,1290.0
2300,Porsche,2023.0,2.0,Italy,911,Sedan,Petrol,95374.0,144228.0,21.0,1.81,1.22,3.59,5,410.0
2301,Audi,2021.0,9.0,USA,A6,Sedan,Diesel,37242.0,187537.0,34.0,0.91,2.88,4.73,5,1158.0
2302,Porsche,2016.0,3.0,Australia,Panamera Sport,Sedan,Hybrid,103738.0,220183.0,3.0,1.52,3.27,3.96,1,233.0
2303,Porsche,2018.0,10.0,Italy,Cayenne,Suv,Petrol,158429.0,251928.0,18.0,1.84,0.65,3.59,3,497.0
2304,Volkswagen,2024.0,10.0,Brazil,ID.3,Suv,Hybrid,26885.0,95923.0,81.0,1.24,3.05,10.25,10,2096.0
2305,Toyota,2022.0,2.0,India,Supra,Sedan,Petrol,49098.0,407481.0,62.0,1.06,6.81,6.69,8,2576.0
2306,Ford,2020.0,3.0,Australia,Escape,Suv,Petrol,31702.0,783689.0,39.0,1.68,2.95,4.09,8,3044.0
2307,Mercedes-Benz,2016.0,1.0,France,A-Class,Sedan,Electric,39295.0,311491.0,19.0,1.77,1.56,3.55,2,621.0
2308,Ford,2022.0,7.0,UK,F-150 Lightning,Suv,Petrol,42456.0,112610.0,84.0,1.92,1.54,5.16,6,1308.0
2309,Ford,2017.0,5.0,Australia,Mustang Mach-E,Suv,Electric,46403.0,109499.0,49.0,1.69,3.43,4.27,3,774.0
2310,Tesla,2019.0,9.0,USA,Model X Plaid,Suv,Electric,94955.0,85202.0,19.0,1.0,2.86,4.41,2,1122.0
2311,Audi,2017.0,12.0,Spain,Q3,Suv,Petrol,70107.0,362818.0,45.0,1.78,1.49,3.69,7,875.0
2312,Mercedes-Benz,2022.0,11.0,France,E-Class,Sedan,Hybrid,62628.0,462085.0,7.0,1.79,1.81,3.67,5,300.0
2313,Volkswagen,2018.0,10.0,UK,Arteon,Sedan,Petrol,20329.0,595174.0,10.0,1.85,1.24,4.96,10,372.0
2314,Tesla,2016.0,8.0,France,Semi,Suv,Electric,128421.0,153023.0,1.0,1.81,1.6,3.7,10,2389.0
2316,Tesla,2020.0,1.0,China,Model Y,Suv,Electric,114799.0,219115.0,32.0,1.06,6.36,3.51,2,2474.0
2317,Tesla,2017.0,12.0,China,Model S,Suv,Electric,69027.0,250893.0,20.0,1.17,5.58,3.62,8,461.0
2318,Volkswagen,2022.0,3.0,China,Arteon,Sedan,Hybrid,55527.0,355599.0,21.0,1.17,6.45,3.78,2,968.0
2319,Porsche,2018.0,3.0,Australia,911,Sedan,Petrol,133917.0,243387.0,20.0,1.66,3.18,4.24,9,67.0
2320,Toyota,2023.0,7.0,Germany,Supra,Sedan,Electric,34199.0,272715.0,75.0,1.9,1.38,3.08,6,1852.0
2321,Mercedes-Benz,2023.0,3.0,Canada,E-Class,Sedan,Petrol,90479.0,265159.0,35.0,1.3,2.26,3.99,7,794.0
2322,Ford,2018.0,2.0,Germany,Bronco,Suv,Hybrid,43947.0,208790.0,55.0,1.9,1.8250000000000002,2.86,1,94.0
2323,BMW,2019.0,9.0,China,5 Series,Suv,Petrol,56473.0,497746.0,190.0,1.0362870870179597,5.707886255146027,3.215919322324292,5,773.0
2324,Toyota,2021.0,11.0,Mexico,Prius,Suv,Electric,58081.0,591003.0,46.0,1.04,2.4,11.17,6,1871.0
2325,Audi,2024.0,10.0,India,Q5,Suv,Petrol,93792.0,107293.0,57.0,1.05,7.35,6.23,1,881.0
2326,Audi,2016.0,1.0,USA,A3,Sedan,Electric,38032.0,336565.0,34.0,0.94,3.0,4.5,3,1022.0
2327,Toyota,2019.0,9.0,Spain,Corolla,Sedan,Hybrid,87971.0,573678.0,61.0,1.77,0.81,3.21,2,748.0
2328,Volkswagen,2016.0,6.0,Brazil,Arteon,Sedan,Hybrid,47855.0,332593.0,71.0,1.17,3.65,10.28,10,2339.0
2329,Mercedes-Benz,2018.0,10.0,France,EQE,Suv,Diesel,101639.0,117355.0,51.0,1.83,1.87,3.27,6,1054.0
2330,Volkswagen,2016.0,2.0,Mexico,Touareg,Suv,Electric,51670.0,425857.0,33.0,1.14,2.32,10.8,9,699.0
2331,Audi,2024.0,1.0,Netherlands,A4,Sedan,Diesel,67438.0,501548.0,39.0,2.01,1.68,3.37,9,488.0
2332,Ford,2019.0,7.0,Brazil,F-150,Suv,Hybrid,25341.0,717784.0,112.0,1.1,3.11,10.74,7,3263.0
2333,BMW,2015.0,3.0,Canada,3 Series,Suv,Petrol,108324.0,381495.0,389.0,1.2787728811308317,1.915675152397717,4.095331282139594,2,1242.0
2334,Volkswagen,2021.0,6.0,France,T-Roc,Suv,Electric,52310.0,248076.0,35.0,1.8,1.95,3.26,10,1303.0
2335,Audi,2018.0,9.0,USA,A3,Sedan,Petrol,99380.0,442701.0,40.0,0.91,2.98,4.54,10,537.0
2336,Mercedes-Benz,2019.0,10.0,China,C-Class,Sedan,Diesel,116959.0,115534.0,12.0,1.06,6.17,3.71,10,1273.0
2338,Tesla,2024.0,8.0,Australia,Model Y,Suv,Electric,103106.0,29527.0,2.0,1.67,3.44,4.41,7,1747.0
2339,Ford,2019.0,8.0,UK,Ranger,Suv,Electric,81660.0,566668.0,68.0,1.82,1.9,4.86,8,1655.0
2341,Tesla,2021.0,3.0,Italy,Model S Plaid,Suv,Electric,71003.0,185047.0,29.0,1.93,0.92,3.63,10,2054.0
2342,BMW,2019.0,6.0,UK,X3,Suv,Hybrid,86796.0,353806.0,53.0,1.7637916032712844,1.6569551562671396,5.273968772650075,3,203.0
2343,Audi,2018.0,2.0,France,A4,Sedan,Diesel,39476.0,548297.0,33.0,1.89,1.51,3.53,8,845.0
2344,Porsche,2021.0,8.0,Spain,718,Sedan,Hybrid,66923.0,144387.0,10.0,1.7,1.61,3.24,3,299.0
2346,BMW,2015.0,10.0,USA,X5,Sedan,Hybrid,61123.0,212007.0,230.0,1.0325802018260155,2.056375496650927,4.718833425753032,1,788.0
2347,Ford,2018.0,2.0,Brazil,Ranger,Suv,Hybrid,31114.0,581469.0,51.0,1.24,3.43,10.23,8,2550.0
2348,BMW,2021.0,6.0,UK,3 Series,Suv,Petrol,59466.0,295847.0,38.0,1.702341322146181,1.6339674725477638,3.2852822742760748,10,415.0
2349,Ford,2018.0,2.0,Japan,F-150,Suv,Hybrid,74128.0,59439.0,82.0,1.44,0.8,0.39,10,1424.0
2350,Toyota,2015.0,8.0,France,RAV4,Suv,Electric,47840.0,429724.0,15.0,1.84,1.9,3.72,4,2958.0
2351,Porsche,2015.0,11.0,France,911,Sedan,Petrol,195159.0,231839.0,24.0,1.87,1.39,3.54,1,155.0
2352,Ford,2021.0,10.0,Germany,Bronco,Suv,Petrol,76926.0,553367.0,113.0,1.93,2.09,3.05,6,1556.0
2353,BMW,2015.0,8.0,Canada,i7,Sedan,Hybrid,49414.0,259087.0,186.0,1.30030325893744,2.6132405525564715,4.006805439316563,1,564.0
2354,Ford,2021.0,8.0,India,F-150 Lightning,Suv,Electric,49134.0,760229.0,110.0,1.14,7.08,6.33,9,2524.0
2355,Tesla,2019.0,12.0,Canada,Model 3,Suv,Electric,111270.0,189141.0,3.0,1.28,1.89,4.29,1,2101.0
2356,Volkswagen,2020.0,1.0,France,Taos,Suv,Diesel,50066.5,275274.0,76.0,1.89,1.86,3.52,6,1148.0
2357,Mercedes-Benz,2015.0,4.0,USA,S-Class,Sedan,Diesel,95598.0,283957.0,60.0,1.01,2.2,4.28,2,1024.0
2358,BMW,2021.0,12.0,Germany,5 Series,Suv,Hybrid,112506.0,53317.0,291.0,1.825678857890825,1.9924361513243696,3.294753596221313,6,681.0
2359,Toyota,2019.0,5.0,UK,Highlander,Suv,Electric,85030.0,666424.0,95.0,1.92,1.82,5.11,10,2833.0
2360,BMW,2024.0,2.0,India,3 Series,Suv,Petrol,119431.0,473502.0,56.0,0.985851122381558,7.21845394732255,6.717584282689508,7,433.0
2361,Toyota,2020.0,3.0,Mexico,Camry,Sedan,Electric,52530.0,385280.0,12.0,1.11,1.85,11.04,3,947.0
2362,Audi,2024.0,4.0,Netherlands,TT,Sedan,Diesel,38032.0,408490.0,41.0,2.02,2.11,3.46,3,743.0
2363,Mercedes-Benz,2017.0,9.0,Japan,GLC,Suv,Electric,45738.0,502348.0,64.0,1.54,1.08,0.17,1,441.0
2364,Tesla,2021.0,9.0,Mexico,Cybertruck,Suv,Electric,80918.0,42139.0,8.0,1.05,1.74,10.86,1,270.0
2365,Mercedes-Benz,2016.0,10.0,India,GLC,Suv,Petrol,112797.0,67171.0,37.0,1.09,7.0,6.24,1,608.0
2366,Tesla,2016.0,3.0,Italy,Model 3,Suv,Electric,59881.0,177966.0,32.0,1.89,1.12,3.21,4,1888.0
2367,Porsche,2024.0,7.0,France,Cayenne,Suv,Hybrid,170983.0,375218.0,26.0,1.87,1.62,3.52,1,241.0
2368,Volkswagen,2024.0,4.0,Mexico,Arteon,Sedan,Petrol,46708.0,85736.0,35.0,1.03,2.1,11.29,5,1010.0
2370,Tesla,2020.0,12.0,Brazil,Model S Plaid,Suv,Electric,108330.0,150652.0,25.0,1.28,3.47,10.45,7,2413.0
2371,Toyota,2022.0,8.0,Australia,C-HR,Suv,Hybrid,75417.0,589444.0,86.0,1.65,3.29,4.08,6,1048.0
2372,Porsche,2017.0,6.0,Japan,Macan EV,Suv,Hybrid,78739.0,164707.0,3.0,1.52,0.96,0.03,4,183.0
2373,BMW,2015.0,9.0,USA,3 Series,Suv,Petrol,46772.0,403330.0,290.0,1.0090934413379724,2.366461534871398,4.437703614965553,3,1044.0
2374,Audi,2024.0,9.0,China,Q8,Suv,Hybrid,76600.0,406504.0,7.0,1.15,6.26,3.67,4,764.0
2375,Audi,2022.0,6.0,China,RS6,Sedan,Diesel,40674.0,158662.0,56.0,1.11,6.28,3.67,5,807.0
2376,Toyota,2017.0,12.0,Italy,Supra,Sedan,Hybrid,61201.0,288151.0,83.0,1.79,1.17,3.38,7,1320.0
2377,BMW,2021.0,8.0,USA,X7,Sedan,Petrol,69069.0,445783.0,93.0,0.9685250208581718,2.906354385094736,4.266718489383691,8,357.0
2378,BMW,2015.0,7.0,China,iX,Sedan,Diesel,70333.0,428824.0,229.0,1.1077403595905428,5.963931376812333,3.745532123516936,10,861.0
2380,BMW,2018.0,3.0,India,X3,Suv,Electric,109852.0,375361.0,258.0,1.1127590039413895,7.03609636634412,6.385716569771796,9,519.0
2381,Toyota,2024.0,11.0,Australia,C-HR,Suv,Petrol,79185.0,193625.0,38.0,1.59,2.58,4.15,5,2484.0
2382,Volkswagen,2022.0,1.0,Netherlands,T-Roc,Suv,Petrol,76395.0,169000.0,54.0,1.96,1.69,3.31,1,1025.0
2383,Volkswagen,2024.0,4.0,France,T-Roc,Suv,Hybrid,54976.0,242080.0,39.0,1.8,1.72,3.46,1,1647.0
2384,Audi,2023.0,11.0,Germany,Q5,Suv,Petrol,87694.0,374614.0,34.0,2.0,1.87,3.08,10,72.0
2385,Volkswagen,2024.0,9.0,China,Touareg,Suv,Electric,50135.0,465851.0,23.0,1.04,5.62,3.38,4,1317.0
2386,Volkswagen,2016.0,5.0,Mexico,Golf,Sedan,Electric,48653.0,405005.0,74.0,1.1,2.33,10.77,5,1235.0
2387,Toyota,2021.0,11.0,Brazil,Camry,Sedan,Electric,68241.0,62504.0,78.0,1.26,3.46,10.29,1,148.0
2388,Ford,2020.0,6.0,India,Bronco,Suv,Petrol,65723.0,702451.0,66.0,0.98,7.15,6.3,6,1516.0
2389,Ford,2023.0,8.0,Canada,F-150 Lightning,Suv,Electric,75677.0,777934.0,108.0,1.37,1.72,3.91,7,2909.0
2390,Audi,2016.0,9.0,China,RS6,Sedan,Electric,38431.0,135501.0,37.0,1.02,6.29,3.45,7,237.0
2391,Volkswagen,2022.0,5.0,Spain,Taos,Suv,Petrol,70750.0,521334.0,48.0,1.71,1.38,3.69,4,332.0
2392,Toyota,2023.0,7.0,UK,C-HR,Suv,Electric,62315.0,86389.0,95.0,1.92,1.51,5.2,8,1742.0
2393,Ford,2024.0,2.0,Japan,Mustang,Sedan,Electric,35042.0,92641.0,45.0,1.46,1.42,0.08,4,1224.0
2394,Volkswagen,2017.0,8.0,France,Polo,Sedan,Petrol,35478.0,169665.0,22.0,1.71,2.06,3.43,4,2074.0
2395,Ford,2024.0,11.0,UK,Explorer,Suv,Petrol,46604.0,165001.0,50.0,1.86,1.81,4.9,6,3715.0
2396,Tesla,2018.0,1.0,India,Semi,Suv,Electric,76530.0,215754.0,21.0,1.14,7.03,6.24,10,47.0
2397,Audi,2015.0,7.0,Canada,TT,Sedan,Electric,53056.0,485535.0,27.0,1.28,1.96,3.7,3,973.0
2398,BMW,2016.0,1.0,Canada,7 Series,Sedan,Diesel,78315.0,375724.0,35.0,1.308127024322021,1.751681721168608,4.018812778940889,8,100.0
2399,Porsche,2020.0,6.0,UK,Panamera,Sedan,Petrol,70502.0,222690.0,19.0,1.82,2.1,3.61,8,339.0
2400,Tesla,2021.0,3.0,Germany,Cybertruck,Suv,Electric,74968.0,203629.0,35.0,1.86,1.81,2.77,3,471.0
2401,Toyota,2023.0,5.0,Netherlands,Yaris,Sedan,Electric,59364.0,229457.0,69.0,2.05,1.93,3.7,9,1532.0
2402,Ford,2018.0,11.0,Netherlands,Bronco,Suv,Petrol,55996.0,119224.0,20.0,1.9,1.72,3.35,7,1086.0
2404,Toyota,2022.0,9.0,Netherlands,C-HR,Suv,Electric,27371.0,585610.0,10.0,2.04,1.86,3.73,6,2504.0
2406,Ford,2021.0,8.0,USA,Expedition,Suv,Petrol,30651.0,450762.0,14.0,1.0,2.24,4.47,7,2717.0
2407,Audi,2024.0,10.0,China,Q7,Suv,Diesel,61559.0,532064.0,54.0,1.11,6.42,3.47,2,1020.0
2408,Ford,2015.0,3.0,China,Edge,Suv,Hybrid,37934.0,59329.0,27.0,1.03,5.74,3.58,3,180.0
2409,Audi,2023.0,1.0,USA,A3,Sedan,Electric,71981.0,253325.0,57.0,0.92,2.54,4.64,7,988.0
2410,Mercedes-Benz,2017.0,8.0,Spain,GLS,Suv,Petrol,62625.0,145136.0,15.0,1.73,0.82,3.53,8,993.0
2412,Tesla,2015.0,5.0,Spain,Model X,Suv,Electric,101588.0,239039.0,1.0,1.83,0.87,3.49,7,2360.0
2413,Toyota,2015.0,2.0,China,Camry,Sedan,Hybrid,33166.0,695355.0,61.0,1.02,5.77,3.3,7,459.0
2414,Toyota,2018.0,1.0,Japan,bZ4X,Suv,Hybrid,75086.0,658906.0,80.0,1.45,0.94,0.12,4,1836.0
2415,Toyota,2023.0,4.0,Netherlands,bZ4X,Suv,Electric,22828.0,371936.0,54.0,1.98,2.34,3.64,3,2135.0
2416,Ford,2017.0,11.0,UK,F-150,Suv,Electric,61412.0,356702.0,89.0,1.75,1.91,3.76,2,3713.0
2417,Audi,2020.0,4.0,USA,Q7,Suv,Petrol,103550.0,358934.0,23.0,0.99,2.54,4.75,8,54.0
2418,Porsche,2016.0,3.0,USA,Cayenne,Suv,Hybrid,124944.0,203633.0,6.0,0.92,2.46,4.57,6,256.0
2419,Tesla,2015.0,7.0,China,Model X Plaid,Suv,Electric,85120.0,72817.0,36.0,1.06,5.83,3.31,3,1984.0
2420,Ford,2024.0,3.0,Mexico,Escape,Suv,Electric,83626.0,113458.0,113.0,1.06,1.82,10.91,4,1502.0
2421,Mercedes-Benz,2024.0,10.0,Mexico,EQE,Suv,Petrol,119241.0,566426.0,30.0,1.16,1.87,11.08,8,661.0
2422,Tesla,2024.0,11.0,Germany,Model Y,Suv,Electric,68429.0,20704.0,9.0,1.96,1.64,3.27,2,617.0
2423,Ford,2021.0,9.0,Italy,Mustang Mach-E,Suv,Hybrid,28803.0,125989.0,84.0,1.89,0.68,3.34,9,1652.0
2424,Ford,2022.0,10.0,Japan,Expedition,Suv,Electric,78902.0,115904.0,63.0,1.54,1.45,0.19,10,694.0
2426,Porsche,2021.0,1.0,Italy,Panamera Sport,Sedan,Electric,169460.0,131338.0,3.0,1.82,0.91,3.75,8,304.0
2427,Mercedes-Benz,2023.0,6.0,Germany,GLC,Suv,Electric,125801.0,383654.0,48.0,1.82,1.69,2.84,2,423.0
2428,Ford,2017.0,9.0,Canada,Explorer,Suv,Petrol,52169.0,228490.0,108.0,1.21,1.71,3.91,2,2372.0
2429,Audi,2021.0,9.0,UK,Q7,Suv,Petrol,38623.0,476517.0,6.0,1.77,1.58,5.14,8,193.0
2430,Mercedes-Benz,2015.0,1.0,Germany,A-Class,Sedan,Diesel,92575.0,494332.0,58.0,1.82,1.31,2.81,6,818.0
2431,Audi,2016.0,4.0,Spain,e-tron,Suv,Electric,53495.0,488410.0,28.0,1.75,0.84,3.42,8,879.0
2432,Porsche,2021.0,9.0,India,Cayenne,Suv,Electric,168767.0,350079.0,27.0,1.09,7.2,6.66,7,274.0
2434,Porsche,2024.0,1.0,Italy,Macan EV,Suv,Electric,80474.0,101917.0,25.0,1.87,0.86,3.21,4,232.0
2435,Toyota,2022.0,5.0,Spain,C-HR,Suv,Hybrid,52407.0,577703.0,50.0,1.68,0.8,3.42,9,1698.0
2436,Tesla,2023.0,7.0,Spain,Model X,Suv,Electric,61797.0,289942.0,12.0,1.76,0.94,3.69,9,1643.0
2437,Volkswagen,2023.0,8.0,Australia,ID.3,Suv,Diesel,32146.0,350470.0,74.0,1.51,2.75,4.37,10,1074.0
2438,Porsche,2018.0,2.0,Italy,Taycan,Suv,Petrol,154665.0,367069.0,12.0,1.85,1.41,3.23,7,159.0
2439,Ford,2021.0,10.0,Mexico,Bronco,Suv,Electric,73183.0,681211.0,67.0,1.14,1.85,10.85,8,3795.0
2440,Toyota,2015.0,9.0,Mexico,Yaris,Sedan,Hybrid,45939.0,440493.0,69.0,1.19,2.49,11.11,5,1755.0
2441,BMW,2015.0,7.0,China,X3,Suv,Petrol,37895.0,194491.0,247.0,1.0077992025149825,6.464017407117702,3.4305240277914804,5,762.0
2442,Volkswagen,2017.0,7.0,Italy,Arteon,Sedan,Diesel,24286.0,409094.0,17.0,1.88,1.29,3.5,5,2302.0
2443,Porsche,2020.0,7.0,Italy,911,Sedan,Hybrid,68026.0,108082.0,12.0,1.89,0.98,3.57,6,71.0
2444,Volkswagen,2023.0,7.0,Brazil,Touareg,Suv,Hybrid,65479.0,226659.0,51.0,1.2,3.41,10.53,2,58.0
2445,Audi,2015.0,12.0,Italy,Q8,Suv,Petrol,67456.0,115979.0,24.0,1.78,1.15,3.72,9,799.0
2446,Ford,2022.0,11.0,Japan,Expedition,Suv,Hybrid,85132.0,118085.0,102.0,1.54,0.83,-0.04,5,2560.0
2447,Mercedes-Benz,2024.0,11.0,USA,S-Class,Sedan,Diesel,75744.0,535153.0,35.0,0.92,2.14,4.79,7,669.0
2448,Porsche,2020.0,10.0,Canada,911,Sedan,Hybrid,188828.0,84308.0,27.0,1.27,1.74,3.88,4,473.0
2449,Porsche,2016.0,4.0,Germany,Macan,Suv,Petrol,109834.0,128246.0,11.0,1.96,1.8,3.24,9,19.0
2450,BMW,2016.0,8.0,Brazil,7 Series,Sedan,Hybrid,49605.0,105501.0,163.0,1.224717137600552,3.842033294376421,10.512574786363226,9,759.0
2451,BMW,2024.0,5.0,China,3 Series,Suv,Hybrid,74647.5,75739.0,56.0,1.1726206851751189,5.858465728544273,3.269521435715078,10,107.0
2452,Volkswagen,2016.0,3.0,Canada,Taos,Suv,Hybrid,28961.0,120221.0,18.0,1.25,2.19,3.98,8,1031.0
2453,Volkswagen,2017.0,9.0,UK,Arteon,Sedan,Electric,57231.0,520492.0,17.0,1.8,1.97,5.23,3,621.0
2454,Audi,2020.0,5.0,Brazil,RS6,Sedan,Diesel,47679.0,430698.0,8.0,1.22,3.06,10.41,5,626.0
2456,Audi,2015.0,1.0,Brazil,A4,Sedan,Petrol,44125.0,368038.0,36.0,1.14,3.33,10.54,7,160.0
2457,Mercedes-Benz,2018.0,7.0,Japan,E-Class,Sedan,Petrol,60664.0,400616.0,32.0,1.46,1.46,-0.03,10,636.0
2458,Volkswagen,2016.0,2.0,UK,Golf,Sedan,Diesel,26056.0,300873.0,83.0,1.84,1.18,5.09,9,1649.0
2459,Audi,2022.0,10.0,China,RS6,Sedan,Hybrid,77432.0,85724.0,8.0,1.16,5.56,3.3,1,998.0
2460,Ford,2015.0,9.0,India,Bronco,Suv,Hybrid,62666.5,83403.0,72.0,1.08,7.35,6.31,9,1683.0
2461,Mercedes-Benz,2015.0,3.0,UK,GLC,Suv,Hybrid,95989.0,421193.0,52.0,1.93,1.02,4.79,5,1213.0
2462,Audi,2017.0,6.0,Canada,A4,Sedan,Diesel,111927.0,466609.0,29.0,1.26,1.83,4.01,9,889.0
2463,BMW,2019.0,7.0,Brazil,5 Series,Suv,Petrol,64511.0,459414.0,25.0,1.2338400525876156,3.0938572848233563,10.745776091661956,7,193.0
2464,BMW,2019.0,9.0,UK,iX,Sedan,Diesel,81994.0,155386.0,40.0,1.9134595539924988,1.894816656060528,5.028555425692241,5,192.0
2467,Volkswagen,2020.0,9.0,Japan,Golf,Sedan,Petrol,60714.0,110557.0,48.0,1.43,1.51,0.19,8,408.0
2468,Porsche,2015.0,6.0,UK,Macan,Suv,Electric,157888.0,362255.0,23.0,1.84,1.51,4.85,9,323.0
2469,Ford,2023.0,7.0,Australia,Edge,Suv,Electric,35354.0,92786.0,77.0,1.67,2.92,4.27,5,1944.0
2470,Toyota,2018.0,8.0,Brazil,Land Cruiser,Suv,Hybrid,88519.0,112825.0,19.0,1.14,3.31,10.63,3,2265.0
2471,Audi,2021.0,2.0,USA,A4,Sedan,Hybrid,102216.0,457139.0,29.0,0.99,2.25,4.21,10,1025.0
2473,Volkswagen,2023.0,1.0,UK,Arteon,Sedan,Diesel,66039.0,106393.0,44.0,1.81,1.69,5.11,2,2794.0
2475,BMW,2015.0,1.0,Germany,i7,Sedan,Diesel,44943.0,241007.0,247.0,1.866848778163392,1.7963662472012365,3.0581057093501336,4,647.0
2476,Mercedes-Benz,2021.0,6.0,India,E-Class,Sedan,Petrol,84958.0,511503.0,54.0,1.11,6.99,6.4,7,1099.0
2477,Audi,2021.0,8.0,Mexico,Q5,Suv,Diesel,68970.0,407563.0,24.0,1.14,1.59,10.92,4,1114.0
2478,Volkswagen,2016.0,12.0,Mexico,Tiguan,Suv,Electric,68783.0,176297.0,26.0,1.12,1.65,10.7,3,282.0
2479,Mercedes-Benz,2022.0,10.0,Spain,E-Class,Sedan,Diesel,74998.0,98353.0,34.0,1.71,1.31,3.72,7,918.0
2480,Volkswagen,2023.0,6.0,India,Touareg,Suv,Hybrid,74480.0,182858.0,47.0,1.08,7.49,6.24,1,1472.0
2481,BMW,2021.0,8.0,Germany,X5,Sedan,Petrol,103469.0,355302.0,170.0,1.8138847685492183,1.5266564022269882,2.9129977834991623,10,735.0
2482,Audi,2015.0,9.0,Mexico,e-tron,Suv,Hybrid,32807.0,237954.0,36.0,1.03,2.28,10.96,4,553.0
2483,Volkswagen,2022.0,3.0,Japan,Polo,Sedan,Petrol,61742.0,444973.0,46.0,1.42,1.33,0.24,8,1503.0
2484,BMW,2020.0,12.0,Australia,X5,Sedan,Hybrid,39922.0,347438.0,278.0,1.5975708087852727,3.3015371118829897,4.52574598659262,1,641.0
2485,Toyota,2016.0,9.0,Brazil,Corolla,Sedan,Electric,62914.0,288666.0,16.0,1.27,3.59,10.37,3,1233.0
2487,Porsche,2022.0,11.0,Japan,Cayenne Coupe,Suv,Electric,184358.0,252110.0,18.0,1.47,1.64,0.24,6,448.0
2488,BMW,2021.0,3.0,France,3 Series,Suv,Petrol,115639.0,296060.0,376.0,1.833518677112717,1.504140321651033,3.396219896937944,10,1161.0
2489,Porsche,2024.0,5.0,USA,Taycan,Suv,Petrol,145705.0,345765.0,16.0,1.04,2.69,4.75,6,128.0
2490,Toyota,2015.0,9.0,UK,RAV4,Suv,Petrol,36751.0,180661.0,88.0,1.53,1.46,0.37,10,1816.0
2491,Audi,2020.0,6.0,Germany,Q3,Suv,Petrol,99155.0,519538.0,46.0,1.93,1.38,2.71,3,171.0
2492,Toyota,2023.0,11.0,Australia,Highlander,Suv,Electric,41151.0,363184.0,95.0,1.62,2.81,4.44,3,280.0
2493,Audi,2018.0,7.0,Netherlands,TT,Sedan,Hybrid,105020.0,272954.0,37.0,2.0,2.47,3.53,3,597.0
2494,Ford,2024.0,4.0,Japan,Expedition,Suv,Hybrid,65553.0,284805.0,104.0,1.44,1.6,0.19,6,273.0
2495,Toyota,2018.0,9.0,UK,RAV4,Suv,Hybrid,74102.0,398292.0,33.0,1.87,1.89,4.73,5,1096.0
2496,Toyota,2017.0,10.0,UK,Prius,Suv,Petrol,29554.0,377184.0,44.0,1.86,1.89,5.29,2,520.0
2497,Mercedes-Benz,2020.0,7.0,Canada,S-Class,Sedan,Diesel,106131.0,119612.0,33.0,1.31,2.3,3.86,10,110.0
2498,Audi,2021.0,12.0,Spain,A4,Sedan,Petrol,47004.0,451078.0,28.0,1.74,1.63,3.54,1,808.0
2499,Porsche,2024.0,8.0,Germany,Taycan,Suv,Electric,86156.0,389477.0,18.0,1.88,1.5,3.19,6,434.0
2500,Volkswagen,2024.0,7.0,India,Tiguan,Suv,Electric,59781.0,379869.0,21.0,0.99,6.74,6.65,7,2453.0
2501,Porsche,2020.0,2.0,India,GTS,Sedan,Petrol,159389.0,324267.0,15.0,1.03,6.8,6.24,2,209.0
2502,Tesla,2021.0,7.0,Japan,Model X,Suv,Electric,56772.0,128362.0,32.0,1.55,1.53,-0.05,1,1541.0
2503,Toyota,2024.0,9.0,Canada,Highlander,Suv,Hybrid,87532.0,680630.0,86.0,1.28,2.66,4.11,5,981.0
2504,Volkswagen,2024.0,5.0,Mexico,ID.3,Suv,Hybrid,76855.0,334349.0,14.0,1.11,1.96,11.27,9,796.0
2505,Audi,2016.0,10.0,USA,A6,Sedan,Hybrid,73271.0,75017.0,52.0,0.9,2.18,4.27,7,1197.0
2506,BMW,2020.0,1.0,China,5 Series,Suv,Diesel,75025.0,494783.0,61.0,1.1241831035534957,6.082170460176274,3.407529834171774,2,567.0
2507,Mercedes-Benz,2017.0,8.0,Netherlands,EQS,Suv,Hybrid,38670.0,221961.0,33.0,1.91,1.95,3.44,8,235.0
2508,Toyota,2017.0,5.0,Netherlands,Highlander,Suv,Hybrid,21848.0,243536.0,35.0,2.07,1.73,3.73,2,1897.0
2509,BMW,2024.0,10.0,France,3 Series,Suv,Petrol,52027.0,141074.0,99.0,1.777220527560155,1.645616789315935,3.764878885265915,2,299.0
2510,Audi,2022.0,11.0,Australia,Q8,Suv,Petrol,39605.0,110575.0,43.0,1.65,3.11,4.38,10,1134.0
2512,Mercedes-Benz,2023.0,1.0,Canada,CLA,Sedan,Petrol,125509.0,406739.0,22.0,1.33,2.54,3.92,6,181.0
2513,Mercedes-Benz,2024.0,4.0,Australia,EQS,Suv,Hybrid,50851.0,219800.0,48.0,1.65,3.31,4.38,10,127.0
2514,Porsche,2016.0,3.0,Netherlands,Panamera Sport,Sedan,Petrol,126510.0,135425.0,14.0,1.97,1.98,3.5,5,101.0
2515,Tesla,2020.0,3.0,Italy,Model S Plaid,Suv,Electric,80498.0,205707.0,27.0,1.89,1.16,3.54,2,2190.0
2516,Toyota,2017.0,5.0,Japan,Land Cruiser,Suv,Petrol,84718.0,557527.0,75.0,1.58,1.02,0.31,1,1271.0
2517,Mercedes-Benz,2020.0,5.0,Netherlands,GLE,Suv,Electric,101907.0,324407.0,7.0,2.03,1.85,3.46,3,1090.0
2518,Volkswagen,2022.0,3.0,Germany,Arteon,Sedan,Hybrid,30337.0,304861.0,80.0,1.92,1.6,3.25,7,173.0
2520,Audi,2022.0,4.0,China,Q5,Suv,Electric,113807.0,491786.0,37.0,1.1,5.61,3.31,3,422.0
2521,BMW,2022.0,2.0,Canada,7 Series,Sedan,Diesel,99173.0,336100.0,160.0,1.224276987884486,1.9391801042159256,3.7853496212123177,2,431.0
2522,Toyota,2018.0,4.0,Canada,Yaris,Sedan,Hybrid,32432.0,494465.0,86.0,1.28,2.68,3.83,3,1257.0
2523,Ford,2024.0,6.0,China,F-150 Lightning,Suv,Hybrid,22220.0,99995.0,108.0,1.08,6.46,3.46,5,2546.0
2524,BMW,2016.0,2.0,Brazil,5 Series,Suv,Electric,58600.0,284784.0,151.0,1.120503192813295,3.714424164071242,10.65540316951316,8,654.0
2525,Ford,2020.0,12.0,UK,Bronco,Suv,Electric,24149.0,695864.0,62.0,1.87,1.01,5.22,10,3139.0
2526,Mercedes-Benz,2016.0,11.0,Germany,EQS,Suv,Hybrid,82086.0,147755.0,62.0,1.95,2.16,2.94,5,1110.0
2527,BMW,2016.0,3.0,India,i4,Suv,Hybrid,50187.0,237035.0,116.0,1.1100713015644723,7.019059790908271,6.240567538155329,1,708.0
2528,Volkswagen,2020.0,10.0,Mexico,Taos,Suv,Electric,68263.0,213607.0,17.0,1.05,2.46,11.16,8,493.0
2529,Volkswagen,2022.0,9.0,Japan,T-Roc,Suv,Petrol,56586.0,352948.0,63.0,1.44,0.75,-0.05,1,838.0
2530,Mercedes-Benz,2023.0,6.0,USA,GLS,Suv,Electric,45299.0,527961.0,40.0,1.01,2.43,4.3,7,182.0
2531,Toyota,2016.0,7.0,Australia,C-HR,Suv,Petrol,23324.0,570488.0,99.0,1.53,2.93,3.97,1,230.0
2532,Audi,2018.0,2.0,Brazil,Q7,Suv,Hybrid,80861.0,165631.0,49.0,1.22,3.82,10.44,8,599.0
2533,Mercedes-Benz,2016.0,12.0,Spain,EQS,Suv,Diesel,45785.0,538758.0,50.0,1.8,1.32,3.42,4,561.0
2534,Mercedes-Benz,2021.0,3.0,Mexico,C-Class,Sedan,Petrol,52175.0,232161.0,40.0,1.0,1.62,11.28,4,288.0
2535,Audi,2016.0,2.0,Germany,Q5,Suv,Petrol,61711.0,491179.0,38.0,1.97,1.58,2.7,9,860.0
2536,Ford,2016.0,4.0,Australia,Ranger,Suv,Electric,57060.0,117527.0,107.0,1.69,3.47,4.5,1,3478.0
2538,Audi,2015.0,3.0,Japan,Q5,Suv,Electric,85352.0,312272.0,40.0,1.51,0.94,-0.2,3,549.0
2539,Mercedes-Benz,2024.0,10.0,Brazil,GLE,Suv,Diesel,91138.0,286129.0,30.0,1.13,3.52,10.5,6,89.0
2540,Toyota,2015.0,10.0,Mexico,Highlander,Suv,Electric,29723.0,627970.0,16.0,1.18,1.73,10.98,9,2414.0
2541,BMW,2015.0,11.0,France,i4,Suv,Diesel,80203.0,276486.0,367.0,1.7484110543023,1.5894527602775632,3.79139027246636,7,1145.0
2542,Toyota,2024.0,2.0,USA,Corolla,Sedan,Petrol,51483.0,476139.0,12.0,0.9,2.44,4.58,3,787.0
2543,Porsche,2019.0,5.0,Australia,Macan EV,Suv,Electric,63374.0,117833.0,10.0,1.57,2.72,4.39,10,257.0
2544,Tesla,2019.0,4.0,Japan,Model X,Suv,Electric,94015.0,124097.0,26.0,1.54,1.11,0.09,6,1912.0
2545,BMW,2023.0,1.0,USA,i4,Suv,Hybrid,81216.0,426565.0,307.0,1.0436542561026516,2.805670152950053,4.551212618638052,4,784.0
2546,Ford,2018.0,9.0,Italy,Explorer,Suv,Petrol,86521.0,653168.0,72.0,1.8,1.03,3.22,5,1431.0
2547,Porsche,2017.0,5.0,Australia,Panamera Sport,Sedan,Electric,125472.0,139018.0,8.0,1.66,2.62,4.38,4,146.0
2548,Volkswagen,2016.0,1.0,USA,Taos,Suv,Electric,68255.0,264238.0,9.0,1.03,2.44,4.71,3,2278.0
2549,Audi,2023.0,2.0,Brazil,Q7,Suv,Diesel,112647.0,122543.0,34.0,1.22,3.53,10.25,7,961.0
2551,Volkswagen,2022.0,10.0,France,Passat,Sedan,Petrol,58469.0,338131.0,10.0,1.76,1.33,3.4,6,1638.0
2552,Mercedes-Benz,2021.0,3.0,Spain,CLA,Sedan,Petrol,62212.0,372244.0,34.0,1.67,1.09,3.42,5,761.0
2553,Ford,2019.0,4.0,Japan,F-150 Lightning,Suv,Petrol,63682.0,522107.0,49.0,1.4,0.96,0.14,4,3375.0
2554,BMW,2020.0,3.0,Japan,X3,Suv,Diesel,90565.0,66535.0,311.0,1.4993390845635892,1.4753461504031355,-0.0371543717319713,5,1051.0
2555,Porsche,2018.0,7.0,Germany,Macan,Suv,Petrol,182598.0,244539.0,10.0,1.89,1.74,3.25,10,256.0
2556,Ford,2021.0,1.0,Mexico,Edge,Suv,Electric,47645.0,467347.0,30.0,1.08,1.54,11.12,8,3245.0
2557,Audi,2017.0,5.0,Australia,Q7,Suv,Petrol,85199.0,360452.0,33.0,1.63,3.23,4.31,2,122.0
2558,Ford,2019.0,8.0,China,Edge,Suv,Electric,92384.0,472371.0,10.0,1.01,5.66,3.35,2,1282.0
2559,Tesla,2023.0,12.0,China,Model X,Suv,Electric,101433.0,148567.0,21.0,1.1,6.25,3.4,10,379.0
2560,BMW,2024.0,1.0,Australia,X3,Suv,Diesel,94251.0,327342.0,34.0,1.6973325186534294,2.604930178418175,4.095227009517516,5,451.0
2561,BMW,2020.0,5.0,USA,i7,Sedan,Hybrid,57195.0,219801.0,82.0,0.9484488090199464,2.350587558806597,4.55395061211278,6,511.0
2562,Tesla,2017.0,5.0,China,Model S,Suv,Electric,73985.0,276270.0,22.0,1.09,5.82,3.28,2,820.0
2563,Toyota,2018.0,4.0,UK,Prius,Suv,Hybrid,82109.0,42090.0,35.0,1.88,1.18,5.24,2,1637.0
2564,BMW,2024.0,2.0,Canada,7 Series,Sedan,Hybrid,86322.0,349850.0,342.0,1.31432253789398,2.629375989127586,4.034057735808358,7,705.0
2565,Ford,2022.0,9.0,Australia,F-150 Lightning,Suv,Electric,81204.0,611551.0,99.0,1.68,2.95,4.49,9,2974.0
2566,Mercedes-Benz,2018.0,4.0,Italy,GLS,Suv,Petrol,110943.0,546957.0,17.0,1.86,1.38,3.43,4,105.0
2568,Audi,2024.0,12.0,Mexico,Q7,Suv,Electric,33030.0,139784.0,49.0,1.12,1.73,11.15,1,43.0
2569,Porsche,2017.0,2.0,Mexico,Macan,Suv,Hybrid,177181.0,372181.0,28.0,1.1,2.18,10.75,10,286.0
2570,BMW,2018.0,3.0,Australia,i4,Suv,Petrol,93755.0,303017.0,20.0,1.6873211384589923,2.557086856089315,4.268701716800619,8,417.0
2571,Ford,2024.0,8.0,Mexico,Edge,Suv,Electric,71586.0,123169.0,61.0,1.16,1.73,11.11,2,2626.0
2572,BMW,2021.0,3.0,Australia,X7,Sedan,Diesel,35060.0,343313.0,190.0,1.621155849890538,2.811217495063393,4.356272383841006,1,469.0
2573,Mercedes-Benz,2024.0,10.0,Japan,GLC,Suv,Electric,124246.0,85801.0,26.0,1.48,1.1,-0.08,4,1116.0
2574,Ford,2022.0,4.0,India,Ranger,Suv,Petrol,84587.0,89479.0,72.0,1.0550000000000002,6.51,6.68,10,858.0
2575,Toyota,2022.0,8.0,Netherlands,Prius,Suv,Electric,66879.0,136264.0,33.0,1.97,1.92,3.5,9,1779.0
2576,Mercedes-Benz,2022.0,11.0,Canada,A-Class,Sedan,Diesel,47204.0,509782.0,37.0,1.38,2.13,3.93,8,1101.0
2577,Ford,2024.0,6.0,Netherlands,Ranger,Suv,Petrol,26810.0,238102.0,89.0,2.04,2.14,3.64,5,3784.0
2578,Porsche,2018.0,1.0,France,Macan EV,Suv,Electric,61790.0,372541.0,2.0,1.79,1.7,3.55,4,317.0
2579,Audi,2018.0,3.0,Italy,e-tron,Suv,Diesel,67166.0,207039.0,52.0,1.88,0.74,3.25,5,1045.0
2580,Audi,2016.0,7.0,Mexico,e-tron,Suv,Diesel,41312.0,467599.0,35.0,1.14,1.8,10.99,3,190.0
2581,Ford,2021.0,1.0,Mexico,Bronco,Suv,Hybrid,33555.0,191430.0,100.0,1.14,2.09,11.21,9,1460.0
2582,Toyota,2017.0,5.0,Netherlands,Land Cruiser,Suv,Hybrid,50421.0,252440.0,16.0,2.02,2.42,3.21,3,1395.0
2584,Tesla,2017.0,10.0,Mexico,Model Y,Suv,Electric,93075.0,297928.0,34.0,1.16,1.83,10.79,5,2385.0
2585,Ford,2016.0,4.0,USA,Explorer,Suv,Hybrid,36753.0,240091.0,63.0,0.98,2.44,4.41,5,2662.0
2586,Mercedes-Benz,2018.0,8.0,Netherlands,CLA,Sedan,Petrol,98577.0,252771.0,35.0,2.07,2.56,3.35,2,884.0
2587,Porsche,2023.0,5.0,Mexico,Panamera,Sedan,Electric,67988.0,200645.0,12.0,1.17,2.13,11.28,6,338.0
2589,Audi,2017.0,6.0,China,Q3,Suv,Diesel,43194.0,67861.0,12.0,1.07,5.57,3.31,5,758.0
2590,Mercedes-Benz,2015.0,3.0,Netherlands,GLS,Suv,Petrol,78510.0,258562.0,11.0,1.96,2.26,3.6,10,416.0
2591,Ford,2020.0,7.0,UK,Expedition,Suv,Hybrid,29970.0,666274.0,99.0,1.92,1.55,4.99,1,513.0
2592,Toyota,2023.0,10.0,Mexico,RAV4,Suv,Hybrid,48452.0,435114.0,57.0,1.02,1.54,11.04,4,2171.0
2593,BMW,2015.0,6.0,UK,5 Series,Suv,Diesel,63926.0,248153.0,336.0,1.7524308949379634,1.2235958385194523,5.277933523664367,9,882.0
2594,Tesla,2018.0,11.0,Germany,Cybertruck,Suv,Electric,91379.0,43974.0,11.0,1.98,1.79,2.7,2,1027.0
2595,Porsche,2022.0,8.0,UK,Macan EV,Suv,Petrol,141290.0,312259.0,25.0,1.75,1.18,4.82,4,432.0
2596,Porsche,2018.0,12.0,India,Macan EV,Suv,Electric,71260.0,385057.0,7.0,1.14,7.42,6.35,3,332.0
2597,Toyota,2016.0,9.0,Spain,Prius,Suv,Petrol,40119.0,141680.0,85.0,1.68,1.09,3.38,5,238.0
2598,Toyota,2021.0,11.0,Australia,Prius,Suv,Petrol,33822.0,374918.0,59.0,1.62,3.32,4.39,3,2719.0
2599,Toyota,2022.0,3.0,Canada,Supra,Sedan,Hybrid,26099.0,517990.0,44.0,1.25,2.51,4.05,3,266.0
2600,Tesla,2018.0,3.0,USA,Cybertruck,Suv,Electric,109501.0,125562.0,39.0,0.99,2.26,4.23,3,592.0
2601,Tesla,2021.0,1.0,USA,Model S,Suv,Electric,115954.0,222288.0,17.0,0.9831971401914398,2.35,4.58,5,2225.0
2602,Porsche,2016.0,8.0,UK,GTS,Sedan,Hybrid,111846.0,147521.0,14.0,1.8332729136019705,1.1,4.85,8,262.0
2603,Porsche,2019.0,10.0,China,Cayenne Coupe,Suv,Electric,76207.0,147603.0,4.0,1.17,6.5,3.44,7,141.0
2604,Audi,2016.0,6.0,Italy,RS6,Sedan,Petrol,80233.0,317300.0,49.0,1.87,0.94,3.29,6,295.0
2605,Audi,2021.0,11.0,Canada,RS6,Sedan,Electric,100116.0,278326.0,36.0,1.25,2.57,4.23,1,1076.0
2606,Audi,2020.0,3.0,UK,Q8,Suv,Petrol,44261.0,455777.0,48.0,1.93,1.13,5.1,9,855.0
2607,Volkswagen,2016.0,11.0,Australia,Golf,Sedan,Diesel,53594.0,590127.0,30.0,1.52,2.67,4.14,7,1924.0
2608,Toyota,2021.0,9.0,China,C-HR,Suv,Petrol,35523.0,348596.0,32.0,1.18,5.56,3.46,4,1982.0
2609,Porsche,2015.0,11.0,Canada,Cayenne,Suv,Petrol,70503.0,269666.0,16.0,1.39,2.27,3.74,7,182.0
2610,Toyota,2020.0,7.0,Germany,Camry,Sedan,Electric,72326.0,65310.0,12.0,2.0,1.74,2.84,8,295.0
2611,Toyota,2023.0,5.0,Spain,RAV4,Suv,Petrol,42871.0,589875.0,42.0,1.85,1.24,3.67,1,2276.0
2612,Porsche,2019.0,2.0,India,Taycan,Suv,Hybrid,154883.0,158743.0,12.0,1.02,7.09,6.26,9,448.0
2613,BMW,2018.0,2.0,India,X5,Sedan,Petrol,114737.0,192339.0,162.0,1.0727208228474918,7.266115932795586,6.707552863806639,4,747.0
2614,BMW,2015.0,2.0,India,X1,Suv,Hybrid,35495.0,412612.0,304.0,1.05,7.065085312452756,6.662976146587164,1,973.0
2615,Tesla,2023.0,2.0,Spain,Model X,Suv,Electric,121326.0,36728.0,18.0,1.8,1.09,3.8,6,962.0
2616,Ford,2024.0,2.0,Mexico,Expedition,Suv,Hybrid,39820.0,486550.0,71.0,1.18,1.89,10.83,6,3282.0
2617,Ford,2023.0,10.0,China,Explorer,Suv,Petrol,88453.0,136735.0,109.0,1.11,5.82,3.62,5,3860.0
2618,Tesla,2024.0,8.0,UK,Model X,Suv,Electric,122644.0,285408.0,33.0,1.9,1.65,4.83,7,2144.0
2619,Ford,2016.0,5.0,UK,Expedition,Suv,Hybrid,79746.0,385585.0,46.0,1.91,1.63,4.9,10,861.0
2620,BMW,2015.0,2.0,Brazil,7 Series,Sedan,Diesel,79462.0,351566.0,98.0,1.1208449605616695,3.2374334683748063,10.507418266527475,10,298.0
2621,Volkswagen,2023.0,10.0,Netherlands,ID.3,Suv,Petrol,22905.0,553949.0,9.0,2.01,2.05,3.39,3,816.0
2624,Tesla,2023.0,9.0,China,Model S,Suv,Electric,57712.0,167891.0,7.0,1.16,6.28,3.65,5,2089.0
2625,Volkswagen,2020.0,3.0,China,Polo,Sedan,Diesel,71510.0,71403.0,36.0,1.15,6.12,3.67,2,1129.0
2626,Ford,2015.0,5.0,USA,F-150,Suv,Electric,93081.0,54914.0,78.0,0.98,2.89,4.63,6,3472.0
2627,Mercedes-Benz,2022.0,7.0,India,CLA,Sedan,Electric,114349.0,115931.0,55.0,1.04,6.58,6.59,8,215.0
2628,BMW,2019.0,1.0,Australia,X3,Suv,Electric,40586.0,77043.0,250.0,1.6417489395485954,3.3260676302525285,4.419216852602231,8,930.0
2629,Porsche,2022.0,11.0,China,Cayenne,Suv,Hybrid,184117.0,107134.0,18.0,1.05,6.25,3.5,9,480.0
2630,Ford,2021.0,3.0,Canada,Expedition,Suv,Petrol,71482.0,253965.0,98.0,1.27,1.97,4.04,6,3253.0
2631,Ford,2018.0,6.0,Italy,F-150 Lightning,Suv,Petrol,25635.0,461047.0,49.0,1.88,0.97,3.5,2,1742.0
2632,Audi,2023.0,8.0,Germany,Q3,Suv,Electric,45376.0,266009.0,11.0,1.83,1.76,3.02,1,844.0
2634,Toyota,2022.0,7.0,Mexico,Corolla,Sedan,Electric,61741.0,503253.0,28.0,1.08,2.46,11.05,10,597.0
2635,Tesla,2017.0,9.0,Australia,Model S,Suv,Electric,97680.0,205321.0,27.0,1.58,3.0156480238270693,4.33,9,299.0
2636,Mercedes-Benz,2021.0,2.0,Mexico,GLS,Suv,Petrol,82642.0,475498.0,61.0,1.04,2.32,11.23,4,1183.0
2637,Volkswagen,2017.0,2.0,China,Taos,Suv,Diesel,33666.0,515903.0,87.0,1.01,5.71,3.4,9,810.0
2638,Audi,2019.0,7.0,UK,e-tron,Suv,Hybrid,40248.0,478142.0,4.0,1.82,1.02,5.15,9,1060.0
2639,Porsche,2024.0,2.0,Brazil,Taycan,Suv,Petrol,152158.0,294942.0,6.0,1.29,3.61,10.49,7,300.0
2640,Mercedes-Benz,2015.0,12.0,Australia,S-Class,Sedan,Electric,107150.0,281222.0,44.0,1.51,2.66,4.05,5,353.0
2641,BMW,2024.0,6.0,Germany,3 Series,Suv,Electric,83821.0,231649.0,341.0,1.863389317558224,1.8174463517550408,2.958256446192594,2,883.0
2642,Porsche,2023.0,2.0,France,911,Sedan,Hybrid,110804.0,162803.0,19.0,1.74,1.78,3.66,10,186.0
2643,Toyota,2023.0,6.0,France,Corolla,Sedan,Hybrid,37497.0,145956.0,38.0,1.89,1.16,3.29,3,1550.0
2644,Mercedes-Benz,2015.0,12.0,Netherlands,GLS,Suv,Diesel,51970.0,406504.0,54.0,1.91,1.86,3.36,9,737.0
2645,Toyota,2022.0,4.0,India,Highlander,Suv,Petrol,49242.0,168578.0,94.0,0.97,7.23,6.58,2,358.0
2646,BMW,2020.0,10.0,China,X5,Sedan,Electric,80349.0,276179.0,180.0,1.0701423630903422,6.298783235773666,3.7987604663200014,8,521.0
2647,Mercedes-Benz,2017.0,3.0,Canada,GLC,Suv,Electric,59256.0,260065.0,39.0,1.22,2.64,4.14,7,1148.0
2648,Toyota,2023.0,3.0,Italy,RAV4,Suv,Petrol,75703.0,386604.0,31.0,1.76,0.9,3.72,9,659.0
2649,Porsche,2018.0,10.0,UK,Macan EV,Suv,Electric,70519.0,116750.0,8.0,1.86,1.79,4.85,5,225.0
2650,Audi,2024.0,5.0,UK,A6,Sedan,Electric,114777.0,194678.0,35.0,1.57,1.26,-0.11,6,550.0
2652,BMW,2020.0,9.0,France,X7,Sedan,Electric,46523.0,198178.0,36.0,1.7633523354135054,1.7958991181688029,3.675956810262953,5,298.0
2653,Toyota,2017.0,10.0,Brazil,Prius,Suv,Electric,33866.0,187689.0,94.0,1.12,3.04,10.28,3,1325.0
2654,Tesla,2021.0,11.0,Brazil,Model 3,Suv,Electric,65508.0,235895.0,31.0,1.23,3.1,10.75,5,1242.0
2656,Audi,2022.0,11.0,UK,TT,Sedan,Diesel,59844.0,95764.0,33.0,1.77,1.61,5.29,2,338.0
2657,Ford,2024.0,7.0,India,Explorer,Suv,Electric,94765.0,319545.0,66.0,1.1,7.08,6.78,10,581.0
2658,Tesla,2019.0,3.0,USA,Model Y,Suv,Electric,67324.0,33112.0,28.0,1.05,2.56,4.47,6,1163.0
2659,Toyota,2018.0,5.0,Australia,Land Cruiser,Suv,Hybrid,53133.0,188487.0,13.0,1.61,2.71,4.54,6,2043.0
2660,Audi,2023.0,10.0,Germany,TT,Sedan,Hybrid,109161.0,58937.0,53.0,1.9,1.57,3.01,8,82.0
2661,Volkswagen,2015.0,5.0,India,Arteon,Sedan,Diesel,68325.0,254361.0,70.0,1.05,7.26,6.31,2,649.0
2662,Tesla,2020.0,4.0,Brazil,Model 3,Suv,Electric,45553.0,291945.0,3.0,1.1,3.77,10.43,9,2146.0
2663,Mercedes-Benz,2017.0,4.0,Japan,EQS,Suv,Electric,77540.5,395055.0,49.0,1.55,0.89,0.33,5,237.0
2664,Mercedes-Benz,2019.0,8.0,UK,GLE,Suv,Petrol,85105.0,169909.0,14.0,1.66,1.23,3.45,7,1146.0
2665,BMW,2018.0,12.0,Brazil,i4,Suv,Petrol,86448.0,154824.0,123.0,1.2522047981885998,3.770921844644052,10.706869936870133,7,581.0
2666,Mercedes-Benz,2017.0,7.0,UK,S-Class,Sedan,Diesel,54765.0,332431.0,20.0,1.84,1.65,5.01,9,31.0
2667,Audi,2021.0,2.0,UK,Q7,Suv,Hybrid,43236.0,240129.0,47.0,1.0,6.61,6.42,7,689.0
2668,Toyota,2024.0,8.0,China,Highlander,Suv,Petrol,74119.0,464149.0,94.0,1.14,6.45,3.69,2,2947.0
2669,Porsche,2018.0,2.0,China,Panamera,Sedan,Hybrid,127519.0,390845.0,23.0,1.09,6.01,3.35,8,244.0
2670,Porsche,2016.0,6.0,Australia,Panamera,Sedan,Electric,127519.0,87785.0,16.0,1.52,3.45,4.45,10,492.0
2671,Mercedes-Benz,2024.0,7.0,Germany,CLA,Sedan,Diesel,102219.0,172056.0,39.0,1.89,1.73,3.28,9,1130.0
2673,Tesla,2020.0,1.0,Mexico,Model S Plaid,Suv,Electric,51648.0,176903.0,6.0,1.09,2.43,10.76,2,1241.0
2674,Ford,2021.0,5.0,USA,Mustang,Sedan,Electric,85068.0,94985.0,21.0,0.98,2.85,4.39,4,2262.0
2675,Mercedes-Benz,2018.0,12.0,Spain,E-Class,Sedan,Petrol,107215.0,293694.0,34.0,1.77,0.82,3.59,9,849.0
2676,Mercedes-Benz,2015.0,9.0,China,CLA,Sedan,Petrol,79577.0,322378.0,38.0,1.14,6.3,3.47,9,1193.0
2677,Porsche,2022.0,7.0,Spain,GTS,Sedan,Electric,111846.0,335220.0,16.0,1.77,1.72,3.66,5,34.0
2678,Audi,2023.0,12.0,Italy,Q8,Suv,Hybrid,109317.0,329672.0,54.0,1.89,0.83,3.44,2,412.0
2679,Mercedes-Benz,2017.0,4.0,USA,GLC,Suv,Diesel,110733.0,274722.0,25.0,1.0,2.48,4.53,1,320.0
2680,Toyota,2020.0,12.0,India,Prius,Suv,Electric,35268.0,609145.0,65.0,1.0,7.15,6.45,5,2461.0
2681,Toyota,2023.0,12.0,Mexico,Yaris,Sedan,Hybrid,48884.0,503927.0,86.0,1.04,1.98,10.9,8,1546.0
2682,Mercedes-Benz,2016.0,8.0,Canada,GLS,Suv,Electric,75880.0,240416.0,36.0,1.34,1.71,4.16,8,769.0
2683,Audi,2018.0,5.0,Canada,Q3,Suv,Electric,39827.0,266923.0,57.0,1.39,2.58,4.21,7,406.0
2684,Tesla,2015.0,10.0,Canada,Model 3,Suv,Electric,67098.0,293838.0,37.0,1.27,2.68,4.29,10,1449.0
2686,Mercedes-Benz,2022.0,6.0,Brazil,EQS,Suv,Diesel,116843.0,306719.0,33.0,1.12,3.97,10.62,8,514.0
2687,BMW,2021.0,3.0,Canada,X3,Suv,Diesel,74886.0,176044.0,282.0,1.201772657022694,1.910704963867204,4.2744688114228575,9,935.0
2688,Mercedes-Benz,2019.0,11.0,Spain,GLC,Suv,Diesel,98221.0,506074.0,45.0,1.8,1.2,3.29,2,1075.0
2689,Audi,2024.0,8.0,UK,A4,Sedan,Petrol,108301.0,440056.0,47.0,1.89,1.19,5.11,10,696.0
2690,Ford,2018.0,1.0,India,Ranger,Suv,Hybrid,85859.0,208052.0,100.0,1.02,7.17,6.44,1,2889.0
2691,BMW,2022.0,10.0,UK,iX,Sedan,Hybrid,94123.0,427082.0,62.0,1.7646993494660026,1.4537895413836392,4.841630278007878,5,254.0
2692,Mercedes-Benz,2016.0,8.0,Canada,CLA,Sedan,Electric,71614.0,74281.0,25.0,1.32,2.57,3.9,8,1269.0
2693,Audi,2022.0,7.0,Japan,A6,Sedan,Diesel,84625.0,346601.0,53.0,1.59,1.67,0.2,8,1079.0
2694,Toyota,2016.0,6.0,Netherlands,Supra,Sedan,Petrol,82035.0,485214.0,84.0,2.01,1.67,3.26,4,1653.0
2695,Ford,2023.0,1.0,Italy,F-150 Lightning,Suv,Petrol,87262.0,394200.0,67.0,1.88,0.51,3.5,4,3500.0
2696,Toyota,2022.0,5.0,Netherlands,bZ4X,Suv,Petrol,42833.0,129146.0,38.0,2.01,2.57,3.62,6,1107.0
2697,Toyota,2016.0,2.0,France,C-HR,Suv,Electric,39522.0,44747.0,56.0,1.85,1.14,3.62,3,494.0
2699,BMW,2024.0,3.0,Canada,3 Series,Suv,Diesel,38729.0,271439.0,84.0,1.3702413828097535,2.3,3.74567851569418,3,257.0
2700,Volkswagen,2018.0,7.0,Germany,Passat,Sedan,Diesel,46454.0,200244.0,78.0,1.98,1.92,2.86,9,2370.0
2701,Mercedes-Benz,2017.0,4.0,India,E-Class,Sedan,Diesel,85141.0,67666.0,20.0,1.15,7.19,6.64,8,595.0
2702,Mercedes-Benz,2023.0,10.0,Canada,EQE,Suv,Hybrid,60860.0,535066.0,7.0,1.24,2.6,3.85,2,315.0
2703,Audi,2016.0,10.0,Japan,e-tron,Suv,Diesel,34395.0,250568.0,54.0,1.45,0.78,0.33,8,758.0
2704,Audi,2019.0,12.0,Germany,Q3,Suv,Electric,113703.0,286930.0,50.0,1.84,1.81,3.12,6,1021.0
2705,Toyota,2023.0,2.0,China,bZ4X,Suv,Electric,44479.0,525295.0,64.0,1.0,5.71,3.4,6,1978.0
2706,Mercedes-Benz,2022.0,7.0,Italy,C-Class,Sedan,Diesel,61103.0,188925.0,17.0,1.82,1.2,3.33,8,546.0
2708,Mercedes-Benz,2016.0,1.0,USA,A-Class,Sedan,Diesel,101863.0,348211.0,13.0,0.99,2.81,4.31,1,31.0
2709,Porsche,2016.0,11.0,China,Macan EV,Suv,Hybrid,131610.0,240029.5,27.0,1.06,5.93,3.79,5,485.0
2710,Mercedes-Benz,2024.0,3.0,Canada,GLC,Suv,Hybrid,70918.0,587286.0,62.0,1.2968078140931214,1.94,3.74,6,1044.0
2711,Toyota,2017.0,12.0,India,RAV4,Suv,Hybrid,87701.0,193172.0,92.0,1.15,6.74,6.34,7,371.0
2712,Mercedes-Benz,2024.0,6.0,USA,EQE,Suv,Hybrid,108161.0,130041.0,32.0,1.03,2.55,4.58,8,668.0
2713,Porsche,2019.0,6.0,Netherlands,Macan EV,Suv,Petrol,139723.0,166665.0,13.0,1.91,2.55,3.72,3,52.0
2714,Ford,2015.0,11.0,Italy,Explorer,Suv,Electric,84986.0,200451.0,116.0,1.91,1.2,3.5,1,3950.0
2715,Porsche,2020.0,7.0,Australia,Macan,Suv,Petrol,134738.0,281615.0,6.0,1.57,2.84,4.22,5,343.0
2716,Ford,2021.0,2.0,Germany,Mustang Mach-E,Suv,Hybrid,29897.0,444517.0,45.0,1.89,1.92,3.17,7,1130.0
2717,Porsche,2018.0,1.0,Italy,Panamera,Sedan,Electric,68596.0,237584.0,28.0,1.8,1.19,3.46,3,372.0
2718,Ford,2024.0,7.0,Canada,Bronco,Suv,Electric,51039.0,589123.0,15.0,1.29,1.96,3.75,7,1917.0
2719,Mercedes-Benz,2022.0,10.0,Brazil,EQS,Suv,Diesel,79683.0,497224.0,62.0,1.26,3.98,10.25,3,48.0
2720,Volkswagen,2021.0,8.0,Australia,Arteon,Sedan,Diesel,28812.0,536774.0,12.0,1.63,2.64,4.33,3,2019.0
2721,BMW,2020.0,12.0,Canada,X5,Sedan,Diesel,94838.0,91025.0,244.0,1.3355084534917907,2.6634992408875884,4.011419368077729,4,560.0
2722,Toyota,2018.0,2.0,Mexico,Corolla,Sedan,Petrol,51170.0,486744.0,58.0,1.04,2.1,11.1,5,1907.0
2723,Porsche,2015.0,3.0,Italy,Taycan,Suv,Petrol,197404.0,153973.0,27.0,1.81,0.54,3.6,6,442.0
2724,Ford,2015.0,7.0,Canada,Mustang,Sedan,Electric,92292.0,572298.0,84.0,1.23,2.24,3.87,3,2049.0
2725,Ford,2023.0,3.0,India,Ranger,Suv,Hybrid,40680.0,113029.0,114.0,0.98,6.82,6.3,6,1730.0
2726,Audi,2016.0,1.0,UK,Q3,Suv,Petrol,56192.0,534576.0,21.0,1.81,1.71,5.14,7,128.0
2727,Audi,2017.0,8.0,Australia,e-tron,Suv,Hybrid,48680.0,446086.0,46.0,1.62,3.41,4.07,2,151.0
2728,Toyota,2022.0,4.0,India,Supra,Sedan,Hybrid,44869.0,691657.0,86.0,1.08,7.41,6.41,2,1194.0
2729,Audi,2017.0,6.0,UK,Q5,Suv,Petrol,76255.0,104532.0,35.0,1.75,1.09,4.8,5,938.0
2730,Porsche,2018.0,12.0,Canada,Cayenne,Suv,Hybrid,188068.0,97774.0,10.0,1.26,1.72,4.24,1,246.0
2731,Ford,2023.0,9.0,Spain,Ranger,Suv,Electric,51866.0,372184.0,54.0,1.66,0.92,3.24,6,325.0
2732,Audi,2020.0,1.0,Brazil,Q7,Suv,Hybrid,71234.0,208798.0,51.0,1.11,3.35,10.66,9,219.0
2733,Porsche,2021.0,6.0,China,Macan EV,Suv,Petrol,192028.0,343345.0,27.0,1.02,6.36,3.74,8,343.0
2734,Mercedes-Benz,2017.0,11.0,Mexico,E-Class,Sedan,Diesel,48555.0,423768.0,15.0,1.03,1.73,10.77,8,908.0
2735,Toyota,2016.0,6.0,Canada,Camry,Sedan,Hybrid,57794.0,617129.0,75.0,1.32,2.59,4.04,6,786.0
2736,Porsche,2017.0,3.0,Japan,Cayenne Coupe,Suv,Electric,151307.0,90334.0,4.0,1.45,0.86,0.07,1,362.0
2737,Tesla,2024.0,2.0,Japan,Model Y,Suv,Electric,102853.0,210503.0,28.0,1.59,1.36,0.02,1,792.0
2738,Toyota,2024.0,6.0,Netherlands,Camry,Sedan,Hybrid,78492.0,584059.0,74.0,2.07,1.99,3.27,6,2571.0
2739,Tesla,2020.0,2.0,UK,Model X,Suv,Electric,95096.0,32568.0,14.0,1.77,1.28,3.74,10,2011.0
2740,Mercedes-Benz,2015.0,2.0,UK,E-Class,Sedan,Electric,115187.0,298288.0,6.0,1.89,1.51,5.28,7,115.0
2741,Tesla,2020.0,9.0,France,Model S Plaid,Suv,Electric,88615.0,15120.0,30.0,1.77,1.92,3.41,4,496.0
2742,BMW,2015.0,9.0,UK,X5,Sedan,Electric,81418.0,416648.0,33.0,0.9921240084883264,2.24240973241508,4.268902094843522,3,162.0
2743,Porsche,2021.0,8.0,Italy,Panamera,Sedan,Petrol,193342.0,337499.0,6.0,1.86,1.26,3.48,1,143.0
2744,Toyota,2022.0,3.0,France,Corolla,Sedan,Petrol,72739.0,198646.0,71.0,1.72,1.11,3.58,2,920.0
2745,Ford,2022.0,8.0,France,Expedition,Suv,Petrol,92096.0,645550.0,30.0,1.72,1.77,3.55,2,107.0
2746,Toyota,2021.0,8.0,UK,C-HR,Suv,Hybrid,41621.0,307118.0,84.0,1.8,2.0,5.17,3,1800.0
2747,Volkswagen,2022.0,9.0,Australia,Tiguan,Suv,Petrol,47099.0,567589.0,67.0,1.69,3.44,4.46,6,971.0
2748,Toyota,2016.0,4.0,Canada,C-HR,Suv,Hybrid,75337.0,409768.0,26.0,1.34,2.62,4.07,8,1486.0
2749,Audi,2024.0,3.0,Germany,Q8,Suv,Hybrid,42272.0,94620.0,44.0,2.0,2.26,3.01,7,29.0
2750,Audi,2023.0,12.0,USA,A4,Sedan,Diesel,59253.0,92259.0,7.0,0.97,2.49,4.67,8,249.0
2751,Toyota,2016.0,3.0,Japan,Supra,Sedan,Electric,54742.0,333050.0,48.0,1.58,1.68,0.29,3,1650.0
2752,Mercedes-Benz,2022.0,9.0,Canada,E-Class,Sedan,Hybrid,44324.0,129695.0,37.0,1.35,2.01,4.22,6,1218.0
2753,BMW,2022.0,10.0,USA,i4,Suv,Petrol,106334.0,367231.0,260.0,0.8873840576174847,2.7891712386073384,4.499065319357435,7,796.0
2754,Ford,2019.0,9.0,Mexico,Explorer,Suv,Hybrid,44506.0,590715.0,46.0,1.15,2.48,11.04,4,1050.0
2755,Audi,2023.0,5.0,Canada,A6,Sedan,Diesel,81273.0,493933.0,40.0,1.36,1.76,4.24,3,1178.0
2756,Toyota,2016.0,1.0,Netherlands,Highlander,Suv,Hybrid,48424.0,100040.0,33.0,1.99,2.45,3.68,4,1145.0
2757,Audi,2021.0,11.0,USA,Q5,Suv,Petrol,49586.0,320504.0,30.0,1.01,2.25,4.61,7,610.0
2758,Volkswagen,2017.0,1.0,Japan,T-Roc,Suv,Electric,59535.0,228284.0,20.0,1.49,1.54,0.22,2,694.0
2760,Mercedes-Benz,2024.0,11.0,Germany,CLA,Sedan,Diesel,59630.0,505011.0,5.0,1.93,1.64,2.89,9,742.0
2761,Porsche,2019.0,9.0,China,Cayenne Coupe,Suv,Petrol,184430.0,238625.0,27.0,1.03,6.42,3.45,6,36.0
2762,Toyota,2016.0,3.0,Netherlands,Highlander,Suv,Petrol,63313.0,617130.0,10.0,2.01,1.81,3.26,1,1614.0
2763,BMW,2016.0,11.0,China,i4,Suv,Petrol,115428.0,418893.0,253.0,1.0062366270122571,6.23257209721025,3.328964227154454,10,533.0
2764,Mercedes-Benz,2018.0,2.0,USA,EQS,Suv,Hybrid,77540.5,456688.0,6.0,0.96,2.94,4.3,8,768.0
2765,Audi,2023.0,12.0,Germany,Q3,Suv,Petrol,102118.0,183016.0,21.0,1.93,2.21,3.0,5,297.0
2766,Porsche,2016.0,8.0,USA,Macan EV,Suv,Electric,152074.0,128709.0,23.0,1.06,2.73,4.79,10,60.0
2767,Tesla,2020.0,4.0,Brazil,Model X,Suv,Electric,40944.0,20471.0,39.0,1.13,3.33,10.37,9,2449.0
2769,Mercedes-Benz,2019.0,4.0,Canada,C-Class,Sedan,Petrol,57363.0,515874.0,34.0,1.27,2.01,4.04,7,678.0
2771,Audi,2020.0,9.0,USA,Q3,Suv,Petrol,54363.0,351368.0,27.0,1.03,2.29,4.63,8,723.0
2772,Audi,2018.0,10.0,Australia,Q3,Suv,Electric,86461.0,446587.0,23.0,1.5,3.35,4.13,7,1145.0
2773,Ford,2015.0,6.0,Netherlands,Escape,Suv,Petrol,42577.0,322558.0,21.0,2.07,2.0,3.57,2,1905.0
2774,Toyota,2022.0,7.0,Brazil,Corolla,Sedan,Hybrid,86874.0,357501.0,70.0,1.15,3.535,10.44,9,1553.0
2775,BMW,2024.0,9.0,Canada,7 Series,Sedan,Petrol,54627.0,360714.0,159.0,1.2925069432266296,2.318254771530296,3.921348183741864,2,697.0
2776,Audi,2024.0,9.0,Italy,Q7,Suv,Hybrid,51360.0,309916.0,21.0,1.86,0.95,3.72,9,200.0
2777,Toyota,2019.0,3.0,Japan,Camry,Sedan,Petrol,45123.0,420897.0,17.0,1.5,1.11,0.3,5,1108.0
2778,BMW,2021.0,9.0,China,7 Series,Sedan,Diesel,90514.0,267995.0,285.0,1.030891949444665,6.390097035183809,3.4075264764427144,2,884.0
2779,Ford,2021.0,4.0,Netherlands,Ranger,Suv,Electric,42817.0,760937.0,34.0,1.95,1.96,3.49,2,1797.0
2780,BMW,2021.0,12.0,UK,i4,Suv,Petrol,114465.0,407521.0,270.0,1.8979808241533864,1.4225484283119445,4.725214805102843,8,553.0
2781,Audi,2023.0,8.0,Spain,RS6,Sedan,Electric,40787.0,498170.0,46.0,1.68,0.84,3.68,6,905.0
2782,Ford,2024.0,9.0,Spain,Ranger,Suv,Petrol,84695.0,347898.0,24.0,1.76,1.69,3.72,4,2607.0
2783,Mercedes-Benz,2017.0,8.0,Mexico,CLA,Sedan,Electric,99863.0,196248.0,23.0,1.12,2.4,11.19,9,805.0
2784,Tesla,2023.0,5.0,Australia,Cybertruck,Suv,Electric,88477.0,287761.0,25.0,1.64,3.49,4.04,10,153.0
2785,Porsche,2023.0,11.0,Italy,718,Sedan,Petrol,92850.0,233548.0,10.0,1.94,0.84,3.69,6,282.0
2786,Toyota,2022.0,6.0,UK,Land Cruiser,Suv,Electric,86620.0,79623.0,45.0,1.81,1.15,5.22,8,1488.0
2787,Porsche,2020.0,2.0,USA,GTS,Sedan,Petrol,198350.0,236810.0,14.0,0.95,2.86,4.47,10,497.0
2788,Toyota,2018.0,8.0,Netherlands,RAV4,Suv,Hybrid,44770.0,148782.0,28.0,1.98,2.11,3.34,4,1987.0
2789,BMW,2016.0,8.0,USA,5 Series,Suv,Petrol,116502.0,163783.0,134.0,1.0035115477042054,2.48,4.484376984157724,8,393.0
2790,Ford,2015.0,7.0,Germany,F-150 Lightning,Suv,Hybrid,25461.0,516684.0,78.0,1.95,1.96,3.21,3,1790.0
2791,Tesla,2015.0,4.0,Netherlands,Model X Plaid,Suv,Electric,74183.0,97067.0,37.0,2.03,2.16,3.77,5,1284.0
2792,BMW,2019.0,12.0,UK,X5,Sedan,Hybrid,91240.0,234381.0,185.0,1.7755426967270471,1.0891244321160167,5.153162252298085,10,750.0
2793,Toyota,2016.0,8.0,China,RAV4,Suv,Petrol,69907.0,556361.0,94.0,1.11,6.19,3.56,10,1134.0
2795,Toyota,2015.0,8.0,Canada,Highlander,Suv,Petrol,70636.0,52544.0,51.0,1.29,1.92,3.72,3,2708.0
2796,Volkswagen,2024.0,3.0,Japan,T-Roc,Suv,Hybrid,48612.0,246820.0,56.0,1.46,1.04,0.24,7,1153.0
2797,Tesla,2017.0,10.0,Italy,Cybertruck,Suv,Electric,47202.0,237971.0,13.0,1.86,0.86,3.48,9,1679.0
2798,Audi,2017.0,9.0,Brazil,Q7,Suv,Hybrid,56305.0,391356.0,21.0,1.11,3.13,10.66,10,954.0
2799,Porsche,2024.0,12.0,USA,Panamera,Sedan,Petrol,180653.0,277105.0,29.0,1.05,2.36,4.39,8,71.0
2800,Porsche,2019.0,9.0,Brazil,Macan EV,Suv,Hybrid,98900.0,311207.0,13.0,1.11,3.93,10.71,8,319.0
2802,Toyota,2020.0,2.0,Germany,Camry,Sedan,Electric,89234.0,443023.0,65.0,1.95,1.53,2.8,5,174.0
2804,Porsche,2017.0,9.0,Brazil,GTS,Sedan,Electric,66430.0,237497.5,3.0,1.19,3.0,10.61,8,20.0
2805,BMW,2024.0,2.0,Canada,X7,Sedan,Petrol,46695.0,438333.0,139.0,1.257181357847832,2.5869249002092696,4.087486487593123,10,314.0
2806,Mercedes-Benz,2024.0,1.0,China,GLE,Suv,Petrol,78269.0,320351.0,55.0,1.16,5.88,3.69,6,303.0
2807,BMW,2015.0,2.0,UK,7 Series,Sedan,Electric,114401.0,413334.0,84.0,1.7825399487617133,1.6406151835488874,5.099960287427972,1,268.0
2808,Volkswagen,2018.0,7.0,China,Arteon,Sedan,Petrol,53284.0,577842.0,26.0,1.01,5.6,3.42,2,952.0
2810,BMW,2015.0,12.0,Germany,i4,Suv,Hybrid,108843.0,287989.0,365.0,1.8263457546909123,1.3431737357970115,2.7988888894376625,10,822.0
2811,Volkswagen,2020.0,6.0,Canada,Tiguan,Suv,Petrol,77440.0,391644.0,64.0,1.35,2.26,4.03,5,1134.0
2812,Ford,2015.0,2.0,Italy,Mustang,Sedan,Petrol,27942.0,464443.0,28.0,1.89,1.09,3.41,5,2929.0
2813,Tesla,2023.0,8.0,Brazil,Model Y,Suv,Electric,100113.0,102605.0,2.0,1.14,3.26,10.31,4,459.0
2814,Ford,2020.0,1.0,China,Expedition,Suv,Petrol,71539.0,726203.0,23.0,1.09,5.67,3.79,3,94.0
2815,Toyota,2017.0,3.0,UK,Camry,Sedan,Hybrid,87654.0,98688.0,52.0,1.74,1.73,3.25,1,234.0
2816,Ford,2020.0,6.0,UK,F-150,Suv,Electric,66817.0,85313.0,75.0,1.95,2.2,3.7,10,3112.0
2817,Toyota,2017.0,8.0,Japan,Camry,Sedan,Petrol,47467.0,234688.0,14.0,1.45,1.52,0.31,4,1586.0
2818,Ford,2018.0,9.0,Germany,F-150 Lightning,Suv,Hybrid,92601.0,706494.0,106.0,1.9,1.32,2.96,3,2831.0
2819,Toyota,2024.0,9.0,France,RAV4,Suv,Electric,35047.0,333465.0,66.0,1.85,1.89,3.37,5,1927.0
2820,Audi,2016.0,11.0,UK,Q8,Suv,Hybrid,80231.0,305461.0,25.0,1.77,1.56,4.74,10,159.0
2821,Mercedes-Benz,2017.0,6.0,UK,GLS,Suv,Petrol,61455.0,343753.0,46.0,1.89,1.79,5.11,7,1172.0
2822,Tesla,2024.0,12.0,Brazil,Cybertruck,Suv,Electric,112974.0,161243.0,29.0,1.19,3.77,10.75,2,2243.0
2823,Audi,2024.0,1.0,Brazil,Q8,Suv,Diesel,56264.0,327912.0,21.0,1.2,3.49,10.71,5,519.0
2824,Ford,2017.0,6.0,India,Bronco,Suv,Petrol,85771.0,698025.0,49.0,0.97,7.18,6.73,4,3713.0
2825,Tesla,2016.0,3.0,Brazil,Model S,Suv,Electric,70092.0,125233.0,15.0,1.1,3.71,10.35,4,1045.0
2826,Volkswagen,2020.0,4.0,Mexico,Touareg,Suv,Diesel,72553.0,348336.0,38.0,1.06,2.28,10.85,1,1936.0
2827,BMW,2019.0,1.0,China,7 Series,Sedan,Hybrid,38332.0,255232.0,55.0,1.0615859883182384,5.639651254756313,3.2179841539236067,8,418.0
2828,Mercedes-Benz,2021.0,3.0,Mexico,GLS,Suv,Hybrid,58879.0,333199.0,51.0,1.14,2.34,10.92,6,1118.0
2829,Volkswagen,2020.0,11.0,Japan,Arteon,Sedan,Hybrid,55024.0,546913.0,51.0,1.53,0.88,0.23,1,1947.0
2830,Tesla,2017.0,11.0,Spain,Semi,Suv,Electric,92207.0,90060.0,20.0,1.75,1.7,3.66,2,652.0
2831,Audi,2015.0,12.0,China,RS6,Sedan,Diesel,69527.0,314228.0,57.0,1.03,5.99,3.66,10,88.0
2832,Volkswagen,2017.0,6.0,Canada,Arteon,Sedan,Electric,26248.0,257483.0,18.0,1.24,2.2,3.89,4,657.0
2833,Porsche,2018.0,1.0,France,GTS,Sedan,Electric,83199.0,362934.0,29.0,1.87,1.65,3.36,1,29.0
2834,Porsche,2017.0,12.0,Brazil,Macan EV,Suv,Electric,124207.0,126738.0,13.0,1.26,3.37,10.39,1,362.0
2835,Toyota,2023.0,9.0,Brazil,Supra,Sedan,Electric,20393.0,182974.0,16.0,1.27,3.84,10.43,10,1193.0
2837,Mercedes-Benz,2016.0,4.0,Canada,A-Class,Sedan,Electric,91952.0,192490.0,8.0,1.39,1.93,3.83,4,520.0
2838,Toyota,2015.0,9.0,Japan,bZ4X,Suv,Hybrid,25849.0,491570.0,22.0,1.43,1.35,0.29,4,2019.0
2839,Toyota,2017.0,3.0,Germany,Corolla,Sedan,Electric,63381.0,478105.0,94.0,1.87,1.96,2.7,4,2858.0
2840,Porsche,2024.0,4.0,UK,Macan EV,Suv,Hybrid,98808.0,198232.0,14.0,1.81,1.5,4.98,3,388.0
2841,Tesla,2023.0,3.0,France,Model X,Suv,Electric,115336.0,182971.0,37.0,1.82,1.17,3.28,4,2168.0
2842,Volkswagen,2018.0,2.0,Australia,T-Roc,Suv,Diesel,61508.0,104587.0,18.0,1.62,3.02,4.44,4,1155.0
2843,Porsche,2017.0,6.0,India,Panamera,Sedan,Electric,197017.0,87997.0,16.0,1.06,7.29,6.64,3,388.0
2844,Toyota,2024.0,1.0,Brazil,Land Cruiser,Suv,Petrol,76176.0,295394.0,85.0,1.19,3.82,10.4,5,1175.0
2845,Ford,2018.0,2.0,China,Edge,Suv,Petrol,81656.0,396796.0,51.0,1.06,6.15,3.6,6,2550.0
2846,Toyota,2021.0,10.0,Italy,Prius,Suv,Hybrid,23413.0,535014.0,80.0,1.94,0.59,3.73,3,1744.0
2847,Audi,2018.0,6.0,USA,RS6,Sedan,Diesel,54877.0,164511.0,32.0,0.98,2.8,4.49,2,218.0
2848,Mercedes-Benz,2017.0,5.0,India,EQE,Suv,Hybrid,125369.0,86924.0,13.0,0.95,7.08,6.59,4,708.0
2849,Volkswagen,2018.0,7.0,Brazil,Taos,Suv,Petrol,70519.0,131516.0,35.0,1.29,3.74,10.36,6,1671.0
2850,Audi,2020.0,6.0,Germany,A4,Sedan,Petrol,53573.0,203807.0,39.0,1.88,2.0,3.11,3,840.0
2851,Mercedes-Benz,2018.0,6.0,China,E-Class,Sedan,Hybrid,41366.0,565745.0,27.0,1.14,6.29,3.39,2,757.0
2852,Tesla,2019.0,8.0,France,Model S,Suv,Electric,94699.0,196165.0,30.0,1.84,1.61,3.58,8,1316.0
2854,Ford,2021.0,7.0,Germany,F-150,Suv,Electric,61381.0,622438.0,32.0,1.97,1.5,3.23,8,1431.0
2855,Audi,2016.0,8.0,UK,A6,Sedan,Electric,42877.0,409747.0,56.0,1.81,1.86,4.92,3,968.0
2856,Porsche,2018.0,8.0,Mexico,Macan EV,Suv,Electric,96099.0,240029.5,17.0,1.13,2.47,11.0,9,214.0
2857,BMW,2019.0,6.0,France,5 Series,Suv,Diesel,36129.0,114926.0,229.0,1.799353371771834,1.4909059959055146,3.556685801111704,8,717.0
2858,BMW,2015.0,9.0,Japan,X1,Suv,Electric,72052.0,172066.0,332.0,1.5352355124150867,1.3341421382957368,-0.1242411550612983,9,908.0
2859,Tesla,2019.0,5.0,Mexico,Model X,Suv,Electric,82073.0,15299.0,3.0,1.05,2.12,11.04,5,69.0
2861,BMW,2015.0,11.0,UK,X5,Sedan,Diesel,47720.0,172989.0,246.0,1.1211549638713776,5.856096725897846,3.791909149275788,5,677.0
2862,Ford,2016.0,1.0,Canada,Bronco,Suv,Electric,82446.0,168358.0,118.0,1.3,2.48,4.3,6,2754.0
2863,Mercedes-Benz,2021.0,9.0,France,GLS,Suv,Diesel,43414.0,138639.0,7.0,1.89,2.05,3.27,7,621.0
2864,BMW,2015.0,2.0,India,i4,Suv,Electric,91356.0,192690.0,21.0,0.965390640325842,7.032926346475914,6.272340131466367,3,306.0
2865,Audi,2023.0,5.0,Canada,e-tron,Suv,Hybrid,90755.0,145406.0,10.0,1.33,2.48,3.9,8,1008.0
2867,Volkswagen,2020.0,2.0,Brazil,Polo,Sedan,Diesel,26421.0,299836.0,60.0,1.17,3.11,10.25,2,74.0
2870,Toyota,2019.0,1.0,India,C-HR,Suv,Hybrid,50579.0,533585.0,37.0,0.96,6.69,6.42,3,678.0
2871,Tesla,2020.0,2.0,Spain,Cybertruck,Suv,Electric,67330.0,35713.0,30.0,1.65,1.11,3.44,4,1325.0
2872,Porsche,2018.0,4.0,Japan,718,Sedan,Hybrid,71676.0,137119.0,18.0,1.51,0.74,0.07,8,298.0
2873,Porsche,2018.0,9.0,Italy,Taycan,Suv,Hybrid,117868.0,314338.0,21.0,1.81,0.69,3.21,6,482.0
2874,Audi,2021.0,6.0,Mexico,e-tron,Suv,Electric,80857.0,511972.0,44.0,1.04,2.085,10.99,7,805.0
2875,Porsche,2023.0,9.0,Canada,Cayenne Coupe,Suv,Petrol,110061.0,102663.0,11.0,1.31,2.67,3.72,4,411.0
2876,Toyota,2024.0,7.0,Canada,Land Cruiser,Suv,Hybrid,31335.0,176051.0,32.0,1.33,2.36,4.3,7,577.0
2877,Tesla,2019.0,4.0,UK,Cybertruck,Suv,Electric,57891.0,291434.0,6.0,1.9,2.0,2.74,5,2223.0
2878,Mercedes-Benz,2023.0,6.0,Canada,GLS,Suv,Hybrid,87877.0,294900.0,61.0,1.36,2.37,4.23,6,90.0
2879,Volkswagen,2017.0,7.0,Canada,Passat,Sedan,Diesel,29684.0,208975.0,25.0,1.36,2.06,4.16,1,2732.0
2880,Mercedes-Benz,2016.0,7.0,USA,C-Class,Sedan,Hybrid,107570.0,203417.0,51.0,1.06,2.32,4.48,3,283.0
2881,Toyota,2021.0,11.0,Canada,Highlander,Suv,Electric,43911.0,220977.0,55.0,1.39,1.82,3.92,5,2938.0
2882,Ford,2024.0,6.0,Germany,Edge,Suv,Electric,29403.0,56271.0,57.0,1.89,2.12,3.17,3,3090.0
2883,Porsche,2024.0,11.0,Mexico,Macan,Suv,Electric,127973.0,335737.0,19.0,1.06,2.39,11.25,3,56.0
2884,Porsche,2020.0,7.0,Germany,GTS,Sedan,Electric,111846.0,308535.0,12.0,1.92,1.3,3.06,2,407.0
2885,Audi,2020.0,2.0,USA,Q7,Suv,Hybrid,113985.0,272610.0,39.0,1.06,2.65,4.71,9,77.0
2886,Mercedes-Benz,2019.0,5.0,USA,GLS,Suv,Hybrid,40633.0,386027.0,14.0,0.99,2.3,4.48,8,962.0
2887,Toyota,2018.0,5.0,USA,Corolla,Sedan,Hybrid,34332.0,392363.0,87.0,1.04,2.26,4.45,4,2686.0
2888,Toyota,2017.0,8.0,USA,bZ4X,Suv,Petrol,61452.0,493345.0,45.0,1.01,2.97,4.36,3,2333.0
2889,BMW,2015.0,7.0,Canada,i7,Sedan,Diesel,107394.0,144202.0,109.0,1.3614311074729766,1.7169476648895812,4.162094927054258,9,224.0
2890,Porsche,2015.0,6.0,Brazil,911,Sedan,Hybrid,71777.0,130091.0,19.0,1.29,3.79,10.4,5,227.0
2891,Audi,2020.0,1.0,Japan,Q7,Suv,Electric,44374.0,529120.0,25.0,1.4,0.89,0.13,5,1052.0
2892,Tesla,2019.0,1.0,Netherlands,Model Y,Suv,Electric,121501.0,108919.0,17.0,2.02,2.23,3.8,10,1187.0
2893,BMW,2019.0,9.0,Germany,X1,Suv,Hybrid,94872.0,275192.0,173.0,1.8849999999999998,1.3994413927593452,2.8459033145996724,8,505.0
2894,BMW,2020.0,2.0,Brazil,X7,Sedan,Electric,75874.0,385949.0,55.0,1.1452991550395877,3.016587828927856,10.507255834979569,3,292.0
2895,Porsche,2016.0,7.0,Netherlands,718,Sedan,Petrol,139871.0,375455.0,6.0,2.03,1.72,3.59,4,186.0
2896,Toyota,2017.0,11.0,Spain,Highlander,Suv,Hybrid,84849.0,492949.0,71.0,1.79,1.34,3.54,7,710.0
2897,Audi,2023.0,2.0,France,e-tron,Suv,Petrol,50705.0,382368.0,29.0,1.82,1.23,3.68,4,608.0
2898,Volkswagen,2021.0,7.0,Brazil,Golf,Sedan,Hybrid,40385.0,431540.0,88.0,1.19,3.24,10.4,6,610.0
2899,Porsche,2023.0,2.0,India,Panamera Sport,Sedan,Electric,134349.0,161819.0,23.0,0.97,7.05,6.74,10,397.0
2900,Audi,2015.0,7.0,Canada,A3,Sedan,Petrol,45326.0,389984.0,33.0,1.37,1.76,4.23,4,39.0
2901,Ford,2023.0,10.0,UK,Expedition,Suv,Electric,51185.0,212031.0,62.0,1.87,1.3,5.12,7,2740.0
2902,Ford,2023.0,6.0,USA,Escape,Suv,Electric,81799.0,433001.0,50.0,0.92,2.79,4.46,5,2595.0
2903,Porsche,2021.0,9.0,Germany,Macan EV,Suv,Hybrid,133780.0,135916.0,26.0,1.91,1.65,3.2,1,417.0
2904,BMW,2015.0,2.0,India,X3,Suv,Petrol,113291.0,258281.0,365.0,0.9976365562093452,6.678544662054334,6.591647664711125,6,1027.0
2905,Audi,2020.0,9.0,India,Q7,Suv,Petrol,95950.0,533145.0,31.0,1.14,7.26,6.73,4,577.0
2906,Toyota,2023.0,9.0,Spain,RAV4,Suv,Petrol,31754.0,457472.0,51.0,1.82,1.1,3.58,6,1777.0
2907,Toyota,2018.0,9.0,Japan,Prius,Suv,Electric,39946.0,335901.0,42.0,1.58,1.53,0.09,1,2949.0
2908,BMW,2020.0,1.0,China,7 Series,Sedan,Petrol,60464.0,275121.0,204.0,1.0880397995910982,6.288614964672407,3.510361433864966,8,842.0
2909,Mercedes-Benz,2024.0,6.0,Germany,EQS,Suv,Hybrid,63230.0,343671.0,8.0,1.87,1.66,2.99,9,1264.0
2910,Ford,2016.0,8.0,Australia,Edge,Suv,Petrol,92625.0,268202.0,105.0,1.62,3.31,4.51,8,1442.0
2911,Porsche,2023.0,12.0,Italy,Macan EV,Suv,Petrol,126351.0,278902.0,25.0,1.89,0.82,3.49,6,244.0
2912,Toyota,2017.0,8.0,China,RAV4,Suv,Petrol,87182.0,307641.0,30.0,1.18,5.74,3.62,1,106.0
2913,Porsche,2017.0,5.0,China,Macan EV,Suv,Electric,133716.0,173962.0,27.0,1.01,6.3,3.46,2,398.0
2914,Toyota,2016.0,12.0,Spain,Yaris,Sedan,Electric,19967.0,42143.0,35.0,1.76,1.7,3.51,4,2746.0
2915,Audi,2015.0,6.0,Germany,RS6,Sedan,Electric,42156.0,452047.0,46.0,1.96,1.68,2.74,7,43.0
2916,BMW,2022.0,11.0,China,5 Series,Suv,Diesel,84112.0,252278.0,167.0,1.1445628606416969,5.6147688718692175,3.716083816009661,5,679.0
2917,BMW,2024.0,5.0,Japan,X7,Sedan,Hybrid,47632.0,405266.0,306.0,1.5418121038901833,0.7519712836514724,0.1247778011806422,10,947.0
2919,Ford,2021.0,1.0,India,Edge,Suv,Hybrid,32656.0,258278.0,24.0,1.09,7.07,6.74,5,515.0
2920,Mercedes-Benz,2020.0,8.0,UK,CLA,Sedan,Electric,58440.0,295478.0,14.0,1.87,1.77,4.86,6,1232.0
2921,Ford,2024.0,2.0,USA,F-150,Suv,Electric,82257.0,63827.0,116.0,1.03,2.91,4.43,6,1857.0
2922,BMW,2016.0,2.0,Brazil,X1,Suv,Diesel,68302.0,231726.0,28.0,1.208281521469517,3.3855119047369224,10.404232262552704,5,438.0
2923,Mercedes-Benz,2020.0,2.0,China,A-Class,Sedan,Hybrid,59569.0,167931.0,18.0,1.09,6.06,3.2,9,1041.0
2925,Toyota,2024.0,12.0,Spain,RAV4,Suv,Hybrid,51944.0,257180.0,33.0,1.72,1.09,3.46,10,2780.0
2926,Toyota,2020.0,3.0,UK,bZ4X,Suv,Electric,40737.0,161898.0,93.0,1.85,1.91,5.28,4,2024.0
2927,Ford,2021.0,1.0,India,F-150,Suv,Petrol,28849.0,719346.0,81.0,1.0,7.33,6.42,7,282.0
2929,Mercedes-Benz,2016.0,1.0,Brazil,CLA,Sedan,Hybrid,53158.0,332197.0,37.0,1.24,3.95,10.71,2,382.0
2930,Mercedes-Benz,2020.0,10.0,China,EQE,Suv,Hybrid,38960.0,499410.0,61.0,1.1,6.45,3.29,7,850.0
2931,Mercedes-Benz,2017.0,11.0,Germany,A-Class,Sedan,Electric,114841.0,296543.0,25.0,1.92,1.39,3.15,4,719.0
2932,Volkswagen,2023.0,4.0,UK,ID.3,Suv,Diesel,60060.0,267077.0,82.0,1.87,1.82,5.03,4,179.0
2933,Porsche,2023.0,10.0,Netherlands,GTS,Sedan,Electric,141201.0,129474.0,16.0,1.98,1.85,3.7,1,134.0
2934,Toyota,2015.0,5.0,Spain,Highlander,Suv,Electric,85625.0,248612.0,82.0,1.77,1.59,3.76,6,2160.0
2935,BMW,2018.0,6.0,USA,5 Series,Suv,Diesel,85492.0,391701.0,38.0,1.007777060410018,2.2975484513188205,4.53901319571541,10,354.0
2936,Porsche,2019.0,5.0,Netherlands,Cayenne,Suv,Petrol,148268.0,363379.0,19.0,1.99,1.7,3.6,8,333.0
2937,Mercedes-Benz,2021.0,9.0,UK,E-Class,Sedan,Petrol,79795.0,110575.0,51.0,1.92,1.31,4.88,7,976.0
2938,Mercedes-Benz,2022.0,8.0,Italy,GLS,Suv,Hybrid,103076.0,105923.0,18.0,1.91,1.22,3.41,1,31.0
2940,Audi,2015.0,1.0,USA,Q8,Suv,Hybrid,97141.0,110496.0,24.0,1.02,2.42,4.78,5,933.0
2941,Tesla,2020.0,12.0,Italy,Model S Plaid,Suv,Electric,73829.0,81182.0,13.0,1.89,0.97,3.67,8,1260.0
2942,Ford,2016.0,6.0,USA,F-150 Lightning,Suv,Electric,89346.0,405004.0,68.0,1.07,2.9,4.36,6,210.0
2943,BMW,2022.0,4.0,India,iX,Sedan,Petrol,68040.0,203956.0,19.0,0.9838985493372184,7.351136671516857,6.390153203093766,2,272.0
2944,Porsche,2024.0,1.0,Australia,Cayenne,Suv,Electric,105813.0,286242.0,15.0,1.66,3.2,4.1,2,385.0
2945,Volkswagen,2018.0,10.0,France,Touareg,Suv,Diesel,58720.0,391787.0,71.0,1.79,1.7,3.51,2,779.0
2946,Audi,2019.0,8.0,China,A6,Sedan,Diesel,74915.0,318417.0,9.0,1.04,6.09,3.37,9,481.0
2947,Audi,2022.0,4.0,Brazil,Q8,Suv,Diesel,60063.0,534038.0,9.0,1.23,3.43,10.4,7,606.0
2948,Toyota,2024.0,10.0,Brazil,Highlander,Suv,Hybrid,66164.0,329070.0,61.0,1.19,3.77,10.75,9,2249.0
2949,Volkswagen,2020.0,1.0,China,ID.3,Suv,Electric,32051.0,209228.0,76.0,1.11,6.05,3.49,10,2276.0
2950,BMW,2019.0,9.0,Brazil,X5,Sedan,Electric,37881.0,386092.0,194.0,1.1401049453400671,3.6855652872289713,10.45818353693968,2,775.0
2951,Toyota,2018.0,6.0,China,C-HR,Suv,Petrol,83197.0,299223.0,38.0,1.16,6.13,3.43,10,2858.0
2952,Audi,2019.0,7.0,France,A6,Sedan,Diesel,40613.0,245503.0,45.0,1.82,1.43,3.45,8,528.0
2953,Audi,2019.0,5.0,Mexico,RS6,Sedan,Diesel,101726.0,454323.0,4.0,1.2,2.15,10.93,1,238.0
2954,Mercedes-Benz,2017.0,4.0,UK,GLS,Suv,Hybrid,58564.0,210730.0,60.0,1.92,1.7,5.14,10,51.0
2956,Volkswagen,2019.0,7.0,Brazil,ID.3,Suv,Hybrid,29675.0,423815.0,43.0,1.29,3.9,10.59,6,1684.0
2957,Ford,2018.0,1.0,China,F-150 Lightning,Suv,Petrol,65233.0,716317.0,62.5,1.02,6.06,3.3,9,2786.0
2958,Mercedes-Benz,2022.0,4.0,UK,GLE,Suv,Hybrid,126830.0,205043.0,34.0,1.78,1.56,5.0,9,130.0
2959,Ford,2017.0,9.0,Mexico,Ranger,Suv,Hybrid,25664.0,182346.0,14.0,1.05,1.84,11.14,9,332.0
2960,Porsche,2021.0,4.0,Spain,Macan,Suv,Petrol,81871.0,204551.0,5.0,1.85,1.06,3.25,4,6.0
2961,Mercedes-Benz,2020.0,5.0,UK,EQS,Suv,Petrol,60121.0,128800.0,43.0,1.82,1.13,5.09,6,116.0
2962,Toyota,2020.0,3.0,France,Camry,Sedan,Hybrid,54161.0,51174.0,91.0,1.85,1.27,3.45,1,2489.0
2963,Porsche,2016.0,8.0,UK,Cayenne Coupe,Suv,Petrol,119793.0,283487.0,24.0,1.89,1.04,5.14,1,370.0
2964,Toyota,2022.0,9.0,UK,C-HR,Suv,Hybrid,86603.0,348596.0,91.0,1.8,1.27,5.15,1,2852.0
2965,Porsche,2018.0,11.0,UK,Taycan,Suv,Hybrid,170497.0,92890.0,2.0,1.16,4.0,10.73,10,269.0
2966,Volkswagen,2022.0,10.0,Australia,T-Roc,Suv,Hybrid,29236.0,151978.0,18.0,1.55,3.28,4.39,7,1460.0
2967,Mercedes-Benz,2015.0,11.0,Brazil,CLA,Sedan,Hybrid,79008.0,423424.0,7.0,1.15,3.76,10.28,5,744.0
2969,Volkswagen,2017.0,11.0,Spain,Polo,Sedan,Diesel,51440.0,501057.0,66.0,1.67,1.51,3.28,4,235.0
2970,Toyota,2023.0,11.0,USA,C-HR,Suv,Electric,87632.0,63567.0,71.0,0.89,2.78,4.43,5,180.0
2971,Mercedes-Benz,2024.0,11.0,India,GLC,Suv,Diesel,88674.0,526035.0,33.0,0.98,7.06,6.4,3,120.0
2972,Mercedes-Benz,2022.0,7.0,Japan,A-Class,Sedan,Hybrid,72564.0,121530.0,45.0,1.4,1.42,0.24,10,918.0
2973,BMW,2018.0,8.0,USA,X1,Suv,Diesel,98382.0,283378.0,56.0,0.9752805321872228,2.4523182845183,4.586146617117915,4,400.0
2974,Toyota,2015.0,4.0,Australia,Highlander,Suv,Petrol,88008.0,441532.0,56.0,1.63,2.89,4.23,8,1580.0
2975,Toyota,2017.0,6.0,France,Supra,Sedan,Hybrid,46615.0,293409.0,69.0,1.74,1.84,3.23,7,325.0
2976,Volkswagen,2016.0,3.0,France,ID.3,Suv,Diesel,70037.0,208149.0,13.0,1.73,1.85,3.77,4,1785.0
2977,Volkswagen,2018.0,5.0,UK,Polo,Sedan,Diesel,75219.0,326949.0,45.0,1.78,1.22,4.77,3,1300.0
2978,Audi,2023.0,7.0,France,TT,Sedan,Diesel,69274.0,231136.0,40.0,1.88,1.46,3.24,7,1160.0
2979,Porsche,2022.0,8.0,Spain,Macan EV,Suv,Hybrid,104619.0,290254.0,14.0,1.71,1.18,3.33,10,389.0
2981,Audi,2023.0,2.0,UK,Q5,Suv,Electric,112328.0,474342.0,20.0,1.93,1.55,4.97,4,249.0
2982,Tesla,2017.0,5.0,Brazil,Model S,Suv,Electric,68951.0,117343.0,30.0,1.25,3.75,10.59,8,2169.0
2983,Tesla,2015.0,9.0,France,Semi,Suv,Electric,113784.0,49042.0,29.0,1.73,1.98,3.46,3,743.0
2984,Porsche,2018.0,12.0,Australia,Macan,Suv,Petrol,138889.0,94472.0,24.0,1.6,3.43,4.08,7,31.0
2985,BMW,2017.0,11.0,Germany,7 Series,Sedan,Electric,66658.0,194233.0,187.0,1.9911302996459503,1.4295149212828042,3.233248847921386,1,499.0
2986,Toyota,2017.0,4.0,Spain,Prius,Suv,Hybrid,45253.0,653995.0,35.0,1.82,0.99,3.51,9,1438.0
2987,Ford,2016.0,9.0,Japan,F-150 Lightning,Suv,Petrol,55059.0,272202.0,24.0,1.59,1.01,0.38,10,1641.0
2988,Audi,2021.0,7.0,France,A3,Sedan,Hybrid,91691.0,333537.0,56.0,1.8,2.0,3.62,2,832.0
2989,Mercedes-Benz,2016.0,11.0,Canada,S-Class,Sedan,Electric,38331.0,372412.0,9.0,1.25,2.19,4.01,6,217.0
2991,Volkswagen,2018.0,12.0,UK,Touareg,Suv,Petrol,60866.0,433868.0,10.0,1.81,1.49,5.03,7,2163.0
2992,Toyota,2022.0,5.0,Netherlands,Prius,Suv,Electric,89798.0,559689.0,88.0,2.09,2.5,3.25,9,2256.0
2993,Mercedes-Benz,2018.0,5.0,Spain,CLA,Sedan,Diesel,55463.0,157857.0,53.0,1.69,1.27,3.76,8,192.0
2994,Ford,2018.0,1.0,USA,Escape,Suv,Petrol,71265.0,653051.0,31.0,1.0,2.55,4.75,9,3894.0
2995,Toyota,2017.0,4.0,UK,Land Cruiser,Suv,Hybrid,22204.0,150538.0,47.0,1.78,1.42,4.82,5,1148.0
2996,Volkswagen,2022.0,2.0,China,Tiguan,Suv,Electric,37703.0,216840.0,40.0,1.08,5.67,3.66,10,830.0
2998,Porsche,2015.0,4.0,Brazil,Panamera Sport,Sedan,Hybrid,195959.0,178267.0,14.0,1.1963698404939982,3.99,10.24,7,251.0
2999,Ford,2021.0,1.0,Spain,Edge,Suv,Petrol,90715.0,387550.0,51.0,1.81,1.73,3.7,5,1177.0
3000,Audi,2019.0,2.0,Canada,Q7,Suv,Hybrid,72631.0,399706.0,9.0,1.34,2.51,4.0,2,539.0
3002,Porsche,2019.0,10.0,Mexico,Panamera Sport,Sedan,Hybrid,151511.0,271051.0,19.0,1.12,1.87,10.73,1,118.0
3003,Audi,2017.0,8.0,Mexico,A4,Sedan,Diesel,84704.0,199368.0,46.0,1.13,1.96,10.81,10,973.0
3004,BMW,2022.0,11.0,Japan,5 Series,Suv,Diesel,70892.0,237535.0,399.0,1.4115685353126792,1.4795844735667534,0.010075155500038,8,1137.0
3005,Porsche,2019.0,10.0,Italy,Panamera Sport,Sedan,Electric,85368.0,367833.0,4.0,1.82,0.94,3.56,8,133.0
3006,Tesla,2020.0,9.0,Italy,Cybertruck,Suv,Electric,94544.0,152965.0,33.0,1.94,0.97,3.34,3,2253.0
3007,Toyota,2019.0,10.0,Italy,Land Cruiser,Suv,Electric,74376.0,482856.0,63.0,1.8,0.72,3.23,1,616.0
3008,Audi,2018.0,5.0,Australia,Q3,Suv,Diesel,110137.0,318513.0,50.0,1.6,2.84,4.54,7,422.0
3009,Ford,2024.0,10.0,Netherlands,Expedition,Suv,Hybrid,55385.0,66819.0,43.0,1.99,2.2,3.29,2,1841.0
3010,Tesla,2018.0,9.0,Brazil,Semi,Suv,Electric,89831.0,209404.0,26.0,1.16,3.31,10.43,4,1391.0
3011,Toyota,2019.0,7.0,Australia,Prius,Suv,Petrol,47530.0,135974.0,72.0,1.63,2.69,4.44,10,432.0
3012,Ford,2022.0,9.0,France,F-150,Suv,Hybrid,33930.0,143372.0,19.0,1.78,1.34,3.24,4,2943.0
3013,BMW,2016.0,5.0,China,X5,Sedan,Diesel,74661.0,303078.0,110.0,1.1132809280593796,6.219045905184245,3.378273029373905,1,529.0
3014,Mercedes-Benz,2016.0,9.0,Netherlands,S-Class,Sedan,Hybrid,63560.0,352615.0,10.0,1.95,2.33,3.78,9,889.0
3015,BMW,2022.0,10.0,China,X3,Suv,Electric,44344.0,275758.0,367.0,1.0469946809991906,6.470257109726057,3.462596796888922,3,783.0
3016,Mercedes-Benz,2024.0,11.0,Spain,C-Class,Sedan,Electric,122827.0,147315.0,62.0,1.83,1.54,3.53,4,283.0
3017,BMW,2018.0,3.0,Australia,i4,Suv,Electric,39011.0,449346.0,228.0,1.6083409624820009,2.654145043178487,4.282226891214807,4,951.0
3018,Audi,2024.0,10.0,Brazil,TT,Sedan,Hybrid,92907.0,310154.5,14.0,1.26,3.18,10.46,7,655.0
3019,Ford,2022.0,8.0,USA,F-150 Lightning,Suv,Electric,48457.0,624082.0,75.0,0.92,2.32,4.33,2,2754.0
3020,Volkswagen,2021.0,9.0,China,Arteon,Sedan,Hybrid,50857.0,64667.0,77.0,1.08,5.53,3.67,6,2635.0
3021,Toyota,2022.0,12.0,Japan,Yaris,Sedan,Hybrid,45247.0,187364.0,71.0,1.57,0.97,0.27,4,2168.0
3022,Tesla,2022.0,12.0,Germany,Model S Plaid,Suv,Electric,92607.5,142661.0,7.0,1.81,1.7148958000788095,3.07,8,1178.0
3023,Porsche,2023.0,4.0,Netherlands,Panamera,Sedan,Electric,65600.0,238789.0,26.0,1.98,2.12,3.49,7,230.0
3024,Mercedes-Benz,2016.0,10.0,USA,EQS,Suv,Electric,75714.0,441845.0,40.0,0.88,2.55,4.64,9,426.0
3025,BMW,2015.0,1.0,China,i4,Suv,Hybrid,118384.0,462540.0,56.0,1.0028786977259512,5.855972678651262,3.654707666278621,10,368.0
3026,Ford,2021.0,6.0,Canada,Expedition,Suv,Petrol,60132.0,560347.0,41.0,1.28,2.31,4.14,2,1043.0
3027,Porsche,2022.0,4.0,USA,Cayenne Coupe,Suv,Hybrid,128294.0,97533.0,29.0,0.95,2.96,4.66,6,182.0
3028,Mercedes-Benz,2020.0,7.0,USA,A-Class,Sedan,Diesel,82034.0,137802.0,42.0,0.96,2.49,4.25,2,370.0
3029,Audi,2024.0,1.0,UK,A6,Sedan,Petrol,106246.0,408977.0,38.0,1.91,1.41,4.73,5,802.0
3030,Volkswagen,2019.0,2.0,Spain,Passat,Sedan,Electric,70179.0,318690.5,14.0,1.75,1.2,3.65,8,1316.0
3031,Ford,2021.0,3.0,Germany,Ranger,Suv,Electric,72933.0,724868.0,78.0,1.87,1.5,2.74,4,3116.0
3032,Audi,2018.0,5.0,Japan,TT,Sedan,Electric,110310.0,437809.0,49.0,1.44,1.46,0.09,8,451.0
3033,Porsche,2020.0,10.0,Australia,Cayenne Coupe,Suv,Hybrid,110530.0,214025.0,23.0,1.6,2.58,4.37,2,397.0
3034,Tesla,2016.0,9.0,Canada,Model X Plaid,Suv,Electric,44159.0,160524.0,32.0,1.3090635121610106,2.05,4.1,10,117.0
3035,Mercedes-Benz,2024.0,8.0,USA,GLC,Suv,Hybrid,103707.0,481103.0,12.0,0.92,2.71,4.41,8,20.0
3036,Volkswagen,2022.0,11.0,India,Taos,Suv,Electric,33334.0,367434.0,33.0,1.11,6.69,6.55,1,728.0
3037,Mercedes-Benz,2024.0,4.0,UK,GLC,Suv,Electric,89237.0,351717.0,8.0,1.9,1.19,4.72,8,100.0
3038,Toyota,2024.0,3.0,Spain,Highlander,Suv,Electric,49849.5,555079.0,12.0,1.68,0.88,3.34,1,2084.0
3039,Volkswagen,2018.0,12.0,UK,Passat,Sedan,Diesel,45421.5,160293.0,41.0,1.91,1.15,5.25,1,1822.0
3040,Volkswagen,2024.0,7.0,China,ID.3,Suv,Hybrid,63870.0,392450.0,54.0,1.02,6.27,3.65,8,1841.0
3041,Tesla,2019.0,8.0,USA,Model 3,Suv,Electric,117041.0,41393.0,6.0,0.95,2.57,4.73,2,637.0
3042,Volkswagen,2023.0,8.0,France,Tiguan,Suv,Petrol,39288.0,544814.0,34.0,1.86,1.15,3.42,1,487.0
3043,Porsche,2021.0,1.0,China,Panamera,Sedan,Electric,172033.0,251045.0,20.0,1.12,5.51,3.26,2,365.0
3044,Audi,2023.0,6.0,UK,Q7,Suv,Electric,53079.0,168894.0,37.0,1.89,1.01,5.2,2,635.0
3045,Tesla,2022.0,11.0,USA,Model X Plaid,Suv,Electric,70246.0,102374.0,37.0,0.93,2.13,4.49,9,1863.0
3046,Porsche,2021.0,3.0,USA,Macan,Suv,Petrol,117152.0,399311.0,23.0,1.02,2.37,4.34,5,439.0
3047,Volkswagen,2016.0,12.0,Japan,Tiguan,Suv,Electric,62318.0,278707.0,15.0,1.56,1.07,-0.15,9,71.0
3048,Volkswagen,2024.0,10.0,UK,Golf,Sedan,Diesel,47060.0,528288.0,42.0,1.04,1.71,11.01,10,1650.0
3049,Volkswagen,2017.0,8.0,India,Taos,Suv,Electric,59254.0,339467.0,45.0,1.02,7.17,6.22,7,914.0
3050,Toyota,2016.0,1.0,Spain,Corolla,Sedan,Electric,19397.0,226429.0,14.0,1.71,1.53,3.8,3,2705.0
3052,Ford,2015.0,10.0,Brazil,Bronco,Suv,Electric,57349.0,311260.0,27.0,1.15,3.02,10.4,5,3253.0
3053,Ford,2024.0,11.0,Netherlands,F-150,Suv,Electric,80090.0,686806.0,100.0,1.9,1.74,3.76,5,3592.0
3054,Mercedes-Benz,2021.0,7.0,Australia,GLS,Suv,Electric,117922.0,223331.0,56.0,1.64,3.26,4.04,2,1117.0
3055,Mercedes-Benz,2020.0,6.0,Brazil,E-Class,Sedan,Diesel,122313.0,374057.0,37.0,1.2,3.37,10.68,4,783.0
3056,Ford,2020.0,8.0,Germany,Escape,Suv,Petrol,73133.0,718633.0,19.0,2.0,2.18,2.73,9,3206.0
3057,Mercedes-Benz,2022.0,12.0,France,GLS,Suv,Hybrid,103163.0,133470.0,55.0,1.77,1.5350000000000001,3.35,8,218.0
3058,Mercedes-Benz,2023.0,12.0,Germany,GLC,Suv,Electric,36090.0,313423.0,60.0,1.96,1.92,3.17,1,528.0
3059,Toyota,2015.0,4.0,Mexico,Supra,Sedan,Petrol,70736.0,115457.0,34.0,1.12,2.09,11.17,2,1733.0
3060,Tesla,2024.0,1.0,Germany,Model S,Suv,Electric,127231.0,201451.0,8.0,1.91,1.47,2.74,10,1883.0
3061,Toyota,2021.0,6.0,Netherlands,Corolla,Sedan,Petrol,62193.0,363726.0,75.0,2.0,2.4,3.47,1,1703.0
3062,Ford,2022.0,10.0,France,Bronco,Suv,Electric,34829.0,724975.0,52.0,1.84,1.67,3.23,9,2810.0
3063,BMW,2018.0,12.0,Japan,i4,Suv,Hybrid,40529.0,308121.0,250.0,1.4038232188859527,1.3265925110932102,0.3558295640380521,7,662.0
3064,Ford,2020.0,5.0,China,F-150 Lightning,Suv,Hybrid,87417.0,142052.0,47.0,1.2,6.18,3.58,7,3025.0
3065,Audi,2015.0,12.0,Spain,Q5,Suv,Diesel,44921.0,367058.0,43.0,1.71,1.74,3.32,8,1034.0
3066,Ford,2022.0,7.0,Canada,F-150 Lightning,Suv,Petrol,37002.0,404251.0,30.0,1.31,2.07,3.71,5,235.0
3067,Ford,2021.0,8.0,Spain,F-150,Suv,Electric,92697.0,220348.0,24.0,1.84,1.27,3.38,2,1303.0
3068,Volkswagen,2017.0,7.0,France,T-Roc,Suv,Hybrid,21791.0,509304.0,18.0,1.74,1.71,3.69,8,467.0
3069,Audi,2016.0,5.0,Italy,Q7,Suv,Electric,68883.0,77438.0,23.0,1.82,0.87,3.63,9,912.0
3070,Porsche,2019.0,6.0,India,Panamera,Sedan,Hybrid,86819.0,86558.0,9.0,0.95,6.65,6.42,8,28.0
3071,Volkswagen,2015.0,4.0,France,Polo,Sedan,Hybrid,32291.0,230440.0,19.0,1.72,1.92,3.21,10,1519.0
3072,BMW,2019.0,8.0,USA,X7,Sedan,Hybrid,36462.0,309278.0,180.0,0.957723083837918,2.867031496122449,4.547205245143436,1,573.0
3074,Mercedes-Benz,2024.0,7.0,Spain,E-Class,Sedan,Diesel,121118.0,116419.0,48.0,1.76,0.9,3.75,7,899.0
3075,Porsche,2023.0,7.0,Australia,Panamera,Sedan,Electric,143320.0,249791.0,20.0,1.5811840914147268,2.64,4.1,7,288.0
3076,Tesla,2023.0,8.0,Spain,Model S,Suv,Electric,63187.0,200398.0,16.0,1.79,0.87,3.67,4,365.0
3077,BMW,2024.0,5.0,Australia,X1,Suv,Diesel,37962.0,105934.0,397.0,1.5067891957171595,3.06794523055263,4.499292978552825,8,893.0
3079,Volkswagen,2015.0,10.0,Brazil,Taos,Suv,Electric,24862.0,77006.0,33.0,1.28,3.21,10.38,4,2072.0
3080,Toyota,2022.0,10.0,Brazil,Corolla,Sedan,Petrol,40469.0,563617.0,53.0,1.19,3.88,10.4,10,469.0
3081,Volkswagen,2019.0,5.0,USA,Tiguan,Suv,Petrol,72670.0,420809.0,68.0,0.93,2.46,4.36,5,1971.0
3082,Volkswagen,2021.0,6.0,Italy,ID.3,Suv,Petrol,77387.0,73211.0,66.0,1.93,1.29,3.54,8,2288.0
3083,Volkswagen,2024.0,10.0,Brazil,Touareg,Suv,Hybrid,56839.0,246281.0,71.0,1.14,3.09,10.71,6,1951.0
3085,Mercedes-Benz,2016.0,8.0,Italy,E-Class,Sedan,Petrol,128837.0,270270.0,48.0,1.81,0.71,3.34,1,896.0
3086,BMW,2021.0,7.0,India,X1,Suv,Diesel,78882.5,207977.0,57.0,1.131513294785219,6.814355981076327,6.505142414698821,5,213.0
3087,Volkswagen,2018.0,1.0,UK,Taos,Suv,Electric,23489.0,351914.0,31.0,1.87,1.05,5.23,3,572.0
3088,Volkswagen,2019.0,1.0,Mexico,Touareg,Suv,Petrol,77280.0,278875.0,61.0,1.1,2.37,11.04,8,2540.0
3089,Porsche,2015.0,6.0,Australia,Cayenne Coupe,Suv,Hybrid,70749.0,332816.0,18.0,1.63,3.17,4.25,3,247.0
3090,Toyota,2024.0,11.0,Italy,Highlander,Suv,Hybrid,49849.5,554289.0,67.0,1.78,0.55,3.72,3,1055.0
3091,Toyota,2022.0,10.0,Japan,Highlander,Suv,Petrol,85720.0,198695.0,18.0,1.47,1.2,0.19,8,254.0
3092,Mercedes-Benz,2018.0,11.0,Netherlands,EQE,Suv,Diesel,53444.0,187829.0,22.5,2.07,2.02,3.35,10,1082.0
3093,Tesla,2017.0,3.0,Canada,Model X Plaid,Suv,Electric,43374.0,262956.0,26.0,1.21,1.89,3.77,2,796.0
3094,Mercedes-Benz,2016.0,10.0,Brazil,E-Class,Sedan,Petrol,91939.0,142866.0,17.0,1.18,3.13,10.36,3,815.0
3096,BMW,2022.0,9.0,India,iX,Sedan,Petrol,85617.0,63731.0,236.0,1.01312546875267,7.151639760477277,6.643158474879399,2,674.0
3097,Ford,2020.0,2.0,France,Mustang,Sedan,Electric,88483.0,363988.0,118.0,1.87,1.29,3.51,4,491.0
3098,Toyota,2019.0,10.0,China,Prius,Suv,Petrol,26666.0,640561.0,86.0,1.14,6.32,3.53,5,2139.0
3099,Volkswagen,2017.0,3.0,Mexico,Taos,Suv,Electric,75240.0,252119.0,62.0,1.02,1.56,10.7,9,1882.0
3100,Porsche,2016.0,12.0,Netherlands,Cayenne Coupe,Suv,Electric,174500.0,237707.0,14.0,2.02,1.66,3.42,7,381.0
3101,Audi,2020.0,6.0,UK,e-tron,Suv,Petrol,63145.0,351511.0,50.0,1.79,1.69,4.95,3,156.0
3102,Tesla,2022.0,5.0,Netherlands,Model S,Suv,Electric,39417.0,257481.0,21.0,2.06,2.55,3.79,8,2254.0
3103,Toyota,2021.0,10.0,USA,RAV4,Suv,Petrol,58157.0,268331.0,47.0,0.97,2.16,4.57,4,2402.0
3104,BMW,2018.0,2.0,Germany,X3,Suv,Diesel,98212.0,341619.0,240.0,1.8175732998289664,1.626461308243992,3.010626986030827,9,911.0
3105,Ford,2018.0,5.0,China,Mustang,Sedan,Hybrid,42347.0,503177.0,51.0,1.04,6.41,3.52,4,979.0
3106,Porsche,2023.0,1.0,Canada,718,Sedan,Hybrid,142709.0,371516.0,24.0,1.25,2.56,4.25,4,421.0
3107,BMW,2024.0,9.0,USA,X5,Sedan,Electric,96360.0,403699.0,139.0,0.9972860499087272,2.16748258225907,4.26274070420064,6,313.0
3108,Mercedes-Benz,2017.0,1.0,Australia,CLA,Sedan,Electric,121914.0,440968.0,45.0,1.61,2.5,4.02,6,524.0
3109,BMW,2016.0,3.0,Australia,X1,Suv,Electric,85013.0,275414.0,51.0,1.6699294781354823,3.2689874151805105,4.516859437929456,6,347.0
3110,Tesla,2017.0,11.0,China,Model S Plaid,Suv,Electric,119213.0,279538.0,30.0,1.19,5.94,3.51,3,1978.0
3111,Porsche,2019.0,6.0,Australia,GTS,Sedan,Petrol,122609.0,131541.0,24.0,1.51,2.68,4.1,4,181.0
3112,Volkswagen,2015.0,12.0,Canada,Touareg,Suv,Diesel,69766.0,257968.0,59.0,1.24,2.31,4.02,2,936.0
3113,Ford,2017.0,7.0,Brazil,F-150,Suv,Electric,60289.0,397861.0,113.0,1.23,3.66,10.2,9,1408.0
3114,Mercedes-Benz,2018.0,6.0,China,EQS,Suv,Diesel,91131.0,317222.0,60.0,1.16,6.0,3.61,7,117.0
3115,Toyota,2023.0,1.0,Netherlands,C-HR,Suv,Petrol,80452.0,264952.0,69.0,2.01,1.88,3.36,5,1669.0
3116,Mercedes-Benz,2021.0,5.0,China,EQS,Suv,Petrol,77540.5,585004.0,14.0,1.18,5.5,3.56,9,958.0
3117,Mercedes-Benz,2015.0,6.0,UK,E-Class,Sedan,Electric,60418.0,308869.0,45.0,1.92,1.49,5.14,4,227.0
3118,Volkswagen,2016.0,10.0,Brazil,Tiguan,Suv,Diesel,76433.0,336264.0,88.0,1.19,3.13,10.73,2,1850.0
3119,Audi,2019.0,3.0,Canada,A6,Sedan,Electric,93120.0,534054.0,10.0,1.37,2.39,4.23,4,704.0
3120,Toyota,2023.0,5.0,Japan,Corolla,Sedan,Electric,49967.0,549745.0,66.0,1.52,1.09,-0.02,3,958.0
3121,Toyota,2023.0,10.0,Mexico,Yaris,Sedan,Electric,78797.0,88058.0,41.0,1.07,2.16,10.82,9,2225.0
3122,Volkswagen,2023.0,4.0,Canada,T-Roc,Suv,Hybrid,56753.0,83648.0,43.0,1.37,2.4,4.24,1,1837.0
3123,Mercedes-Benz,2019.0,3.0,Netherlands,C-Class,Sedan,Electric,52833.0,563648.0,20.0,1.92,1.69,3.54,6,211.0
3124,Porsche,2021.0,11.0,Germany,Panamera,Sedan,Electric,183508.0,250439.0,18.0,1.81,2.29,3.05,2,495.0
3125,Porsche,2017.0,8.0,Netherlands,GTS,Sedan,Petrol,191599.0,281242.0,10.0,2.02,2.32,3.62,2,111.0
3126,Toyota,2015.0,6.0,Mexico,Prius,Suv,Electric,24567.0,257426.0,45.0,1.14,1.64,10.85,4,953.0
3127,Mercedes-Benz,2021.0,9.0,Netherlands,EQS,Suv,Petrol,56744.0,86701.0,55.0,1.96,2.54,3.58,2,32.0
3128,Porsche,2018.0,1.0,Brazil,GTS,Sedan,Petrol,66768.0,266714.0,6.0,1.27,3.455,10.58,5,191.0
3129,BMW,2015.0,8.0,Germany,X3,Suv,Petrol,51075.0,127095.0,34.0,1.956364772668987,1.598052208639443,2.763218953350514,2,388.0
3130,Toyota,2017.0,10.0,Spain,bZ4X,Suv,Electric,25568.0,103972.0,81.0,1.7,1.6,3.36,3,1306.0
3131,Porsche,2023.0,1.0,UK,718,Sedan,Hybrid,198035.0,108599.0,5.0,1.81,1.76,4.98,10,351.0
3132,Toyota,2023.0,11.0,Canada,Yaris,Sedan,Petrol,38984.0,355183.0,58.5,1.37,1.74,4.11,9,2799.0
3133,Volkswagen,2015.0,1.0,Japan,Passat,Sedan,Electric,70151.0,67519.0,64.0,1.46,1.35,-0.08,6,2327.0
3134,Tesla,2021.0,6.0,Japan,Model X Plaid,Suv,Electric,85120.0,34139.0,9.0,1.5,1.0,0.39,3,1915.0
3135,Mercedes-Benz,2016.0,2.0,USA,GLE,Suv,Electric,46116.0,424746.0,28.0,1.05,2.16,4.77,4,190.0
3136,Ford,2023.0,12.0,USA,Escape,Suv,Petrol,59378.0,526337.0,82.0,1.0,2.31,4.65,4,546.0
3137,Toyota,2020.0,2.0,China,Supra,Sedan,Electric,27217.0,697682.0,79.0,1.1,5.91,3.5,4,2637.0
3138,Toyota,2017.0,10.0,Japan,Yaris,Sedan,Petrol,66202.0,133443.0,76.0,1.46,1.67,0.35,6,1954.0
3139,Mercedes-Benz,2019.0,7.0,India,GLS,Suv,Diesel,77668.0,148516.0,27.0,1.14,7.12,6.64,6,200.0
3140,Mercedes-Benz,2019.0,3.0,Canada,A-Class,Sedan,Electric,126634.0,87225.0,58.0,1.21,2.26,4.0,10,758.0
3141,Audi,2019.0,1.0,Spain,Q7,Suv,Diesel,87625.0,141711.0,29.0,1.68,0.83,3.21,2,784.0
3142,Volkswagen,2015.0,8.0,Mexico,Polo,Sedan,Hybrid,42466.0,66391.0,68.0,1.11,2.03,10.95,1,2016.0
3143,BMW,2015.0,2.0,India,X7,Sedan,Diesel,75696.0,68667.0,38.0,0.9552733948994504,7.366063889500408,6.227131202063713,5,388.0
3144,Porsche,2018.0,6.0,Netherlands,911,Sedan,Hybrid,92923.0,124040.0,18.0,1.94,1.88,3.64,7,364.0
3145,Porsche,2024.0,2.0,France,GTS,Sedan,Petrol,195130.0,186756.0,14.0,1.78,1.76,3.74,3,396.0
3146,Toyota,2019.0,3.0,UK,Camry,Sedan,Hybrid,37667.0,73644.0,43.0,1.85,1.5,5.28,10,2574.0
3148,Volkswagen,2020.0,6.0,Australia,Polo,Sedan,Diesel,40059.0,414684.0,36.0,1.6,3.39,4.45,3,2236.0
3149,Porsche,2023.0,10.0,France,Cayenne,Suv,Electric,102122.0,167165.0,12.0,1.85,2.07,3.52,1,10.0
3150,Tesla,2016.0,6.0,Australia,Cybertruck,Suv,Electric,78980.0,176163.0,16.0,1.58,2.925,4.07,10,755.0
3151,Mercedes-Benz,2021.0,5.0,India,A-Class,Sedan,Diesel,84069.0,70865.0,50.0,1.11,6.95,6.2,1,626.0
3153,BMW,2017.0,9.0,China,i7,Sedan,Diesel,84699.0,239103.0,297.0,1.1656938598898234,6.4978208556819785,3.606092779314437,3,796.0
3154,Ford,2021.0,1.0,Netherlands,Expedition,Suv,Petrol,76704.0,527723.0,83.0,2.01,1.97,3.53,2,3577.0
3155,Ford,2021.0,6.0,Germany,F-150,Suv,Petrol,22106.0,98039.0,104.0,1.96,1.84,3.18,7,1998.0
3156,BMW,2019.0,3.0,India,3 Series,Suv,Electric,80156.0,125118.0,110.0,0.9502707251430936,6.8480955931682885,6.423043576943798,4,214.0
3157,Ford,2017.0,6.0,Australia,Expedition,Suv,Petrol,50524.0,372412.0,77.0,1.51,2.74,4.24,10,1095.0
3158,Volkswagen,2023.0,6.0,Brazil,ID.3,Suv,Petrol,49759.0,513220.0,36.0,1.15,3.03,10.79,3,2777.0
3159,Volkswagen,2016.0,8.0,France,Passat,Sedan,Diesel,66093.0,72140.0,34.0,1.82,2.02,3.31,8,644.0
3160,Porsche,2023.0,3.0,UK,Taycan,Suv,Electric,88884.0,149152.0,27.0,1.58,1.57,4.45,9,379.0
3161,Tesla,2023.0,11.0,India,Cybertruck,Suv,Electric,100890.0,65659.0,10.0,1.03,6.88,6.2,6,1954.0
3163,Mercedes-Benz,2021.0,2.0,Spain,GLC,Suv,Electric,82449.5,352013.0,45.0,1.73,1.76,3.52,4,919.0
3164,Porsche,2021.0,9.0,India,Panamera,Sedan,Hybrid,141928.0,326932.0,5.0,1.07,6.74,6.47,5,485.0
3166,Volkswagen,2016.0,5.0,China,Passat,Sedan,Diesel,46327.0,240882.0,81.0,1.14,5.89,3.23,6,1925.0
3167,Toyota,2015.0,9.0,UK,Prius,Suv,Hybrid,75761.0,200664.0,39.0,1.85,2.01,3.8,3,1091.0
3168,Ford,2017.0,5.0,Canada,F-150,Suv,Petrol,51543.0,190383.0,44.0,1.29,2.36,4.11,10,2147.0
3169,Volkswagen,2023.0,10.0,UK,Arteon,Sedan,Hybrid,25248.0,317161.0,86.0,1.14,6.06,3.29,1,2300.0
3170,Tesla,2023.0,12.0,France,Model X Plaid,Suv,Electric,94454.0,44373.0,25.0,1.88,1.44,3.33,1,2235.0
3171,Porsche,2023.0,9.0,Japan,Macan EV,Suv,Petrol,84563.0,288056.0,6.0,1.53,1.4,-0.02,4,243.0
3172,Tesla,2019.0,1.0,Japan,Model S,Suv,Electric,121773.0,211238.0,15.0,1.6,0.77,-0.1,6,619.0
3173,Mercedes-Benz,2017.0,8.0,Brazil,S-Class,Sedan,Diesel,39521.0,381217.0,49.0,1.12,3.66,10.52,2,61.0
3174,Audi,2019.0,2.0,UK,TT,Sedan,Electric,104790.0,158290.0,30.0,1.92,1.4,4.92,3,429.0
3175,Toyota,2021.0,10.0,Spain,Corolla,Sedan,Petrol,83776.0,489874.0,72.0,1.7,0.88,3.46,6,2957.0
3176,Porsche,2015.0,10.0,Netherlands,911,Sedan,Petrol,144011.0,288541.0,3.0,1.98,2.54,3.36,1,13.0
3177,Toyota,2017.0,10.0,UK,RAV4,Suv,Hybrid,74965.0,146074.0,85.0,1.39,2.03,4.01,1,1986.0
3178,Tesla,2023.0,8.0,Australia,Model 3,Suv,Electric,121985.0,158809.0,11.0,1.56,2.66,4.26,10,282.0
3179,Audi,2015.0,3.0,Brazil,Q7,Suv,Diesel,65769.0,184677.0,56.0,1.25,3.3,10.71,9,960.0
3180,BMW,2018.0,12.0,France,X3,Suv,Electric,107013.0,483917.0,229.0,1.706706486947156,1.3484891398144658,3.6463677755436064,6,840.0
3181,Ford,2020.0,1.0,UK,F-150 Lightning,Suv,Hybrid,92603.0,745572.0,78.0,1.88,1.69,3.5,9,2954.0
3182,Audi,2015.0,4.0,India,RS6,Sedan,Hybrid,114580.0,286342.0,43.0,1.05,6.93,6.45,8,603.0
3183,Toyota,2024.0,4.0,UK,Prius,Suv,Petrol,37907.0,73069.0,52.0,1.79,1.72,4.92,6,219.0
3184,Ford,2023.0,8.0,China,F-150 Lightning,Suv,Hybrid,68467.0,758940.0,108.0,1.15,6.11,3.71,3,2163.0
3185,Porsche,2023.0,7.0,UK,911,Sedan,Hybrid,178119.0,316044.0,26.0,1.87,1.44,4.86,9,296.0
3186,Mercedes-Benz,2024.0,3.0,UK,E-Class,Sedan,Diesel,71026.0,548661.0,38.0,1.91,1.4849999999999999,5.27,8,596.0
3187,Porsche,2017.0,6.0,USA,718,Sedan,Electric,70848.0,372903.0,10.0,0.97,2.68,4.33,7,60.0
3188,Audi,2023.0,2.0,Spain,Q7,Suv,Hybrid,73079.0,547371.0,28.0,1.7,1.48,3.23,1,98.0
3189,Volkswagen,2023.0,1.0,UK,Touareg,Suv,Petrol,76250.0,429732.0,33.0,0.91,2.34,4.79,4,2697.0
3190,Audi,2016.0,2.0,UK,TT,Sedan,Diesel,61568.0,388506.0,43.0,1.81,1.56,5.09,1,834.0
3191,Tesla,2016.0,4.0,Mexico,Model X,Suv,Electric,116013.0,168814.0,24.0,1.17,2.06,10.7,3,2345.0
3192,Toyota,2019.0,3.0,Australia,Corolla,Sedan,Electric,85288.0,230940.0,75.0,1.6,2.72,4.49,6,2206.0
3193,BMW,2019.0,1.0,Brazil,X3,Suv,Electric,67230.0,359945.0,75.0,1.1536127281645752,3.379692408167267,10.554176965508884,6,424.0
3194,Tesla,2019.0,4.0,Germany,Model Y,Suv,Electric,49162.0,68075.0,10.0,1.83,2.03,2.98,10,1235.0
3195,Toyota,2021.0,12.0,Germany,Camry,Sedan,Hybrid,60588.0,443142.0,74.0,1.83,1.33,3.19,9,973.0
3196,Tesla,2021.0,6.0,China,Model 3,Suv,Electric,41547.0,28978.0,21.0,1.06,5.96,3.77,2,350.0
3197,Audi,2017.0,12.0,Germany,A4,Sedan,Hybrid,55991.0,228901.0,22.0,1.98,1.54,3.07,4,404.0
3198,Volkswagen,2019.0,12.0,UK,Arteon,Sedan,Petrol,70845.0,69226.0,48.0,1.83,1.67,5.3,3,535.0
3199,Tesla,2021.0,8.0,Netherlands,Cybertruck,Suv,Electric,42251.0,162636.0,11.0,2.04,2.07,3.76,4,787.0
3200,Toyota,2022.0,11.0,Spain,Supra,Sedan,Electric,57804.0,506598.0,62.0,1.8,1.8,3.72,2,2959.0
3201,Mercedes-Benz,2019.0,12.0,Canada,GLC,Suv,Diesel,84961.0,272862.0,55.0,1.37,2.17,3.99,3,651.0
3202,Toyota,2016.0,5.0,Germany,Land Cruiser,Suv,Petrol,86283.0,49070.0,49.0,1.99,2.0,2.81,9,1960.0
3203,Ford,2019.0,4.0,Netherlands,F-150,Suv,Electric,58666.0,56593.0,13.0,2.09,2.15,3.66,9,3000.0
3205,Mercedes-Benz,2017.0,7.0,Spain,GLS,Suv,Petrol,106229.0,237850.0,34.0,1.77,1.78,3.34,1,530.0
3206,Toyota,2024.0,12.0,Mexico,Prius,Suv,Petrol,25349.0,91431.0,12.0,1.03,1.94,10.85,4,212.0
3207,Toyota,2021.0,10.0,USA,Yaris,Sedan,Petrol,70214.0,459363.0,74.0,0.9,2.73,4.29,2,1315.0
3208,Mercedes-Benz,2023.0,6.0,India,C-Class,Sedan,Diesel,122259.0,86545.0,39.0,0.95,6.74,6.73,7,1112.0
3209,Mercedes-Benz,2022.0,11.0,Spain,EQS,Suv,Electric,51226.0,397389.0,25.0,1.83,1.11,3.31,5,290.0
3210,BMW,2020.0,10.0,Canada,3 Series,Suv,Hybrid,110135.0,195338.0,48.0,1.3405267546171034,2.331307553091989,4.055018297383795,7,347.0
3211,Volkswagen,2020.0,10.0,Japan,Arteon,Sedan,Hybrid,43762.0,71283.0,76.0,1.4,1.43,0.04,3,108.0
3212,Tesla,2018.0,12.0,Spain,Model X Plaid,Suv,Electric,69257.0,52629.0,35.0,1.79,1.09,3.62,2,553.0
3213,Porsche,2020.0,8.0,Mexico,911,Sedan,Hybrid,87838.0,310175.0,16.0,1.12,2.47,10.99,10,452.0
3214,BMW,2019.0,4.0,India,X7,Sedan,Hybrid,36079.0,215767.0,116.0,1.0787999086478033,6.873309316279753,6.362446803886132,5,351.0
3215,Audi,2021.0,4.0,India,A4,Sedan,Petrol,38138.0,141623.0,52.0,1.02,7.45,6.8,3,737.0
3216,Tesla,2018.0,5.0,China,Model S,Suv,Electric,65997.0,100958.0,24.0,1.17,6.42,3.67,2,1462.0
3217,Ford,2021.0,11.0,Japan,F-150,Suv,Hybrid,64431.0,262644.0,38.0,1.43,0.75,0.06,10,688.0
3219,Mercedes-Benz,2021.0,2.0,France,S-Class,Sedan,Electric,35486.0,559363.0,56.0,1.77,1.33,3.27,6,691.0
3220,Porsche,2022.0,2.0,Italy,Taycan,Suv,Electric,97798.0,292377.0,12.0,1.85,0.91,3.66,10,113.0
3221,Porsche,2017.0,2.0,Australia,Macan EV,Suv,Electric,122684.0,266764.0,29.0,1.67,2.67,4.43,6,409.0
3222,BMW,2015.0,9.0,Australia,X3,Suv,Hybrid,96431.0,482601.0,337.0,1.5797645561793805,2.841247827626156,4.178117371271514,5,937.0
3223,Porsche,2023.0,1.0,UK,Taycan,Suv,Petrol,99418.0,161705.0,13.0,1.93,1.29,5.03,6,322.0
3224,Volkswagen,2021.0,11.0,USA,Taos,Suv,Petrol,39749.0,370841.0,22.0,1.0,2.4,4.77,6,2001.0
3225,Toyota,2022.0,3.0,Australia,RAV4,Suv,Petrol,61018.0,464391.0,62.0,1.58,3.5,3.97,7,129.0
3227,Tesla,2015.0,4.0,China,Model 3,Suv,Electric,120780.0,21805.0,2.0,1.04,5.63,3.2,4,2218.0
3228,Audi,2020.0,3.0,Spain,Q7,Suv,Hybrid,89827.0,518983.0,12.0,1.67,1.04,3.74,10,785.0
3229,Ford,2016.0,11.0,China,Mustang Mach-E,Suv,Hybrid,26939.0,544250.0,23.0,1.19,6.17,3.39,2,2627.0
3230,Ford,2024.0,4.0,Canada,Explorer,Suv,Electric,34037.0,351290.0,48.0,1.34,2.25,4.08,4,3588.0
3231,BMW,2019.0,2.0,UK,5 Series,Suv,Diesel,44130.0,212403.0,253.0,1.754364679355098,1.3473433262588426,5.239900007412364,1,744.0
3232,Porsche,2018.0,11.0,Canada,Cayenne,Suv,Hybrid,92243.0,319665.0,10.0,1.23,2.07,4.18,4,354.0
3233,Porsche,2022.0,8.0,China,Cayenne Coupe,Suv,Electric,96467.0,250256.0,5.0,1.01,6.35,3.78,9,467.0
3234,Volkswagen,2016.0,6.0,Spain,Passat,Sedan,Petrol,52934.0,215543.0,44.0,1.76,1.56,3.5,7,616.0
3235,Toyota,2016.0,6.0,UK,Camry,Sedan,Hybrid,36177.0,224097.0,95.0,1.89,1.0,5.17,9,1109.0
3236,Volkswagen,2022.0,12.0,Brazil,Polo,Sedan,Hybrid,75986.0,391065.0,78.0,1.14,3.03,10.75,10,922.0
3237,Mercedes-Benz,2016.0,8.0,USA,C-Class,Sedan,Diesel,102850.0,106513.0,32.0,0.95,2.34,4.21,7,242.0
3238,Toyota,2022.0,12.0,China,Supra,Sedan,Electric,68397.0,603811.0,17.0,1.09,6.14,3.77,8,369.0
3239,Ford,2021.0,6.0,Australia,Expedition,Suv,Electric,40356.0,299647.0,72.0,1.69,3.31,4.24,4,389.0
3240,Mercedes-Benz,2021.0,12.0,Canada,GLS,Suv,Hybrid,90036.0,250675.0,52.0,1.36,2.53,4.08,5,729.0
3241,Volkswagen,2017.0,2.0,Netherlands,ID.3,Suv,Electric,34836.0,166941.0,21.0,2.07,2.55,3.59,7,1332.0
3242,Ford,2017.0,10.0,Italy,Escape,Suv,Hybrid,74239.0,516607.0,38.0,1.95,1.38,3.51,5,3714.0
3243,Audi,2018.0,11.0,Spain,A6,Sedan,Petrol,50313.0,171409.0,27.0,1.7,1.32,3.32,6,1115.0
3244,Audi,2018.0,2.0,Germany,A6,Sedan,Diesel,58082.0,536895.0,19.0,1.91,2.18,3.15,1,1069.0
3245,Porsche,2023.0,11.0,Canada,Panamera,Sedan,Hybrid,140386.0,386841.0,2.0,1.26,2.02,4.16,4,123.0
3246,Ford,2022.0,4.0,Japan,Bronco,Suv,Petrol,57124.0,589618.0,83.0,1.43,1.05,0.21,10,3967.0
3247,BMW,2015.0,7.0,USA,X7,Sedan,Diesel,36378.0,267394.0,395.0,0.8844893775589118,2.4552201490818013,4.206972323944861,10,953.0
3248,BMW,2020.0,12.0,France,i4,Suv,Diesel,67567.0,383260.0,35.0,1.8796061097899968,1.107562874978142,3.5884848284927617,9,488.0
3249,Ford,2021.0,5.0,Mexico,Edge,Suv,Hybrid,85602.0,289995.0,21.0,1.18,1.94,10.84,6,2119.0
3251,Audi,2020.0,5.0,Netherlands,Q8,Suv,Diesel,97579.0,381500.0,50.0,2.05,2.06,3.79,9,107.0
3252,Porsche,2022.0,12.0,UK,Panamera,Sedan,Electric,111920.0,370272.0,5.0,1.9,1.69,4.93,1,24.0
3253,Mercedes-Benz,2020.0,3.0,USA,EQE,Suv,Diesel,81858.0,158617.0,39.0,0.94,2.56,4.64,5,835.0
3254,BMW,2017.0,9.0,China,3 Series,Suv,Petrol,52174.0,401770.0,36.0,1.0120534780579122,5.7434822965763,3.756220726877784,9,149.0
3255,Toyota,2021.0,6.0,Italy,Land Cruiser,Suv,Electric,57151.0,66489.0,92.0,1.91,1.37,3.71,6,1493.0
3257,Porsche,2018.0,5.0,France,GTS,Sedan,Petrol,74808.0,396057.0,4.0,1.77,1.58,3.72,9,88.0
3258,Audi,2023.0,5.0,China,Q3,Suv,Electric,32765.0,168885.0,26.0,1.12,5.6,3.74,8,161.0
3259,Porsche,2024.0,1.0,Spain,911,Sedan,Hybrid,124296.0,323429.0,7.0,1.82,0.98,3.57,4,221.0
3260,BMW,2020.0,4.0,Australia,X1,Suv,Petrol,78882.5,83461.0,108.0,1.6874776132994238,3.045026918896938,4.540801843714705,4,637.0
3261,Mercedes-Benz,2018.0,4.0,Japan,EQS,Suv,Electric,70567.0,384109.0,35.0,1.56,0.76,-0.03,6,909.0
3262,Porsche,2019.0,3.0,Australia,911,Sedan,Hybrid,123718.0,96260.0,6.0,1.69,3.38,4.44,10,244.0
3263,Tesla,2022.0,1.0,Germany,Model X Plaid,Suv,Electric,98612.0,40767.0,36.0,1.91,2.05,3.26,8,2206.0
3266,Tesla,2018.0,5.0,UK,Cybertruck,Suv,Electric,91382.0,18170.0,15.0,1.85,1.61,5.29,5,638.0
3267,Porsche,2020.0,2.0,Australia,GTS,Sedan,Petrol,65941.0,163316.0,24.0,1.57,3.05,4.22,1,103.0
3268,BMW,2021.0,11.0,India,7 Series,Sedan,Diesel,48921.0,361011.0,346.0,1.075178275287402,7.290723164838964,6.391251501759242,5,1086.0
3269,BMW,2024.0,12.0,Canada,iX,Sedan,Diesel,51562.0,318667.0,102.0,1.2285188288163815,1.866860201698753,3.9583176030773246,2,476.0
3270,Porsche,2016.0,6.0,Mexico,911,Sedan,Petrol,112133.0,191016.0,13.5,1.13,2.48,10.79,5,95.0
3271,Audi,2015.0,12.0,Japan,Q5,Suv,Diesel,69485.0,270304.0,10.0,1.45,1.52,0.33,10,184.0
3272,Audi,2022.0,7.0,Germany,A3,Sedan,Hybrid,72686.0,176953.0,31.0,1.85,1.99,2.9,6,185.0
3273,Tesla,2017.0,1.0,France,Model S Plaid,Suv,Electric,75916.0,31939.0,24.0,1.9,1.92,3.37,8,1615.0
3274,Mercedes-Benz,2019.0,6.0,Australia,CLA,Sedan,Diesel,102980.0,568290.0,57.0,1.61,3.27,4.29,10,679.0
3275,Ford,2018.0,11.0,UK,F-150,Suv,Petrol,72944.0,728335.0,37.0,1.88,1.24,5.23,8,630.0
3276,Ford,2021.0,11.0,UK,Explorer,Suv,Hybrid,60205.0,468833.0,54.0,1.03,1.525,6.22,8,1461.0
3277,Ford,2022.0,3.0,Mexico,Escape,Suv,Petrol,89020.0,480766.0,110.0,1.02,2.14,10.87,5,1279.0
3278,BMW,2023.0,3.0,India,X5,Sedan,Diesel,104806.0,323365.0,319.0,0.9735502165780284,6.518390676547467,6.7485792839363,6,847.0
3280,BMW,2024.0,1.0,India,i7,Sedan,Petrol,91754.0,207255.0,170.0,1.108915655740038,6.578969162190829,6.343706101945723,1,683.0
3281,BMW,2024.0,12.0,Canada,i7,Sedan,Electric,59354.0,317614.0,88.0,1.338498565333845,2.35229164859194,4.207362617793944,6,426.0
3282,Audi,2024.0,4.0,Spain,e-tron,Suv,Diesel,74321.0,482198.0,26.0,1.73,1.66,3.39,5,897.0
3283,Audi,2019.0,8.0,Italy,A3,Sedan,Hybrid,37394.0,94348.0,45.0,1.78,1.23,3.61,4,543.0
3285,Ford,2022.0,2.0,Italy,Mustang Mach-E,Suv,Hybrid,71914.0,592680.0,82.0,1.86,1.01,3.74,10,3283.0
3286,Audi,2018.0,11.0,Netherlands,RS6,Sedan,Hybrid,38431.0,348663.0,14.0,2.08,2.46,3.45,1,444.0
3287,Toyota,2017.0,12.0,China,Supra,Sedan,Petrol,73047.0,280507.0,83.0,1.16,6.18,3.38,2,339.0
3288,Volkswagen,2015.0,4.0,Australia,Taos,Suv,Diesel,52024.0,465732.0,55.0,1.59,2.71,3.97,3,652.0
3289,Volkswagen,2018.0,1.0,Japan,Touareg,Suv,Diesel,62973.0,512381.0,50.0,1.43,1.34,0.21,5,2373.0
3291,Tesla,2021.0,1.0,Mexico,Model Y,Suv,Electric,119998.0,98605.0,6.0,1.14,2.22,11.12,10,247.0
3292,BMW,2016.0,11.0,Japan,X5,Sedan,Petrol,102598.0,475643.0,170.0,1.5282295265770591,1.4222525683930662,0.2320219219276446,10,625.0
3293,Mercedes-Benz,2020.0,5.0,Mexico,EQS,Suv,Hybrid,124371.0,176741.0,51.0,1.07,2.17,10.98,5,45.0
3294,Ford,2019.0,8.0,USA,F-150 Lightning,Suv,Petrol,71374.0,696326.0,12.0,0.9,2.75,4.73,2,2147.0
3295,BMW,2015.0,12.0,Canada,i4,Suv,Petrol,118860.0,207403.0,396.0,1.3356032305118128,2.524680965925149,3.908685524741316,4,1078.0
3297,Mercedes-Benz,2022.0,6.0,Germany,GLE,Suv,Petrol,93467.0,385333.0,34.0,1.84,1.63,3.01,9,696.0
3298,Mercedes-Benz,2015.0,7.0,France,GLE,Suv,Hybrid,84882.0,533362.0,59.0,1.89,1.56,3.53,2,360.0
3299,Toyota,2019.0,7.0,Netherlands,Corolla,Sedan,Electric,81982.0,487381.0,25.0,1.94,2.34,3.73,10,2129.0
3300,BMW,2015.0,4.0,UK,X7,Sedan,Electric,106916.0,482348.0,112.0,1.84,1.0720843359986734,4.742754036659155,8,408.0
3301,BMW,2019.0,10.0,India,X7,Sedan,Petrol,77137.0,55499.0,12.0,1.0906037917790357,6.823202932020755,6.511274373046019,10,413.0
3302,Mercedes-Benz,2018.0,9.0,Italy,GLC,Suv,Electric,52010.0,569633.0,63.0,1.8,1.42,3.53,6,501.0
3303,Mercedes-Benz,2023.0,12.0,India,GLC,Suv,Electric,81529.0,542813.0,60.0,1.02,7.32,6.22,9,90.0
3304,Audi,2023.0,6.0,Spain,Q3,Suv,Electric,97632.0,92361.0,7.0,1.73,0.96,3.2,3,653.0
3305,Mercedes-Benz,2023.0,5.0,Mexico,GLE,Suv,Diesel,103982.0,148956.0,26.0,1.07,1.85,11.12,4,359.0
3306,Mercedes-Benz,2024.0,1.0,Netherlands,E-Class,Sedan,Electric,94452.0,194209.0,23.0,1.93,1.93,3.35,9,1006.0
3307,Mercedes-Benz,2020.0,7.0,USA,EQE,Suv,Diesel,81045.0,458102.0,46.0,1.07,2.9,4.26,5,335.0
3308,Audi,2015.0,8.0,Italy,e-tron,Suv,Electric,62837.0,250303.0,9.0,1.94,0.87,3.73,5,918.0
3309,Tesla,2016.0,7.0,USA,Model S,Suv,Electric,114290.0,39134.0,27.0,1.05,2.79,4.77,7,686.0
3310,Audi,2022.0,7.0,India,Q5,Suv,Hybrid,69765.0,129070.0,28.0,0.97,7.44,6.73,3,347.0
3311,Porsche,2018.0,5.0,Mexico,911,Sedan,Hybrid,115334.0,360407.0,2.0,1.1,2.23,10.83,3,160.0
3313,Toyota,2016.0,9.0,Netherlands,C-HR,Suv,Hybrid,53371.0,150466.0,50.0,2.0,2.13,3.69,3,1556.0
3314,Mercedes-Benz,2017.0,1.0,USA,A-Class,Sedan,Electric,127172.0,571637.0,58.0,1.07,2.63,4.66,10,381.0
3316,Porsche,2016.0,7.0,Italy,Cayenne,Suv,Petrol,96855.0,267297.0,6.0,1.9,1.05,3.62,3,65.0
3318,Tesla,2020.0,8.0,Italy,Model 3,Suv,Electric,78056.0,13356.0,16.0,1.88,1.26,3.35,10,338.0
3319,Mercedes-Benz,2020.0,7.0,India,GLE,Suv,Hybrid,68794.0,133179.0,36.0,1.0,7.1,6.31,6,164.0
3320,Porsche,2019.0,12.0,Netherlands,Macan,Suv,Petrol,65395.0,244539.0,28.0,1.95,2.41,3.27,4,311.0
3321,Mercedes-Benz,2022.0,8.0,Netherlands,S-Class,Sedan,Electric,48870.0,433559.0,45.0,1.95,2.59,3.61,4,1274.0
3322,Ford,2021.0,11.0,Mexico,Mustang Mach-E,Suv,Petrol,92259.0,81703.0,29.0,1.14,2.12,10.9,10,1557.0
3324,Toyota,2018.0,1.0,Australia,Land Cruiser,Suv,Petrol,31148.0,241142.0,67.0,1.67,3.03,3.99,5,2212.0
3326,Toyota,2020.0,2.0,Canada,bZ4X,Suv,Hybrid,69972.0,194504.0,97.0,1.31,2.15,3.79,3,2011.0
3327,Audi,2024.0,12.0,China,Q7,Suv,Electric,104741.0,116801.0,30.0,1.07,5.51,3.47,2,558.0
3328,BMW,2020.0,3.0,UK,X3,Suv,Diesel,107572.0,381665.0,188.0,1.873631146863624,1.1424955429015131,4.9993328920708135,7,813.0
3329,Tesla,2022.0,6.0,China,Model X,Suv,Electric,97990.0,153733.0,18.0,1.18,5.79,3.22,4,2124.0
3330,Audi,2021.0,9.0,China,A3,Sedan,Electric,32432.0,517140.0,31.0,1.17,6.36,3.48,5,846.0
3331,BMW,2020.0,7.0,Canada,i4,Suv,Diesel,86137.0,403023.0,298.0,1.2426209408050166,2.594099203679135,3.837972763534652,6,886.0
3332,Ford,2022.0,12.0,Germany,Bronco,Suv,Petrol,70789.0,225943.0,76.0,1.99,1.55,3.12,10,1469.0
3333,Ford,2023.0,12.0,India,Explorer,Suv,Hybrid,77642.0,676207.0,101.0,1.01,6.8,6.51,7,3151.0
3334,Ford,2019.0,7.0,Brazil,Escape,Suv,Hybrid,25024.0,371309.0,99.0,1.27,3.8,10.7,1,1692.0
3335,Audi,2023.0,2.0,Mexico,RS6,Sedan,Petrol,62328.0,287863.0,18.0,1.04,2.15,11.23,3,425.0
3336,Ford,2017.0,7.0,Spain,Mustang,Sedan,Hybrid,25726.0,130472.0,85.0,1.76,1.08,3.31,5,1548.0
3339,Tesla,2024.0,10.0,India,Model X,Suv,Electric,53354.0,191710.0,23.0,1.02,7.35,6.4,9,410.0
3340,Toyota,2017.0,4.0,China,C-HR,Suv,Hybrid,21013.0,532413.0,30.0,1.16,5.99,3.47,4,2820.0
3341,BMW,2017.0,9.0,France,5 Series,Suv,Petrol,119101.0,336647.0,112.0,1.8023354884231333,1.8133495858845523,3.73712410261232,8,446.0
3342,Tesla,2016.0,9.0,France,Semi,Suv,Electric,91498.0,32331.0,30.0,1.88,1.5950000000000002,3.63,7,2276.0
3343,Porsche,2016.0,1.0,Mexico,Cayenne,Suv,Electric,132232.0,260664.0,4.0,1.11,1.66,11.02,4,185.0
3344,Audi,2016.0,10.0,Australia,RS6,Sedan,Diesel,70614.0,402028.0,43.0,1.59,3.05,4.48,1,800.0
3345,Tesla,2019.0,10.0,Netherlands,Model Y,Suv,Electric,57086.0,229501.0,14.0,2.07,1.89,3.62,9,1201.0
3346,Mercedes-Benz,2015.0,9.0,Brazil,EQE,Suv,Diesel,48178.0,315917.0,47.0,1.15,3.2,10.39,2,366.0
3347,Ford,2017.0,10.0,Germany,F-150,Suv,Petrol,67990.0,63306.0,84.0,1.93,1.96,2.94,6,345.0
3348,Tesla,2017.0,2.0,Mexico,Model X Plaid,Suv,Electric,87342.0,149362.0,32.0,1.13,2.3,10.76,8,1076.0
3349,Volkswagen,2022.0,7.0,Brazil,Touareg,Suv,Diesel,60108.0,143193.0,38.0,1.21,3.74,10.66,4,2561.0
3350,Mercedes-Benz,2024.0,10.0,Germany,C-Class,Sedan,Hybrid,126797.0,146440.0,52.0,1.85,1.32,3.12,10,1279.0
3351,Porsche,2023.0,1.0,India,Cayenne,Suv,Electric,98826.0,349620.0,29.0,0.96,6.75,6.34,7,325.0
3352,Ford,2021.0,10.0,Canada,Edge,Suv,Petrol,84020.0,183591.0,65.0,1.29,2.54,3.79,10,1975.0
3354,Mercedes-Benz,2015.0,10.0,Canada,GLC,Suv,Petrol,87308.0,486423.0,49.0,1.22,2.69,4.02,7,820.0
3355,Ford,2019.0,4.0,China,Escape,Suv,Electric,39341.0,484473.0,38.0,1.16,6.32,3.4,1,903.0
3356,Mercedes-Benz,2020.0,12.0,France,EQS,Suv,Petrol,54116.0,581651.0,12.0,1.86,1.13,3.33,9,495.0
3357,Mercedes-Benz,2020.0,6.0,UK,GLC,Suv,Electric,60930.0,326122.0,22.0,1.77,1.43,4.8,7,782.0
3358,Volkswagen,2017.0,4.0,UK,Tiguan,Suv,Hybrid,44079.0,325159.0,69.0,1.79,1.92,5.0,6,2257.0
3359,Tesla,2023.0,3.0,Japan,Model 3,Suv,Electric,57993.0,132424.5,34.0,1.51,1.39,-0.1,6,2222.0
3360,Toyota,2017.0,7.0,Australia,RAV4,Suv,Electric,61370.0,469022.0,66.0,1.5,2.73,4.32,10,434.0
3361,BMW,2023.0,5.0,Brazil,X1,Suv,Petrol,40596.0,275192.0,313.0,1.2272354729416466,3.6425651995351913,10.452748831976445,6,989.0
3362,Toyota,2017.0,1.0,Netherlands,Yaris,Sedan,Electric,70803.0,371249.0,77.0,2.0,1.73,3.54,3,1508.0
3363,Audi,2024.0,11.0,France,Q5,Suv,Petrol,96418.0,526946.0,8.0,1.8,1.41,3.34,7,651.0
3365,BMW,2018.0,6.0,Australia,X3,Suv,Petrol,78129.0,390497.0,227.0,1.540325464009549,2.639772376626289,4.427160387115934,10,538.0
3366,Mercedes-Benz,2015.0,11.0,Canada,GLC,Suv,Diesel,85577.0,556280.0,58.0,1.28,1.97,3.94,6,593.0
3368,Toyota,2020.0,1.0,Spain,Highlander,Suv,Petrol,35476.0,441183.0,21.0,1.69,1.44,3.73,10,2963.0
3369,Tesla,2019.0,3.0,Australia,Model S,Suv,Electric,53593.0,242014.0,13.0,1.68,3.26,4.51,1,738.0
3370,Toyota,2019.0,1.0,Germany,Corolla,Sedan,Petrol,49231.0,265906.0,29.0,1.98,2.25,2.92,9,1831.0
3372,Toyota,2015.0,9.0,Germany,Prius,Suv,Hybrid,45626.0,136428.0,13.0,1.91,2.26,3.14,4,520.0
3373,Mercedes-Benz,2024.0,7.0,Canada,CLA,Sedan,Electric,125198.0,267148.0,30.0,1.28,2.3,3.88,9,934.0
3374,Audi,2018.0,5.0,Mexico,Q8,Suv,Diesel,89903.0,397236.0,21.0,1.13,2.4,10.83,2,946.0
3375,Tesla,2015.0,12.0,Canada,Semi,Suv,Electric,97474.0,237539.0,5.0,1.26,2.66,3.92,7,1321.0
3376,Mercedes-Benz,2022.0,12.0,India,CLA,Sedan,Petrol,79014.0,249617.0,26.0,1.13,7.05,6.63,5,1110.0
3378,Toyota,2018.0,6.0,India,Camry,Sedan,Hybrid,32923.0,135872.0,84.0,0.98,7.03,6.26,2,2594.0
3379,Mercedes-Benz,2015.0,2.0,India,GLE,Suv,Diesel,125451.0,89232.0,40.0,1.06,6.83,6.25,1,567.0
3380,Volkswagen,2023.0,11.0,UK,Arteon,Sedan,Hybrid,27350.0,332730.0,78.0,1.86,1.25,3.53,8,1525.0
3381,Audi,2019.0,7.0,Netherlands,TT,Sedan,Hybrid,83683.0,101025.0,37.0,2.02,1.62,3.53,6,343.0
3382,Ford,2022.0,7.0,USA,Bronco,Suv,Petrol,79212.0,443427.0,49.0,1.02,2.37,4.21,4,1544.0
3383,BMW,2016.0,5.0,Australia,iX,Sedan,Hybrid,69474.0,218733.0,110.0,1.6230596050139603,2.6521042832222728,4.21419405102101,9,548.0
3384,Mercedes-Benz,2021.0,10.0,Brazil,C-Class,Sedan,Electric,75137.0,217298.0,13.0,1.29,3.22,10.63,9,1058.0
3386,Audi,2016.0,6.0,Italy,RS6,Sedan,Diesel,88858.0,387409.0,12.0,1.94,0.54,3.63,3,427.0
3387,Volkswagen,2023.0,4.0,India,T-Roc,Suv,Electric,47628.0,282569.0,41.0,1.06,6.81,6.62,1,898.0
3388,Tesla,2021.0,8.0,Germany,Semi,Suv,Electric,110272.0,101901.0,21.0,1.93,1.47,2.86,5,1725.0
3389,Ford,2024.0,1.0,Italy,F-150,Suv,Petrol,88682.0,316075.0,44.0,1.8,0.83,3.44,8,2526.0
3390,Porsche,2023.0,10.0,Mexico,Panamera,Sedan,Petrol,176741.0,237584.0,24.0,1.17,1.53,11.27,2,325.0
3391,Porsche,2018.0,8.0,Germany,GTS,Sedan,Hybrid,100746.0,325397.0,24.0,1.92,2.05,3.04,8,446.0
3392,Volkswagen,2018.0,7.0,Italy,Passat,Sedan,Electric,38071.0,129755.0,78.0,1.94,1.34,3.38,9,700.0
3393,Volkswagen,2022.0,2.0,Japan,T-Roc,Suv,Hybrid,56951.0,455849.0,28.0,1.44,1.34,0.38,4,866.0
3394,BMW,2024.0,9.0,Japan,X3,Suv,Diesel,96957.0,165140.0,159.0,1.4270332578309646,0.7681723093854935,-0.1845128558303077,2,605.0
3396,Toyota,2017.0,5.0,Canada,RAV4,Suv,Petrol,55365.5,236640.0,81.0,1.31,1.86,3.94,6,1125.0
3397,Audi,2024.0,2.0,Japan,Q8,Suv,Hybrid,35149.0,526619.0,39.0,1.5,0.9,-0.18,2,1131.0
3398,BMW,2015.0,11.0,Germany,3 Series,Suv,Diesel,45143.0,141288.0,224.0,1.923917867491968,1.995618146496807,2.701930958162567,2,651.0
3399,Mercedes-Benz,2016.0,11.0,USA,GLS,Suv,Hybrid,63661.0,90100.0,41.0,0.9,2.39,4.25,2,328.0
3400,Volkswagen,2019.0,8.0,Netherlands,Golf,Sedan,Hybrid,25861.0,287031.0,61.0,1.96,2.37,3.48,1,1766.0
3401,Audi,2024.0,7.0,USA,A4,Sedan,Hybrid,70828.0,209150.0,27.0,1.07,2.57,4.34,3,442.0
3402,BMW,2015.0,3.0,China,X1,Suv,Electric,77598.0,483603.0,199.0,1.0202841656898434,6.434436026805514,3.410973612343781,2,863.0
3403,Porsche,2022.0,11.0,France,Cayenne Coupe,Suv,Electric,94085.0,250256.0,22.0,1.75,1.17,3.66,1,306.0
3404,Mercedes-Benz,2016.0,9.0,Netherlands,A-Class,Sedan,Diesel,36495.0,563700.0,25.0,1.94,2.09,3.66,3,156.0
3405,Volkswagen,2018.0,2.0,Spain,Arteon,Sedan,Hybrid,76468.0,191906.0,85.0,1.79,1.61,3.73,9,2692.0
3406,Toyota,2024.0,8.0,India,Highlander,Suv,Electric,88805.0,240565.0,39.0,1.14,6.63,6.66,8,2969.0
3408,BMW,2024.0,11.0,China,X7,Sedan,Petrol,110179.0,205976.0,185.0,1.01028516269685,5.762264044299825,3.557046758420153,3,430.0
3409,Audi,2016.0,10.0,Brazil,A6,Sedan,Diesel,33160.0,272224.0,48.0,1.19,3.51,10.35,10,940.0
3410,Porsche,2021.0,5.0,Italy,911,Sedan,Petrol,120674.0,287392.0,24.0,1.92,1.41,3.33,5,124.0
3411,Audi,2015.0,7.0,France,Q7,Suv,Petrol,100938.0,230947.0,19.0,1.77,1.15,3.44,2,1011.0
3412,Ford,2018.0,1.0,USA,F-150,Suv,Electric,72260.0,353532.0,119.0,0.91,2.67,4.59,8,2320.0
3413,Porsche,2018.0,5.0,Japan,Macan,Suv,Petrol,174490.0,270424.0,2.0,1.48,1.17,0.07,9,39.0
3414,BMW,2023.0,3.0,China,7 Series,Sedan,Hybrid,109219.0,286824.0,167.0,1.1273804634909488,5.525447759905751,3.5874934317718905,2,430.0
3415,Audi,2016.0,1.0,UK,Q5,Suv,Diesel,56800.0,479886.0,57.0,1.82,1.8,5.17,8,762.0
3416,Volkswagen,2023.0,4.0,UK,T-Roc,Suv,Electric,29217.0,79365.0,28.0,1.49,1.2,0.06,2,788.0
3417,Tesla,2022.0,3.0,Netherlands,Model X,Suv,Electric,79862.0,53984.0,27.0,1.95,1.96,3.67,4,1828.0
3418,Ford,2019.0,6.0,UK,Edge,Suv,Hybrid,49440.0,170083.0,98.0,1.91,1.69,4.88,6,1561.0
3419,Ford,2023.0,2.0,UK,Expedition,Suv,Electric,49864.0,776291.0,50.0,1.81,1.63,5.24,10,1629.0
3420,Toyota,2023.0,5.0,Spain,Prius,Suv,Petrol,86838.0,192759.0,53.0,1.69,1.63,3.64,10,2933.0
3421,BMW,2019.0,1.0,USA,i7,Sedan,Electric,55028.0,119123.0,208.0,0.8985751922678823,2.552500967407889,4.51210193538645,10,685.0
3422,Ford,2016.0,12.0,Australia,Expedition,Suv,Hybrid,31339.0,584601.0,41.0,1.65,2.8,4.0,1,1996.0
3423,Volkswagen,2017.0,7.0,Australia,Golf,Sedan,Hybrid,77322.0,316007.0,78.0,1.67,2.93,4.37,10,137.0
3424,Ford,2023.0,1.0,Australia,Ranger,Suv,Hybrid,91623.0,147294.0,85.0,1.53,3.34,4.41,8,1732.0
3426,BMW,2020.0,3.0,UK,X7,Sedan,Diesel,52010.0,474606.0,358.0,1.8660172415675624,1.5369744228934137,5.055763960905022,1,980.0
3427,Tesla,2023.0,5.0,Italy,Model Y,Suv,Electric,62633.0,36864.0,22.0,1.89,1.47,3.4,5,96.0
3428,BMW,2018.0,5.0,India,X3,Suv,Hybrid,55039.0,143944.0,175.0,1.1361190429287833,7.351424957745095,6.3251063086144015,2,668.0
3429,Audi,2018.0,4.0,Australia,A4,Sedan,Petrol,104748.0,476809.0,56.0,1.68,3.41,4.44,10,705.0
3430,Ford,2017.0,7.0,Australia,F-150 Lightning,Suv,Hybrid,38020.0,653493.0,14.0,1.5,2.76,4.11,5,1181.0
3431,Ford,2019.0,2.0,Netherlands,Explorer,Suv,Hybrid,47034.0,512095.0,64.0,2.03,2.54,3.25,1,151.0
3432,Ford,2023.0,3.0,Japan,Mustang Mach-E,Suv,Petrol,46830.0,268798.0,111.0,1.54,1.67,0.3,6,1231.0
3433,Ford,2017.0,7.0,Japan,Bronco,Suv,Electric,25763.0,363402.0,117.0,1.43,1.1,-0.03,2,535.0
3434,Volkswagen,2020.0,6.0,China,Arteon,Sedan,Petrol,30623.0,499939.0,72.0,1.14,5.78,3.47,8,2351.0
3435,Porsche,2020.0,4.0,Japan,911,Sedan,Petrol,198793.0,269826.0,4.0,1.55,1.37,0.19,10,37.0
3437,Ford,2023.0,12.0,USA,Explorer,Suv,Petrol,72935.0,582843.0,80.0,1.04,2.74,4.55,3,1227.0
3438,Audi,2016.0,10.0,Japan,A6,Sedan,Petrol,44276.0,306631.0,38.0,1.42,1.59,0.39,4,628.0
3439,Porsche,2020.0,5.0,India,Macan,Suv,Petrol,175127.0,131121.0,28.0,0.96,7.36,6.33,1,208.0
3440,Mercedes-Benz,2022.0,10.0,USA,C-Class,Sedan,Hybrid,113929.0,371770.0,43.0,1.0,2.53,4.22,8,606.0
3441,BMW,2022.0,5.0,Brazil,3 Series,Suv,Diesel,50479.0,134363.0,93.0,1.19,3.957789800988204,10.765634591456468,6,372.0
3442,Ford,2016.0,12.0,Mexico,Ranger,Suv,Hybrid,56870.0,551192.0,81.0,1.18,1.88,11.08,8,3814.0
3443,Tesla,2021.0,7.0,Japan,Cybertruck,Suv,Electric,40395.0,293559.0,15.0,1.41,0.89,0.07,3,2177.0
3444,Tesla,2022.0,7.0,China,Model S,Suv,Electric,94374.0,197507.0,9.0,1.1,5.93,3.26,4,589.0
3445,Ford,2024.0,6.0,Canada,Escape,Suv,Petrol,48122.0,123972.0,93.0,1.33,2.3,4.16,1,2239.0
3447,Tesla,2017.0,9.0,UK,Model X,Suv,Electric,127245.0,47462.0,23.0,1.88,1.53,4.95,2,1987.0
3448,Ford,2022.0,3.0,China,Ranger,Suv,Hybrid,79599.0,329461.0,110.0,1.05,6.23,3.44,4,274.0
3449,BMW,2015.0,2.0,Australia,X1,Suv,Hybrid,48016.0,486549.0,346.0,1.53031901496002,3.2711228158518866,4.342790412119573,6,1156.0
3450,Toyota,2015.0,4.0,Netherlands,Corolla,Sedan,Hybrid,64215.0,392363.0,90.0,2.08,1.83,3.59,3,2261.0
3451,Mercedes-Benz,2018.0,1.0,France,EQS,Suv,Diesel,124873.0,279489.0,51.0,1.72,2.0,3.74,1,639.0
3452,BMW,2017.0,3.0,Brazil,X1,Suv,Petrol,109229.0,225037.0,195.0,1.1391582269578593,3.961190563823914,10.743210385173638,9,716.0
3453,BMW,2023.0,9.0,China,i7,Sedan,Diesel,101323.0,424842.0,53.0,1.1346864866649835,6.204680762736647,3.321112071273769,3,306.0
3454,BMW,2017.0,1.0,France,iX,Sedan,Diesel,50960.0,72738.0,371.0,1.787370140523036,1.8279393069737653,3.49787669141318,3,759.0
3455,Toyota,2024.0,12.0,Canada,RAV4,Suv,Petrol,57258.0,446094.0,94.0,1.4,2.27,3.88,6,2798.0
3456,Volkswagen,2018.0,12.0,France,T-Roc,Suv,Electric,52802.0,118775.0,44.0,1.89,1.19,3.55,2,392.0
3457,Toyota,2022.0,7.0,Australia,Land Cruiser,Suv,Petrol,69967.0,153870.0,59.0,1.66,3.08,4.37,10,1254.0
3458,Toyota,2017.0,12.0,Germany,Corolla,Sedan,Electric,72982.0,419808.0,84.0,1.94,1.74,3.07,4,426.0
3459,Porsche,2021.0,12.0,Brazil,Cayenne Coupe,Suv,Electric,80296.0,372218.0,8.0,1.21,3.69,10.59,8,332.0
3460,Audi,2015.0,10.0,Spain,A4,Sedan,Petrol,69401.0,219088.0,55.0,1.8,1.46,3.3,7,990.0
3461,Porsche,2020.0,4.0,China,Panamera,Sedan,Petrol,140268.0,183893.0,29.0,1.04,5.55,3.23,6,56.0
3462,Audi,2021.0,11.0,China,A6,Sedan,Electric,81426.0,413731.0,28.0,1.14,6.3,3.22,3,89.0
3463,BMW,2022.0,4.0,Japan,i4,Suv,Hybrid,105354.0,448845.0,139.0,1.4120704167981128,1.4315895217553318,-0.1510220107816462,1,469.0
3464,Mercedes-Benz,2022.0,9.0,France,GLC,Suv,Hybrid,67190.0,128099.0,12.0,1.83,1.96,3.78,7,885.0
3467,Ford,2021.0,5.0,Germany,Mustang,Sedan,Hybrid,47223.0,287313.0,88.0,1.91,1.91,3.21,6,2330.0
3468,Ford,2019.0,7.0,Germany,Bronco,Suv,Electric,90565.0,401858.0,111.0,1.88,1.92,3.3,3,1004.0
3469,Mercedes-Benz,2022.0,4.0,India,GLC,Suv,Petrol,103100.0,232381.0,59.0,0.97,6.68,6.5,10,182.0
3470,Porsche,2020.0,9.0,Spain,Panamera,Sedan,Petrol,118819.0,277815.0,24.0,1.75,1.225,3.25,10,406.0
3472,Mercedes-Benz,2020.0,2.0,Italy,EQS,Suv,Hybrid,60769.0,193630.0,43.0,1.76,1.32,3.45,2,853.0
3473,Mercedes-Benz,2018.0,1.0,Germany,S-Class,Sedan,Diesel,41597.0,558004.0,33.0,1.89,2.13,2.92,7,818.0
3474,Mercedes-Benz,2015.0,5.0,Netherlands,A-Class,Sedan,Hybrid,89802.0,353946.0,19.0,2.0,2.42,3.22,5,836.0
3475,Porsche,2019.0,11.0,Spain,911,Sedan,Petrol,180705.0,253343.0,18.0,1.85,0.95,3.53,3,225.0
3476,Porsche,2019.0,9.0,Japan,Taycan,Suv,Petrol,191758.0,118821.0,20.0,1.51,0.86,-0.07,5,447.0
3477,Toyota,2018.0,8.0,UK,Highlander,Suv,Electric,84959.0,518605.0,33.0,1.89,1.67,4.95,8,2788.0
3478,BMW,2023.0,12.0,China,X5,Sedan,Electric,97287.0,227170.0,396.0,1.1120336366923684,6.163789686175589,3.77803666052813,2,963.0
3479,Tesla,2021.0,1.0,Italy,Model X Plaid,Suv,Electric,100694.0,189635.0,12.0,1.95,1.05,3.49,6,2097.0
3480,Tesla,2017.0,2.0,France,Model 3,Suv,Electric,109681.0,246523.0,39.0,1.82,1.12,3.34,8,1048.0
3481,Audi,2015.0,10.0,China,RS6,Sedan,Diesel,66176.0,102961.0,16.0,1.02,6.5,3.64,2,79.0
3482,Audi,2016.0,9.0,Canada,e-tron,Suv,Petrol,41149.0,445742.0,13.0,1.27,2.46,4.27,4,426.0
3483,Volkswagen,2019.0,11.0,Brazil,Taos,Suv,Diesel,36833.0,598125.0,45.0,1.11,3.08,10.25,3,112.0
3484,BMW,2021.0,8.0,UK,7 Series,Sedan,Petrol,61026.0,255753.0,45.0,1.876452857583906,1.3623938991166331,5.048353010166826,8,201.0
3485,Tesla,2016.0,2.0,France,Model X,Suv,Electric,67053.0,257617.0,18.0,1.76,1.1,3.27,4,2496.0
3486,Volkswagen,2024.0,10.0,Brazil,Golf,Sedan,Petrol,32001.0,478770.0,46.0,1.24,3.480761175756275,10.31,9,2777.0
3487,Toyota,2017.0,5.0,Spain,bZ4X,Suv,Hybrid,50535.0,365671.0,15.0,1.68,1.57,3.64,9,2842.0
3488,Tesla,2015.0,1.0,Japan,Model X,Suv,Electric,89884.0,209556.0,28.0,1.59,1.65,0.33,10,1344.0
3489,Volkswagen,2018.0,3.0,Australia,Taos,Suv,Petrol,79155.0,490891.0,31.0,1.51,2.64,4.34,10,2083.0
3490,Audi,2023.0,8.0,Italy,RS6,Sedan,Hybrid,73328.0,252424.0,44.0,1.85,0.59,3.59,1,104.0
3491,Porsche,2021.0,6.0,Brazil,Macan EV,Suv,Petrol,176608.0,276367.0,8.0,1.27,3.23,10.36,10,327.0
3492,Mercedes-Benz,2015.0,4.0,France,EQE,Suv,Electric,59914.0,212072.0,62.0,1.82,1.56,3.62,7,33.0
3493,BMW,2021.0,10.0,Brazil,5 Series,Suv,Petrol,106894.0,379061.0,35.0,1.2281652629380413,3.4395116886329102,10.263398810557046,2,467.0
3494,Mercedes-Benz,2019.0,11.0,Japan,GLC,Suv,Electric,46227.0,166211.0,8.0,1.46,0.71,0.18,9,273.0
3495,Tesla,2018.0,9.0,UK,Model S,Suv,Electric,120464.0,61494.0,21.0,1.8,1.4,4.72,4,1792.0
3496,Porsche,2015.0,7.0,Mexico,Macan EV,Suv,Petrol,70266.0,291217.0,28.0,1.13,1.92,11.14,7,41.0
3497,Tesla,2018.0,4.0,UK,Model X Plaid,Suv,Electric,125717.0,274750.0,3.0,1.34,1.75,4.07,2,642.0
3498,Toyota,2019.0,1.0,Netherlands,RAV4,Suv,Electric,61330.0,653775.0,87.0,1.95,2.43,3.45,4,1408.0
3499,Mercedes-Benz,2015.0,9.0,Italy,GLE,Suv,Hybrid,58080.0,242094.0,29.0,1.83,1.0,3.27,7,85.0
3500,Toyota,2022.0,3.0,Germany,Land Cruiser,Suv,Hybrid,18807.0,311895.0,90.0,1.9,1.43,2.82,9,2713.0
3501,BMW,2017.0,7.0,Brazil,3 Series,Suv,Hybrid,79414.0,249757.0,195.0,1.1852166767780743,3.623895836291639,10.516224878346993,10,632.0
3502,BMW,2024.0,1.0,UK,X5,Sedan,Hybrid,68367.0,422050.0,100.0,1.7775041888291987,1.3867353463005374,5.262037993242041,9,576.0
3503,Audi,2020.0,9.0,Germany,RS6,Sedan,Electric,70904.0,465228.0,19.0,1.97,2.27,3.13,6,236.0
3504,BMW,2017.0,10.0,Australia,X5,Sedan,Electric,115440.0,277544.0,160.0,1.5972000987595207,2.922034260127639,4.127024424592494,9,527.0
3505,Ford,2023.0,6.0,Spain,F-150 Lightning,Suv,Hybrid,43591.0,706050.0,80.0,1.74,1.74,3.31,2,470.0
3506,Tesla,2024.0,12.0,Japan,Model X Plaid,Suv,Electric,112477.0,200138.0,6.0,1.59,1.05,0.31,2,262.0
3507,Toyota,2016.0,8.0,Italy,Highlander,Suv,Hybrid,28777.0,592806.0,35.0,1.87,0.63,3.57,9,208.0
3508,Porsche,2019.0,11.0,India,Macan,Suv,Hybrid,153922.0,244539.0,16.0,1.050836054691628,6.85,6.38,6,344.0
3509,Tesla,2024.0,6.0,China,Model X,Suv,Electric,84157.0,148533.0,29.0,1.13,6.04,3.75,5,1078.0
3510,Ford,2018.0,11.0,Spain,F-150,Suv,Electric,44319.0,323022.0,99.0,1.83,1.31,3.75,5,212.0
3511,Porsche,2022.0,11.0,Germany,911,Sedan,Petrol,70821.0,372794.0,4.0,1.83,2.0,3.21,4,244.0
3513,Volkswagen,2018.0,9.0,Japan,Arteon,Sedan,Diesel,57693.0,157318.0,33.0,1.45,1.51,0.27,8,990.0
3514,Ford,2018.0,12.0,Netherlands,Escape,Suv,Electric,78524.0,558444.0,53.0,1.97,1.89,3.41,9,597.0
3515,Audi,2017.0,1.0,France,Q8,Suv,Petrol,45128.0,80976.0,35.0,1.8,1.52,3.33,6,1180.0
3517,Ford,2015.0,6.0,Netherlands,Expedition,Suv,Electric,81140.0,389293.0,22.0,2.05,1.93,3.29,1,211.0
3518,Audi,2019.0,2.0,Italy,RS6,Sedan,Diesel,107777.0,241672.0,15.0,1.85,1.12,3.46,6,736.0
3519,Audi,2018.0,3.0,France,e-tron,Suv,Electric,59918.0,387681.0,5.0,1.87,1.79,3.33,10,175.0
3520,BMW,2017.0,8.0,Canada,X7,Sedan,Hybrid,90371.0,277693.0,132.0,1.369839130313064,2.3587833667107176,4.115365938710712,2,718.0
3522,Porsche,2015.0,6.0,Spain,Taycan,Suv,Hybrid,156364.0,183026.0,27.0,1.85,1.31,3.77,1,228.0
3523,Tesla,2017.0,9.0,Brazil,Model S,Suv,Electric,97478.0,205554.0,29.0,1.16,3.58,10.71,5,673.0
3524,Tesla,2016.0,7.0,Canada,Model Y,Suv,Electric,111623.0,102923.0,28.0,1.25,2.09,4.17,1,2477.0
3525,BMW,2016.0,10.0,Canada,3 Series,Suv,Electric,35515.0,340477.0,195.0,1.3472804030131282,1.8676192162883176,3.7220028561601257,7,561.0
3526,BMW,2017.0,5.0,Japan,iX,Sedan,Diesel,36184.0,320012.0,67.0,1.5753307205316691,1.2519068387744854,0.1365627829212317,7,536.0
3528,Toyota,2019.0,10.0,Brazil,Corolla,Sedan,Petrol,41601.0,185574.0,51.0,1.25,3.38,10.68,9,2016.0
3529,Toyota,2017.0,2.0,Spain,Land Cruiser,Suv,Hybrid,27091.0,345736.0,75.0,1.73,1.35,3.48,9,2509.0
3530,BMW,2018.0,9.0,Germany,X3,Suv,Hybrid,40622.0,275757.0,295.0,1.8620723917847144,1.5689934044350975,3.178535460382313,4,664.0
3531,Audi,2019.0,2.0,Brazil,A4,Sedan,Petrol,104779.0,441952.0,4.0,1.15,3.3,10.29,6,983.0
3532,BMW,2015.0,11.0,USA,3 Series,Suv,Hybrid,55711.0,345276.0,55.0,0.9731358855392996,2.447202540504835,4.56035660001637,9,170.0
3533,Mercedes-Benz,2020.0,5.0,Japan,CLA,Sedan,Petrol,55798.0,412231.0,29.0,1.58,0.81,-0.19,8,782.0
3534,Mercedes-Benz,2016.0,10.0,Netherlands,GLE,Suv,Hybrid,47221.0,408801.0,18.0,1.99,2.28,3.56,9,220.0
3535,Volkswagen,2019.0,8.0,Australia,Tiguan,Suv,Hybrid,55935.0,96569.0,79.0,1.52,3.36,4.44,6,222.0
3536,Tesla,2022.0,1.0,Spain,Semi,Suv,Electric,103641.0,123122.0,33.0,1.77,1.22,3.48,7,2358.0
3537,Mercedes-Benz,2015.0,6.0,China,E-Class,Sedan,Diesel,45700.0,435959.0,17.0,1.03,5.57,3.7,6,584.0
3538,Toyota,2023.0,2.0,Spain,C-HR,Suv,Hybrid,33460.0,522895.0,52.0,1.85,1.22,3.73,8,2140.0
3539,BMW,2020.0,10.0,Germany,X5,Sedan,Electric,42235.0,208901.0,77.0,1.879436705923691,2.155696468106286,3.198131918740195,4,369.0
3540,BMW,2018.0,5.0,Brazil,5 Series,Suv,Petrol,106154.0,320561.0,78.0,1.2438403556544526,3.498195716453139,10.53321813056258,9,305.0
3541,BMW,2022.0,12.0,UK,X1,Suv,Petrol,62094.0,258030.0,195.5,1.8873179826985207,1.0595247003477717,5.0622772717696325,1,1012.0
3542,Ford,2017.0,10.0,Italy,Bronco,Suv,Hybrid,87627.0,179699.0,54.0,1.89,1.46,3.43,7,1155.0
3543,Mercedes-Benz,2016.0,9.0,France,EQS,Suv,Hybrid,70307.0,307926.0,23.0,1.84,1.22,3.76,6,1213.0
3544,Porsche,2019.0,9.0,Australia,Macan,Suv,Hybrid,176548.0,231114.0,16.0,1.57,3.04,4.48,2,118.0
3545,Mercedes-Benz,2024.0,7.0,Canada,E-Class,Sedan,Diesel,79466.0,116459.0,41.0,1.28,2.47,4.24,7,964.0
3546,Audi,2015.0,10.0,Mexico,Q8,Suv,Diesel,74400.0,160987.0,33.0,1.05,1.57,10.87,2,1175.0
3547,Tesla,2017.0,3.0,Germany,Model X Plaid,Suv,Electric,60308.0,162006.0,27.0,1.86,1.95,2.73,6,569.0
3548,Mercedes-Benz,2016.0,4.0,Germany,GLC,Suv,Hybrid,102458.0,234524.0,24.0,1.84,1.93,2.79,3,594.0
3549,BMW,2019.0,4.0,Brazil,X1,Suv,Diesel,62388.0,278300.0,355.0,1.1724470883304576,3.587769360862198,10.310685751880184,7,886.0
3550,Porsche,2021.0,8.0,China,Panamera Sport,Sedan,Hybrid,137048.0,202197.0,8.0,1.09,5.93,3.45,8,492.0
3551,Audi,2024.0,9.0,Spain,TT,Sedan,Diesel,98867.0,241884.0,46.0,1.73,0.97,3.22,4,433.0
3552,Volkswagen,2021.0,3.0,Canada,Tiguan,Suv,Petrol,32520.0,345137.0,83.0,1.38,2.38,4.07,2,114.0
3554,Audi,2016.0,2.0,Australia,Q5,Suv,Petrol,70564.0,61760.0,30.0,1.6,3.48,4.42,9,84.0
3555,Volkswagen,2019.0,11.0,Australia,ID.3,Suv,Electric,41105.0,414208.0,71.0,1.68,3.04,4.33,8,1274.0
3556,Volkswagen,2019.0,11.0,Spain,Golf,Sedan,Diesel,57689.0,587456.0,68.0,1.71,1.06,3.5,5,2048.0
3557,Ford,2019.0,8.0,France,Mustang Mach-E,Suv,Hybrid,28767.0,318226.0,16.0,1.86,1.17,3.73,1,767.0
3558,Audi,2015.0,5.0,UK,A6,Sedan,Petrol,114628.0,61770.0,23.0,1.89,1.26,4.83,7,350.0
3559,Tesla,2017.0,6.0,UK,Model Y,Suv,Electric,47412.0,91259.0,6.0,1.81,1.43,5.25,6,2334.0
3560,Mercedes-Benz,2024.0,5.0,India,EQS,Suv,Hybrid,88445.0,159812.0,8.0,1.0,7.26,6.51,5,793.0
3561,Tesla,2023.0,3.0,Brazil,Model S,Suv,Electric,76015.0,168212.0,7.0,1.22,3.96,10.25,4,1080.0
3562,Audi,2021.0,5.0,Brazil,Q7,Suv,Electric,81061.0,293536.0,56.0,1.14,3.45,10.67,1,1018.0
3563,Audi,2022.0,7.0,China,A4,Sedan,Petrol,38463.0,149891.0,53.0,1.13,6.15,3.43,1,40.0
3564,Mercedes-Benz,2021.0,12.0,France,A-Class,Sedan,Hybrid,66543.0,422390.0,53.0,1.75,1.5,3.67,9,1231.0
3565,Tesla,2022.0,6.0,Spain,Model Y,Suv,Electric,61363.0,178171.0,4.0,1.75,1.54,3.37,4,519.0
3566,Ford,2021.0,4.0,Germany,Bronco,Suv,Hybrid,53504.0,401858.0,32.0,1.98,1.95,2.94,10,2794.0
3567,Audi,2024.0,6.0,Netherlands,Q3,Suv,Petrol,82098.0,515956.0,49.0,1.93,2.59,3.62,3,97.0
3568,Ford,2023.0,5.0,Italy,F-150 Lightning,Suv,Hybrid,32775.0,120255.0,56.0,1.81,1.03,3.47,9,3381.0
3569,Ford,2019.0,1.0,Australia,Mustang,Sedan,Petrol,46041.0,149901.0,83.0,1.68,3.49,4.34,5,1642.0
3570,BMW,2023.0,11.0,Australia,3 Series,Suv,Diesel,116395.0,89236.0,155.0,1.5161838566102506,3.2900304363070614,4.132807483458825,6,550.0
3571,BMW,2020.0,12.0,UK,iX,Sedan,Electric,73196.0,194587.0,82.0,1.7990698219362642,1.0827986679251265,5.061891265679833,4,531.0
3572,Audi,2022.0,5.0,USA,TT,Sedan,Petrol,62084.0,177629.0,26.0,0.91,2.75,4.27,3,627.0
3573,Mercedes-Benz,2024.0,5.0,Mexico,A-Class,Sedan,Electric,99203.0,417605.0,30.0,1.13,1.82,10.78,8,363.0
3574,Audi,2017.0,1.0,Australia,Q5,Suv,Hybrid,60234.0,286490.0,27.0,1.52,3.44,4.01,6,779.0
3575,Ford,2020.0,1.0,Germany,Expedition,Suv,Electric,79429.0,357254.0,70.0,1.89,1.77,3.16,2,674.0
3576,BMW,2016.0,10.0,Brazil,5 Series,Suv,Hybrid,39136.0,173714.0,123.0,1.1915991518007143,3.783198413298626,10.668225674142588,4,387.0
3577,Tesla,2015.0,11.0,Canada,Cybertruck,Suv,Electric,77104.0,123078.0,5.0,1.37,2.46,3.85,7,1955.0
3578,Mercedes-Benz,2021.0,9.0,USA,A-Class,Sedan,Diesel,67538.0,486013.0,19.0,1.04,2.24,4.63,8,838.0
3579,Toyota,2022.0,7.0,Mexico,Supra,Sedan,Electric,41904.0,200866.0,83.0,1.02,1.99,11.08,6,363.0
3580,Ford,2024.0,9.0,Japan,Mustang,Sedan,Electric,42840.0,424030.0,103.0,1.47,1.6,0.34,9,2359.0
3581,Ford,2016.0,11.0,Canada,Mustang,Sedan,Petrol,87574.0,475158.0,27.0,1.32,2.19,4.16,10,372.0
3582,Toyota,2019.0,1.0,Italy,Yaris,Sedan,Petrol,76681.0,384225.0,54.0,1.82,1.41,3.26,7,2117.0
3583,Ford,2016.0,7.0,Japan,Expedition,Suv,Hybrid,40721.0,185613.0,60.0,1.58,0.71,0.09,6,3626.0
3584,Tesla,2018.0,6.0,Japan,Model S,Suv,Electric,85702.0,295701.0,35.0,1.54,1.24,0.13,5,870.0
3585,Audi,2015.0,1.0,Brazil,e-tron,Suv,Hybrid,75146.0,177709.0,9.0,1.26,3.37,10.63,6,519.0
3586,Volkswagen,2019.0,12.0,Mexico,ID.3,Suv,Hybrid,54220.0,291446.0,20.0,1.18,1.71,11.17,3,577.0
3587,BMW,2016.0,5.0,Brazil,3 Series,Suv,Electric,86567.0,299717.0,148.0,1.1099958057319357,3.445541638741891,10.325511279244756,3,463.0
3588,Tesla,2024.0,3.0,Italy,Model Y,Suv,Electric,112999.0,59473.0,16.0,1.86,1.2,3.61,5,504.0
3589,Audi,2024.0,6.0,France,A3,Sedan,Hybrid,76198.0,111552.0,33.0,1.89,1.42,3.33,9,19.0
3590,Ford,2020.0,5.0,Spain,F-150 Lightning,Suv,Hybrid,54213.0,442442.0,37.0,1.67,1.49,3.59,8,1562.0
3591,BMW,2019.0,10.0,France,X3,Suv,Petrol,77932.0,365929.0,190.0,1.804013604235562,1.762522284353982,3.387026645653646,6,725.0
3592,BMW,2021.0,3.0,Germany,5 Series,Suv,Hybrid,87774.0,120268.0,102.0,1.9523021263434943,1.4170670164276058,2.785795009231701,1,408.0
3593,Volkswagen,2020.0,12.0,USA,ID.3,Suv,Electric,26727.0,256436.0,23.0,0.98,2.21,4.72,5,1125.0
3594,Audi,2023.0,3.0,Japan,TT,Sedan,Electric,67370.0,523192.0,15.0,1.54,0.8,0.16,1,321.0
3595,Porsche,2017.0,12.0,Australia,911,Sedan,Electric,198242.0,357921.0,25.0,1.61,3.31,4.11,9,253.0
3596,Volkswagen,2019.0,7.0,France,Taos,Suv,Electric,22298.0,402029.0,23.0,1.89,1.48,3.53,10,1564.0
3597,Mercedes-Benz,2021.0,9.0,Italy,EQE,Suv,Hybrid,124754.0,219745.0,5.0,1.88,0.72,3.6,1,368.0
3598,Ford,2022.0,8.0,Spain,F-150,Suv,Hybrid,62866.0,108170.0,17.0,1.71,1.65,3.62,3,2968.0
3599,Volkswagen,2015.0,9.0,Japan,ID.3,Suv,Hybrid,48037.0,291446.0,50.0,1.55,0.98,0.28,2,1463.0
3600,Tesla,2017.0,6.0,China,Semi,Suv,Electric,72274.0,196237.0,2.0,1.1,6.03,3.21,5,943.0
3601,Ford,2015.0,3.0,Germany,Explorer,Suv,Hybrid,47620.0,157896.0,35.0,1.86,1.78,3.02,6,2753.0
3602,Mercedes-Benz,2019.0,9.0,Spain,EQS,Suv,Petrol,50366.0,490657.0,45.0,1.66,1.28,3.75,2,720.0
3604,Mercedes-Benz,2021.0,6.0,Netherlands,GLE,Suv,Hybrid,48845.0,116329.0,13.0,1.92,2.13,3.48,1,1142.0
3605,Toyota,2017.0,3.0,Canada,Highlander,Suv,Electric,33457.0,337576.0,72.0,1.31,2.66,4.06,9,2521.0
3606,Mercedes-Benz,2022.0,10.0,Netherlands,EQS,Suv,Petrol,53380.0,460826.0,6.0,1.95,2.38,3.54,7,474.0
3607,Mercedes-Benz,2017.0,2.0,UK,GLC,Suv,Petrol,83519.0,205020.0,51.0,1.85,1.66,4.89,5,726.0
3608,Porsche,2015.0,11.0,Italy,Panamera Sport,Sedan,Hybrid,69392.0,256383.0,18.0,1.94,1.29,3.28,2,141.0
3609,Tesla,2021.0,10.0,Germany,Model S,Suv,Electric,46394.0,159571.0,25.0,1.84,2.25,3.01,1,759.0
3610,Tesla,2021.0,2.0,Australia,Model S Plaid,Suv,Electric,59170.0,51641.0,39.0,1.57,2.97,4.21,1,141.0
3611,Mercedes-Benz,2022.0,8.0,France,GLE,Suv,Electric,106086.0,531344.0,34.0,1.71,1.72,3.31,4,954.0
3612,BMW,2015.0,11.0,UK,X1,Suv,Electric,107573.0,287268.0,192.0,1.8328259505057856,1.1946225118207652,4.9206556105263735,6,759.0
3613,Mercedes-Benz,2023.0,12.0,Netherlands,EQS,Suv,Petrol,46461.0,222016.0,21.0,1.95,2.42,3.66,8,793.0
3614,Toyota,2021.0,8.0,Japan,RAV4,Suv,Electric,89575.0,158922.0,90.0,1.56,1.08,0.18,10,2973.0
3615,Porsche,2015.0,5.0,Australia,Cayenne,Suv,Hybrid,124123.0,113300.0,18.0,1.59,3.27,4.51,3,313.0
3616,Toyota,2020.0,7.0,Australia,Yaris,Sedan,Hybrid,59360.0,94030.0,70.0,1.5,2.94,4.47,2,1435.0
3617,Mercedes-Benz,2016.0,5.0,India,EQE,Suv,Diesel,72837.0,449024.0,35.0,1.07,6.54,6.5,6,1227.0
3618,Volkswagen,2022.0,12.0,France,Touareg,Suv,Petrol,73408.0,498747.0,20.0,1.84,2.03,3.46,4,2715.0
3620,Volkswagen,2020.0,2.0,Spain,T-Roc,Suv,Petrol,67622.0,114633.0,71.0,1.65,1.27,3.54,7,1645.0
3621,Mercedes-Benz,2019.0,10.0,Canada,GLC,Suv,Petrol,38070.0,196866.0,9.0,1.33,2.51,3.72,9,152.0
3622,Volkswagen,2019.0,10.0,Japan,Polo,Sedan,Electric,36191.0,389491.0,86.0,1.5,1.33,0.36,1,1699.0
3623,Tesla,2016.0,2.0,Australia,Model S,Suv,Electric,74771.0,38732.0,38.0,1.64,2.9,4.05,8,147.0
3625,Toyota,2016.0,2.0,Italy,Corolla,Sedan,Petrol,53255.0,577640.0,49.0,1.77,1.2,3.75,7,1223.0
3627,Tesla,2022.0,4.0,Spain,Model S,Suv,Electric,105763.0,189334.0,4.0,1.8,1.3,3.64,10,790.0
3628,Toyota,2023.0,9.0,Japan,C-HR,Suv,Petrol,75397.0,367196.0,66.0,1.46,1.25,-0.05,1,1027.0
3629,Porsche,2022.0,3.0,UK,718,Sedan,Hybrid,139302.0,111064.0,14.0,1.25,2.25,4.01,7,131.0
3631,BMW,2024.0,7.0,Germany,5 Series,Suv,Hybrid,56638.0,471175.0,219.0,1.9487016512583213,1.4288698674734452,2.901071312555485,8,790.0
3632,Ford,2018.0,11.0,Canada,Ranger,Suv,Hybrid,57294.0,416690.0,105.0,1.31,2.53,4.25,2,2412.0
3633,Mercedes-Benz,2019.0,7.0,India,A-Class,Sedan,Diesel,49077.0,541061.0,19.0,1.05,6.61,6.33,6,473.0
3634,Porsche,2020.0,4.0,China,Macan,Suv,Electric,164881.0,145239.0,28.0,1.02,6.42,3.77,8,396.0
3635,Audi,2016.0,3.0,Italy,e-tron,Suv,Electric,38446.0,530064.0,51.0,1.92,1.43,3.33,6,910.0
3636,Porsche,2024.0,12.0,Australia,718,Sedan,Electric,85402.0,237014.0,28.0,1.63,3.11,4.49,4,167.0
3637,Audi,2018.0,3.0,Italy,TT,Sedan,Diesel,52113.0,65434.0,32.0,1.84,0.93,3.72,7,1114.0
3638,Audi,2017.0,11.0,India,Q3,Suv,Electric,55852.0,234874.0,50.0,1.11,6.71,6.76,7,571.0
3639,Audi,2023.0,9.0,UK,A4,Sedan,Hybrid,97498.0,317133.0,5.0,1.84,1.61,5.18,9,65.0
3640,Toyota,2022.0,11.0,India,bZ4X,Suv,Hybrid,42515.0,249731.0,33.0,1.1,7.01,6.71,8,1062.0
3641,Toyota,2020.0,2.0,France,C-HR,Suv,Electric,58965.0,408861.0,20.0,1.72,1.9,3.64,10,151.0
3642,Audi,2018.0,10.0,Canada,A4,Sedan,Petrol,56228.0,297396.0,9.0,1.23,1.94,3.91,9,575.0
3643,Volkswagen,2017.0,4.0,Germany,ID.3,Suv,Petrol,76261.0,551406.0,12.0,1.89,1.98,3.25,1,571.0
3644,BMW,2017.0,8.0,Japan,7 Series,Sedan,Hybrid,103244.0,349266.0,211.0,1.5187121870757572,0.9595417831760904,0.0621975313993725,10,821.0
3645,Tesla,2021.0,10.0,Spain,Model S Plaid,Suv,Electric,117761.0,247543.0,12.0,1.78,0.96,3.78,1,368.0
3646,BMW,2020.0,3.0,Brazil,X1,Suv,Electric,66551.0,228371.0,183.0,1.2741156850092012,3.8778300781520407,10.727749112970915,3,400.0
3647,Tesla,2021.0,3.0,Spain,Semi,Suv,Electric,62380.0,133557.0,35.0,1.74,1.77,3.26,4,1446.0
3649,Audi,2022.0,3.0,Netherlands,A3,Sedan,Electric,98659.0,266203.0,38.0,1.93,2.09,3.33,8,1030.0
3650,Porsche,2015.0,9.0,Italy,Macan,Suv,Petrol,158368.0,329592.0,25.0,1.85,1.19,3.28,9,137.0
3651,BMW,2019.0,5.0,Australia,i4,Suv,Hybrid,70897.0,395165.0,392.0,1.5750659815839203,3.363547522514545,4.303238913278792,10,985.0
3652,Toyota,2024.0,7.0,UK,C-HR,Suv,Hybrid,42396.0,536059.0,80.0,1.76,1.97,4.75,5,727.0
3653,Tesla,2021.0,11.0,Germany,Cybertruck,Suv,Electric,61397.0,76326.0,12.0,1.93,1.97,3.05,3,476.0
3654,Mercedes-Benz,2017.0,4.0,UK,EQS,Suv,Petrol,75104.0,561401.0,40.0,1.82,1.85,4.88,6,826.0
3656,Ford,2020.0,5.0,Japan,Mustang,Sedan,Electric,27270.0,515548.0,56.0,1.56,0.93,-0.05,6,1749.0
3657,BMW,2024.0,5.0,UK,X7,Sedan,Diesel,106232.0,318591.0,391.0,1.938581940782504,1.119865367333683,4.902569102842177,3,1001.0
3658,Audi,2023.0,11.0,Germany,Q7,Suv,Hybrid,33286.0,490592.0,9.0,1.91,2.03,3.22,9,184.0
3659,Ford,2017.0,3.0,Brazil,Escape,Suv,Electric,24887.0,361454.0,101.0,1.11,3.88,10.34,5,1669.0
3660,Audi,2020.0,11.0,India,Q8,Suv,Electric,79194.0,441267.0,46.0,0.97,7.03,6.78,8,321.0
3662,Porsche,2022.0,3.0,Netherlands,Cayenne Coupe,Suv,Petrol,69596.0,202802.0,8.0,2.06,1.83,3.47,9,371.0
3663,BMW,2016.0,5.0,Canada,3 Series,Suv,Electric,119694.0,326393.0,55.0,1.379353084925285,1.9850951686938472,3.804024157176853,6,536.0
3664,Audi,2019.0,8.0,Italy,e-tron,Suv,Petrol,84609.0,266487.0,52.0,1.93,1.01,3.24,1,631.0
3665,Mercedes-Benz,2017.0,4.0,UK,GLS,Suv,Electric,108996.0,209617.0,61.0,1.79,1.88,5.28,9,179.0
3666,Porsche,2018.0,9.0,Spain,GTS,Sedan,Petrol,114824.0,323985.0,14.0,1.67,1.78,3.5,4,92.0
3668,Toyota,2017.0,5.0,Brazil,Camry,Sedan,Electric,32955.0,675268.0,96.0,1.11,3.15,10.45,9,572.0
3670,Volkswagen,2020.0,9.0,China,Polo,Sedan,Hybrid,72660.0,440816.0,71.0,1.01,5.59,3.49,1,1882.0
3671,Audi,2022.0,11.0,France,Q7,Suv,Hybrid,51094.0,92901.0,53.0,1.83,1.5,3.52,3,644.0
3672,Audi,2024.0,10.0,UK,RS6,Sedan,Petrol,48842.0,266984.0,41.0,1.92,1.02,5.27,7,653.0
3673,Ford,2017.0,5.0,Germany,Expedition,Suv,Electric,31970.0,463673.0,27.0,1.97,1.44,3.07,10,2849.0
3674,BMW,2024.0,11.0,France,3 Series,Suv,Diesel,71405.0,271421.0,132.0,1.879443151590665,1.3418522909004518,3.25586166068354,10,348.0
3675,Audi,2021.0,10.0,Netherlands,Q7,Suv,Hybrid,111538.0,478063.0,8.0,1.96,1.95,3.8,7,868.0
3676,BMW,2016.0,12.0,Japan,i7,Sedan,Electric,52796.0,255782.0,302.0,1.5693028677380556,1.28,0.3168219978180616,6,953.0
3677,Tesla,2017.0,9.0,Mexico,Model S,Suv,Electric,66301.0,174675.0,25.0,1.08,2.47,10.78,5,1060.0
3679,Porsche,2020.0,5.0,India,Taycan,Suv,Petrol,96740.0,231142.0,14.0,1.1,7.4,6.73,10,108.0
3680,Toyota,2021.0,6.0,USA,bZ4X,Suv,Petrol,61681.0,310552.0,38.0,0.93,2.97,4.5,3,2737.0
3681,BMW,2021.0,6.0,Japan,i4,Suv,Petrol,35924.0,336744.0,310.0,1.5337286439848865,0.9579028270449398,-0.0974674475659605,3,830.0
3682,Ford,2020.0,9.0,Italy,Mustang Mach-E,Suv,Hybrid,92846.0,467218.0,48.0,1.93,1.24,3.54,7,3451.0
3683,Volkswagen,2023.0,2.0,China,Taos,Suv,Diesel,77322.0,340942.0,45.0,1.14,6.5,3.59,8,1429.0
3684,Volkswagen,2017.0,3.0,Spain,Arteon,Sedan,Diesel,26442.0,470354.0,49.0,1.72,0.99,3.69,9,838.0
3685,Ford,2017.0,6.0,Brazil,Mustang Mach-E,Suv,Hybrid,94262.0,525840.0,91.0,1.26,3.8,10.8,3,3299.0
3686,Audi,2020.0,10.0,China,Q3,Suv,Hybrid,46022.0,521138.0,21.0,1.14,6.34,3.59,7,412.0
3687,Audi,2022.0,11.0,France,Q7,Suv,Hybrid,54831.0,345449.0,32.0,1.77,1.5350000000000001,3.46,9,38.0
3688,Toyota,2016.0,6.0,Canada,RAV4,Suv,Petrol,26127.0,134722.0,51.0,1.22,2.06,4.23,6,2856.0
3690,BMW,2019.0,2.0,France,7 Series,Sedan,Electric,50792.0,231413.0,223.0,1.7607885024510057,1.326125331249672,3.3825192317817687,6,804.0
3691,Mercedes-Benz,2020.0,1.0,Canada,EQS,Suv,Electric,111470.0,492196.0,32.0,1.29,2.205,4.2,7,796.0
3692,Audi,2019.0,10.0,Mexico,Q3,Suv,Electric,48805.0,385788.0,13.0,1.2,1.91,11.09,1,743.0
3693,Toyota,2021.0,6.0,UK,Supra,Sedan,Electric,64109.0,646800.0,55.0,1.94,1.16,5.2,5,929.0
3694,BMW,2023.0,12.0,France,7 Series,Sedan,Hybrid,58345.0,433015.0,145.0,1.733149955964031,1.5328160022094697,3.226339965585803,8,334.0
3695,Toyota,2019.0,11.0,Australia,Land Cruiser,Suv,Hybrid,68907.0,316456.0,70.0,1.68,2.77,4.45,1,408.0
3696,Toyota,2019.0,7.0,Mexico,Prius,Suv,Petrol,85019.0,631756.0,40.0,1.01,2.2,10.9,1,1617.0
3697,Toyota,2018.0,10.0,Canada,RAV4,Suv,Petrol,36635.0,534170.0,24.0,1.28,1.83,3.72,6,2547.0
3698,Ford,2024.0,1.0,Japan,Expedition,Suv,Electric,31054.0,338808.0,15.0,1.43,1.2,0.34,3,2856.0
3699,Volkswagen,2015.0,1.0,France,Arteon,Sedan,Diesel,48559.0,459073.0,21.0,1.76,1.34,3.53,3,699.0
3700,Tesla,2015.0,5.0,Spain,Model 3,Suv,Electric,78991.0,95823.0,14.0,1.77,1.74,3.64,3,1313.0
3701,Audi,2021.0,1.0,India,A4,Sedan,Diesel,72207.0,321196.0,7.0,1.0,7.29,6.54,5,674.0
3703,Toyota,2023.0,1.0,USA,Corolla,Sedan,Petrol,50556.0,517718.0,83.0,0.89,2.32,4.39,2,1784.0
3704,Mercedes-Benz,2015.0,12.0,Australia,GLE,Suv,Diesel,59438.0,530634.0,34.0,1.61,3.02,4.18,1,411.0
3705,Ford,2015.0,1.0,Spain,F-150 Lightning,Suv,Hybrid,41139.0,303416.0,92.0,1.8,0.9,3.79,10,2855.0
3706,Porsche,2022.0,1.0,UK,Cayenne Coupe,Suv,Electric,140555.0,382926.0,13.0,1.77,1.38,5.03,10,280.0
3707,BMW,2022.0,7.0,France,X1,Suv,Diesel,36375.0,156379.0,181.0,1.78169064261414,1.6508573706091394,3.2521920559468462,10,608.0
3708,Volkswagen,2022.0,1.0,USA,T-Roc,Suv,Petrol,58658.0,197701.0,36.0,1.02,2.43,4.56,1,1476.0
3709,BMW,2020.0,10.0,USA,X5,Sedan,Hybrid,87719.0,480481.0,324.0,1.0487785166101915,2.620072755928513,4.520076655185793,8,847.0
3710,Tesla,2015.0,12.0,Mexico,Model X,Suv,Electric,128445.0,112712.0,5.0,1.05,1.53,10.99,9,1656.0
3711,Porsche,2023.0,11.0,Brazil,Cayenne,Suv,Hybrid,85099.0,150982.0,16.0,1.13,3.66,10.77,6,148.0
3712,Toyota,2020.0,1.0,Spain,RAV4,Suv,Petrol,24022.0,364147.0,59.0,1.75,1.64,3.2,2,1195.0
3713,Mercedes-Benz,2022.0,10.0,Brazil,C-Class,Sedan,Hybrid,74361.0,350205.0,6.0,1.23,3.78,10.61,9,588.0
3714,Volkswagen,2023.0,1.0,UK,Taos,Suv,Hybrid,21381.0,367449.0,28.0,1.87,1.57,4.89,6,1511.0
3715,Mercedes-Benz,2015.0,8.0,India,C-Class,Sedan,Hybrid,61000.0,566513.0,54.0,1.06,6.58,6.45,8,913.0
3716,Volkswagen,2015.0,3.0,Netherlands,Tiguan,Suv,Petrol,53150.0,444785.0,20.0,1.97,2.37,3.73,6,2446.0
3717,Audi,2018.0,12.0,India,A6,Sedan,Petrol,54386.0,417850.0,36.0,1.15,7.41,6.32,6,218.0
3718,Porsche,2019.0,6.0,China,Macan EV,Suv,Electric,177922.0,183904.0,15.0,1.09,5.57,3.77,6,320.0
3719,Porsche,2018.0,6.0,Mexico,Cayenne,Suv,Electric,62345.0,127023.0,29.0,1.17,1.96,11.08,2,368.0
3720,Mercedes-Benz,2020.0,3.0,Japan,EQE,Suv,Hybrid,86860.0,113963.0,53.0,1.44,1.35,0.24,8,493.0
3721,Audi,2018.0,4.0,Canada,RS6,Sedan,Diesel,34754.0,310922.0,14.0,1.36,2.34,4.25,3,913.0
3722,Mercedes-Benz,2021.0,10.0,India,CLA,Sedan,Electric,57776.0,333613.0,62.0,1.05,7.39,6.59,6,755.0
3723,Volkswagen,2017.0,1.0,Canada,T-Roc,Suv,Hybrid,46760.0,270745.0,62.0,1.34,2.63,3.85,6,2048.0
3724,Tesla,2022.0,1.0,Australia,Model X,Suv,Electric,56610.0,244449.0,31.0,1.59,2.73,4.09,2,1262.0
3725,Toyota,2021.0,8.0,Germany,Prius,Suv,Electric,64459.0,368020.0,21.0,1.95,1.42,3.27,10,71.0
3726,Toyota,2021.0,4.0,Australia,Corolla,Sedan,Petrol,37840.0,671977.0,46.0,1.58,3.2,4.26,9,1398.0
3727,Audi,2020.0,1.0,Mexico,e-tron,Suv,Petrol,55126.0,249756.0,11.0,1.16,2.19,11.08,10,618.0
3728,Porsche,2018.0,9.0,India,Macan EV,Suv,Petrol,198562.0,99413.0,4.0,1.01,6.86,6.26,9,282.0
3729,Porsche,2022.0,12.0,Netherlands,Panamera,Sedan,Petrol,175052.0,171327.0,25.0,1.93,1.73,3.59,3,353.0
3730,Mercedes-Benz,2023.0,2.0,USA,C-Class,Sedan,Electric,34909.0,457247.0,34.0,1.05,2.95,4.76,2,1060.0
3731,Porsche,2023.0,3.0,Germany,Panamera,Sedan,Petrol,88211.0,237584.0,28.0,1.86,1.31,2.71,3,223.0
3732,Toyota,2016.0,1.0,Spain,Prius,Suv,Electric,18666.0,684338.0,66.0,1.7,0.85,3.52,3,497.0
3733,BMW,2024.0,11.0,Japan,X1,Suv,Electric,92656.0,275192.0,395.0,1.478619544933352,0.9439896433790836,0.3838063328514673,5,1115.0
3734,Audi,2019.0,6.0,Australia,TT,Sedan,Hybrid,40393.0,110544.0,34.0,1.59,2.87,4.54,1,941.0
3735,Audi,2015.0,8.0,Germany,A3,Sedan,Hybrid,70892.0,265309.0,19.0,1.96,2.06,3.29,7,221.0
3736,Porsche,2019.0,2.0,Mexico,Macan,Suv,Hybrid,173349.0,149021.0,13.5,1.09,1.88,11.29,5,216.0
3737,BMW,2018.0,2.0,France,i7,Sedan,Diesel,57499.0,69403.0,172.0,1.813508169652312,1.496923276201596,3.2796294524258363,1,765.0
3738,Porsche,2019.0,11.0,Japan,Macan EV,Suv,Hybrid,174876.0,98166.0,26.0,1.54,1.15,0.35,6,363.0
3739,Tesla,2019.0,1.0,UK,Model 3,Suv,Electric,106762.0,270673.0,11.0,1.81,1.04,4.93,8,1583.0
3740,BMW,2022.0,1.0,Japan,i4,Suv,Diesel,57634.0,411541.0,78.0,1.4072037636582853,0.9208527829630088,-0.1766420220045995,2,557.0
3741,Ford,2015.0,4.0,France,Expedition,Suv,Petrol,62380.0,522403.0,73.0,1.8,1.8,3.42,1,602.0
3742,Volkswagen,2019.0,11.0,Canada,Golf,Sedan,Petrol,21649.0,46138.0,34.0,1.3,2.27,4.24,6,653.0
3743,Toyota,2020.0,2.0,Germany,Corolla,Sedan,Hybrid,37346.0,330375.0,50.0,1.85,1.67,2.8,9,2334.0
3744,Volkswagen,2022.0,10.0,Germany,Polo,Sedan,Diesel,48665.0,47497.0,80.0,1.88,1.43,2.88,5,496.0
3745,Volkswagen,2024.0,1.0,Australia,Passat,Sedan,Electric,48709.0,345756.0,30.0,1.63,3.02,4.16,7,1562.0
3746,Ford,2023.0,8.0,Australia,Ranger,Suv,Electric,50636.0,345405.0,74.0,1.6,3.48,4.31,10,3578.0
3747,Porsche,2018.0,8.0,USA,Panamera Sport,Sedan,Electric,126802.0,162984.0,12.0,0.99,2.86,4.58,5,421.0
3748,BMW,2017.0,11.0,China,X3,Suv,Hybrid,44095.0,275568.0,202.0,1.0132992534733556,6.438340456821038,3.3087398396993963,1,860.0
3749,BMW,2024.0,4.0,Germany,X3,Suv,Electric,63610.0,430214.0,320.0,1.9826573895152475,1.3101311840277434,3.081657627845725,4,1086.0
3750,Mercedes-Benz,2018.0,3.0,China,GLE,Suv,Electric,107325.0,224211.0,53.0,1.14,5.95,3.64,2,396.0
3751,Audi,2020.0,7.0,Netherlands,RS6,Sedan,Petrol,83301.0,88374.0,29.0,2.1,2.02,3.21,4,738.0
3752,Tesla,2023.0,6.0,USA,Model S,Suv,Electric,118775.0,239393.0,1.0,0.95,2.85,4.7,1,337.0
3753,BMW,2022.0,10.0,China,5 Series,Suv,Diesel,82691.0,207255.0,346.0,1.108899391820773,6.16101425424732,3.2470734897902744,7,1124.0
3754,BMW,2024.0,12.0,Canada,iX,Sedan,Hybrid,67016.0,388246.0,82.0,1.3776807344617363,2.65591882895532,3.888380030426412,2,641.0
3755,Mercedes-Benz,2018.0,1.0,Italy,GLE,Suv,Hybrid,91221.0,587564.0,43.0,1.91,1.22,3.74,1,59.0
3757,Porsche,2018.0,8.0,Spain,Taycan,Suv,Petrol,104881.0,236435.0,5.0,1.79,1.73,3.3,7,95.0
3758,Mercedes-Benz,2021.0,11.0,China,CLA,Sedan,Petrol,50111.0,498875.0,37.0,1.19,6.27,3.76,3,187.0
3759,Audi,2019.0,7.0,Japan,A3,Sedan,Hybrid,71961.0,76456.0,23.0,1.49,1.51,0.19,9,467.0
3760,Mercedes-Benz,2018.0,2.0,USA,E-Class,Sedan,Electric,41075.0,451261.0,23.0,1.03,2.44,4.49,6,1022.0
3762,Audi,2017.0,1.0,USA,e-tron,Suv,Hybrid,43601.0,343790.0,57.0,0.88,2.29,4.72,1,131.0
3763,Volkswagen,2020.0,7.0,Germany,Passat,Sedan,Electric,29687.0,456687.0,20.0,2.0,1.44,2.86,3,1085.0
3764,BMW,2024.0,7.0,Germany,X5,Sedan,Electric,82922.0,455932.0,276.0,1.91,1.4657745401632758,3.2674188882001696,2,853.0
3765,Tesla,2017.0,2.0,China,Cybertruck,Suv,Electric,39242.0,180160.0,24.0,1.07,6.39,3.46,10,1871.0
3766,Porsche,2019.0,9.0,UK,Cayenne,Suv,Electric,179802.0,100433.0,10.0,1.8,1.24,5.3,10,445.0
3768,Ford,2018.0,1.0,Canada,Mustang,Sedan,Hybrid,72605.0,309140.0,45.0,1.2,2.48,3.89,7,1329.0
3769,Mercedes-Benz,2019.0,7.0,Mexico,EQS,Suv,Petrol,53306.0,81285.0,49.0,1.12,2.47,11.23,7,1079.0
3770,Mercedes-Benz,2022.0,9.0,France,C-Class,Sedan,Electric,120966.0,321615.0,32.0,1.87,1.25,3.48,8,745.0
3771,Mercedes-Benz,2023.0,12.0,Mexico,E-Class,Sedan,Diesel,57237.0,405735.0,57.0,1.02,2.41,11.3,7,555.0
3772,Volkswagen,2017.0,5.0,Spain,Passat,Sedan,Petrol,38203.0,287030.0,63.0,1.83,0.99,3.22,7,319.0
3773,Mercedes-Benz,2018.0,12.0,Mexico,A-Class,Sedan,Diesel,46501.0,61829.0,19.0,1.04,1.6,11.25,1,921.0
3774,Tesla,2022.0,2.0,India,Model X Plaid,Suv,Electric,93129.0,286356.0,26.0,0.95,7.04,6.75,1,241.0
3775,Porsche,2022.0,7.0,USA,Cayenne Coupe,Suv,Electric,73976.0,80461.0,18.0,0.99,2.02,4.72,2,154.0
3776,Mercedes-Benz,2023.0,8.0,India,S-Class,Sedan,Electric,94277.0,340123.0,8.0,0.99,6.99,6.39,8,318.0
3777,Volkswagen,2018.0,6.0,UK,Golf,Sedan,Petrol,44754.0,475683.0,41.0,1.29,3.1,10.42,9,2424.0
3778,Toyota,2024.0,9.0,Italy,Camry,Sedan,Hybrid,77712.0,109218.0,62.0,1.9,0.8,3.57,7,470.0
3779,Toyota,2015.0,8.0,USA,Corolla,Sedan,Hybrid,37322.0,581825.0,24.0,0.98,2.68,4.4,2,2351.0
3780,BMW,2023.0,12.0,France,X7,Sedan,Diesel,55651.0,310464.0,130.0,1.8538446295676267,2.0678600348450304,3.377266866486452,8,511.0
3781,Tesla,2024.0,7.0,Japan,Model X Plaid,Suv,Electric,85120.0,212433.0,5.0,1.57,0.79,0.37,6,2372.0
3782,Tesla,2017.0,7.0,UK,Model X Plaid,Suv,Electric,124172.0,299596.0,17.0,1.84,1.56,5.23,9,590.0
3783,Volkswagen,2015.0,1.0,Netherlands,Tiguan,Suv,Diesel,70079.0,197590.0,48.0,2.1,2.17,3.68,4,1091.0
3784,Ford,2021.0,3.0,Australia,Bronco,Suv,Electric,23286.0,385300.0,11.0,1.6,3.02,4.0,8,1317.0
3785,Tesla,2020.0,11.0,Germany,Semi,Suv,Electric,98999.0,217577.0,7.0,1.91,1.45,2.85,10,305.0
3786,Mercedes-Benz,2016.0,8.0,Mexico,EQE,Suv,Diesel,33038.0,495181.0,9.0,1.13,1.89,10.99,2,265.0
3787,Audi,2017.0,9.0,Netherlands,A6,Sedan,Electric,91128.0,112157.0,34.0,2.03,2.28,3.25,5,689.0
3788,BMW,2019.0,8.0,Canada,iX,Sedan,Hybrid,73498.0,249215.0,285.0,1.2649171659800542,2.24448909796085,3.703455196298873,3,929.0
3789,Audi,2021.0,11.0,Brazil,Q8,Suv,Hybrid,81487.0,339344.0,47.0,1.29,3.89,10.53,6,947.0
3790,Audi,2018.0,3.0,Brazil,Q5,Suv,Electric,78783.0,414603.0,30.0,1.29,3.14,10.75,1,639.0
3791,Volkswagen,2023.0,4.0,Brazil,Arteon,Sedan,Diesel,53197.5,543142.0,86.0,1.29,3.54,10.78,4,2056.0
3792,Mercedes-Benz,2020.0,2.0,China,EQS,Suv,Hybrid,106165.0,71075.0,19.0,1.16,6.22,3.24,1,1160.0
3794,Audi,2017.0,2.0,Italy,TT,Sedan,Petrol,72758.0,351591.0,9.0,1.82,1.44,3.55,6,470.0
3795,BMW,2018.0,6.0,France,i4,Suv,Hybrid,98014.0,65116.0,47.0,1.79444298503239,1.737557471355213,3.732327645545796,2,397.0
3796,Porsche,2023.0,9.0,Italy,Cayenne,Suv,Electric,137759.0,170253.0,28.0,1.93,0.75,3.41,7,122.0
3797,Tesla,2024.0,8.0,Germany,Model S,Suv,Electric,118403.0,209592.0,14.0,1.89,1.79,2.83,6,1085.0
3798,Ford,2019.0,8.0,India,Escape,Suv,Petrol,89182.0,255964.0,80.0,1.14,6.94,6.59,8,1753.0
3799,Audi,2018.0,9.0,Italy,TT,Sedan,Petrol,50074.0,142428.0,23.0,1.75,0.73,3.31,3,790.0
3801,Audi,2020.0,4.0,USA,e-tron,Suv,Petrol,113487.0,454239.0,4.0,0.91,2.03,4.26,5,358.0
3802,BMW,2015.0,12.0,Brazil,5 Series,Suv,Diesel,85435.0,50882.0,367.0,1.1142377296920458,3.0944429607559285,10.609804064049817,7,1038.0
3805,Ford,2018.0,3.0,France,Ranger,Suv,Petrol,94076.0,786261.0,70.0,1.76,1.66,3.57,5,1313.0
3806,Porsche,2020.0,4.0,Mexico,Cayenne Coupe,Suv,Hybrid,173406.0,250256.0,6.0,1.1,2.3,11.12,6,87.0
3807,Ford,2024.0,4.0,China,Explorer,Suv,Petrol,64937.0,633155.0,118.0,1.0,5.66,3.42,4,1321.0
3808,Audi,2023.0,6.0,Spain,A4,Sedan,Diesel,84077.0,335262.0,37.0,1.68,1.07,3.35,6,667.0
3809,Porsche,2020.0,5.0,Germany,718,Sedan,Electric,64794.0,86073.0,14.0,1.83,1.44,3.16,5,329.0
3810,Mercedes-Benz,2023.0,11.0,Germany,CLA,Sedan,Diesel,41042.0,394800.0,25.0,1.84,1.73,2.82,8,1115.0
3811,Ford,2022.0,9.0,Japan,Escape,Suv,Electric,28206.0,137527.0,71.0,1.5,0.89,-0.09,7,242.0
3812,Audi,2023.0,1.0,Netherlands,TT,Sedan,Hybrid,74135.0,260798.0,28.0,2.02,2.39,3.28,7,1076.0
3813,BMW,2015.0,4.0,France,X5,Sedan,Petrol,55213.0,361741.0,219.0,1.8432646776125363,1.1416729006023845,3.2508752096274818,1,717.0
3814,Mercedes-Benz,2024.0,7.0,Australia,E-Class,Sedan,Petrol,65934.0,118398.0,35.0,1.65,3.47,3.97,6,129.0
3815,Volkswagen,2015.0,10.0,Japan,Golf,Sedan,Diesel,23155.0,551273.0,30.0,1.41,0.94,0.15,9,197.0
3816,Mercedes-Benz,2024.0,1.0,France,EQS,Suv,Electric,101910.0,286218.0,36.0,1.76,2.08,3.6,9,127.0
3817,Tesla,2021.0,11.0,Mexico,Model Y,Suv,Electric,60471.0,165292.0,38.0,1.18,1.99,10.94,8,739.0
3818,Toyota,2019.0,4.0,France,Corolla,Sedan,Hybrid,82449.0,407494.0,94.0,1.88,1.89,3.24,3,569.0
3819,Porsche,2017.0,5.0,Brazil,GTS,Sedan,Electric,87245.0,267454.0,14.0,1.11,3.13,10.47,3,287.0
3821,Ford,2018.0,6.0,Spain,Expedition,Suv,Electric,64064.0,165587.0,79.0,1.74,0.99,3.39,7,3345.0
3822,Ford,2021.0,5.0,Netherlands,Ranger,Suv,Hybrid,94320.0,182174.0,30.0,1.91,2.4,3.79,2,3377.0
3823,Tesla,2022.0,11.0,Spain,Semi,Suv,Electric,83491.0,121435.0,25.0,1.81,1.06,3.72,1,508.0
3824,Mercedes-Benz,2017.0,11.0,Italy,S-Class,Sedan,Petrol,52336.0,289732.0,50.0,1.85,1.19,3.37,1,794.0
3825,Volkswagen,2015.0,10.0,Brazil,Golf,Sedan,Hybrid,25037.0,251299.0,42.0,1.26,3.57,10.58,3,2690.0
3826,Toyota,2019.0,5.0,Mexico,Land Cruiser,Suv,Electric,55358.0,495251.0,10.0,1.08,1.9,11.2,9,950.0
3827,Audi,2015.0,3.0,Italy,A4,Sedan,Hybrid,36158.0,308596.0,30.0,1.94,0.78,3.33,7,905.0
3828,Porsche,2018.0,10.0,China,Taycan,Suv,Hybrid,106605.0,267995.0,8.0,1.05,5.87,3.55,5,424.0
3829,Toyota,2019.0,10.0,Australia,Camry,Sedan,Electric,45679.0,51493.0,44.0,1.59,3.04,3.96,1,2435.0
3830,BMW,2018.0,6.0,Australia,X5,Sedan,Electric,68686.0,246243.0,316.0,1.6285763820117416,3.33704112524294,4.117565653072647,4,834.0
3831,Tesla,2018.0,9.0,Germany,Cybertruck,Suv,Electric,53395.0,79770.0,36.0,1.99,2.12,2.87,2,743.0
3832,Volkswagen,2020.0,4.0,Italy,Taos,Suv,Petrol,74966.0,556362.0,51.0,1.82,0.52,3.76,3,126.0
3833,BMW,2022.0,12.0,Japan,X7,Sedan,Diesel,72040.0,406004.0,144.0,1.5561263434851114,1.4093208284726095,-0.0996072175993637,5,697.0
3834,BMW,2018.0,3.0,Canada,X7,Sedan,Hybrid,84737.0,153619.0,27.0,1.2232277920401051,1.9892447719726547,4.240049909809889,5,224.0
3835,Toyota,2017.0,8.0,France,Camry,Sedan,Electric,40013.0,375426.0,21.0,1.84,1.85,3.75,1,2711.0
3837,BMW,2018.0,2.0,Australia,i4,Suv,Petrol,117916.0,269057.0,110.0,1.5995079704292203,3.2803655030068817,4.235801439980659,6,360.0
3838,Volkswagen,2021.0,6.0,Spain,Taos,Suv,Hybrid,54697.0,217251.0,49.0,1.76,1.3,3.24,8,2090.0
3839,Tesla,2022.0,11.0,Netherlands,Model 3,Suv,Electric,92092.5,69254.0,29.0,1.92,2.34,3.45,6,1071.0
3840,Tesla,2024.0,8.0,Brazil,Model S,Suv,Electric,98354.0,286738.0,17.0,1.13,3.51,10.77,7,2142.0
3841,BMW,2017.0,2.0,USA,X1,Suv,Petrol,78882.5,83085.0,198.0,1.0668026326420927,2.602942876479461,4.696024415844892,3,668.0
3842,Ford,2017.0,10.0,Netherlands,Mustang Mach-E,Suv,Petrol,55746.0,510942.0,10.0,1.96,2.1,3.57,4,231.0
3844,BMW,2019.0,4.0,China,i7,Sedan,Electric,73367.0,473327.0,236.0,1.0400949031056808,6.098868397439429,3.77362828616716,1,584.0
3845,Toyota,2024.0,4.0,India,RAV4,Suv,Hybrid,58726.0,126448.0,46.0,1.13,6.71,6.76,7,1021.0
3846,Toyota,2018.0,7.0,Germany,Supra,Sedan,Hybrid,72644.0,566868.0,95.0,1.9,1.71,3.19,8,2396.0
3848,Ford,2021.0,8.0,Italy,Ranger,Suv,Electric,60577.0,123013.0,103.0,1.85,0.77,3.67,3,3489.0
3849,Toyota,2019.0,4.0,Japan,Corolla,Sedan,Electric,89179.0,83918.0,85.0,1.42,1.12,0.3,4,1098.0
3850,Mercedes-Benz,2016.0,7.0,Brazil,A-Class,Sedan,Hybrid,104971.0,425970.0,20.0,1.24,3.17,10.23,6,1137.0
3851,Mercedes-Benz,2015.0,8.0,Japan,EQE,Suv,Petrol,63322.0,281768.0,33.5,1.46,1.35,0.36,7,1269.0
3853,Volkswagen,2022.0,4.0,India,Passat,Sedan,Petrol,36541.0,311915.0,84.0,1.11,6.55,6.2,10,2116.0
3854,Tesla,2021.0,6.0,Mexico,Cybertruck,Suv,Electric,114890.0,42350.0,38.0,1.06,1.77,10.97,8,1742.0
3856,Ford,2017.0,7.0,India,Mustang,Sedan,Petrol,40875.0,767970.0,69.0,1.0,6.71,6.69,9,934.0
3857,Toyota,2021.0,11.0,India,Yaris,Sedan,Hybrid,30754.0,676389.0,19.0,1.1,7.34,6.45,3,2957.0
3858,Audi,2024.0,8.0,Mexico,RS6,Sedan,Petrol,70904.0,90127.0,21.0,1.18,2.46,10.89,9,562.0
3859,Porsche,2022.0,4.0,Germany,Panamera Sport,Sedan,Electric,170835.0,285105.0,12.0,1.96,1.95,2.78,5,177.0
3860,BMW,2019.0,4.0,Australia,iX,Sedan,Hybrid,63091.0,345457.0,316.0,1.5881525493876456,2.953288834748028,4.264634161596548,5,1081.0
3861,Toyota,2017.0,5.0,France,Land Cruiser,Suv,Electric,66161.0,446876.0,94.0,1.85,1.57,3.33,10,1577.0
3862,Audi,2017.0,11.0,France,A6,Sedan,Electric,46700.0,316530.0,47.0,1.85,1.63,3.34,4,272.0
3863,Audi,2015.0,8.0,Japan,A3,Sedan,Petrol,84253.0,381759.0,43.0,1.46,1.13,-0.1,9,1078.0
3865,Porsche,2020.0,12.0,Canada,Macan,Suv,Electric,167162.0,382143.0,29.0,1.29,1.99,3.83,5,387.0
3867,Mercedes-Benz,2015.0,6.0,Netherlands,E-Class,Sedan,Electric,109789.0,316880.0,37.0,2.08,2.26,3.45,9,1007.0
3868,Toyota,2015.0,2.0,Netherlands,Yaris,Sedan,Petrol,55150.0,374463.0,77.0,1.96,2.55,3.41,6,608.0
3869,Audi,2020.0,8.0,Mexico,TT,Sedan,Electric,71952.0,391630.0,52.0,1.16,1.75,11.03,8,178.0
3870,BMW,2015.0,2.0,China,5 Series,Suv,Hybrid,116788.0,306681.0,171.0,1.0553655594470104,6.400701864011259,3.4530325561240733,9,575.0
3871,Ford,2024.0,8.0,Australia,Mustang,Sedan,Hybrid,58711.0,149300.0,42.0,1.61,2.51,4.53,1,2529.0
3872,Ford,2018.0,9.0,UK,Ranger,Suv,Petrol,69635.0,583975.0,27.0,1.86,1.11,5.06,1,3991.0
3873,Ford,2023.0,8.0,China,Ranger,Suv,Electric,27195.0,256360.0,47.0,1.04,5.89,3.51,6,1950.0
3875,Volkswagen,2016.0,1.0,Netherlands,Passat,Sedan,Electric,29744.0,565758.0,73.0,1.99,1.93,3.75,4,649.0
3876,Audi,2023.0,12.0,Germany,Q7,Suv,Hybrid,51962.0,206800.0,55.0,1.89,2.29,2.92,8,701.0
3877,BMW,2019.0,4.0,Canada,3 Series,Suv,Petrol,118168.0,252123.0,71.0,1.3200041096238608,2.092493556406685,3.987963300830274,6,187.0
3878,Toyota,2023.0,11.0,Japan,Highlander,Suv,Hybrid,57229.0,682681.0,72.0,1.58,1.48,0.24,7,1500.0
3879,Mercedes-Benz,2015.0,3.0,Spain,S-Class,Sedan,Petrol,49667.0,339761.0,17.0,1.65,1.2,3.69,1,382.0
3880,Audi,2023.0,12.0,Australia,Q8,Suv,Electric,67456.0,173317.0,23.0,1.52,2.92,4.08,5,717.0
3881,BMW,2020.0,3.0,Canada,i4,Suv,Hybrid,118981.0,262566.0,96.0,1.303615753247763,2.531697043675773,3.863842485983688,6,622.0
3882,Audi,2017.0,9.0,Australia,A6,Sedan,Petrol,34399.0,540868.0,37.0,1.58,2.88,4.27,2,609.0
3883,Audi,2018.0,1.0,UK,RS6,Sedan,Petrol,65880.0,185097.0,35.0,1.94,1.78,5.23,6,989.0
3884,Tesla,2021.0,2.0,India,Model S,Suv,Electric,81117.0,84258.0,23.0,1.12,6.87,6.5,8,1800.0
3885,Porsche,2020.0,9.0,Netherlands,Macan EV,Suv,Hybrid,105178.0,202516.0,23.0,1.93,1.81,3.74,7,28.0
3886,Mercedes-Benz,2024.0,7.0,Germany,E-Class,Sedan,Petrol,34179.0,423970.0,8.0,1.87,1.59,2.88,1,722.0
3887,Audi,2017.0,5.0,China,Q7,Suv,Electric,68564.0,312129.0,38.0,1.11,5.95,3.69,2,964.0
3888,Porsche,2017.0,12.0,UK,Taycan,Suv,Petrol,145705.0,81116.0,28.0,1.84,1.66,4.89,5,11.0
3889,Volkswagen,2015.0,9.0,UK,ID.3,Suv,Petrol,46200.0,192454.0,28.0,1.86,1.83,5.29,3,693.0
3890,Toyota,2015.0,11.0,Spain,Land Cruiser,Suv,Hybrid,53810.0,479423.0,15.0,1.83,1.74,3.57,7,2634.0
3891,Ford,2021.0,3.0,Canada,Bronco,Suv,Electric,27432.0,677717.0,64.0,1.27,2.52,3.73,4,2778.0
3892,Mercedes-Benz,2019.0,12.0,Japan,A-Class,Sedan,Petrol,124501.0,340924.0,45.0,1.41,0.83,0.16,10,1016.0
3893,Toyota,2021.0,9.0,Australia,Supra,Sedan,Petrol,72739.0,420441.0,84.0,1.58,3.33,4.01,3,693.0
3894,Audi,2022.0,2.0,Australia,A6,Sedan,Petrol,50583.0,274738.0,30.0,1.5,3.4,4.2,1,1000.0
3895,Ford,2015.0,11.0,Italy,Mustang,Sedan,Hybrid,39891.0,562262.0,67.0,1.77,1.02,3.23,7,1428.0
3896,BMW,2019.0,2.0,Japan,X1,Suv,Diesel,96382.0,216280.0,265.0,1.5304448519090943,1.0845113276448126,0.0926002411727586,6,596.0
3897,Audi,2016.0,1.0,UK,A4,Sedan,Electric,96301.0,523661.0,9.0,1.95,1.96,4.72,7,201.0
3898,Porsche,2020.0,12.0,Germany,Cayenne Coupe,Suv,Petrol,87014.0,269631.0,17.0,1.86,1.94,3.16,9,48.0
3899,Toyota,2022.0,9.0,UK,Prius,Suv,Petrol,43218.0,348863.5,77.0,1.82,1.25,4.96,5,551.0
3900,BMW,2023.0,7.0,Australia,X1,Suv,Diesel,47352.0,379744.0,240.0,1.5917046017763783,2.523352096328186,4.403728168370106,10,640.0
3901,Porsche,2017.0,5.0,Japan,Cayenne,Suv,Petrol,115931.0,320458.0,14.0,1.46,1.07,0.08,8,205.0
3902,Mercedes-Benz,2020.0,2.0,Brazil,EQE,Suv,Diesel,71155.0,517137.0,30.0,1.21,3.23,10.65,4,726.0
3903,Audi,2019.0,8.0,Netherlands,e-tron,Suv,Petrol,75332.0,218799.0,33.0,1.91,1.81,3.59,7,1151.0
3904,Tesla,2020.0,5.0,UK,Model 3,Suv,Electric,106032.0,265231.0,16.0,1.77,1.86,4.76,10,1152.0
3905,Volkswagen,2020.0,12.0,Canada,Passat,Sedan,Hybrid,43086.0,468845.0,31.0,1.33,2.61,4.03,6,2582.0
3906,Audi,2021.0,10.0,Japan,A6,Sedan,Petrol,32209.0,105069.0,46.0,1.43,1.13,0.11,7,1154.0
3907,Mercedes-Benz,2020.0,5.0,USA,GLC,Suv,Electric,39500.0,586685.0,54.0,0.95,2.94,4.25,2,1111.0
3908,Tesla,2024.0,7.0,India,Model S,Suv,Electric,77508.0,152222.0,20.0,1.05,6.72,6.51,5,1305.0
3909,Volkswagen,2019.0,10.0,Brazil,Tiguan,Suv,Petrol,37994.0,194507.0,48.0,1.25,3.57,10.73,10,1674.0
3910,Mercedes-Benz,2016.0,6.0,France,GLE,Suv,Diesel,106244.0,465438.0,20.0,1.89,1.99,3.49,1,751.0
3911,Volkswagen,2015.0,10.0,USA,Passat,Sedan,Petrol,20228.0,94929.0,18.0,1.03,2.76,4.51,1,850.0
3912,Ford,2017.0,8.0,Mexico,Escape,Suv,Electric,79263.0,277317.0,16.0,1.13,1.5,11.2,4,739.0
3913,Porsche,2019.0,7.0,Brazil,Macan,Suv,Electric,152615.0,382340.0,17.0,1.22,3.32,10.54,8,157.0
3914,Porsche,2022.0,1.0,Canada,Panamera,Sedan,Hybrid,102670.0,257420.0,10.0,1.23,2.69,3.72,8,317.0
3915,Volkswagen,2019.0,12.0,China,Tiguan,Suv,Hybrid,74839.0,331374.0,59.0,1.18,6.06,3.42,4,149.0
3916,Mercedes-Benz,2023.0,7.0,USA,A-Class,Sedan,Diesel,74978.0,430139.0,24.0,0.97,2.37,4.77,4,92.0
3918,Tesla,2016.0,3.0,Australia,Model 3,Suv,Electric,81518.0,174995.0,18.0,1.52,2.78,4.35,5,2299.0
3919,Tesla,2018.0,5.0,USA,Model X Plaid,Suv,Electric,85624.0,177556.0,19.0,0.96,2.56,4.52,7,429.0
3920,Mercedes-Benz,2016.0,3.0,Japan,EQE,Suv,Diesel,59955.0,279360.0,24.0,1.58,1.56,0.21,7,583.0
3921,Mercedes-Benz,2023.0,12.0,Mexico,E-Class,Sedan,Electric,97919.0,301966.0,34.0,1.2,2.13,10.92,6,281.0
3923,BMW,2018.0,8.0,Brazil,5 Series,Suv,Hybrid,68896.0,464336.0,189.0,1.185497937584123,3.165954895295785,10.729156654982786,7,708.0
3924,Volkswagen,2022.0,9.0,India,Taos,Suv,Diesel,50066.5,543910.0,88.0,1.11,7.46,6.59,9,1988.0
3925,Porsche,2024.0,6.0,Spain,911,Sedan,Hybrid,146531.0,162100.0,2.0,1.71,1.48,3.76,3,115.0
3926,Audi,2015.0,2.0,UK,Q5,Suv,Hybrid,70858.0,503601.0,54.0,1.94,1.14,5.21,3,1076.0
3927,Tesla,2017.0,3.0,Mexico,Semi,Suv,Electric,118304.0,159757.0,12.0,1.13,2.12,11.18,2,1810.0
3929,Toyota,2019.0,4.0,India,RAV4,Suv,Hybrid,87160.0,659136.0,91.0,1.09,7.4,6.69,1,2734.0
3930,Audi,2023.0,4.0,Australia,TT,Sedan,Petrol,75407.0,423211.0,11.0,1.5,2.74,4.21,7,810.0
3931,Ford,2024.0,4.0,Australia,Edge,Suv,Petrol,59038.5,695961.0,66.0,1.57,3.04,4.3,2,176.0
3932,Mercedes-Benz,2024.0,1.0,Canada,GLE,Suv,Hybrid,91291.0,435883.0,26.0,1.36,2.3,3.98,6,1074.0
3933,Ford,2016.0,3.0,France,Ranger,Suv,Petrol,57664.0,54856.0,67.0,1.81,1.66,3.64,1,664.0
3934,BMW,2015.0,8.0,India,3 Series,Suv,Diesel,44837.0,397299.0,173.0,1.136873402953803,6.924130671302386,6.641866541374833,6,670.0
3935,Toyota,2023.0,12.0,Canada,Corolla,Sedan,Petrol,49543.0,350472.0,35.0,1.33,2.3,4.05,5,1170.0
3936,Porsche,2019.0,7.0,Australia,718,Sedan,Petrol,176193.0,299189.0,15.0,1.57,3.35,4.16,1,111.0
3937,Tesla,2019.0,7.0,Australia,Model Y,Suv,Electric,76706.0,72395.0,34.0,1.54,2.85,4.36,10,1881.0
3938,Toyota,2024.0,10.0,Spain,Highlander,Suv,Electric,78999.0,291531.0,33.0,1.83,1.42,3.45,6,1580.0
3939,Audi,2022.0,9.0,Netherlands,A6,Sedan,Electric,37030.0,102353.0,6.0,1.98,2.43,3.39,9,557.0
3940,BMW,2019.0,3.0,China,3 Series,Suv,Petrol,87949.0,80373.0,43.0,1.0788952557140072,5.976018129368766,3.4255329710874616,4,265.0
3941,Porsche,2020.0,10.0,Spain,Panamera,Sedan,Petrol,188281.0,188720.0,2.0,1.84,1.52,3.55,9,93.0
3942,Porsche,2018.0,11.0,Brazil,Cayenne Coupe,Suv,Petrol,119652.0,246015.0,2.0,1.2,3.08,10.62,4,21.0
3944,Ford,2019.0,11.0,Netherlands,Mustang,Sedan,Electric,22889.0,545844.0,90.0,2.06,1.6,3.6,1,2019.0
3945,Ford,2023.0,2.0,UK,Edge,Suv,Electric,39536.0,310612.0,32.0,1.91,1.33,5.02,3,1732.0
3946,Mercedes-Benz,2017.0,10.0,France,S-Class,Sedan,Diesel,102591.0,471832.0,17.0,1.76,1.62,3.3,9,319.0
3947,Porsche,2019.0,3.0,Australia,Cayenne Coupe,Suv,Petrol,183176.0,216330.0,22.0,1.59,3.41,4.22,1,146.0
3948,BMW,2015.0,9.0,UK,X3,Suv,Electric,41054.0,202948.0,257.0,1.944401065926308,1.56533025457161,4.978359492013002,10,905.0
3949,Tesla,2023.0,6.0,UK,Cybertruck,Suv,Electric,57756.0,253070.0,39.0,1.95,1.84,5.22,2,826.0
3950,Volkswagen,2024.0,3.0,Mexico,Tiguan,Suv,Petrol,56453.0,162382.0,35.0,1.11,2.47,10.89,5,2611.0
3951,Porsche,2022.0,7.0,Netherlands,Macan EV,Suv,Petrol,153381.0,238086.0,23.0,2.09,1.97,3.73,7,99.0
3952,Toyota,2023.0,6.0,Canada,Camry,Sedan,Electric,40695.0,476673.0,24.0,1.22,2.4,4.09,9,961.0
3953,Tesla,2015.0,5.0,India,Semi,Suv,Electric,87382.0,159378.0,12.0,0.95,6.77,6.47,6,2492.0
3954,Audi,2015.0,2.0,Mexico,Q7,Suv,Diesel,77561.0,56737.0,6.0,1.06,1.69,10.85,8,255.0
3955,Tesla,2022.0,3.0,Spain,Cybertruck,Suv,Electric,50278.0,193907.0,32.0,1.8,1.3,3.45,4,2410.0
3956,Tesla,2018.0,1.0,USA,Model S Plaid,Suv,Electric,121746.0,185753.0,24.0,1.01,2.75,4.49,9,158.0
3957,Tesla,2017.0,6.0,Brazil,Model X,Suv,Electric,45918.0,173356.0,3.0,1.179245818622948,3.75,10.4,4,1481.0
3958,BMW,2023.0,1.0,France,X3,Suv,Electric,116685.0,82332.0,357.0,1.8061875356824189,1.5928645844474467,3.4425738483529216,6,900.0
3959,Mercedes-Benz,2020.0,11.0,Germany,GLC,Suv,Electric,42171.0,469527.0,41.0,1.92,1.35,2.78,2,750.0
3960,Porsche,2021.0,8.0,Australia,718,Sedan,Hybrid,190128.0,162202.0,27.0,1.55,2.62,3.98,7,123.0
3961,Porsche,2023.0,11.0,Mexico,718,Sedan,Petrol,136100.0,118445.0,11.0,1.12,2.21,11.22,9,97.0
3962,Toyota,2018.0,9.0,Brazil,Land Cruiser,Suv,Petrol,33203.0,57576.0,50.0,1.22,3.97,10.33,8,109.0
3963,Tesla,2023.0,11.0,Japan,Model S Plaid,Suv,Electric,127465.0,12391.0,37.0,1.53,1.4,-0.09,7,1383.0
3964,Tesla,2022.0,2.0,Brazil,Cybertruck,Suv,Electric,44441.0,270158.0,21.0,1.19,3.05,10.27,7,362.0
3965,BMW,2016.0,9.0,Brazil,X5,Sedan,Hybrid,92473.0,436791.0,329.0,1.2426413766565234,3.644832604022314,10.4370785445669,9,935.0
3966,Toyota,2024.0,8.0,Italy,Supra,Sedan,Electric,83814.0,356157.0,78.0,1.8,1.24,3.29,4,1396.0
3967,Porsche,2015.0,8.0,China,Macan EV,Suv,Electric,84295.0,241477.0,13.0,1.02,6.42,3.2,4,151.0
3968,Porsche,2015.0,2.0,UK,GTS,Sedan,Petrol,131249.0,151144.0,16.0,1.25,2.05,4.01,5,39.0
3969,Toyota,2015.0,2.0,USA,bZ4X,Suv,Electric,54207.0,174279.0,91.0,0.93,2.68,4.77,9,2275.0
3970,Porsche,2019.0,2.0,Netherlands,911,Sedan,Hybrid,82805.0,231839.0,17.0,2.06,2.24,3.45,6,178.0
3971,Porsche,2015.0,3.0,USA,Cayenne Coupe,Suv,Petrol,106942.0,363134.0,14.5,0.96,2.91,4.26,4,203.0
3972,Audi,2019.0,7.0,Australia,A4,Sedan,Hybrid,86812.0,111575.0,19.0,1.54,3.34,4.4,3,171.0
3973,BMW,2019.0,2.0,France,iX,Sedan,Diesel,56045.0,364941.0,395.0,1.8951747509820107,1.1121207746438937,3.3447208745597248,8,1114.0
3974,Audi,2019.0,11.0,USA,RS6,Sedan,Hybrid,40714.0,545412.0,20.0,1.0,2.01,4.45,6,117.0
3975,Toyota,2023.0,1.0,UK,bZ4X,Suv,Petrol,24898.0,354189.0,62.0,1.1,1.57,10.58,4,1306.0
3976,Mercedes-Benz,2023.0,2.0,Australia,CLA,Sedan,Electric,60565.0,216043.0,27.0,1.64,3.04,4.05,7,523.0
3978,Volkswagen,2024.0,12.0,Australia,Tiguan,Suv,Electric,25022.0,268264.0,16.0,1.52,2.83,4.39,7,2557.0
3979,Porsche,2016.0,12.0,Australia,Macan EV,Suv,Hybrid,140770.0,212956.0,20.0,1.6,3.22,4.37,2,76.0
3981,Toyota,2024.0,4.0,Japan,RAV4,Suv,Electric,46374.0,565079.0,13.0,1.54,1.35,0.36,2,2020.0
3982,Volkswagen,2022.0,10.0,China,Taos,Suv,Diesel,54891.0,68035.0,43.0,1.15,6.46,3.4,4,1669.0
3983,Mercedes-Benz,2019.0,7.0,Netherlands,GLS,Suv,Hybrid,34086.0,307356.0,12.0,1.94,1.81,3.46,1,870.0
3984,Volkswagen,2016.0,8.0,Mexico,Touareg,Suv,Electric,67613.0,83720.0,30.0,1.08,1.98,10.81,8,2165.0
3985,Porsche,2017.0,6.0,Japan,Cayenne Coupe,Suv,Electric,134043.0,133404.0,14.0,1.56,1.36,0.24,1,462.0
3986,Toyota,2023.0,3.0,USA,bZ4X,Suv,Electric,21930.0,571184.0,82.0,0.98,2.3,4.67,7,405.0
3987,Ford,2020.0,4.0,Spain,Explorer,Suv,Hybrid,52169.0,273241.0,66.0,1.8,0.87,3.43,5,1064.0
3988,Ford,2022.0,12.0,Netherlands,F-150 Lightning,Suv,Electric,88147.0,400752.0,15.0,2.0,1.83,3.31,5,2407.0
3989,Tesla,2017.0,4.0,Netherlands,Cybertruck,Suv,Electric,51507.0,155915.0,4.0,2.08,1.82,3.32,2,2403.0
3990,Toyota,2021.0,9.0,Japan,RAV4,Suv,Electric,41266.0,120948.0,59.0,1.42,1.52,-0.17,9,717.0
3991,BMW,2017.0,12.0,Australia,X5,Sedan,Electric,56164.0,361438.0,335.0,1.6734144637160209,3.3093611554785136,4.436068036807509,2,822.0
3992,Tesla,2022.0,8.0,Brazil,Model 3,Suv,Electric,127074.0,212313.0,5.0,1.13,3.82,10.54,3,1230.0
3993,Tesla,2021.0,7.0,Germany,Model 3,Suv,Electric,101641.0,296878.0,26.0,1.81,1.89,2.81,2,199.0
3994,Ford,2020.0,2.0,Italy,F-150 Lightning,Suv,Petrol,62933.0,243642.0,34.0,1.78,0.7,3.43,2,3586.0
3995,Porsche,2022.0,6.0,Brazil,Macan,Suv,Petrol,191759.0,345739.0,23.0,1.25,3.81,10.57,8,56.0
3996,Mercedes-Benz,2018.0,10.0,Australia,CLA,Sedan,Petrol,74685.0,326783.0,8.0,1.6,2.63,4.37,4,1241.0
3997,Audi,2016.0,4.0,Germany,RS6,Sedan,Petrol,84077.0,55124.0,45.0,1.98,1.81,3.24,10,900.0
3998,Ford,2018.0,10.0,India,Expedition,Suv,Hybrid,48720.0,238747.0,85.0,0.96,7.43,6.27,6,1251.0
3999,Volkswagen,2017.0,6.0,Spain,Tiguan,Suv,Petrol,55935.0,567472.0,71.0,1.81,1.56,3.47,4,879.0
4001,Tesla,2018.0,2.0,Canada,Model S Plaid,Suv,Electric,63937.0,176903.0,20.0,1.36,2.22,4.1,3,750.0
4002,Audi,2017.0,3.0,China,A3,Sedan,Electric,46874.0,95689.0,21.0,1.16,6.04,3.42,8,519.0
4003,Porsche,2015.0,10.0,Spain,Panamera,Sedan,Electric,123053.0,147907.0,16.0,1.65,0.84,3.66,9,361.0
4004,Audi,2018.0,7.0,Spain,Q7,Suv,Hybrid,42786.0,119510.0,40.0,1.78,1.53,3.44,10,458.0
4005,Volkswagen,2015.0,4.0,China,Polo,Sedan,Diesel,76557.0,146576.0,23.0,1.08,6.22,3.64,5,1825.0
4006,Porsche,2020.0,2.0,Japan,GTS,Sedan,Hybrid,88491.0,201643.0,26.0,1.51,0.77,0.1,1,275.0
4007,Toyota,2016.0,6.0,Spain,Camry,Sedan,Electric,30325.0,307750.0,49.0,1.83,1.65,3.64,7,2948.0
4009,Toyota,2018.0,12.0,Canada,Prius,Suv,Electric,65267.0,376289.0,31.0,1.32,1.75,4.11,6,2770.0
4010,Ford,2015.0,3.0,China,F-150,Suv,Hybrid,81368.0,799670.0,60.0,1.11,5.99,3.67,3,3749.0
4011,Ford,2020.0,7.0,Japan,Edge,Suv,Petrol,63095.0,693851.0,73.0,1.45,1.56,0.16,1,911.0
4012,Volkswagen,2022.0,11.0,Mexico,Tiguan,Suv,Electric,68319.0,96215.0,64.0,1.06,1.54,10.88,7,2290.0
4013,Volkswagen,2015.0,12.0,Mexico,Arteon,Sedan,Petrol,25590.0,236678.0,44.0,1.1,2.43,11.02,7,2242.0
4014,Tesla,2021.0,1.0,India,Model X Plaid,Suv,Electric,41321.0,236878.0,3.0,1.12,6.55,6.35,9,1879.0
4015,Volkswagen,2015.0,2.0,Netherlands,Passat,Sedan,Diesel,31774.0,539367.0,76.0,2.07,2.17,3.61,8,2700.0
4016,Porsche,2021.0,1.0,France,Macan EV,Suv,Electric,146523.0,205743.0,28.0,1.76,1.94,3.57,3,321.0
4017,Toyota,2023.0,7.0,Australia,Supra,Sedan,Petrol,83029.0,660304.0,24.0,1.66,2.98,4.22,8,2566.0
4018,Audi,2017.0,11.0,Mexico,A6,Sedan,Hybrid,74915.0,542088.0,28.0,1.0950000000000002,1.79,10.8,10,442.0
4019,Ford,2022.0,7.0,India,Mustang Mach-E,Suv,Hybrid,89048.0,296709.0,92.0,1.11,6.63,6.77,1,3711.0
4020,Porsche,2016.0,1.0,India,911,Sedan,Electric,112468.0,349677.0,29.0,1.08,7.28,6.65,2,450.0
4021,Mercedes-Benz,2020.0,1.0,Netherlands,C-Class,Sedan,Petrol,106247.0,376776.0,54.0,2.07,2.08,3.58,5,122.0
4022,Tesla,2017.0,5.0,Brazil,Cybertruck,Suv,Electric,52530.0,168115.0,14.0,1.12,3.02,10.6,6,1765.0
4023,Ford,2023.0,8.0,France,Ranger,Suv,Petrol,70902.0,249410.0,65.0,1.79,1.24,3.53,6,2611.0
4024,Volkswagen,2017.0,11.0,Netherlands,Tiguan,Suv,Electric,59848.0,399375.0,82.0,1.94,1.76,3.65,8,1971.0
4025,Ford,2024.0,11.0,Australia,Edge,Suv,Petrol,77927.0,91807.0,53.0,1.57,3.36,4.53,4,562.0
4026,Ford,2018.0,2.0,Italy,Bronco,Suv,Electric,58529.0,403620.0,80.0,1.77,0.79,3.2,7,1077.0
4028,BMW,2019.0,12.0,UK,i7,Sedan,Petrol,54585.0,323958.0,223.0,1.779392541917642,1.7813218557473052,5.046979039652216,4,861.0
4029,Mercedes-Benz,2018.0,10.0,USA,CLA,Sedan,Hybrid,79008.0,385735.0,9.0,0.9,2.93,4.55,7,894.0
4030,Audi,2016.0,5.0,China,A3,Sedan,Hybrid,53305.0,274945.0,39.0,1.02,6.2,3.58,6,537.0
4031,Ford,2024.0,11.0,UK,Explorer,Suv,Electric,52962.0,797679.0,109.0,1.76,1.78,5.06,5,221.0
4032,Volkswagen,2024.0,11.0,Mexico,Polo,Sedan,Petrol,54381.0,433804.0,26.0,1.05,1.82,10.83,6,1940.0
4033,Volkswagen,2021.0,11.0,USA,Tiguan,Suv,Electric,75882.0,134321.0,66.0,1.04,2.98,4.54,10,1921.0
4034,Audi,2018.0,1.0,India,A4,Sedan,Petrol,104901.0,151956.0,13.0,1.11,6.96,6.6,4,698.0
4035,Audi,2016.0,9.0,Italy,RS6,Sedan,Hybrid,98756.0,495222.0,56.0,1.95,1.05,3.36,4,868.0
4036,BMW,2015.0,5.0,Canada,X5,Sedan,Hybrid,61140.0,444485.0,292.0,1.370436300063708,2.4723183917356395,4.012098100667196,6,1044.0
4037,Toyota,2024.0,2.0,USA,Highlander,Suv,Hybrid,72762.0,581398.0,27.0,0.9,2.3,4.5,9,851.0
4038,Tesla,2015.0,8.0,France,Model S,Suv,Electric,85781.0,211633.0,21.0,1.8,1.42,3.26,3,497.0
4039,Tesla,2022.0,6.0,France,Cybertruck,Suv,Electric,67901.0,28392.0,7.0,1.86,1.69,3.67,4,2147.0
4040,Tesla,2016.0,8.0,Canada,Model 3,Suv,Electric,128135.0,35661.0,33.0,1.21,1.84,4.0,6,965.0
4041,Porsche,2018.0,4.0,Brazil,Panamera,Sedan,Electric,178644.0,271484.0,27.0,1.22,3.6,10.74,6,392.0
4042,Volkswagen,2020.0,9.0,Germany,ID.3,Suv,Petrol,34191.0,597961.0,56.0,1.92,1.97,3.29,10,452.0
4043,Audi,2021.0,10.0,Germany,e-tron,Suv,Petrol,99988.0,330073.0,30.0,1.88,2.24,3.29,4,1005.0
4045,Mercedes-Benz,2015.0,8.0,UK,S-Class,Sedan,Hybrid,52834.0,160529.0,12.0,1.91,1.75,4.98,8,197.0
4046,Porsche,2022.0,3.0,UK,Panamera,Sedan,Hybrid,87933.0,148367.0,8.0,1.89,1.13,4.87,9,153.0
4047,Porsche,2017.0,9.0,Japan,Macan EV,Suv,Electric,177147.0,89364.0,23.0,1.56,1.54,0.33,4,36.0
4048,Ford,2024.0,2.0,Spain,Mustang,Sedan,Hybrid,73355.0,243829.0,42.0,1.67,1.18,3.53,1,3528.0
4049,Mercedes-Benz,2024.0,1.0,USA,GLC,Suv,Electric,108470.0,308796.0,64.0,0.92,2.99,4.65,1,638.0
4050,Audi,2016.0,2.0,Australia,e-tron,Suv,Petrol,93510.0,212974.0,9.0,1.53,2.8,4.05,5,865.0
4051,Volkswagen,2024.0,7.0,China,Touareg,Suv,Hybrid,71179.0,348336.0,86.0,1.2,5.94,3.26,2,782.0
4052,Porsche,2021.0,11.0,Japan,911,Sedan,Hybrid,108860.0,189490.0,20.0,1.51,1.05,-0.11,3,332.0
4054,Audi,2021.0,1.0,Japan,RS6,Sedan,Diesel,109559.0,226183.0,40.0,1.4,1.2231501741505977,-0.12,8,259.0
4056,Porsche,2017.0,4.0,UK,718,Sedan,Hybrid,119670.0,287921.0,16.0,1.92,1.56,5.2,9,191.0
4057,Porsche,2023.0,8.0,USA,Panamera,Sedan,Petrol,90852.0,205204.0,19.0,0.91,2.71,4.68,7,192.0
4059,Mercedes-Benz,2024.0,10.0,Australia,E-Class,Sedan,Diesel,70131.0,503788.0,44.0,1.55,2.77,4.37,1,1039.0
4060,Ford,2015.0,11.0,France,Bronco,Suv,Petrol,47486.0,205284.0,82.0,1.8,1.56,3.39,6,3143.0
4061,Tesla,2019.0,8.0,France,Model X Plaid,Suv,Electric,58458.0,203434.0,34.0,1.78,1.22,3.54,5,1640.0
4062,Ford,2023.0,10.0,USA,Expedition,Suv,Electric,30900.0,371939.0,30.0,1.02,2.35,4.31,8,3209.0
4063,BMW,2022.0,11.0,China,X1,Suv,Electric,61299.0,307831.0,10.0,1.0109523277644064,6.0912754357449295,3.439401622322078,2,471.0
4064,Mercedes-Benz,2018.0,7.0,Canada,GLS,Suv,Electric,79951.0,588265.0,57.0,1.38,1.75,4.21,7,479.0
4066,Volkswagen,2021.0,9.0,Italy,Polo,Sedan,Diesel,79254.0,531680.0,33.0,1.78,0.5,3.45,5,1562.0
4067,Tesla,2016.0,10.0,UK,Model 3,Suv,Electric,92092.5,40109.0,14.0,1.85,1.84,5.23,3,360.0
4068,Mercedes-Benz,2016.0,5.0,France,EQE,Suv,Diesel,50971.0,210467.0,18.0,1.89,1.93,3.37,9,254.0
4069,Volkswagen,2023.0,10.0,Spain,Taos,Suv,Petrol,68674.0,444511.0,86.0,1.69,0.97,3.77,7,2454.0
4070,Tesla,2023.0,8.0,Spain,Model Y,Suv,Electric,109061.0,284639.0,24.0,1.72,0.96,3.55,9,411.0
4072,Porsche,2024.0,1.0,India,Macan EV,Suv,Electric,60606.0,154533.0,14.0,1.08,7.42,6.74,1,283.0
4073,Porsche,2018.0,12.0,Italy,Macan EV,Suv,Hybrid,70914.0,137902.0,28.0,1.78,0.72,3.53,7,466.0
4074,Tesla,2017.0,10.0,Germany,Model Y,Suv,Electric,62790.0,103757.0,34.0,1.84,1.4,3.27,2,2106.0
4075,Toyota,2024.0,3.0,Canada,Camry,Sedan,Petrol,38922.0,370047.0,83.0,1.31,2.68,3.74,8,512.0
4076,Volkswagen,2015.0,4.0,Brazil,Passat,Sedan,Electric,73275.0,230213.0,65.0,1.2,3.28,10.41,5,2213.0
4077,Porsche,2024.0,7.0,Mexico,911,Sedan,Petrol,96996.0,162456.0,16.0,1.04,2.14,11.01,10,198.0
4078,Toyota,2018.0,12.0,France,Land Cruiser,Suv,Petrol,45727.0,114428.0,95.0,1.75,1.38,3.41,2,1614.0
4079,Porsche,2023.0,7.0,Italy,Macan EV,Suv,Electric,104040.0,238582.0,28.0,1.79,1.29,3.35,4,16.0
4080,Toyota,2022.0,6.0,Brazil,Camry,Sedan,Hybrid,81675.0,206432.0,50.0,1.17,3.88,10.51,7,1935.0
4081,Mercedes-Benz,2021.0,11.0,Italy,CLA,Sedan,Petrol,101165.0,488059.0,42.0,1.75,1.21,3.61,4,215.0
4082,BMW,2017.0,6.0,Australia,iX,Sedan,Hybrid,106927.0,291766.0,341.0,1.6093296440375575,2.960358271201926,4.468738165713602,6,933.0
4083,Tesla,2015.0,6.0,USA,Model X,Suv,Electric,50054.0,59053.0,19.0,0.99,2.33,4.59,10,2364.0
4084,Toyota,2016.0,8.0,Germany,bZ4X,Suv,Electric,88168.0,671686.0,87.0,1.97,2.19,2.75,7,82.0
4085,Audi,2023.0,5.0,India,A6,Sedan,Hybrid,82018.0,146344.0,18.0,1.06,7.2,6.58,2,501.0
4086,Ford,2020.0,3.0,Italy,Mustang Mach-E,Suv,Electric,42469.0,502808.0,117.0,1.95,0.79,3.37,9,179.0
4087,Tesla,2023.0,7.0,Spain,Semi,Suv,Electric,54258.0,35687.0,8.0,1.66,1.32,3.79,1,283.0
4088,Audi,2024.0,9.0,Brazil,Q5,Suv,Diesel,70771.0,249103.0,43.0,1.22,3.03,10.47,6,1093.0
4089,Audi,2017.0,12.0,Canada,A6,Sedan,Electric,34716.0,177171.0,56.0,1.29,2.3,4.26,9,997.0
4090,Mercedes-Benz,2024.0,9.0,Japan,S-Class,Sedan,Hybrid,64136.0,344090.0,46.0,1.41,1.44,-0.17,2,370.0
4091,Ford,2020.0,8.0,Canada,Escape,Suv,Electric,59378.0,632059.0,24.0,1.23,2.68,3.95,8,1468.0
4092,Ford,2015.0,5.0,Brazil,F-150,Suv,Petrol,74469.0,325491.0,113.0,1.18,3.07,10.67,4,598.0
4093,Porsche,2015.0,12.0,Mexico,Cayenne Coupe,Suv,Petrol,176345.0,318396.0,9.0,1.02,1.74,11.04,1,13.0
4094,Audi,2020.0,12.0,Canada,e-tron,Suv,Diesel,56611.0,152810.0,10.0,1.31,2.34,3.97,3,293.0
4095,Mercedes-Benz,2020.0,1.0,Canada,CLA,Sedan,Diesel,68440.0,514472.0,38.0,1.22,2.63,3.71,8,1174.0
4096,Volkswagen,2021.0,12.0,India,ID.3,Suv,Petrol,37396.0,237100.0,87.0,1.03,7.04,6.28,4,1864.0
4097,Tesla,2019.0,1.0,Italy,Model Y,Suv,Electric,121981.0,89713.0,35.0,1.88,0.94,3.65,8,516.0
4098,Toyota,2024.0,11.0,Spain,Prius,Suv,Electric,68434.0,644714.0,10.0,1.82,1.02,3.47,2,2616.0
4099,Ford,2018.0,9.0,Australia,Ranger,Suv,Electric,79195.0,360369.0,13.0,1.6,2.98,4.21,3,3347.0
4100,Porsche,2017.0,11.0,Canada,Macan EV,Suv,Hybrid,88012.0,165499.0,26.0,1.22,1.7,4.22,7,386.0
4101,Tesla,2023.0,9.0,Mexico,Model S,Suv,Electric,72076.0,37470.0,18.0,1.16,1.91,10.93,4,1504.0
4103,Volkswagen,2019.0,2.0,Italy,Golf,Sedan,Electric,43097.0,112654.0,9.0,1.8,0.73,3.39,3,1160.0
4104,Mercedes-Benz,2018.0,8.0,Netherlands,GLE,Suv,Petrol,41536.0,542508.0,28.0,2.07,2.06,3.43,10,421.0
4105,Porsche,2017.0,8.0,UK,GTS,Sedan,Petrol,78559.0,143067.0,5.0,1.91,1.53,4.96,8,348.0
4106,BMW,2023.0,5.0,Brazil,iX,Sedan,Hybrid,114376.0,79063.0,258.0,1.1701830025104156,3.441530501373377,10.73262250965498,9,685.0
4107,Ford,2020.0,11.0,Italy,Escape,Suv,Electric,47501.0,137611.0,27.0,1.88,0.71,3.76,3,1501.0
4109,Toyota,2023.0,9.0,Japan,Land Cruiser,Suv,Electric,89608.0,550497.0,75.0,1.52,1.25,0.19,4,1115.0
4110,Mercedes-Benz,2024.0,12.0,Australia,GLC,Suv,Petrol,79302.0,249442.0,26.0,1.52,2.83,4.08,4,1051.0
4111,Mercedes-Benz,2016.0,10.0,Australia,C-Class,Sedan,Diesel,39878.0,162254.0,51.0,1.51,3.12,4.34,10,1097.0
4112,BMW,2021.0,4.0,Germany,i4,Suv,Petrol,93531.0,152326.0,270.0,1.814639184753689,1.67325179162934,2.836361776357891,3,602.0
4114,BMW,2018.0,10.0,France,i7,Sedan,Electric,70929.0,401224.0,294.0,1.7493647738403806,1.9393384923560024,3.2022919535951497,7,869.0
4115,Audi,2019.0,4.0,India,Q8,Suv,Hybrid,86492.0,136948.0,27.0,0.95,6.89,6.41,6,764.0
4116,BMW,2020.0,4.0,Japan,X7,Sedan,Electric,66376.0,435751.0,280.0,1.5925536700506413,1.6913279015642204,0.1266893996801577,5,610.0
4117,BMW,2022.0,6.0,USA,3 Series,Suv,Diesel,117214.0,296060.0,178.0,1.065820987603031,2.54,4.482772300438898,2,511.0
4118,Audi,2016.0,6.0,France,A4,Sedan,Electric,34162.0,334865.0,9.0,1.79,1.85,3.48,2,1004.0
4119,Ford,2019.0,7.0,India,F-150 Lightning,Suv,Electric,28105.0,266335.0,67.0,1.07,7.03,6.47,6,164.0
4120,Ford,2021.0,11.0,Japan,Escape,Suv,Petrol,83079.0,799591.0,44.0,1.5,0.87,0.25,4,2891.0
4121,Volkswagen,2016.0,5.0,Canada,Polo,Sedan,Electric,61432.0,306517.0,65.0,1.35,1.74,4.24,10,130.0
4122,Mercedes-Benz,2024.0,7.0,Australia,CLA,Sedan,Diesel,106366.0,488832.0,34.0,1.68,2.77,4.2,7,1165.0
4123,Audi,2021.0,8.0,Spain,A4,Sedan,Hybrid,114396.0,529800.0,4.0,1.82,0.95,3.41,2,74.0
4124,Tesla,2016.0,4.0,Italy,Model X,Suv,Electric,91117.0,74379.0,17.0,1.88,1.32,3.35,3,1941.0
4125,Tesla,2015.0,7.0,Spain,Model S,Suv,Electric,59261.0,146461.0,36.0,1.67,1.71,3.23,3,764.0
4126,BMW,2020.0,5.0,Brazil,7 Series,Sedan,Petrol,105219.0,63569.0,94.0,1.1412842543521209,3.651420388351864,10.69784508222432,8,176.0
4128,BMW,2022.0,1.0,France,7 Series,Sedan,Diesel,78240.0,355934.0,68.0,1.7150275563471618,1.870912203745822,3.263958951880263,2,520.0
4129,Tesla,2024.0,4.0,Germany,Model X Plaid,Suv,Electric,103232.0,121114.0,13.0,1.91,1.89,3.13,1,2479.0
4130,Toyota,2018.0,6.0,Germany,Camry,Sedan,Petrol,43121.0,449730.0,46.0,1.95,1.78,2.97,5,125.0
4131,Audi,2022.0,7.0,Australia,Q8,Suv,Petrol,33741.0,289950.0,54.0,1.59,2.93,4.3,7,484.0
4132,Porsche,2015.0,7.0,Australia,Macan EV,Suv,Electric,101980.0,346197.0,15.0,1.51,2.87,4.32,9,219.0
4133,Porsche,2021.0,1.0,China,Panamera,Sedan,Electric,125799.0,347271.0,4.0,1.19,6.18,3.53,5,317.0
4134,Toyota,2022.0,10.0,Japan,Camry,Sedan,Hybrid,51584.0,269309.0,51.0,1.57,1.39,-0.06,2,1695.0
4136,BMW,2016.0,5.0,Brazil,7 Series,Sedan,Hybrid,78315.0,286824.0,238.0,1.1442418883639205,3.249668008859186,10.493654978185884,4,680.0
4137,Audi,2024.0,5.0,Canada,e-tron,Suv,Diesel,50897.0,296223.5,4.0,1.2968078140931214,2.34,4.25,3,595.0
4138,Porsche,2022.0,11.0,Spain,718,Sedan,Electric,159725.0,187645.0,3.0,1.79,0.98,3.67,3,166.0
4139,Volkswagen,2017.0,7.0,Mexico,Golf,Sedan,Diesel,60192.0,514438.0,79.0,1.12,2.32,11.21,8,96.0
4140,Audi,2021.0,6.0,Netherlands,A6,Sedan,Electric,86931.0,89046.0,23.0,1.93,2.46,3.37,3,1123.0
4141,Porsche,2017.0,2.0,Netherlands,Cayenne,Suv,Electric,70363.0,270728.0,17.0,1.98,1.92,3.22,5,423.0
4142,Toyota,2015.0,10.0,India,Supra,Sedan,Petrol,87805.0,687621.0,35.0,1.06,6.56,6.72,5,1352.0
4143,Toyota,2023.0,3.0,Spain,Yaris,Sedan,Electric,74494.0,470866.0,54.0,1.8,1.51,3.8,3,380.0
4144,Audi,2023.0,6.0,Brazil,e-tron,Suv,Petrol,63431.0,398969.0,48.0,1.11,3.03,10.57,10,661.0
4146,Volkswagen,2016.0,9.0,Netherlands,T-Roc,Suv,Hybrid,74876.0,179399.0,54.0,1.96,2.52,3.51,5,1689.0
4147,BMW,2019.0,8.0,USA,3 Series,Suv,Diesel,83664.0,208666.0,309.0,1.029971051189463,2.4874311982495136,4.736731336136455,2,687.0
4148,BMW,2016.0,10.0,Japan,X3,Suv,Electric,106138.0,494244.0,115.0,1.4465918949507268,1.585977748236187,0.1695179129093827,3,647.0
4149,BMW,2016.0,7.0,India,X1,Suv,Diesel,43320.0,189681.0,227.0,1.0051535136502714,6.624820813966848,6.676526397529643,4,641.0
4151,Tesla,2021.0,12.0,India,Model X,Suv,Electric,116802.0,79299.0,22.0,0.97,7.37,6.37,9,2077.0
4152,Toyota,2016.0,8.0,Australia,bZ4X,Suv,Hybrid,18872.0,383519.0,98.0,1.57,2.68,3.96,1,1593.0
4153,Porsche,2020.0,1.0,Canada,Macan EV,Suv,Petrol,65627.0,193456.0,22.0,1.31,1.82,4.0,9,122.0
4154,Volkswagen,2024.0,11.0,Netherlands,Touareg,Suv,Diesel,24831.0,466592.0,10.0,2.05,2.1500000000000004,3.68,6,1143.0
4155,Mercedes-Benz,2016.0,2.0,UK,S-Class,Sedan,Petrol,120733.0,331743.0,32.0,1.85,1.49,4.81,8,1296.0
4156,BMW,2019.0,5.0,Japan,3 Series,Suv,Electric,65133.0,296060.0,52.0,1.44744981749936,0.9242693094605596,0.2273075328085215,10,117.0
4157,Tesla,2016.0,7.0,Netherlands,Model X Plaid,Suv,Electric,51219.0,205557.0,26.0,2.0,2.07,3.6,6,280.0
4158,Porsche,2016.0,3.0,UK,GTS,Sedan,Petrol,178813.0,230165.0,16.0,1.94,1.39,5.04,7,149.0
4160,Ford,2018.0,6.0,Spain,Escape,Suv,Petrol,45525.0,155944.0,113.0,1.71,1.54,3.62,9,2088.0
4161,Mercedes-Benz,2016.0,8.0,Netherlands,C-Class,Sedan,Diesel,108454.0,330193.0,26.0,2.07,2.24,3.62,3,375.0
4162,Tesla,2015.0,12.0,Brazil,Model X,Suv,Electric,42959.0,130987.0,24.0,1.11,3.02,10.33,6,1478.0
4163,Volkswagen,2021.0,4.0,USA,ID.3,Suv,Electric,22345.0,291446.0,69.0,1.01,2.57,4.68,2,2639.0
4165,Mercedes-Benz,2022.0,9.0,Spain,GLE,Suv,Electric,85209.5,415806.0,64.0,1.67,1.47,3.23,6,359.0
4167,Porsche,2019.0,11.0,Mexico,Panamera Sport,Sedan,Electric,144016.0,127161.0,2.0,1.0950000000000002,1.86,10.89,9,426.0
4169,Audi,2018.0,8.0,UK,A4,Sedan,Electric,77033.0,272908.0,25.0,1.87,1.99,2.73,7,812.0
4170,Volkswagen,2024.0,10.0,China,Taos,Suv,Electric,69905.0,534907.0,69.0,1.13,6.22,3.29,4,1134.0
4171,Mercedes-Benz,2015.0,9.0,USA,GLC,Suv,Diesel,74145.0,364863.5,20.0,0.93,2.49,4.53,8,1076.0
4172,Porsche,2023.0,5.0,China,911,Sedan,Petrol,78717.0,109710.0,25.0,1.1,6.17,3.32,8,402.0
4173,Mercedes-Benz,2023.0,2.0,Japan,S-Class,Sedan,Electric,49702.0,206320.0,22.0,1.42,1.56,-0.18,9,366.0
4175,Volkswagen,2024.0,7.0,USA,Arteon,Sedan,Petrol,68361.0,151048.0,45.0,0.95,2.93,4.24,2,1979.0
4178,Porsche,2019.0,1.0,Japan,Cayenne,Suv,Petrol,128553.0,322881.0,12.0,1.5,1.69,-0.01,7,478.0
4179,Audi,2019.0,12.0,Japan,Q5,Suv,Diesel,41329.0,278670.0,14.0,1.42,1.66,0.09,5,1074.0
4180,BMW,2019.0,9.0,Australia,7 Series,Sedan,Hybrid,79148.0,390053.0,331.0,1.6408159536198448,3.255137255673619,4.322185730812079,4,744.0
4181,Toyota,2020.0,11.0,Italy,Corolla,Sedan,Hybrid,79350.0,549104.0,63.0,1.94,1.44,3.59,9,861.0
4182,Mercedes-Benz,2020.0,9.0,France,E-Class,Sedan,Electric,52697.0,277054.0,55.0,1.82,1.75,3.63,1,463.0
4183,Volkswagen,2022.0,3.0,Germany,Tiguan,Suv,Petrol,70067.0,194888.0,10.0,1.86,2.17,3.0,1,2194.0
4184,Ford,2018.0,10.0,UK,F-150 Lightning,Suv,Electric,54570.0,451474.0,116.0,1.8,2.09,2.79,6,3356.0
4185,Tesla,2019.0,8.0,Spain,Cybertruck,Suv,Electric,75456.0,124922.0,19.5,1.75,1.05,3.68,5,1473.0
4186,Mercedes-Benz,2017.0,9.0,Australia,E-Class,Sedan,Hybrid,105927.0,498450.0,61.0,1.64,3.36,4.03,1,420.0
4188,Toyota,2024.0,7.0,Canada,Land Cruiser,Suv,Electric,34616.0,477664.0,81.0,1.27,2.35,3.79,9,992.0
4190,BMW,2017.0,4.0,France,i7,Sedan,Petrol,111396.0,387164.0,306.0,1.847573903712306,1.3946193963461933,3.208589166600236,10,964.0
4191,Tesla,2024.0,2.0,Japan,Model 3,Suv,Electric,77281.0,55647.0,34.0,1.52,1.07,-0.16,9,1457.0
4192,Tesla,2022.0,3.0,Mexico,Model S,Suv,Electric,116463.0,106859.0,6.0,1.07,2.4,10.8,9,726.0
4194,Audi,2019.0,4.0,Australia,TT,Sedan,Petrol,57487.0,147413.0,49.0,1.53,3.43,4.05,1,894.0
4195,Volkswagen,2019.0,10.0,Canada,Arteon,Sedan,Hybrid,62522.0,355599.0,84.0,1.3,1.81,4.22,10,1894.0
4196,Ford,2015.0,10.0,UK,Edge,Suv,Petrol,78580.0,602126.0,50.0,1.87,1.01,5.02,4,2170.0
4197,Mercedes-Benz,2021.0,2.0,Japan,EQE,Suv,Diesel,87142.0,247381.0,60.0,1.55,1.2,-0.0,4,1200.0
4198,Toyota,2015.0,3.0,Germany,Camry,Sedan,Petrol,66237.0,186021.0,44.0,1.92,1.33,2.96,5,1893.0
4199,Toyota,2018.0,3.0,Canada,Prius,Suv,Electric,63481.0,420783.0,47.0,1.38,2.65,3.82,8,1811.0
4200,Porsche,2023.0,3.0,Italy,GTS,Sedan,Electric,144979.0,126847.0,3.0,1.86,0.77,3.31,3,22.0
4201,Tesla,2015.0,3.0,Mexico,Model Y,Suv,Electric,124217.0,280977.0,35.0,1.02,1.72,10.73,2,1661.0
4202,BMW,2018.0,2.0,UK,iX,Sedan,Diesel,39368.0,157669.0,195.5,1.8015214440667444,1.636401370183407,4.730681228865261,6,971.0
4203,Ford,2018.0,9.0,Australia,Explorer,Suv,Hybrid,80179.0,347617.0,69.0,1.53,2.81,4.25,10,1104.0
4204,Mercedes-Benz,2022.0,6.0,Brazil,S-Class,Sedan,Diesel,121424.0,258861.0,7.0,1.15,3.53,10.44,3,404.0
4205,Tesla,2020.0,11.0,Netherlands,Model X Plaid,Suv,Electric,91562.0,114684.0,21.0,1.94,2.52,3.26,4,1424.0
4206,Ford,2016.0,8.0,Brazil,Mustang Mach-E,Suv,Petrol,57565.0,519121.0,13.0,1.18,3.34,10.22,7,1678.0
4208,Porsche,2018.0,9.0,Brazil,Cayenne,Suv,Hybrid,147620.0,105956.0,23.0,1.22,3.47,10.77,3,385.0
4210,Audi,2022.0,2.0,USA,Q3,Suv,Electric,53921.0,98409.0,29.0,1.06,2.55,4.23,1,1030.0
4211,Porsche,2022.0,9.0,Germany,Cayenne,Suv,Petrol,195185.0,271101.0,21.0,1.9,2.14,3.13,2,430.0
4212,Audi,2022.0,1.0,USA,e-tron,Suv,Petrol,66335.0,111794.0,36.0,0.87,2.35,4.7,6,461.0
4213,Porsche,2024.0,4.0,Mexico,Cayenne Coupe,Suv,Hybrid,122503.0,275741.0,28.0,1.18,2.22,10.88,3,370.0
4214,Mercedes-Benz,2019.0,8.0,India,A-Class,Sedan,Diesel,102766.0,562289.0,36.0,0.97,6.55,6.64,4,351.0
4215,Tesla,2020.0,6.0,Netherlands,Model S Plaid,Suv,Electric,69217.0,240334.0,3.0,2.04,2.28,3.49,5,1648.0
4217,Porsche,2022.0,11.0,Mexico,GTS,Sedan,Petrol,95924.0,327152.0,16.0,1.07,2.13,11.04,3,47.0
4218,Porsche,2019.0,9.0,Mexico,Taycan,Suv,Hybrid,173072.0,174469.0,28.0,1.11,2.32,11.29,7,478.0
4219,Toyota,2018.0,8.0,China,Prius,Suv,Electric,27233.0,539299.0,72.0,1.13,5.54,3.66,1,1849.0
4220,Toyota,2024.0,9.0,China,RAV4,Suv,Petrol,27330.0,262431.0,79.0,1.19,5.73,3.21,9,364.0
4222,Toyota,2022.0,9.0,Spain,Land Cruiser,Suv,Hybrid,89594.0,195460.0,31.0,1.83,1.66,3.43,10,2076.0
4223,Mercedes-Benz,2020.0,5.0,Japan,A-Class,Sedan,Hybrid,81119.0,151316.0,12.0,1.48,1.3,0.2,4,1213.0
4224,Volkswagen,2024.0,3.0,Italy,ID.3,Suv,Electric,76341.0,486826.0,28.0,1.95,0.88,3.6,1,1640.0
4225,Ford,2021.0,4.0,China,Expedition,Suv,Electric,45136.0,713185.0,66.0,1.03,5.82,3.22,8,3817.0
4226,Tesla,2023.0,1.0,Spain,Model S Plaid,Suv,Electric,52652.0,94441.0,23.0,1.74,1.16,3.41,10,2070.0
4227,Volkswagen,2022.0,7.0,India,Arteon,Sedan,Diesel,51610.0,452537.0,70.0,0.96,7.3,6.58,7,243.0
4228,Volkswagen,2017.0,7.0,Japan,ID.3,Suv,Hybrid,55528.0,500683.0,40.0,1.45,1.53,0.31,5,1907.0
4229,Porsche,2017.0,9.0,Brazil,Panamera Sport,Sedan,Hybrid,74394.0,353986.0,7.0,1.25,3.18,10.76,8,166.0
4230,Volkswagen,2019.0,6.0,Japan,Taos,Suv,Hybrid,33280.0,460127.0,52.0,1.54,1.64,0.22,8,1284.0
4231,Mercedes-Benz,2020.0,2.0,India,E-Class,Sedan,Petrol,81928.0,123290.0,25.0,1.03,7.19,6.32,9,202.0
4232,BMW,2016.0,3.0,Japan,X1,Suv,Electric,78254.0,286770.0,73.0,1.461120843098043,1.026931616338079,-0.1106671698005331,7,377.0
4233,Tesla,2023.0,10.0,Mexico,Model X Plaid,Suv,Electric,59992.0,190926.0,20.0,1.1,1.63,11.19,7,82.0
4234,Toyota,2017.0,12.0,USA,Land Cruiser,Suv,Hybrid,30243.0,88562.0,20.0,0.94,2.53,4.78,2,525.0
4235,BMW,2022.0,2.0,India,X5,Sedan,Diesel,61502.0,210020.0,35.0,1.0749567725578806,6.965,6.551518873072111,6,270.0
4236,BMW,2016.0,10.0,UK,X1,Suv,Electric,62160.0,445797.0,24.0,1.853592105542516,1.2933086107805647,5.163885124351203,5,406.0
4237,BMW,2021.0,4.0,UK,iX,Sedan,Hybrid,51555.0,222409.0,96.0,1.2899041247315284,3.6220867002278734,10.717418225248046,10,245.0
4238,BMW,2017.0,12.0,China,i4,Suv,Hybrid,64001.0,296231.0,268.0,1.0495461979002316,6.111720746234353,3.451760037456674,9,709.0
4239,Volkswagen,2017.0,12.0,Japan,Taos,Suv,Electric,20689.0,302542.0,36.0,1.57,1.49,-0.0,7,2397.0
4240,Mercedes-Benz,2016.0,5.0,France,C-Class,Sedan,Diesel,58503.0,262769.0,34.0,1.7,1.34,3.44,5,459.0
4241,Tesla,2018.0,7.0,India,Semi,Suv,Electric,114837.0,69217.0,10.0,1.07,6.66,6.77,6,503.0
4242,Toyota,2018.0,5.0,UK,Corolla,Sedan,Hybrid,40276.0,484530.0,86.0,1.81,1.45,4.89,7,555.0
4243,Volkswagen,2021.0,5.0,Mexico,T-Roc,Suv,Diesel,53959.0,367328.0,61.0,1.06,2.12,11.13,4,207.0
4244,Volkswagen,2022.0,9.0,Netherlands,Passat,Sedan,Diesel,61861.0,240377.0,16.0,1.93,2.39,3.35,5,2055.0
4245,Volkswagen,2017.0,9.0,Mexico,Golf,Sedan,Diesel,43156.0,423834.0,16.0,1.08,2.47,10.8,4,1135.0
4246,Porsche,2017.0,6.0,Spain,Macan EV,Suv,Hybrid,65794.0,135584.0,3.0,1.67,1.39,3.23,5,236.0
4248,Volkswagen,2023.0,10.0,Brazil,T-Roc,Suv,Petrol,50251.0,99488.0,77.0,1.22,3.59,10.27,4,1512.0
4249,Audi,2024.0,12.0,Australia,Q5,Suv,Electric,66116.0,432878.0,9.0,1.57,2.87,3.97,5,936.0
4251,Audi,2024.0,2.0,India,A4,Sedan,Electric,38625.0,128427.0,5.0,1.13,7.08,6.79,3,760.0
4252,Volkswagen,2021.0,9.0,France,Polo,Sedan,Diesel,72014.0,238641.0,32.0,1.75,1.67,3.52,6,1760.0
4253,Mercedes-Benz,2022.0,10.0,France,CLA,Sedan,Hybrid,92667.0,551727.0,35.0,1.81,1.15,3.22,9,661.0
4254,Tesla,2023.0,6.0,Mexico,Model Y,Suv,Electric,55550.0,223263.0,8.0,1.11,1.78,11.09,8,1553.0
4256,Tesla,2016.0,5.0,Netherlands,Semi,Suv,Electric,123957.0,109201.0,25.0,2.04,2.31,3.56,6,59.0
4257,Toyota,2020.0,12.0,UK,Corolla,Sedan,Petrol,46747.0,532336.0,54.0,1.86,1.12,4.97,8,976.0
4258,Volkswagen,2019.0,7.0,Canada,Touareg,Suv,Diesel,58236.0,348336.0,60.0,1.4,2.1,4.04,7,2282.0
4259,Audi,2024.0,10.0,Mexico,e-tron,Suv,Diesel,43677.0,163738.0,30.0,1.16,1.96,10.95,5,68.0
4260,Volkswagen,2023.0,10.0,Australia,ID.3,Suv,Electric,79164.0,238410.0,66.0,1.61,2.8,4.1,7,731.0
4262,Volkswagen,2018.0,9.0,Mexico,Touareg,Suv,Diesel,49506.0,206859.0,27.0,1.08,1.57,11.01,1,1741.0
4263,Porsche,2016.0,12.0,Brazil,Cayenne Coupe,Suv,Hybrid,115008.0,134829.0,4.0,1.28,3.1,10.63,4,281.0
4264,Porsche,2016.0,12.0,India,GTS,Sedan,Hybrid,93096.0,134988.0,3.0,1.06,7.34,6.24,7,252.0
4265,Volkswagen,2015.0,3.0,Germany,Passat,Sedan,Diesel,44897.0,435974.0,32.0,1.82,1.43,2.82,5,404.0
4266,Ford,2017.0,2.0,China,Ranger,Suv,Petrol,67410.0,335334.0,68.0,1.13,6.27,3.22,4,396.0
4267,Ford,2016.0,2.0,Spain,F-150,Suv,Electric,73659.0,460099.0,84.0,1.73,1.01,3.33,1,2133.0
4268,Audi,2018.0,1.0,France,A6,Sedan,Hybrid,66521.0,206163.0,53.0,1.84,1.86,3.52,10,462.0
4269,Tesla,2017.0,7.0,Spain,Model Y,Suv,Electric,114127.0,103068.0,32.0,1.75,1.15,3.73,8,1704.0
4270,Mercedes-Benz,2023.0,9.0,China,A-Class,Sedan,Petrol,86063.0,107221.0,27.0,1.19,5.54,3.36,4,549.0
4271,Ford,2021.0,4.0,Italy,Edge,Suv,Hybrid,90627.0,386150.0,33.0,1.76,0.6,3.44,6,1914.0
4272,BMW,2022.0,4.0,India,X7,Sedan,Hybrid,104904.0,310464.0,331.0,1.1469716805524952,7.40194019674915,6.684016111816844,2,968.0
4273,Tesla,2016.0,7.0,Spain,Model X Plaid,Suv,Electric,84245.0,16587.0,38.0,1.68,1.18,3.77,8,2413.0
4274,BMW,2019.0,4.0,UK,iX,Sedan,Diesel,68324.0,86713.0,180.0,1.9196084179202968,1.2220758706933206,4.893001993795729,1,636.0
4275,Audi,2023.0,4.0,Japan,Q7,Suv,Petrol,59246.0,133328.0,13.0,1.42,1.25,-0.13,8,800.0
4276,Toyota,2023.0,7.0,Netherlands,RAV4,Suv,Petrol,62524.0,290988.0,72.0,2.05,1.61,3.48,8,1995.0
4277,Audi,2023.0,9.0,UK,A4,Sedan,Hybrid,68325.0,478456.0,6.0,1.85,1.85,5.0,2,1060.0
4278,Toyota,2020.0,12.0,Germany,Prius,Suv,Electric,77845.0,246502.0,71.0,1.92,2.04,2.98,9,947.0
4279,Ford,2023.0,12.0,Netherlands,Escape,Suv,Petrol,92169.0,80326.0,54.0,1.98,2.03,3.36,1,2872.0
4280,Tesla,2019.0,11.0,Spain,Model X Plaid,Suv,Electric,91028.0,14451.0,35.0,1.7,1.53,3.48,1,2304.0
4281,Tesla,2020.0,1.0,Italy,Model X,Suv,Electric,57645.0,213872.0,21.0,1.89,0.98,3.48,6,607.0
4282,Audi,2015.0,9.0,Germany,TT,Sedan,Diesel,102391.0,319808.0,11.0,1.9,2.01,3.02,8,960.0
4283,BMW,2017.0,7.0,USA,X7,Sedan,Electric,86272.0,254354.0,57.0,0.9495673251004314,2.118502623598152,4.3733309633455,3,150.0
4284,Ford,2021.0,2.0,Germany,Explorer,Suv,Petrol,31369.0,185356.0,101.0,1.83,1.66,2.96,9,1871.0
4285,Mercedes-Benz,2021.0,6.0,Australia,GLC,Suv,Electric,123398.0,553332.0,36.0,1.57,2.94,4.33,10,947.0
4286,Volkswagen,2020.0,3.0,Mexico,Tiguan,Suv,Electric,56462.0,458663.0,51.0,1.12,1.92,11.18,1,2016.0
4287,Audi,2019.0,8.0,Mexico,Q3,Suv,Diesel,86019.0,126359.0,54.0,1.16,1.93,11.06,3,1187.0
4288,Audi,2021.0,9.0,Netherlands,TT,Sedan,Electric,69516.0,310154.5,30.0,2.01,2.3,3.46,4,523.0
4289,Mercedes-Benz,2023.0,5.0,China,EQS,Suv,Diesel,72840.0,332504.0,5.0,1.07,6.16,3.22,6,905.0
4290,Ford,2015.0,3.0,UK,F-150,Suv,Hybrid,38490.0,474077.0,31.0,1.83,1.63,4.87,6,1553.0
4291,Volkswagen,2021.0,10.0,Canada,T-Roc,Suv,Diesel,61834.0,472145.0,31.0,1.28,2.31,3.97,3,1984.0
4292,Porsche,2015.0,10.0,France,Macan EV,Suv,Petrol,98248.0,360709.0,23.0,1.78,1.24,3.39,7,419.0
4293,Tesla,2024.0,3.0,Japan,Semi,Suv,Electric,120104.0,163444.0,14.0,1.41,1.38,-0.03,3,178.0
4295,Toyota,2022.0,10.0,Mexico,Corolla,Sedan,Petrol,50556.0,120791.0,78.0,1.13,2.11,10.83,9,1806.0
4296,Toyota,2018.0,4.0,UK,C-HR,Suv,Electric,65800.0,86802.0,40.0,1.76,1.75,5.08,10,102.0
4297,Audi,2017.0,3.0,Italy,A4,Sedan,Electric,61594.0,467263.0,32.5,1.84,1.18,3.54,4,382.0
4298,Tesla,2022.0,6.0,Spain,Model 3,Suv,Electric,62698.0,69275.0,14.0,1.775,1.66,3.72,6,213.0
4299,Tesla,2017.0,4.0,Mexico,Semi,Suv,Electric,91568.0,29259.0,10.0,1.1,1.84,11.11,7,455.0
4300,Porsche,2018.0,8.0,Australia,Macan EV,Suv,Petrol,133678.0,126105.0,20.0,1.66,2.53,4.19,8,262.0
4301,Porsche,2016.0,10.0,USA,Cayenne Coupe,Suv,Hybrid,77822.0,110798.0,3.0,0.89,2.33,4.76,2,243.0
4302,Tesla,2024.0,3.0,Mexico,Model 3,Suv,Electric,115472.0,98846.0,35.0,1.17,2.05,11.26,3,135.0
4303,Ford,2018.0,10.0,Germany,F-150 Lightning,Suv,Electric,37882.0,185704.0,40.0,1.82,2.24,2.96,6,65.0
4304,Mercedes-Benz,2023.0,5.0,Canada,C-Class,Sedan,Diesel,123963.0,525562.0,58.0,1.31,2.36,4.24,4,618.0
4305,Volkswagen,2024.0,7.0,Italy,Polo,Sedan,Petrol,73391.0,372469.0,34.0,1.81,0.75,3.45,9,2387.0
4306,Tesla,2021.0,6.0,China,Semi,Suv,Electric,73099.0,107278.0,39.0,1.11,6.07,3.58,1,2464.0
4307,BMW,2016.0,11.0,China,3 Series,Suv,Hybrid,54581.0,346379.0,220.0,1.156152317213688,5.652024853128648,3.236809776266401,4,346.0
4308,Mercedes-Benz,2017.0,1.0,Australia,C-Class,Sedan,Diesel,72818.0,563924.0,43.0,1.52,2.97,4.17,5,1046.0
4309,Tesla,2019.0,6.0,Brazil,Model X,Suv,Electric,110081.0,202420.0,25.0,1.22,3.27,10.43,5,1674.0
4310,Tesla,2017.0,1.0,Australia,Model S,Suv,Electric,78830.0,72934.0,7.0,1.6,3.07,4.19,9,1867.0
4311,Porsche,2020.0,12.0,UK,Cayenne Coupe,Suv,Petrol,128802.0,81712.0,9.0,1.93,1.31,4.92,3,206.0
4312,Tesla,2023.0,2.0,China,Model Y,Suv,Electric,49726.0,172115.0,39.0,1.03,5.87,3.29,9,1661.0
4313,Audi,2018.0,3.0,France,A6,Sedan,Electric,41440.0,465388.0,45.0,1.85,1.82,3.6,8,238.0
4314,Ford,2022.0,11.0,Netherlands,F-150 Lightning,Suv,Electric,54453.0,425467.0,101.0,2.0,2.4,3.72,5,3018.0
4315,Toyota,2016.0,10.0,Brazil,Camry,Sedan,Petrol,39966.0,575519.0,50.0,1.19,3.59,10.28,10,1022.0
4316,Toyota,2024.0,9.0,India,bZ4X,Suv,Electric,58899.0,224879.0,69.0,1.03,7.06,6.8,5,1991.0
4317,Porsche,2021.0,11.0,Italy,Taycan,Suv,Electric,145705.0,99716.0,5.0,1.91,0.74,3.55,3,326.0
4318,Toyota,2015.0,8.0,Canada,Highlander,Suv,Hybrid,26320.0,596133.0,99.0,1.39,2.15,4.13,8,1130.0
4319,Tesla,2021.0,11.0,USA,Semi,Suv,Electric,56754.0,214200.0,31.0,0.91,2.65,4.78,5,337.0
4320,Audi,2016.0,6.0,Australia,A6,Sedan,Hybrid,111623.0,450313.0,28.0,1.54,3.31,4.04,4,254.0
4321,Porsche,2023.0,5.0,UK,GTS,Sedan,Hybrid,125574.0,236973.0,14.0,1.79,1.32,4.98,2,419.0
4322,Mercedes-Benz,2024.0,2.0,France,EQS,Suv,Electric,92300.0,260325.0,51.0,1.79,1.48,3.41,3,238.0
4323,Audi,2016.0,4.0,France,e-tron,Suv,Hybrid,76942.0,296223.5,6.0,1.89,2.05,3.35,2,487.0
4324,Tesla,2019.0,8.0,France,Semi,Suv,Electric,39640.0,181488.0,32.0,1.9,1.14,3.68,7,648.0
4325,BMW,2015.0,8.0,France,i4,Suv,Electric,77065.0,74502.0,265.0,1.819645058812748,1.188600429679617,3.3323671716267267,9,929.0
4326,Audi,2018.0,7.0,USA,Q3,Suv,Petrol,48078.0,303635.0,27.0,1.05,2.24,4.56,7,879.0
4327,Audi,2021.0,10.0,Mexico,Q3,Suv,Hybrid,92255.0,80614.0,29.0,1.04,2.47,11.26,6,142.0
4328,Porsche,2022.0,5.0,Spain,Cayenne,Suv,Petrol,128553.0,174882.0,11.0,1.68,0.85,3.67,4,277.0
4329,Toyota,2015.0,10.0,Netherlands,C-HR,Suv,Hybrid,39506.0,46715.0,72.0,1.94,2.24,3.42,7,1879.0
4330,Audi,2017.0,4.0,China,e-tron,Suv,Diesel,95530.0,423396.0,52.0,1.13,5.72,3.7,1,28.0
4331,Tesla,2020.0,9.0,Australia,Model X,Suv,Electric,119416.0,228380.0,15.0,1.66,2.61,4.37,9,1611.0
4332,Toyota,2024.0,9.0,Italy,Prius,Suv,Petrol,42210.0,164399.0,33.0,1.89,0.78,3.53,9,1622.0
4333,Volkswagen,2024.0,5.0,Mexico,Polo,Sedan,Diesel,55299.0,293304.0,51.0,1.11,1.91,10.84,1,2322.0
4334,Volkswagen,2015.0,4.0,Italy,Golf,Sedan,Electric,52322.0,586128.0,53.0,1.85,0.83,3.26,10,1499.0
4335,Audi,2016.0,2.0,Japan,TT,Sedan,Electric,33650.0,322904.0,55.0,1.54,1.12,0.38,1,480.0
4336,Tesla,2017.0,1.0,UK,Cybertruck,Suv,Electric,103212.0,114164.0,8.0,1.82,1.85,5.14,2,942.0
4337,Audi,2020.0,5.0,USA,TT,Sedan,Hybrid,84788.0,523367.0,15.0,1.0,2.83,4.55,5,1187.0
4338,Porsche,2019.0,4.0,Australia,Macan,Suv,Hybrid,131955.0,112985.0,25.0,1.54,2.89,4.5,10,391.0
4339,Tesla,2023.0,7.0,Canada,Model 3,Suv,Electric,123942.0,25738.0,6.0,1.34,2.31,3.7,9,1066.0
4340,Mercedes-Benz,2017.0,10.0,Australia,C-Class,Sedan,Hybrid,40552.0,575942.0,19.0,1.5,2.67,4.46,8,1120.0
4341,Tesla,2020.0,10.0,Mexico,Model Y,Suv,Electric,64219.0,222687.0,29.0,1.08,1.74,10.85,3,1393.0
4342,BMW,2020.0,7.0,USA,X3,Suv,Diesel,91117.0,385325.0,385.0,0.8750386827918458,2.734443932075592,4.430613023114481,9,1036.0
4343,Toyota,2020.0,7.0,Japan,Prius,Suv,Petrol,85443.0,367382.0,32.0,1.48,1.12,-0.08,7,1766.0
4344,BMW,2017.0,3.0,France,iX,Sedan,Hybrid,46569.0,79709.0,385.0,1.7946943541561131,1.1978341606510017,3.4949695250701,8,874.0
4345,BMW,2019.0,4.0,Germany,i7,Sedan,Electric,74895.0,421380.0,68.0,1.8124406452329405,2.1901411373960147,3.1246328101605165,10,547.0
4346,Ford,2022.0,2.0,Canada,Edge,Suv,Electric,40536.0,498288.0,18.0,1.3,2.33,4.29,10,291.0
4347,Volkswagen,2015.0,6.0,India,Polo,Sedan,Diesel,25980.0,143152.0,13.0,0.99,6.55,6.51,5,2528.0
4348,Volkswagen,2016.0,1.0,Mexico,Touareg,Suv,Electric,57544.0,268400.0,42.0,1.14,2.11,11.0,9,1726.0
4349,BMW,2017.0,11.0,India,i7,Sedan,Petrol,89675.0,300694.0,315.0,1.0217156923049746,6.751001383262301,6.538444417300111,3,1029.0
4350,Toyota,2017.0,1.0,Japan,C-HR,Suv,Electric,35069.0,130943.0,54.0,1.57,0.98,-0.03,9,2418.0
4351,Tesla,2015.0,4.0,France,Model 3,Suv,Electric,115127.0,217596.0,25.0,1.8,1.56,3.65,10,592.0
4352,Toyota,2016.0,8.0,Canada,Land Cruiser,Suv,Hybrid,18414.0,373218.0,53.0,1.38,2.19,3.95,2,531.0
4353,Volkswagen,2019.0,3.0,Germany,Arteon,Sedan,Petrol,74731.0,530373.0,20.0,1.97,1.93,3.08,4,2518.0
4355,Porsche,2022.0,12.0,China,Cayenne Coupe,Suv,Electric,177588.0,357199.0,9.0,1.05,5.71,3.31,9,55.0
4357,Porsche,2017.0,1.0,Italy,GTS,Sedan,Electric,147815.0,84187.0,8.0,1.88,0.96,3.5,3,297.0
4358,Toyota,2018.0,7.0,Germany,Supra,Sedan,Electric,42044.0,546410.0,30.0,1.99,1.87,3.06,8,1460.0
4360,Ford,2024.0,11.0,USA,Expedition,Suv,Hybrid,89455.0,275444.0,64.0,0.96,2.8,4.36,3,2096.0
4361,Audi,2020.0,5.0,France,A4,Sedan,Petrol,52896.0,240551.0,47.0,1.835,1.4,3.48,9,1004.0
4362,Mercedes-Benz,2019.0,6.0,Brazil,GLC,Suv,Electric,82449.5,366706.0,22.0,1.15,3.82,10.79,3,1221.0
4363,Volkswagen,2022.0,6.0,Japan,Arteon,Sedan,Electric,66632.0,81076.0,9.0,1.48,1.42,0.04,2,1696.0
4364,BMW,2017.0,2.0,India,7 Series,Sedan,Petrol,117733.0,75938.0,301.0,1.0086295460522028,7.168085136570646,6.3229905772494925,3,782.0
4365,Mercedes-Benz,2015.0,7.0,Australia,S-Class,Sedan,Diesel,46552.0,111907.0,30.0,1.53,2.8882702534115143,4.27,6,1215.0
4366,Audi,2016.0,2.0,Brazil,e-tron,Suv,Petrol,87593.0,519473.0,8.0,1.25,3.44,10.47,3,405.0
4367,Audi,2015.0,11.0,USA,A3,Sedan,Hybrid,114955.0,406520.0,45.0,1.04,2.11,4.62,10,1127.0
4368,Porsche,2019.0,10.0,India,Panamera,Sedan,Petrol,81942.0,208683.0,11.0,1.1,6.68,6.77,7,324.0
4369,Ford,2018.0,6.0,Canada,Mustang Mach-E,Suv,Hybrid,72864.0,781778.0,93.0,1.21,2.09,3.77,2,2769.0
4371,Toyota,2021.0,6.0,Germany,Yaris,Sedan,Electric,46776.0,516394.0,95.0,1.88,1.48,3.26,1,2272.0
4372,Ford,2016.0,7.0,Canada,F-150,Suv,Hybrid,67676.0,638109.0,50.0,1.36,2.3,3.85,10,342.0
4373,Porsche,2015.0,5.0,Australia,911,Sedan,Hybrid,124862.0,311095.0,16.0,1.56,2.8882702534115143,4.02,9,39.0
4374,Toyota,2018.0,9.0,Italy,Land Cruiser,Suv,Electric,64163.0,355060.0,70.0,1.91,1.47,3.73,9,2332.0
4375,Tesla,2016.0,2.0,Australia,Semi,Suv,Electric,101503.0,152367.0,26.0,1.66,2.53,4.53,9,931.0
4376,Porsche,2018.0,5.0,India,GTS,Sedan,Electric,151627.0,317634.0,15.0,1.13,6.5,6.24,5,55.0
4377,Mercedes-Benz,2017.0,12.0,France,GLS,Suv,Hybrid,55415.0,334861.0,58.0,1.79,1.49,3.42,5,908.0
4378,Porsche,2021.0,8.0,Australia,Panamera Sport,Sedan,Petrol,119687.0,170165.0,14.0,1.63,2.8,4.22,6,7.0
4379,Porsche,2023.0,9.0,Spain,Taycan,Suv,Electric,148510.0,373136.0,24.0,1.81,1.5,3.75,10,320.0
4380,Mercedes-Benz,2021.0,6.0,Brazil,S-Class,Sedan,Electric,93336.0,333100.0,54.0,1.24,3.45,10.21,10,1122.0
4381,Porsche,2020.0,9.0,Spain,Macan EV,Suv,Electric,103196.0,126662.0,14.0,1.78,1.54,3.3,3,319.0
4382,Volkswagen,2017.0,8.0,Spain,Touareg,Suv,Petrol,36579.0,89924.0,42.0,1.75,1.5,3.78,7,191.0
4383,Volkswagen,2024.0,6.0,Brazil,ID.3,Suv,Electric,53816.0,123739.0,8.0,1.12,3.52,10.58,6,258.0
4384,BMW,2022.0,1.0,Brazil,i7,Sedan,Hybrid,55008.0,273032.0,138.0,1.2549267561275577,3.1213864181594064,10.56900778082332,10,521.0
4385,Tesla,2015.0,1.0,USA,Model X,Suv,Electric,124011.0,273377.0,32.0,0.92,2.53,4.4,1,1422.0
4386,Mercedes-Benz,2017.0,8.0,Netherlands,E-Class,Sedan,Electric,71592.0,506878.0,15.0,2.0,1.8,3.4,9,58.0
4388,Porsche,2020.0,1.0,Australia,911,Sedan,Petrol,143904.0,314249.0,20.0,1.57,3.26,4.3,1,366.0
4389,Ford,2020.0,1.0,Mexico,Explorer,Suv,Petrol,87329.0,395939.0,114.0,1.07,1.72,10.74,2,3908.0
4390,Toyota,2016.0,6.0,UK,Corolla,Sedan,Hybrid,42213.0,417910.0,13.0,1.76,1.52,5.17,3,1848.0
4391,BMW,2020.0,7.0,India,5 Series,Suv,Diesel,110609.0,73004.0,111.0,1.0409082129535547,7.129398638135262,6.6174492133907705,1,628.0
4392,BMW,2020.0,3.0,France,X3,Suv,Petrol,62843.0,482184.0,323.0,1.8598820797818083,1.7903948286293654,3.2235872839046595,7,975.0
4393,Porsche,2024.0,7.0,Australia,GTS,Sedan,Petrol,72697.0,237497.5,12.0,1.53,2.7,4.42,6,73.0
4395,Porsche,2016.0,9.0,Japan,Cayenne Coupe,Suv,Petrol,112218.0,374607.0,12.0,1.48,1.46,0.14,5,79.0
4396,Audi,2019.0,6.0,Germany,Q3,Suv,Petrol,85511.0,142650.0,34.0,1.88,1.82,3.26,1,1177.0
4397,Mercedes-Benz,2021.0,8.0,Mexico,A-Class,Sedan,Diesel,65906.0,93712.0,34.0,1.16,1.75,10.89,4,159.0
4399,Porsche,2019.0,1.0,China,Panamera Sport,Sedan,Petrol,106962.0,281666.0,7.0,1.08,5.82,3.7,4,19.0
4400,Tesla,2019.0,11.0,Mexico,Model S Plaid,Suv,Electric,112373.0,200857.0,14.0,1.1,1.66,11.2,1,959.0
4401,Audi,2023.0,3.0,Spain,A4,Sedan,Petrol,32363.0,535266.0,54.0,1.66,1.8,3.6,4,589.0
4402,Toyota,2020.0,10.0,UK,Yaris,Sedan,Hybrid,86515.0,466126.0,50.0,1.83,1.41,4.84,6,1431.0
4403,Volkswagen,2018.0,10.0,India,Passat,Sedan,Electric,72516.0,402863.0,70.0,1.09,7.19,6.65,5,2260.0
4404,Toyota,2021.0,12.0,Germany,C-HR,Suv,Hybrid,62071.0,618255.0,57.0,1.84,1.76,3.19,1,315.0
4405,Toyota,2023.0,7.0,USA,Camry,Sedan,Electric,61174.0,604881.0,46.0,0.92,2.9,4.32,10,2799.0
4406,Porsche,2016.0,5.0,Germany,Panamera Sport,Sedan,Electric,142361.0,369246.0,19.0,1.81,1.33,3.12,2,492.0
4407,Toyota,2019.0,1.0,Italy,Supra,Sedan,Petrol,82743.0,212046.0,45.0,1.86,1.39,3.72,5,1539.0
4408,Tesla,2017.0,9.0,Netherlands,Cybertruck,Suv,Electric,104159.0,74233.0,28.0,1.9,1.7,3.34,1,2175.0
4410,Porsche,2018.0,4.0,France,Cayenne,Suv,Petrol,111744.0,167366.0,3.0,1.76,1.88,3.46,10,153.0
4411,Volkswagen,2020.0,7.0,Canada,Tiguan,Suv,Electric,79209.0,368369.0,73.0,1.39,2.51,4.16,8,463.0
4412,Audi,2021.0,3.0,UK,Q8,Suv,Hybrid,34987.0,466626.0,35.0,1.95,1.525,4.74,1,441.0
4413,Toyota,2019.0,6.0,Australia,Supra,Sedan,Petrol,89893.0,356157.0,28.0,1.5,3.21,4.41,4,1535.0
4414,Audi,2015.0,8.0,Mexico,A6,Sedan,Hybrid,38682.0,333089.0,4.0,1.01,1.57,10.94,6,504.0
4415,Tesla,2016.0,3.0,Australia,Model 3,Suv,Electric,108390.0,106036.0,30.0,1.5,3.49,4.05,9,948.0
4416,Toyota,2022.0,5.0,China,Land Cruiser,Suv,Petrol,39402.0,469072.0,22.0,1.17,5.56,3.4,9,2048.0
4417,Audi,2020.0,7.0,UK,TT,Sedan,Petrol,85611.0,543056.0,6.0,1.84,1.36,3.35,2,1065.0
4418,Volkswagen,2017.0,9.0,China,Tiguan,Suv,Diesel,78009.0,483145.0,47.0,1.07,5.54,3.34,4,490.0
4419,Audi,2021.0,5.0,Spain,A4,Sedan,Electric,84280.0,421704.0,49.0,1.66,1.58,3.57,8,82.0
4420,Ford,2020.0,6.0,Mexico,Edge,Suv,Petrol,30564.0,149967.0,48.0,1.02,2.2,11.27,8,874.0
4421,Volkswagen,2019.0,5.0,UK,Taos,Suv,Hybrid,40726.0,436480.0,12.0,1.76,1.94,4.86,1,1320.0
4422,Volkswagen,2022.0,7.0,Canada,Golf,Sedan,Electric,40725.0,303233.0,56.0,1.32,2.41,4.02,1,243.0
4423,BMW,2022.0,2.0,UK,3 Series,Suv,Hybrid,74647.5,146055.0,306.0,1.7894940979719876,1.5350000000000001,4.772900825780551,1,1027.0
4424,Volkswagen,2023.0,12.0,Brazil,Touareg,Suv,Diesel,38011.0,568983.0,71.0,1.12,3.6,10.46,6,1045.0
4425,Audi,2015.0,7.0,France,e-tron,Suv,Hybrid,60891.0,380409.0,4.0,1.86,1.2,3.45,4,94.0
4427,Audi,2020.0,12.0,Italy,A3,Sedan,Hybrid,80898.0,61300.0,52.0,1.84,1.37,3.73,3,662.0
4428,Porsche,2021.0,3.0,France,Taycan,Suv,Electric,178328.0,224583.0,11.0,1.85,2.05,3.26,3,337.0
4430,Volkswagen,2020.0,6.0,Germany,Tiguan,Suv,Petrol,55955.0,126185.0,19.0,1.83,1.78,2.77,10,455.0
4431,Mercedes-Benz,2020.0,2.0,UK,GLE,Suv,Electric,129694.0,292385.0,24.0,1.58,2.69,4.32,10,1180.0
4432,Ford,2022.0,8.0,China,Escape,Suv,Petrol,62575.0,480253.0,23.0,1.1,6.07,3.35,10,1437.0
4433,Tesla,2016.0,3.0,France,Model S Plaid,Suv,Electric,50141.0,57151.0,30.0,1.77,1.65,3.66,7,1117.0
4434,BMW,2024.0,4.0,UK,iX,Sedan,Petrol,98143.0,204062.0,86.0,1.7781105935156722,1.4540016211961149,5.112964541468142,8,468.0
4435,Porsche,2024.0,8.0,Canada,Panamera Sport,Sedan,Petrol,120418.0,263151.0,10.0,1.26,2.35,3.94,9,353.0
4436,Porsche,2018.0,5.0,Brazil,Panamera Sport,Sedan,Electric,189042.0,341857.0,21.0,1.1,3.71,10.77,6,457.0
4437,BMW,2022.0,1.0,Brazil,3 Series,Suv,Petrol,68980.0,457332.0,238.0,1.2572411304522115,3.380517709869894,10.297821202158955,2,710.0
4438,Volkswagen,2017.0,3.0,UK,Tiguan,Suv,Diesel,55029.0,319856.0,73.0,1.84,1.27,4.78,9,2617.0
4439,Porsche,2022.0,1.0,Brazil,GTS,Sedan,Hybrid,88668.0,133292.0,7.0,1.13,3.89,10.44,7,366.0
4440,Tesla,2017.0,4.0,Canada,Semi,Suv,Electric,69481.0,87170.0,31.0,1.2,2.43,3.71,6,952.0
4441,Toyota,2018.0,9.0,Brazil,Land Cruiser,Suv,Electric,79977.0,363747.0,71.0,1.2,3.18,10.44,2,302.0
4442,Tesla,2023.0,5.0,USA,Model X Plaid,Suv,Electric,93423.0,46257.0,39.0,1.01,2.82,4.66,4,1152.0
4443,Volkswagen,2018.0,3.0,Italy,Polo,Sedan,Diesel,56739.0,401676.0,74.0,1.78,1.18,3.65,8,831.0
4444,BMW,2022.0,5.0,Japan,i4,Suv,Hybrid,77614.0,498073.0,125.0,1.5141556609337825,1.38,0.1875503447989607,7,592.0
4445,Volkswagen,2024.0,12.0,UK,ID.3,Suv,Electric,26344.0,544103.0,81.0,1.77,1.53,4.83,3,1790.0
4446,Mercedes-Benz,2024.0,5.0,UK,GLC,Suv,Electric,37025.0,233916.0,38.0,1.94,1.67,4.96,8,1118.0
4447,Audi,2023.0,8.0,Brazil,TT,Sedan,Petrol,57672.0,414744.0,20.0,1.17,3.37,10.63,3,80.0
4448,Tesla,2024.0,8.0,Germany,Model X,Suv,Electric,96076.0,124297.0,7.0,2.0,1.86,2.88,3,319.0
4449,Audi,2022.0,9.0,France,Q8,Suv,Hybrid,66099.0,238934.0,20.0,1.72,1.24,3.28,8,198.0
4450,Toyota,2024.0,11.0,China,Highlander,Suv,Hybrid,39287.0,641964.0,76.0,1.19,5.6,3.35,10,1215.0
4451,BMW,2023.0,9.0,Japan,X1,Suv,Diesel,118163.0,491110.0,269.0,1.444421562094146,1.2107473025775657,0.0504466018892673,5,661.0
4452,Tesla,2020.0,4.0,Brazil,Cybertruck,Suv,Electric,55756.0,21989.0,30.0,1.1,3.78,10.72,9,2452.0
4453,Toyota,2020.0,8.0,Brazil,Land Cruiser,Suv,Electric,77321.0,628672.0,94.0,1.17,3.66,10.43,6,1369.0
4454,Toyota,2015.0,3.0,Spain,Highlander,Suv,Petrol,40583.0,339701.0,48.0,1.66,1.28,3.67,1,2328.0
4455,Volkswagen,2015.0,4.0,Japan,Golf,Sedan,Electric,37288.0,95022.0,25.0,1.45,0.83,0.22,7,959.0
4456,Mercedes-Benz,2022.0,6.0,Japan,GLC,Suv,Diesel,53544.0,487971.0,16.0,1.57,1.38,-0.19,7,105.0
4458,Ford,2020.0,5.0,Australia,Mustang Mach-E,Suv,Electric,70641.0,335555.0,92.0,1.67,3.15,3.97,1,2749.0
4459,Toyota,2024.0,11.0,Brazil,Highlander,Suv,Hybrid,67746.0,567527.0,54.0,1.18,3.41,10.67,8,537.0
4460,Mercedes-Benz,2017.0,2.0,Mexico,CLA,Sedan,Hybrid,80774.0,554038.0,30.0,1.01,1.7,10.88,2,596.0
4461,Ford,2016.0,11.0,UK,Escape,Suv,Electric,75477.0,161952.0,56.0,1.84,1.8,5.13,4,1325.0
4462,Mercedes-Benz,2018.0,1.0,Brazil,E-Class,Sedan,Electric,76706.0,214183.0,22.0,1.19,3.84,10.78,1,510.0
4463,Volkswagen,2015.0,10.0,UK,Passat,Sedan,Petrol,25616.0,383155.0,22.0,1.91,1.47,4.9,1,117.0
4464,Mercedes-Benz,2016.0,2.0,China,GLE,Suv,Electric,57284.0,421430.0,58.0,1.16,6.11,3.31,3,608.0
4465,BMW,2017.0,8.0,India,X5,Sedan,Hybrid,80349.0,323326.0,388.0,1.1312874906688823,6.5336136001832825,6.237591922073213,6,1119.0
4466,Ford,2020.0,5.0,Canada,Explorer,Suv,Hybrid,25622.0,298201.0,48.0,1.31,2.06,3.97,5,2024.0
4467,Porsche,2021.0,8.0,UK,Cayenne,Suv,Electric,109383.0,287083.0,8.0,1.79,1.31,5.18,7,136.0
4468,BMW,2022.0,8.0,India,X3,Suv,Hybrid,83639.0,62467.0,364.0,1.042819031890701,7.095131674905682,6.205954292676702,1,823.0
4469,Tesla,2022.0,11.0,Japan,Model S,Suv,Electric,42183.0,20741.0,4.0,1.41,1.56,-0.04,7,1454.0
4470,Audi,2022.0,7.0,Canada,A3,Sedan,Hybrid,59407.0,320137.0,11.0,1.33,1.85,4.03,6,654.0
4471,Audi,2017.0,7.0,Spain,RS6,Sedan,Hybrid,105783.0,437252.0,54.0,1.75,1.43,3.29,8,92.0
4472,Audi,2015.0,5.0,Italy,A6,Sedan,Hybrid,44612.0,73875.0,42.0,1.77,1.21,3.53,3,349.0
4473,Tesla,2024.0,5.0,UK,Model S,Suv,Electric,53645.0,120588.0,19.0,1.79,1.37,4.75,2,767.0
4474,Tesla,2021.0,8.0,Australia,Semi,Suv,Electric,41561.0,233584.0,21.0,1.66,2.57,4.09,7,1279.0
4475,Volkswagen,2017.0,7.0,Germany,Touareg,Suv,Hybrid,47773.0,398777.0,60.0,1.91,2.01,3.0,8,1884.0
4476,Audi,2021.0,4.0,Japan,TT,Sedan,Diesel,105161.0,371156.0,24.0,1.54,0.78,-0.18,2,521.0
4477,Volkswagen,2021.0,1.0,Spain,Touareg,Suv,Petrol,48433.0,311257.0,60.0,1.73,0.88,3.4,4,162.0
4479,Volkswagen,2016.0,6.0,USA,Arteon,Sedan,Electric,75257.0,393440.0,10.0,0.93,2.9,4.39,1,1686.0
4480,Tesla,2016.0,7.0,Japan,Semi,Suv,Electric,99097.0,106897.0,26.0,1.5,1.4,0.2,5,977.0
4481,BMW,2024.0,5.0,Germany,i7,Sedan,Petrol,79130.0,357124.0,142.0,1.9156773834012817,1.4041096493841665,3.1346032902772447,6,348.0
4482,Volkswagen,2021.0,1.0,Germany,Golf,Sedan,Diesel,35533.0,491340.0,41.0,1.89,1.47,3.25,9,775.0
4483,Volkswagen,2024.0,5.0,UK,Golf,Sedan,Electric,57006.0,79259.0,72.0,1.86,1.16,4.93,4,216.0
4484,Volkswagen,2024.0,10.0,Mexico,Passat,Sedan,Electric,75528.0,433468.0,21.0,1.03,1.72,10.84,3,2660.0
4485,Audi,2022.0,10.0,Japan,Q5,Suv,Petrol,103445.0,59743.0,56.0,1.49,1.69,-0.05,4,421.0
4486,Ford,2021.0,7.0,Germany,Bronco,Suv,Hybrid,58933.0,401858.0,55.0,1.89,2.17,3.03,7,581.0
4487,BMW,2016.0,9.0,Canada,X3,Suv,Hybrid,77818.0,497421.0,300.0,1.2894111087612852,2.2604406309804403,3.766593681528089,4,684.0
4488,Toyota,2016.0,6.0,Australia,C-HR,Suv,Electric,73776.0,606965.0,73.0,1.5,2.66,3.99,5,180.0
4489,Audi,2021.0,8.0,Australia,e-tron,Suv,Hybrid,55638.0,506318.0,44.0,1.68,3.21,4.27,8,93.0
4490,Ford,2021.0,5.0,Japan,F-150 Lightning,Suv,Petrol,59048.0,290368.0,54.0,1.58,1.2231501741505977,0.17,7,3603.0
4491,Porsche,2023.0,6.0,France,911,Sedan,Hybrid,92507.0,116777.0,17.0,1.79,1.24,3.62,2,466.0
4492,Audi,2022.0,12.0,UK,A3,Sedan,Hybrid,90703.0,94482.0,25.0,1.87,1.35,4.86,10,782.0
4493,Porsche,2015.0,7.0,Spain,Cayenne,Suv,Hybrid,78230.0,106993.0,17.0,1.67,1.48,3.28,8,137.0
4494,Porsche,2022.0,5.0,Italy,Macan EV,Suv,Hybrid,193710.0,168758.0,18.0,1.95,1.21,3.21,6,367.0
4495,Porsche,2019.0,8.0,China,Taycan,Suv,Petrol,69610.0,163403.0,29.0,1.02,5.63,3.71,1,119.0
4496,Ford,2018.0,7.0,Brazil,Edge,Suv,Petrol,82316.0,294819.0,85.0,1.29,3.44,10.65,7,2489.0
4497,Volkswagen,2018.0,1.0,Canada,ID.3,Suv,Petrol,64115.0,239053.0,59.0,1.39,2.52,4.3,7,103.0
4498,Porsche,2018.0,11.0,Spain,Macan,Suv,Hybrid,142078.0,378729.0,3.0,1.78,1.08,3.58,2,137.0
4499,Ford,2015.0,12.0,Australia,Explorer,Suv,Petrol,67132.0,466684.0,83.0,1.61,2.59,4.44,7,702.0
4500,Mercedes-Benz,2016.0,7.0,France,A-Class,Sedan,Hybrid,69556.0,532988.0,59.0,1.89,1.43,3.26,1,650.0
4501,Mercedes-Benz,2016.0,5.0,Brazil,GLC,Suv,Diesel,50173.0,402360.0,26.0,1.17,3.76,10.57,10,1111.0
4502,Porsche,2015.0,2.0,Spain,Taycan,Suv,Hybrid,71005.0,256619.0,4.0,1.79,1.65,3.37,7,52.0
4503,Porsche,2018.0,8.0,India,Panamera,Sedan,Hybrid,145380.0,290784.0,6.0,1.07,6.8,6.46,6,237.0
4504,Volkswagen,2015.0,9.0,USA,Touareg,Suv,Diesel,51097.0,511021.0,65.0,0.92,2.36,4.36,8,1418.0
4505,Ford,2020.0,11.0,Brazil,Ranger,Suv,Hybrid,57060.0,119760.0,109.0,1.14,3.79,10.38,10,264.0
4506,Ford,2024.0,2.0,Canada,Escape,Suv,Petrol,59378.0,68122.0,52.0,1.36,1.95,3.8,3,2248.0
4507,Porsche,2018.0,10.0,Brazil,Macan EV,Suv,Electric,99362.0,227870.0,8.0,1.1,3.11,10.39,10,50.0
4508,Tesla,2018.0,1.0,China,Semi,Suv,Electric,56019.0,202403.0,19.0,1.04,5.78,3.59,6,1848.0
4511,Ford,2017.0,7.0,France,F-150,Suv,Petrol,90013.0,255971.0,74.0,1.79,1.21,3.37,10,1234.0
4512,Toyota,2024.0,8.0,Mexico,Highlander,Suv,Hybrid,83243.0,642399.0,14.0,1.02,1.75,10.85,1,285.0
4513,Ford,2023.0,10.0,Japan,Expedition,Suv,Hybrid,24523.0,70589.0,40.0,1.6,0.81,0.4,2,1900.0
4516,Tesla,2017.0,9.0,Brazil,Cybertruck,Suv,Electric,72916.0,270651.0,20.0,1.12,3.82,10.23,4,1134.0
4517,Mercedes-Benz,2023.0,8.0,Spain,GLS,Suv,Electric,78666.0,441586.0,61.0,1.76,0.84,3.5,6,441.0
4518,Ford,2017.0,5.0,Japan,Expedition,Suv,Hybrid,59669.0,484830.0,56.0,1.59,1.44,-0.2,6,1685.0
4519,Tesla,2018.0,4.0,Mexico,Model X,Suv,Electric,101543.0,136959.0,34.0,1.16,1.97,10.96,7,999.0
4520,Tesla,2017.0,5.0,Spain,Model X,Suv,Electric,101028.0,236095.0,16.0,1.82,1.6,3.47,4,387.0
4521,Ford,2023.0,11.0,UK,Explorer,Suv,Petrol,26775.0,384255.0,17.0,1.91,1.22,4.7,6,1946.0
4522,Mercedes-Benz,2019.0,9.0,Canada,GLE,Suv,Diesel,103286.0,120260.0,41.0,1.36,1.87,3.93,8,379.0
4523,Tesla,2016.0,11.0,Italy,Semi,Suv,Electric,56823.0,232681.0,13.0,1.84,0.75,3.46,4,876.0
4524,Ford,2024.0,4.0,Germany,Escape,Suv,Electric,83277.0,622876.0,94.0,1.92,1.47,2.87,6,2139.0
4525,Audi,2022.0,7.0,Japan,e-tron,Suv,Diesel,40327.0,128399.0,41.0,1.43,1.37,0.0,1,875.0
4527,Mercedes-Benz,2015.0,3.0,UK,EQE,Suv,Diesel,125724.0,558581.0,32.0,1.78,1.45,4.95,6,1103.0
4528,Volkswagen,2021.0,1.0,Netherlands,Polo,Sedan,Electric,22744.0,573650.0,13.0,2.01,2.08,3.36,5,1311.0
4529,Porsche,2016.0,8.0,Australia,Cayenne,Suv,Petrol,166631.0,81185.0,8.0,1.6,2.9,4.45,10,336.0
4530,Porsche,2015.0,3.0,Japan,718,Sedan,Petrol,91733.0,160349.0,14.0,1.56,0.78,0.12,1,196.0
4531,Tesla,2017.0,1.0,USA,Model X,Suv,Electric,107320.0,103083.0,30.0,1.02,2.53,4.52,3,1967.0
4532,BMW,2022.0,10.0,Australia,i7,Sedan,Petrol,53690.0,483541.0,339.0,1.5984232586159075,2.6470734809290377,4.505952575096897,7,818.0
4533,BMW,2024.0,12.0,France,7 Series,Sedan,Electric,67769.0,164161.0,339.0,1.824681191631888,2.093848388899698,3.728188857289356,2,1095.0
4535,Volkswagen,2020.0,3.0,Italy,ID.3,Suv,Diesel,54539.0,583427.0,9.0,1.82,1.19,3.7,1,2795.0
4536,Porsche,2020.0,12.0,Germany,GTS,Sedan,Petrol,72901.0,145610.0,23.0,1.91,1.39,3.06,1,115.0
4537,Toyota,2019.0,1.0,Japan,bZ4X,Suv,Petrol,46894.0,115361.0,74.0,1.59,1.43,-0.06,7,2481.0
4538,Audi,2019.0,2.0,China,RS6,Sedan,Diesel,70904.0,181122.0,30.0,1.09,5.74,3.55,10,610.0
4539,Volkswagen,2023.0,11.0,Mexico,ID.3,Suv,Electric,24335.0,385798.0,68.0,1.19,1.75,10.86,9,540.0
4540,Tesla,2024.0,1.0,Germany,Model S,Suv,Electric,48090.0,140464.0,13.0,1.9,1.79,2.99,6,727.0
4541,Ford,2016.0,8.0,Mexico,F-150,Suv,Hybrid,51647.0,165228.0,27.0,1.12,2.02,11.1,2,644.0
4542,Porsche,2024.0,11.0,Italy,Panamera,Sedan,Hybrid,115839.0,237584.0,21.0,1.89,0.85,3.64,6,33.0
4543,Audi,2018.0,5.0,India,Q5,Suv,Diesel,114630.0,103140.0,50.0,1.13,7.33,6.69,3,585.0
4545,BMW,2023.0,6.0,France,X3,Suv,Petrol,117508.0,189718.0,258.0,1.8661238815575456,1.4488682665429953,3.757717486548696,1,550.0
4546,Toyota,2022.0,11.0,Japan,Supra,Sedan,Electric,57804.0,573349.0,59.0,1.45,1.34,0.25,7,55.0
4547,Ford,2016.0,9.0,USA,F-150 Lightning,Suv,Hybrid,57862.0,181496.0,32.0,0.88,2.5,4.32,6,3145.0
4548,Audi,2022.0,6.0,Netherlands,e-tron,Suv,Hybrid,102993.0,503602.0,49.0,2.04,2.34,3.58,2,992.0
4549,Ford,2015.0,9.0,Netherlands,Expedition,Suv,Petrol,77671.0,659771.0,47.0,2.0,2.34,3.61,1,1344.0
4550,BMW,2021.0,3.0,Japan,X1,Suv,Petrol,70853.0,127511.0,95.0,1.408982259799123,1.6195310246560497,0.3959530092537784,4,429.0
4551,Tesla,2021.0,10.0,Australia,Model S,Suv,Electric,81117.0,120367.0,6.0,1.54,3.0,4.51,10,1944.0
4552,Porsche,2017.0,2.0,Mexico,718,Sedan,Electric,61550.0,119421.0,4.0,1.04,1.55,11.07,3,189.0
4553,Porsche,2021.0,4.0,USA,Cayenne,Suv,Hybrid,98187.0,106528.0,2.0,0.9,2.34,4.78,4,265.0
4554,Toyota,2017.0,7.0,UK,Yaris,Sedan,Hybrid,52255.0,99120.0,89.0,1.88,1.87,5.01,3,2695.0
4555,Ford,2018.0,9.0,Mexico,Mustang,Sedan,Electric,89985.0,347251.0,55.0,1.01,2.0,11.18,9,3289.0
4556,Audi,2017.0,8.0,France,A6,Sedan,Electric,106297.0,394242.0,26.0,1.82,1.84,3.64,10,445.0
4558,Toyota,2017.0,1.0,Brazil,Land Cruiser,Suv,Hybrid,69112.0,513238.0,31.0,1.12,3.02,10.63,10,2322.0
4559,Ford,2020.0,4.0,Canada,Ranger,Suv,Electric,57060.0,191618.0,22.0,1.34,1.75,4.24,8,3677.0
4560,BMW,2023.0,12.0,Canada,5 Series,Suv,Petrol,59495.0,430350.0,103.0,1.2169675428170383,2.4062422271564965,3.74880926838514,10,425.0
4561,Porsche,2019.0,3.0,Italy,GTS,Sedan,Hybrid,109096.0,301905.0,11.0,1.77,0.74,3.36,1,314.0
4562,Audi,2024.0,1.0,USA,Q5,Suv,Diesel,42282.0,334398.0,55.0,1.06,2.58,4.59,3,955.0
4563,Toyota,2016.0,10.0,China,Yaris,Sedan,Electric,60835.0,379463.5,28.0,1.17,6.21,3.56,2,864.0
4564,Mercedes-Benz,2019.0,6.0,Mexico,S-Class,Sedan,Petrol,43005.0,569231.0,52.0,1.08,2.21,10.93,6,252.0
4565,Porsche,2024.0,7.0,Spain,Macan EV,Suv,Petrol,144292.0,171201.0,14.0,1.68,1.0,3.21,3,173.0
4566,BMW,2015.0,4.0,USA,X7,Sedan,Diesel,48029.0,159321.0,217.0,0.9497009468794748,2.173201869910016,4.460310989542784,7,622.0
4567,Ford,2017.0,6.0,UK,Edge,Suv,Petrol,63651.0,546536.0,81.0,1.83,1.84,4.96,7,2288.0
4568,Porsche,2017.0,11.0,Netherlands,911,Sedan,Electric,184183.0,108806.0,28.0,1.92,2.43,3.72,10,429.0
4569,Ford,2021.0,10.0,UK,F-150,Suv,Hybrid,71777.0,140813.0,60.0,2.08,1.93,3.48,1,968.0
4571,Porsche,2016.0,11.0,India,Cayenne,Suv,Hybrid,144945.0,283716.0,26.0,0.97,7.25,6.56,3,151.0
4572,BMW,2024.0,12.0,Germany,X7,Sedan,Diesel,35228.0,363045.0,35.0,1.8704749893219308,1.9511475848816744,3.072557140487058,5,171.0
4574,Tesla,2018.0,12.0,France,Model S Plaid,Suv,Electric,127552.0,217178.0,19.0,1.81,1.68,3.28,6,2292.0
4575,Audi,2018.0,10.0,UK,e-tron,Suv,Petrol,114147.0,294661.0,29.0,1.92,1.56,5.08,7,780.0
4576,Porsche,2018.0,11.0,Spain,Taycan,Suv,Electric,150177.0,338236.0,22.0,1.79,1.03,3.36,6,309.0
4577,Porsche,2024.0,12.0,Canada,Taycan,Suv,Hybrid,190598.0,376464.0,14.0,1.26,1.93,4.29,10,293.0
4578,Volkswagen,2019.0,1.0,Canada,Passat,Sedan,Hybrid,73636.0,588225.0,43.0,1.26,1.84,3.99,7,1297.0
4579,BMW,2016.0,5.0,Canada,5 Series,Suv,Electric,79066.0,260765.0,201.0,1.2300338001634084,1.76665204056069,4.011044813167122,2,587.0
4580,Ford,2019.0,1.0,Australia,Bronco,Suv,Electric,57633.0,212308.0,66.0,1.56,2.88,4.17,6,181.0
4581,Mercedes-Benz,2015.0,6.0,Spain,C-Class,Sedan,Hybrid,58166.0,105710.0,12.0,1.79,1.3,3.7,5,307.0
4582,Porsche,2016.0,3.0,India,911,Sedan,Petrol,147624.0,138964.0,18.0,1.09,6.89,6.35,3,355.0
4583,Porsche,2017.0,4.0,USA,Macan EV,Suv,Hybrid,123861.0,154912.0,27.0,0.88,2.6,4.56,9,30.0
4584,Audi,2022.0,2.0,Canada,A3,Sedan,Petrol,43389.0,134455.0,8.0,1.29,2.42,4.19,4,260.0
4585,Volkswagen,2024.0,11.0,Italy,T-Roc,Suv,Diesel,39038.0,516773.0,51.0,1.94,0.69,3.62,3,669.0
4586,Audi,2020.0,3.0,India,Q7,Suv,Electric,86125.0,81127.0,13.0,1.03,7.14,6.66,2,759.0
4587,Porsche,2022.0,2.0,Canada,GTS,Sedan,Petrol,100590.0,303990.0,29.0,1.27,2.25,3.75,2,413.0
4588,BMW,2017.0,1.0,China,X3,Suv,Electric,113543.0,110038.0,85.0,1.123001445339834,6.070061170089365,3.258305896262461,6,586.0
4589,Audi,2021.0,12.0,India,A6,Sedan,Petrol,33133.0,93435.0,25.0,1.06,6.88,6.58,2,199.0
4590,Audi,2018.0,4.0,Netherlands,Q3,Suv,Hybrid,61653.0,496070.0,36.0,1.99,2.03,3.27,2,970.0
4591,Volkswagen,2016.0,3.0,Japan,Arteon,Sedan,Electric,70672.0,201579.0,10.0,1.48,1.56,-0.08,9,1447.0
4592,Audi,2017.0,8.0,Japan,TT,Sedan,Diesel,103440.0,62630.0,9.0,1.5,1.41,-0.16,5,127.0
4593,Ford,2016.0,2.0,UK,Expedition,Suv,Petrol,46925.0,108916.0,101.0,1.77,1.48,4.71,3,3438.0
4594,Mercedes-Benz,2016.0,12.0,India,CLA,Sedan,Petrol,116305.0,425548.0,55.0,1.07,7.25,6.46,8,1119.0
4595,BMW,2023.0,8.0,Germany,iX,Sedan,Hybrid,62151.0,410466.0,187.0,1.8638627275180828,2.205381976419264,2.75477200607168,8,756.0
4596,Ford,2018.0,4.0,Japan,F-150 Lightning,Suv,Electric,52365.0,261518.0,42.0,1.6,0.89,0.08,3,3928.0
4597,Tesla,2017.0,5.0,UK,Model 3,Suv,Electric,113972.0,242787.0,14.0,1.76,1.51,5.24,4,1680.0
4598,Audi,2020.0,7.0,Italy,Q3,Suv,Diesel,46742.0,133787.0,39.0,1.86,1.39,3.59,8,1046.0
4599,Toyota,2020.0,3.0,Japan,Corolla,Sedan,Electric,18017.0,392363.0,84.0,1.56,0.78,0.15,9,2107.0
4600,Mercedes-Benz,2018.0,3.0,UK,EQS,Suv,Diesel,44958.0,340023.0,19.0,1.94,1.99,5.11,9,478.0
4601,Tesla,2017.0,7.0,Italy,Semi,Suv,Electric,51850.0,230099.0,13.0,1.81,1.24,3.64,5,632.0
4602,Ford,2021.0,12.0,Germany,Escape,Suv,Hybrid,80112.0,463649.0,19.0,1.92,1.63,3.19,1,1581.0
4603,Tesla,2021.0,7.0,Brazil,Model X,Suv,Electric,50759.0,47416.0,9.0,1.16,3.25,10.5,5,1393.0
4604,BMW,2024.0,3.0,Germany,X5,Sedan,Electric,100431.0,225993.0,255.0,1.993164432230644,2.263115111589174,3.0297177215370104,2,646.0
4605,Porsche,2016.0,3.0,Spain,Cayenne Coupe,Suv,Hybrid,171664.0,98238.0,13.0,1.83,0.83,3.34,7,349.0
4606,Toyota,2016.0,2.0,France,bZ4X,Suv,Petrol,64206.0,540887.0,83.0,1.74,1.53,3.79,5,2772.0
4607,Tesla,2015.0,9.0,Germany,Model 3,Suv,Electric,92092.5,102906.0,25.0,1.81,1.86,3.02,3,2429.0
4608,Ford,2021.0,7.0,Spain,Expedition,Suv,Electric,68048.0,127959.0,20.0,1.84,0.85,3.37,8,3412.0
4609,Ford,2024.0,7.0,UK,Explorer,Suv,Petrol,36682.0,615024.0,106.0,1.92,1.53,4.76,8,2931.0
4610,Tesla,2022.0,11.0,Canada,Model 3,Suv,Electric,87816.0,244177.0,34.0,1.33,2.06,3.97,3,1123.0
4611,Ford,2016.0,5.0,USA,Escape,Suv,Petrol,53740.0,198822.0,117.0,0.99,2.21,4.42,4,1799.0
4612,Volkswagen,2023.0,6.0,Italy,Polo,Sedan,Petrol,41960.0,299836.0,68.0,1.87,1.31,3.57,6,1991.0
4613,Audi,2019.0,12.0,India,Q8,Suv,Electric,83001.0,391439.0,22.0,1.050836054691628,7.18,6.33,10,389.0
4614,Toyota,2015.0,3.0,France,C-HR,Suv,Hybrid,68520.0,50905.0,23.0,1.8,1.75,3.42,2,2497.0
4615,Mercedes-Benz,2018.0,3.0,Mexico,EQE,Suv,Hybrid,39588.0,118406.0,35.0,1.16,2.45,11.27,9,615.0
4616,BMW,2022.0,8.0,Brazil,3 Series,Suv,Electric,61347.0,190183.0,134.0,1.1257759443821298,3.240145618778193,10.245517996865198,7,523.0
4617,Tesla,2015.0,6.0,Australia,Model X Plaid,Suv,Electric,57723.0,123477.0,37.0,1.61,2.75,4.11,8,335.0
4618,BMW,2020.0,7.0,Australia,X7,Sedan,Electric,44269.0,95641.0,368.0,1.6976071932311183,2.86459372819754,4.080735532552994,5,994.0
4619,Tesla,2015.0,4.0,China,Model X Plaid,Suv,Electric,44966.0,95644.0,16.0,1.09,5.99,3.63,10,1347.0
4621,Mercedes-Benz,2019.0,6.0,UK,C-Class,Sedan,Petrol,61580.0,87010.0,34.0,1.9,1.25,5.12,6,474.0
4622,Tesla,2024.0,10.0,Canada,Model S,Suv,Electric,48254.0,188515.0,39.0,1.28,2.54,3.84,10,115.0
4623,BMW,2015.0,6.0,France,i7,Sedan,Diesel,76984.0,64390.0,229.0,1.8352935874452725,1.660660094416171,3.562092599957873,4,814.0
4624,Ford,2018.0,10.0,Mexico,F-150 Lightning,Suv,Electric,63878.0,682091.0,51.0,1.04,2.0,11.05,1,1304.0
4625,Volkswagen,2023.0,3.0,China,Taos,Suv,Petrol,74752.0,410536.0,37.0,1.19,6.0,3.22,2,1027.0
4626,BMW,2024.0,10.0,UK,X7,Sedan,Electric,36539.0,424416.0,175.0,1.841650578098304,1.388169926206522,5.085972931065412,4,71.0
4627,Audi,2018.0,4.0,Australia,Q3,Suv,Hybrid,56658.0,160791.0,40.0,1.67,3.4,3.96,10,810.0
4628,Audi,2021.0,7.0,India,TT,Sedan,Electric,109407.0,291826.0,34.0,0.99,6.91,6.7,2,722.0
4629,Ford,2019.0,2.0,UK,Ranger,Suv,Hybrid,40596.0,762126.0,66.0,1.94,1.53,4.77,8,2091.0
4630,Audi,2015.0,1.0,Italy,Q3,Suv,Petrol,36717.0,410325.0,35.0,1.93,1.47,3.28,9,609.0
4632,Tesla,2017.0,3.0,India,Model X Plaid,Suv,Electric,44017.0,113999.0,12.0,1.13,7.42,6.42,8,984.0
4633,BMW,2016.0,7.0,UK,3 Series,Suv,Hybrid,35507.0,241313.0,380.0,1.8140099202061224,1.505252372447857,5.195874479664645,6,1169.0
4634,Porsche,2018.0,6.0,Canada,Cayenne Coupe,Suv,Electric,63669.0,246049.0,18.0,1.21,2.22,4.02,4,22.0
4635,Ford,2018.0,6.0,France,Edge,Suv,Petrol,27375.0,388872.0,85.0,1.88,1.62,3.64,8,3908.0
4636,Audi,2021.0,9.0,Australia,RS6,Sedan,Diesel,105712.0,289402.0,44.0,1.59,3.24,4.51,2,969.0
4637,BMW,2016.0,12.0,Germany,5 Series,Suv,Hybrid,92724.0,166220.0,347.0,1.9059301156712007,2.117222200201216,3.0331204869596773,9,1070.0
4638,Mercedes-Benz,2015.0,2.0,Netherlands,GLE,Suv,Electric,81900.0,234317.0,20.0,2.07,1.73,3.76,7,613.0
4639,Tesla,2022.0,1.0,China,Model S Plaid,Suv,Electric,40204.0,66250.0,17.0,1.18,6.15,3.6,9,1760.0
4640,BMW,2022.0,5.0,France,X5,Sedan,Electric,111368.0,101962.0,223.0,1.7501933322680596,1.2512468287349343,3.3351901579707413,8,513.0
4642,BMW,2022.0,1.0,Canada,X3,Suv,Hybrid,102356.0,262986.0,389.0,1.2937535930929012,1.9418938282588392,3.707442421766389,7,1067.0
4643,Porsche,2020.0,1.0,China,Macan EV,Suv,Petrol,180869.0,350766.0,11.0,1.12,6.44,3.22,3,177.0
4644,Toyota,2016.0,12.0,UK,C-HR,Suv,Hybrid,21799.0,528969.0,19.0,1.94,1.78,5.14,3,2025.0
4645,Volkswagen,2021.0,8.0,France,Tiguan,Suv,Diesel,54961.0,207083.0,89.0,1.79,1.37,3.58,9,2074.0
4646,Audi,2017.0,1.0,Canada,RS6,Sedan,Diesel,113822.0,181889.0,7.0,1.25,2.32,4.28,7,981.0
4648,Mercedes-Benz,2017.0,11.0,Japan,CLA,Sedan,Petrol,84193.0,351615.0,32.0,1.6,1.18,0.16,8,437.0
4649,Tesla,2024.0,6.0,Brazil,Model S,Suv,Electric,56939.0,278926.0,17.0,1.13,3.76,10.33,9,442.0
4650,Audi,2018.0,9.0,Brazil,A6,Sedan,Petrol,87854.0,459116.0,54.0,1.12,3.32,10.55,9,1053.0
4651,Mercedes-Benz,2018.0,4.0,India,C-Class,Sedan,Petrol,119726.0,328849.0,55.0,1.03,6.91,6.34,6,1045.0
4652,Audi,2016.0,6.0,Australia,Q5,Suv,Diesel,104472.0,156741.0,6.0,1.55,2.85,3.96,3,812.0
4653,Audi,2021.0,9.0,Canada,A6,Sedan,Hybrid,51320.0,186140.0,15.0,1.23,1.83,4.26,7,249.0
4654,Toyota,2016.0,5.0,India,RAV4,Suv,Electric,64708.0,416033.0,73.0,1.04,6.59,6.78,6,1316.0
4655,Volkswagen,2022.0,4.0,Netherlands,T-Roc,Suv,Electric,20034.0,307043.0,29.0,1.94,2.2,3.72,6,967.0
4656,Volkswagen,2022.0,8.0,USA,ID.3,Suv,Electric,60860.0,259169.0,37.0,0.96,2.9,4.27,2,451.0
4657,Ford,2016.0,10.0,Japan,Edge,Suv,Hybrid,45184.0,115466.0,84.0,1.5,0.96,-0.15,4,895.0
4658,BMW,2016.0,1.0,Australia,7 Series,Sedan,Diesel,80246.0,354094.0,107.0,1.656477096811655,2.9069079607228705,4.472452070202356,1,479.0
4659,BMW,2021.0,6.0,Germany,X7,Sedan,Diesel,94658.0,169975.0,124.0,1.8240418110741217,1.7355833148129332,3.190700529705013,8,428.0
4660,BMW,2015.0,10.0,France,i7,Sedan,Diesel,75277.0,230427.0,103.0,1.7409762548301426,1.856751505688635,3.5116315157023625,9,275.0
4661,Toyota,2015.0,6.0,Canada,Highlander,Suv,Petrol,35650.0,302884.0,39.0,1.36,2.62,4.21,6,2325.0
4662,BMW,2020.0,4.0,Japan,3 Series,Suv,Electric,35463.0,284873.0,142.0,1.434821867066817,1.3613706110704142,-0.0888826592795192,8,644.0
4663,Mercedes-Benz,2020.0,6.0,Canada,GLS,Suv,Hybrid,72716.0,533209.0,22.0,1.28,2.0,4.05,9,35.0
4664,Volkswagen,2021.0,10.0,Netherlands,ID.3,Suv,Hybrid,64980.0,291446.0,62.0,2.04,1.66,3.58,10,2426.0
4665,Tesla,2022.0,8.0,Germany,Model X Plaid,Suv,Electric,110178.0,75818.0,6.0,1.92,1.46,3.12,6,1222.0
4666,Volkswagen,2015.0,4.0,Brazil,ID.3,Suv,Hybrid,72525.0,579386.0,72.0,1.25,3.5,10.72,9,1759.0
4667,Volkswagen,2016.0,8.0,France,Passat,Sedan,Petrol,45421.5,401086.0,77.0,1.79,1.5950000000000002,3.44,2,389.0
4668,Toyota,2016.0,11.0,Japan,bZ4X,Suv,Petrol,78978.0,225654.0,81.0,1.47,1.43,0.03,4,1491.0
4669,Audi,2023.0,4.0,Netherlands,TT,Sedan,Petrol,88289.0,501586.0,24.0,2.02,2.32,3.24,6,938.0
4670,Toyota,2023.0,11.0,Mexico,C-HR,Suv,Petrol,82297.0,170186.0,76.0,1.1,1.51,10.83,6,2200.0
4671,Porsche,2016.0,8.0,UK,Macan EV,Suv,Petrol,60914.0,370849.0,15.0,1.94,1.56,5.21,2,132.0
4672,Ford,2018.0,1.0,Australia,Expedition,Suv,Petrol,73734.0,278417.0,63.0,1.59,2.93,4.17,4,819.0
4673,Mercedes-Benz,2016.0,7.0,Japan,A-Class,Sedan,Petrol,40900.0,294907.0,22.0,1.56,0.83,0.21,3,718.0
4674,Tesla,2018.0,3.0,Japan,Semi,Suv,Electric,101726.0,103839.0,6.0,1.5,0.95,0.07,3,1671.0
4675,Mercedes-Benz,2015.0,5.0,USA,GLC,Suv,Hybrid,116847.0,227059.0,46.0,0.98,2.37,4.41,4,40.0
4676,Volkswagen,2024.0,12.0,India,Arteon,Sedan,Hybrid,30984.0,109058.0,39.0,0.96,7.31,6.48,1,1126.0
4677,Porsche,2019.0,4.0,USA,Taycan,Suv,Petrol,87020.0,194494.0,22.0,0.94,2.64,4.66,2,13.0
4678,Ford,2015.0,6.0,France,Expedition,Suv,Electric,34446.0,707431.0,46.0,1.74,1.96,3.78,9,2682.0
4679,Tesla,2023.0,2.0,India,Cybertruck,Suv,Electric,65824.0,259289.0,27.0,1.0,6.6,6.47,10,2191.0
4680,Ford,2018.0,9.0,Japan,F-150,Suv,Electric,23015.0,716972.0,39.0,1.48,1.12,0.29,5,263.0
4681,Mercedes-Benz,2019.0,7.0,Brazil,E-Class,Sedan,Petrol,81338.0,385752.0,18.0,1.3,3.69,10.51,8,716.0
4682,Toyota,2016.0,7.0,China,Land Cruiser,Suv,Hybrid,29032.0,354193.0,68.0,1.03,6.22,3.26,6,213.0
4683,Audi,2018.0,7.0,China,e-tron,Suv,Hybrid,61381.0,329410.0,37.0,1.03,6.07,3.34,2,398.0
4684,Ford,2024.0,9.0,China,Mustang Mach-E,Suv,Electric,72575.0,431090.0,78.0,1.05,6.05,3.79,8,3170.0
4685,Audi,2023.0,11.0,Mexico,A4,Sedan,Electric,76267.0,479707.0,43.0,1.16,1.9,11.0,9,272.0
4686,Ford,2024.0,11.0,USA,F-150,Suv,Petrol,73402.0,424220.0,115.0,1.04,2.66,4.72,1,2381.0
4687,Audi,2017.0,6.0,USA,TT,Sedan,Petrol,44487.0,285653.0,40.0,0.92,2.46,4.56,6,1001.0
4688,Ford,2019.0,1.0,Australia,Ranger,Suv,Electric,51610.0,607785.0,96.0,1.65,2.71,4.12,10,1299.0
4689,Audi,2016.0,10.0,UK,e-tron,Suv,Hybrid,60491.0,395125.0,30.0,1.8332729136019705,3.55,10.44,3,243.0
4690,Porsche,2019.0,12.0,Italy,Cayenne Coupe,Suv,Hybrid,96034.0,330652.0,7.0,1.77,0.89,3.54,9,482.0
4691,BMW,2017.0,8.0,UK,i7,Sedan,Diesel,108373.0,276305.0,301.0,1.834844401849396,1.777146915927437,5.035042549841483,6,997.0
4692,Audi,2016.0,5.0,Australia,A3,Sedan,Diesel,105353.0,108706.0,27.0,1.58,3.48,4.36,2,567.0
4693,Tesla,2022.0,2.0,UK,Semi,Suv,Electric,48118.0,260899.0,16.0,1.85,1.47,5.15,1,1891.0
4694,Mercedes-Benz,2017.0,5.0,Spain,GLS,Suv,Petrol,97146.0,552078.0,29.0,1.8,1.45,3.72,1,285.0
4695,Toyota,2017.0,8.0,Italy,Highlander,Suv,Petrol,45696.0,110694.0,78.0,1.75,1.09,3.3,2,2555.0
4696,Tesla,2016.0,2.0,France,Semi,Suv,Electric,119480.0,260661.0,10.0,1.72,1.27,3.32,5,2099.0
4697,Ford,2022.0,10.0,China,Mustang Mach-E,Suv,Petrol,37341.0,744911.0,62.5,1.01,6.39,3.25,8,2779.0
4698,Audi,2016.0,8.0,Germany,e-tron,Suv,Electric,83819.0,172622.0,31.0,2.0,2.12,2.89,1,1112.0
4699,Volkswagen,2016.0,12.0,USA,Arteon,Sedan,Electric,67118.0,496658.0,41.0,0.89,2.95,4.42,1,1151.0
4700,Toyota,2017.0,2.0,Spain,bZ4X,Suv,Petrol,18260.0,112426.0,41.0,1.8,1.65,3.72,1,296.0
4701,BMW,2023.0,12.0,France,X5,Sedan,Electric,78601.0,288765.0,235.0,1.8295634891981056,1.7034930960433787,3.4146884504681294,9,810.0
4702,Porsche,2022.0,6.0,Germany,Cayenne,Suv,Electric,93059.0,197469.0,9.0,1.88,1.56,2.76,7,24.0
4704,Porsche,2016.0,4.0,China,911,Sedan,Hybrid,117677.0,89108.0,6.0,1.15,6.07,3.29,4,258.0
4705,Volkswagen,2024.0,8.0,Spain,Touareg,Suv,Electric,26203.0,294915.0,52.0,1.84,0.99,3.52,10,294.0
4707,Toyota,2022.0,2.0,France,RAV4,Suv,Electric,41250.0,299840.0,94.0,1.7,1.6,3.35,8,1217.0
4708,Volkswagen,2024.0,6.0,Germany,Arteon,Sedan,Hybrid,32780.0,295405.0,83.0,1.9,1.51,2.9,2,1124.0
4709,Mercedes-Benz,2020.0,8.0,India,A-Class,Sedan,Petrol,75830.0,570291.0,13.0,1.02,6.88,6.77,2,842.0
4710,Tesla,2024.0,6.0,Spain,Cybertruck,Suv,Electric,105575.0,72445.0,18.0,1.82,1.62,3.71,9,2442.0
4712,Porsche,2016.0,11.0,Brazil,Taycan,Suv,Petrol,159661.0,311226.0,6.0,1.16,3.28,10.36,9,335.0
4713,Mercedes-Benz,2016.0,5.0,UK,S-Class,Sedan,Diesel,72169.0,175962.0,26.0,1.8332729136019705,1.18,5.15,10,383.0
4714,Porsche,2019.0,6.0,Mexico,Cayenne,Suv,Hybrid,76563.0,155901.0,20.0,1.03,2.48,10.78,5,415.0
4715,Tesla,2017.0,7.0,Italy,Model 3,Suv,Electric,77126.0,131530.0,5.0,1.84,1.31,3.38,9,1124.0
4716,Audi,2024.0,4.0,India,Q8,Suv,Diesel,42590.0,269188.0,10.0,0.96,7.06,6.4,5,611.0
4717,BMW,2015.0,11.0,Brazil,X3,Suv,Electric,91548.0,454499.0,224.0,1.1546814143861412,3.46869315979497,10.4488917014026,8,887.0
4718,Porsche,2024.0,4.0,Spain,Cayenne Coupe,Suv,Hybrid,162407.0,132266.0,5.0,1.84,1.14,3.46,8,420.0
4719,Mercedes-Benz,2018.0,6.0,Spain,EQE,Suv,Diesel,113214.0,515990.0,39.0,1.76,1.73,3.46,8,509.0
4721,Toyota,2022.0,3.0,UK,C-HR,Suv,Hybrid,78041.0,149447.0,14.0,1.88,1.27,4.87,3,615.0
4722,Mercedes-Benz,2017.0,3.0,France,EQE,Suv,Electric,49604.0,116420.0,19.0,1.89,1.58,3.23,1,506.0
4723,BMW,2022.0,7.0,UK,X1,Suv,Electric,71386.0,139242.0,239.0,1.9427239954178503,1.4281841483173143,5.279992891426201,9,474.0
4724,BMW,2022.0,8.0,USA,X7,Sedan,Diesel,74725.0,382278.0,110.0,0.9240495384261568,2.0576475821990248,4.405468787300828,2,303.0
4725,Porsche,2017.0,8.0,Japan,Cayenne Coupe,Suv,Hybrid,115752.0,339769.0,9.0,1.4,1.56,-0.13,7,8.0
4726,Volkswagen,2021.0,12.0,Japan,T-Roc,Suv,Electric,65294.0,370861.0,48.0,1.57,1.27,0.09,1,2610.0
4727,Porsche,2021.0,5.0,Mexico,Cayenne Coupe,Suv,Hybrid,196042.0,396757.0,13.0,1.1,2.41,11.18,3,78.0
4728,BMW,2017.0,8.0,Canada,i4,Suv,Electric,100066.0,399903.0,92.0,1.3499920940798356,2.295385017320044,3.740245886433057,6,436.0
4729,Toyota,2024.0,11.0,India,RAV4,Suv,Petrol,37943.0,199815.0,88.0,1.12,6.5,6.41,8,1894.0
4730,Porsche,2020.0,1.0,UK,911,Sedan,Hybrid,123658.0,183485.0,2.0,1.83,1.55,5.12,6,62.0
4731,BMW,2022.0,6.0,USA,X1,Suv,Petrol,73185.0,194454.0,101.0,0.928564407340193,2.968488777594384,4.679228514992745,6,406.0
4732,Audi,2023.0,9.0,Australia,Q8,Suv,Electric,106362.0,173150.0,14.0,1.63,3.4,4.14,8,604.0
4733,Mercedes-Benz,2018.0,7.0,Japan,GLC,Suv,Hybrid,96853.0,202455.0,5.0,1.48,1.31,0.38,9,684.0
4734,Mercedes-Benz,2022.0,10.0,Brazil,CLA,Sedan,Electric,61903.0,108470.0,59.0,1.16,3.48,10.27,9,27.0
4735,Volkswagen,2017.0,9.0,Brazil,Tiguan,Suv,Electric,42453.0,214327.0,54.0,1.15,3.01,10.22,1,2120.0
4736,Ford,2022.0,9.0,Mexico,Bronco,Suv,Hybrid,63014.0,556474.0,84.0,1.12,2.4,11.19,3,2912.0
4737,Volkswagen,2015.0,7.0,India,T-Roc,Suv,Petrol,44303.0,453071.0,62.0,1.01,7.16,6.25,1,2169.0
4738,Porsche,2017.0,12.0,France,GTS,Sedan,Hybrid,61983.0,117957.0,21.0,1.8,1.74,3.36,1,482.0
4739,Porsche,2022.0,2.0,Mexico,Cayenne Coupe,Suv,Hybrid,186260.0,107461.0,11.0,1.17,2.19,10.75,6,256.0
4740,Porsche,2019.0,11.0,India,Panamera,Sedan,Petrol,109531.0,201401.0,4.0,1.0,6.91,6.49,2,408.0
4741,Audi,2020.0,10.0,Spain,RS6,Sedan,Hybrid,91400.0,248397.0,45.0,1.8,1.15,3.47,1,544.0
4742,Ford,2021.0,3.0,Germany,Mustang Mach-E,Suv,Electric,27633.0,590742.0,101.0,1.84,2.12,2.97,10,2036.0
4743,Toyota,2021.0,2.0,India,Prius,Suv,Hybrid,70534.0,387897.0,49.0,1.07,6.54,6.33,1,2087.0
4744,Audi,2022.0,10.0,Italy,Q7,Suv,Diesel,60856.0,307171.0,36.0,1.87,1.35,3.56,9,139.0
4745,Tesla,2021.0,12.0,Spain,Model Y,Suv,Electric,49652.0,195201.0,34.0,1.69,0.91,3.54,2,196.0
4746,Toyota,2022.0,12.0,Italy,Highlander,Suv,Petrol,70913.0,690225.0,36.0,1.91,1.36,3.55,5,1951.0
4747,Tesla,2024.0,4.0,Australia,Model X,Suv,Electric,105831.0,299922.0,16.0,1.53,2.64,4.13,4,2464.0
4748,Tesla,2017.0,4.0,Japan,Model S Plaid,Suv,Electric,92607.5,197671.0,19.0,1.54,1.01,0.3,2,1621.0
4749,Volkswagen,2020.0,7.0,Spain,Golf,Sedan,Petrol,27837.0,138632.0,24.0,1.78,1.25,3.48,4,2176.0
4750,Toyota,2021.0,2.0,France,Land Cruiser,Suv,Petrol,89257.0,573339.0,52.0,1.86,1.94,3.48,5,2184.0
4751,Toyota,2022.0,1.0,India,Highlander,Suv,Electric,63886.0,282475.0,87.0,1.12,6.72,6.4,6,1919.0
4752,Ford,2021.0,3.0,Canada,Explorer,Suv,Electric,43015.0,458614.0,52.0,1.27,2.43,4.18,10,1168.0
4753,Ford,2017.0,5.0,UK,Escape,Suv,Electric,68498.0,226825.0,22.0,1.85,1.15,5.14,3,3737.0
4754,Audi,2015.0,5.0,Brazil,TT,Sedan,Petrol,105645.0,60428.0,51.0,1.1963698404939982,3.04,10.71,9,338.0
4755,Toyota,2022.0,4.0,Spain,RAV4,Suv,Petrol,85667.0,205088.0,38.0,1.83,1.56,3.5,5,1903.0
4756,Tesla,2018.0,6.0,Spain,Model X Plaid,Suv,Electric,112657.0,160870.0,2.0,1.82,1.44,3.32,5,726.0
4757,Toyota,2016.0,10.0,Netherlands,RAV4,Suv,Petrol,59813.0,567906.0,57.0,1.95,2.12,3.73,1,1852.0
4758,Mercedes-Benz,2016.0,1.0,Germany,CLA,Sedan,Diesel,103714.0,286623.0,63.0,1.85,2.22,3.26,3,467.0
4759,Audi,2020.0,3.0,Brazil,Q5,Suv,Electric,70862.0,494721.0,45.0,1.19,3.81,10.59,2,977.0
4760,Ford,2019.0,8.0,Mexico,Expedition,Suv,Petrol,34457.0,691199.0,90.0,1.09,2.4,11.1,10,1406.0
4761,Tesla,2017.0,7.0,UK,Model 3,Suv,Electric,93676.0,197805.0,27.0,1.87,1.7,5.07,1,1899.0
4762,Toyota,2019.0,1.0,UK,Yaris,Sedan,Petrol,84336.0,204228.0,31.0,1.88,1.75,4.97,9,1563.0
4763,Audi,2018.0,5.0,Italy,Q8,Suv,Electric,44189.0,146950.0,21.0,1.77,0.87,3.63,6,1072.0
4764,Tesla,2019.0,12.0,China,Model 3,Suv,Electric,75325.0,74940.0,9.0,1.14,6.15,3.65,1,323.0
4765,Audi,2023.0,5.0,India,TT,Sedan,Diesel,106475.0,65434.0,50.0,1.04,6.85,6.63,1,1104.0
4766,Volkswagen,2015.0,9.0,USA,ID.3,Suv,Petrol,26307.0,310620.0,71.0,0.94,2.97,4.41,2,429.0
4767,Ford,2015.0,3.0,Netherlands,Mustang,Sedan,Electric,91112.0,104022.0,74.0,1.99,2.44,3.5,5,2003.0
4768,Audi,2020.0,12.0,UK,A3,Sedan,Electric,84658.0,464701.0,27.0,1.84,1.95,5.2,10,775.0
4769,Volkswagen,2024.0,12.0,Spain,ID.3,Suv,Hybrid,51821.0,369595.0,71.0,1.68,1.23,3.37,7,1360.0
4770,Porsche,2017.0,1.0,Netherlands,Panamera,Sedan,Hybrid,126773.0,179628.0,2.0,2.07,1.88,3.4,3,383.0
4771,Toyota,2017.0,11.0,UK,Prius,Suv,Hybrid,44852.0,287408.0,78.0,1.83,1.12,4.85,1,920.0
4772,Toyota,2015.0,7.0,China,Supra,Sedan,Petrol,67657.0,356157.0,37.0,1.01,5.71,3.76,7,1430.0
4775,BMW,2019.0,11.0,USA,X3,Suv,Diesel,57616.0,275757.0,376.0,1.0468412926696815,2.6016118201463314,4.691513315656074,5,1202.0
4776,Ford,2020.0,8.0,Canada,Mustang Mach-E,Suv,Petrol,50871.0,395884.0,104.0,1.28,2.47,3.79,5,1693.0
4777,Porsche,2024.0,1.0,Brazil,GTS,Sedan,Hybrid,180008.0,365476.0,25.0,1.11,3.82,10.74,2,26.0
4778,Mercedes-Benz,2015.0,8.0,Netherlands,A-Class,Sedan,Electric,93426.0,301312.0,51.0,2.09,1.76,3.44,3,302.0
4779,Tesla,2024.0,4.0,France,Model S,Suv,Electric,108601.0,32785.0,24.0,1.88,1.71,3.62,6,1389.0
4780,Toyota,2023.0,12.0,Germany,Supra,Sedan,Hybrid,86192.0,172867.0,62.0,1.89,2.07,2.78,2,1196.0
4781,Audi,2023.0,11.0,Spain,Q7,Suv,Diesel,45996.0,538234.0,30.0,1.79,1.74,3.55,10,86.0
4782,Tesla,2022.0,6.0,Netherlands,Semi,Suv,Electric,94301.0,192305.0,21.0,2.06,1.86,3.48,8,1180.0
4783,BMW,2019.0,7.0,Canada,3 Series,Suv,Hybrid,104922.0,304822.0,273.0,1.3754944027054106,2.3967371653641507,4.07736570806793,6,941.0
4784,Toyota,2023.0,12.0,China,Land Cruiser,Suv,Electric,27256.0,690036.0,64.0,1.05,5.88,3.74,9,1527.0
4785,Porsche,2017.0,6.0,UK,718,Sedan,Petrol,101097.0,141022.0,19.0,1.78,1.67,4.77,4,243.0
4786,Toyota,2024.0,7.0,Brazil,bZ4X,Suv,Electric,24204.0,162716.0,50.0,1.24,3.41,10.67,5,2096.0
4787,Audi,2019.0,11.0,Germany,Q8,Suv,Electric,82628.0,332434.0,53.0,1.84,1.7,3.22,3,815.0
4788,Toyota,2024.0,1.0,Mexico,Yaris,Sedan,Petrol,25703.0,379463.5,21.0,1.16,1.83,11.05,5,2963.0
4789,Porsche,2024.0,7.0,Japan,Cayenne Coupe,Suv,Electric,148624.0,263113.0,21.0,1.53,1.63,-0.03,4,76.0
4790,Volkswagen,2016.0,9.0,USA,Taos,Suv,Electric,35455.0,398064.0,80.0,1.0,2.48,4.64,7,1604.0
4791,Ford,2016.0,3.0,Italy,F-150,Suv,Hybrid,48234.0,214612.0,42.0,1.81,1.36,3.42,10,2297.0
4792,Mercedes-Benz,2018.0,6.0,Spain,EQE,Suv,Electric,83852.0,422192.0,21.0,1.77,1.73,3.63,9,375.0
4793,Tesla,2015.0,11.0,Italy,Model 3,Suv,Electric,54765.0,247179.0,9.0,1.87,0.52,3.75,4,2324.0
4794,Porsche,2018.0,1.0,Mexico,Taycan,Suv,Petrol,193413.0,360520.0,8.0,1.11,1.57,11.27,7,247.0
4795,Toyota,2022.0,7.0,China,Corolla,Sedan,Hybrid,85838.0,499799.0,31.0,1.08,6.42,3.73,9,1000.0
4796,Toyota,2024.0,3.0,Netherlands,Yaris,Sedan,Electric,45172.0,562775.0,57.0,2.09,1.63,3.65,8,1236.0
4797,BMW,2022.0,9.0,USA,X5,Sedan,Petrol,65771.0,432650.0,20.0,0.9257292928473224,2.5026790232288616,4.230887250749993,8,476.0
4798,Volkswagen,2024.0,10.0,USA,Tiguan,Suv,Hybrid,56422.0,342072.0,89.0,0.93,2.93,4.75,7,1639.0
4799,BMW,2024.0,1.0,Germany,i7,Sedan,Hybrid,104101.0,375893.0,291.0,1.9355626400620087,2.180156737921485,2.8294444075058727,10,727.0
4800,Audi,2023.0,10.0,USA,Q5,Suv,Diesel,86264.0,271825.0,45.0,1.05,2.13,4.23,8,868.0
4801,BMW,2019.0,11.0,Japan,3 Series,Suv,Diesel,52118.0,450213.0,106.0,1.590280668441331,0.7434125328548191,0.1798908253564134,9,667.0
4803,Audi,2017.0,10.0,India,Q3,Suv,Petrol,72943.0,301684.0,56.0,1.02,6.86,6.28,8,1137.0
4804,Mercedes-Benz,2023.0,7.0,Japan,EQE,Suv,Electric,123839.0,505788.0,52.0,1.46,1.51,0.31,4,277.0
4806,Mercedes-Benz,2016.0,11.0,Japan,CLA,Sedan,Diesel,82680.0,254476.0,32.0,1.58,1.58,-0.08,7,903.0
4807,Audi,2022.0,2.0,Netherlands,A4,Sedan,Hybrid,45746.0,156016.0,41.0,1.96,1.99,3.31,4,1101.0
4808,Audi,2016.0,5.0,Spain,TT,Sedan,Petrol,85852.0,83906.0,15.0,1.8,1.33,3.43,10,1154.0
4809,BMW,2019.0,6.0,Japan,3 Series,Suv,Petrol,80436.0,336198.0,22.0,1.494834765817465,1.5554605840110072,0.2221947156280142,9,193.0
4810,Toyota,2019.0,1.0,Germany,Highlander,Suv,Hybrid,62878.0,582999.0,76.0,1.83,1.97,3.15,8,1729.0
4811,Toyota,2023.0,7.0,Brazil,Highlander,Suv,Hybrid,28644.0,447040.0,95.0,1.13,3.06,10.39,9,2531.0
4813,Porsche,2020.0,5.0,Brazil,GTS,Sedan,Hybrid,101156.0,131678.0,25.0,1.12,3.65,10.54,2,232.0
4814,Porsche,2015.0,2.0,India,718,Sedan,Hybrid,181308.0,231228.0,9.0,0.98,6.88,6.79,2,72.0
4815,Toyota,2021.0,7.0,USA,Land Cruiser,Suv,Hybrid,29296.0,603087.0,66.0,0.88,2.77,4.38,2,2432.0
4816,Porsche,2024.0,8.0,Australia,Taycan,Suv,Hybrid,84090.0,231101.0,29.0,1.59,2.63,4.22,7,323.0
4817,Audi,2021.0,4.0,Netherlands,Q7,Suv,Hybrid,69142.0,391181.0,9.0,2.01,2.54,3.46,9,503.0
4818,Volkswagen,2017.0,1.0,Italy,ID.3,Suv,Petrol,69342.0,270345.0,59.0,1.92,1.28,3.26,6,305.0
4819,Tesla,2020.0,1.0,Australia,Model 3,Suv,Electric,93069.0,116942.0,7.0,1.67,2.69,4.2,5,1643.0
4820,Toyota,2016.0,5.0,Netherlands,bZ4X,Suv,Hybrid,70109.0,388396.5,55.0,1.95,2.03,3.34,10,1227.0
4821,Toyota,2020.0,7.0,France,Yaris,Sedan,Petrol,74344.0,464882.0,39.0,1.75,1.87,3.56,3,2009.0
4822,Volkswagen,2020.0,10.0,UK,Passat,Sedan,Electric,42265.0,107034.0,86.0,1.02,1.6749999999999998,3.42,6,529.0
4823,Volkswagen,2019.0,11.0,Spain,Polo,Sedan,Electric,73033.0,240895.0,9.0,1.65,1.66,3.57,3,2749.0
4824,Porsche,2016.0,3.0,China,Cayenne Coupe,Suv,Petrol,104266.0,153996.0,4.0,1.18,5.79,3.43,10,360.0
4825,Audi,2024.0,4.0,Netherlands,Q7,Suv,Electric,62030.0,547116.0,10.0,2.06,2.28,3.76,8,715.0
4826,Volkswagen,2024.0,7.0,UK,ID.3,Suv,Hybrid,40386.0,295318.0,79.0,1.06,2.29,4.67,8,622.0
4827,BMW,2017.0,11.0,UK,i4,Suv,Hybrid,116441.0,339819.0,392.0,1.924684647616332,1.7252576604151364,4.992001364854822,6,1027.0
4828,Toyota,2020.0,6.0,Canada,bZ4X,Suv,Hybrid,40853.0,675298.0,83.0,1.36,1.72,4.27,6,2519.0
4829,Ford,2019.0,4.0,Japan,Bronco,Suv,Petrol,79715.0,733637.0,35.0,1.48,1.53,0.3,2,2969.0
4830,Volkswagen,2020.0,11.0,Australia,Passat,Sedan,Diesel,55196.0,396627.0,80.0,1.51,2.56,4.47,8,2412.0
4831,Toyota,2023.0,5.0,UK,Supra,Sedan,Petrol,61004.0,196590.0,54.0,1.76,1.98,5.21,1,696.0
4832,Audi,2017.0,5.0,Mexico,e-tron,Suv,Hybrid,64674.0,189970.0,4.0,1.11,2.33,10.94,4,868.0
4833,BMW,2015.0,9.0,Germany,X5,Sedan,Diesel,88639.0,394912.0,158.0,1.8518593517731547,1.598725573588773,3.2644075470692044,3,482.0
4834,Porsche,2022.0,12.0,Mexico,718,Sedan,Hybrid,149950.0,223970.0,18.0,1.08,1.97,10.91,3,193.0
4835,Tesla,2015.0,6.0,UK,Model X,Suv,Electric,40943.0,186941.0,17.0,1.8,1.64,4.94,2,2301.0
4836,BMW,2023.0,10.0,China,7 Series,Sedan,Petrol,107903.0,435105.0,255.0,1.174282806838171,5.8097878592091,3.374027319177462,1,891.0
4837,BMW,2021.0,12.0,UK,X7,Sedan,Electric,81511.0,173076.0,29.0,1.83,1.5074677337608362,4.7038315230301,2,346.0
4838,Toyota,2017.0,12.0,Australia,bZ4X,Suv,Petrol,40031.0,298954.0,31.0,1.66,3.03,4.11,5,240.0
4839,Mercedes-Benz,2021.0,12.0,China,GLE,Suv,Diesel,85195.0,334701.0,19.0,1.09,5.67,3.31,3,973.0
4840,Audi,2015.0,11.0,Germany,Q7,Suv,Electric,45632.0,172215.0,31.0,1.81,2.25,2.98,2,338.0
4841,Audi,2019.0,9.0,USA,A3,Sedan,Diesel,94625.0,412206.0,11.0,0.96,2.18,4.68,7,1054.0
4842,BMW,2020.0,7.0,Australia,i7,Sedan,Electric,49141.0,225858.0,228.0,1.6407399559258102,3.338997327718011,3.956850790072444,2,648.0
4843,Tesla,2017.0,1.0,USA,Model X,Suv,Electric,101963.0,221689.0,38.0,0.89,2.09,4.36,3,603.0
4844,Toyota,2022.0,12.0,Mexico,Supra,Sedan,Petrol,70477.0,256809.0,72.0,1.08,1.75,11.16,2,2462.0
4845,Audi,2021.0,6.0,Germany,A3,Sedan,Petrol,105256.0,533791.0,27.0,1.94,2.02,2.74,5,1141.0
4846,Audi,2019.0,7.0,Australia,e-tron,Suv,Petrol,59947.0,361480.0,56.0,1.52,2.89,4.23,3,522.0
4847,Ford,2024.0,7.0,India,Mustang,Sedan,Electric,44643.0,461113.0,13.0,0.96,7.15,6.47,8,3738.0
4848,Volkswagen,2021.0,5.0,Japan,Tiguan,Suv,Diesel,49151.0,223628.0,8.0,1.52,1.1,0.05,8,1206.0
4849,Tesla,2024.0,11.0,France,Model 3,Suv,Electric,124755.0,169979.0,20.0,1.89,1.82,3.52,6,858.0
4850,Mercedes-Benz,2019.0,2.0,Netherlands,E-Class,Sedan,Petrol,111101.0,160319.0,10.0,1.96,2.26,3.46,3,578.0
4851,Mercedes-Benz,2023.0,2.0,Spain,GLE,Suv,Electric,71660.0,151882.0,20.0,1.84,1.36,3.45,3,356.0
4852,Audi,2017.0,8.0,Mexico,RS6,Sedan,Petrol,51083.0,222261.0,57.0,1.07,2.38,11.26,9,993.0
4853,Toyota,2015.0,4.0,India,Supra,Sedan,Petrol,18523.0,206500.0,67.0,1.1,6.61,6.59,8,263.0
4854,Audi,2022.0,1.0,UK,Q8,Suv,Petrol,58464.0,546443.0,40.0,1.81,1.21,4.75,6,880.0
4855,Ford,2016.0,7.0,Australia,Explorer,Suv,Petrol,36986.0,392161.0,57.0,1.67,3.48,4.26,7,1986.0
4856,Mercedes-Benz,2021.0,8.0,Canada,C-Class,Sedan,Diesel,116059.0,120686.0,25.0,1.36,1.9,3.75,3,1141.0
4857,Volkswagen,2020.0,11.0,India,Touareg,Suv,Hybrid,30491.0,468397.0,23.0,1.05,7.46,6.26,6,669.0
4858,Ford,2017.0,1.0,China,Mustang Mach-E,Suv,Electric,38586.0,614619.0,36.0,1.06,6.38,3.22,9,1629.0
4859,BMW,2019.0,2.0,Japan,iX,Sedan,Electric,45304.0,128012.0,179.0,1.4792484037805318,1.6949078226464351,-0.0956628504683076,9,613.0
4860,Mercedes-Benz,2017.0,5.0,Australia,E-Class,Sedan,Diesel,36893.0,540553.0,64.0,1.55,2.71,4.41,3,396.0
4861,Porsche,2016.0,10.0,Spain,Cayenne Coupe,Suv,Petrol,66868.0,129086.0,5.0,1.76,1.1,3.34,8,47.0
4862,Tesla,2021.0,12.0,Canada,Model Y,Suv,Electric,100035.0,289787.0,39.0,1.35,2.24,4.15,6,2383.0
4863,Tesla,2021.0,8.0,Spain,Cybertruck,Suv,Electric,108291.0,157897.0,18.0,1.79,1.69,3.25,3,1472.0
4864,Tesla,2024.0,7.0,Germany,Model X,Suv,Electric,90657.0,32912.0,37.0,1.8,1.64,2.84,1,700.0
4866,Toyota,2018.0,12.0,Brazil,Camry,Sedan,Electric,40138.0,588351.0,94.0,1.28,3.52,10.73,2,2627.0
4867,Toyota,2023.0,3.0,India,Yaris,Sedan,Electric,22540.0,309468.0,85.0,1.0,7.05,6.61,2,477.0
4868,Ford,2015.0,9.0,Japan,Mustang,Sedan,Hybrid,67988.0,747677.0,108.0,1.45,0.9,0.36,6,2863.0
4869,BMW,2022.0,4.0,Japan,X5,Sedan,Electric,41089.0,77302.0,337.0,1.5676657409422277,1.6699143978146032,0.3052713538814252,8,880.0
4870,Mercedes-Benz,2020.0,6.0,Australia,GLC,Suv,Electric,118813.0,392761.0,30.0,1.54,3.0,4.4,7,253.0
4871,Mercedes-Benz,2021.0,12.0,Germany,S-Class,Sedan,Diesel,55739.0,246345.0,6.0,1.85,1.97,3.26,3,1250.0
4872,Volkswagen,2023.0,6.0,Italy,Tiguan,Suv,Diesel,61751.0,586218.0,73.0,1.85,1.07,3.49,9,1748.0
4873,Toyota,2016.0,4.0,Italy,Corolla,Sedan,Hybrid,18579.0,596067.0,95.0,1.79,1.23,3.76,10,2162.0
4874,Mercedes-Benz,2017.0,12.0,Italy,S-Class,Sedan,Diesel,127583.0,185436.0,57.0,1.88,0.61,3.72,6,440.0
4875,Audi,2019.0,11.0,Brazil,e-tron,Suv,Electric,92294.0,102290.0,25.0,1.16,3.81,10.3,8,1180.0
4876,Mercedes-Benz,2020.0,9.0,Australia,C-Class,Sedan,Diesel,96006.0,528719.0,54.0,1.51,2.58,4.02,5,821.0
4877,Tesla,2019.0,1.0,Japan,Model Y,Suv,Electric,125725.0,64384.0,39.0,1.49,1.14,-0.01,3,463.0
4878,Porsche,2019.0,3.0,UK,Macan,Suv,Petrol,119476.0,216047.0,7.0,1.9,1.0,5.23,9,473.0
4879,Porsche,2021.0,4.0,Spain,Macan EV,Suv,Petrol,138789.0,144149.0,9.0,1.79,1.45,3.52,7,121.0
4880,BMW,2016.0,8.0,Canada,X5,Sedan,Electric,64670.0,140054.0,224.0,1.3046781822748734,2.550616057841138,4.036733672969515,4,800.0
4881,Ford,2015.0,1.0,France,Explorer,Suv,Petrol,86809.0,235603.0,98.0,1.76,1.66,3.75,9,844.0
4882,Porsche,2024.0,8.0,Netherlands,Panamera Sport,Sedan,Electric,111458.0,211109.0,18.0,1.98,1.99,3.61,5,105.0
4883,Toyota,2023.0,1.0,Netherlands,Yaris,Sedan,Petrol,86239.0,515902.0,17.0,2.05,2.25,3.33,6,2028.0
4884,Mercedes-Benz,2019.0,10.0,Canada,GLE,Suv,Diesel,75722.0,546635.0,50.0,1.4,2.3,3.9,1,645.0
4885,BMW,2018.0,9.0,UK,i7,Sedan,Electric,94199.0,196895.0,92.0,1.806974580392385,1.4858717591863255,4.854065940632305,10,512.0
4886,BMW,2024.0,3.0,Germany,iX,Sedan,Petrol,59594.0,456965.0,82.0,1.939632342803949,2.2743948076661664,3.2917264466877616,1,288.0
4887,Volkswagen,2022.0,1.0,Italy,T-Roc,Suv,Hybrid,29501.0,574444.0,21.0,1.76,0.84,3.54,6,2141.0
4888,Mercedes-Benz,2020.0,6.0,China,EQS,Suv,Petrol,43990.0,277944.0,49.0,1.08,5.92,3.41,10,921.0
4889,Volkswagen,2018.0,7.0,France,Touareg,Suv,Electric,71619.0,348336.0,23.0,1.74,2.08,3.42,10,167.0
4890,Volkswagen,2016.0,12.0,Japan,Polo,Sedan,Petrol,76461.0,409745.0,64.0,1.45,1.04,0.14,4,2136.0
4891,Toyota,2019.0,6.0,India,Land Cruiser,Suv,Electric,45796.0,332074.0,63.0,1.15,6.86,6.24,9,428.0
4892,Volkswagen,2022.0,2.0,Mexico,Arteon,Sedan,Diesel,32144.0,452245.0,10.0,1.02,1.71,10.71,9,348.0
4893,Ford,2018.0,6.0,Italy,F-150 Lightning,Suv,Hybrid,67541.0,341627.0,94.0,1.91,0.87,3.31,1,2050.0
4894,Tesla,2015.0,4.0,China,Model X,Suv,Electric,73219.0,142580.0,38.0,1.0,5.84,3.49,1,109.0
4895,Audi,2015.0,9.0,Australia,A6,Sedan,Electric,52658.0,171099.0,14.0,1.54,2.83,4.44,6,697.0
4896,Mercedes-Benz,2022.0,4.0,Italy,A-Class,Sedan,Diesel,48790.0,381414.0,14.0,1.8,0.95,3.5,5,1259.0
4897,Toyota,2017.0,1.0,Mexico,Supra,Sedan,Hybrid,43223.0,100551.0,38.0,1.05,2.39,11.2,10,1903.0
4898,Porsche,2016.0,6.0,India,Taycan,Suv,Petrol,131428.0,273053.0,17.0,1.0,7.4,6.34,8,473.0
4899,Mercedes-Benz,2023.0,4.0,UK,GLE,Suv,Petrol,112237.0,67532.0,44.0,1.82,1.61,5.12,9,487.0
4900,Porsche,2021.0,9.0,India,Macan EV,Suv,Electric,170127.0,258746.0,8.0,1.11,6.8,6.71,5,70.0
4901,Audi,2021.0,2.0,France,RS6,Sedan,Diesel,90776.0,440443.0,34.0,1.85,2.07,3.57,10,493.0
4902,BMW,2020.0,11.0,India,7 Series,Sedan,Diesel,42370.0,459337.0,374.0,0.9612606551363676,6.511353644767419,6.481196385196476,3,1043.0
4903,Toyota,2024.0,10.0,Spain,Corolla,Sedan,Hybrid,59726.0,280757.0,60.0,1.83,1.09,3.26,6,1343.0
4904,Ford,2021.0,4.0,Japan,Mustang Mach-E,Suv,Petrol,54344.0,65330.0,31.0,1.45,1.28,0.26,7,696.0
4905,Audi,2015.0,3.0,UK,Q3,Suv,Hybrid,92075.0,386512.0,47.0,1.91,1.62,4.98,9,321.0
4906,Audi,2017.0,10.0,Mexico,Q5,Suv,Electric,78215.0,492061.0,20.0,1.08,2.25,10.79,3,835.0
4907,Tesla,2016.0,2.0,Australia,Cybertruck,Suv,Electric,40133.0,109280.0,38.0,1.51,3.43,4.36,2,1401.0
4908,Toyota,2024.0,4.0,Spain,Camry,Sedan,Petrol,51560.0,622251.0,71.0,1.84,1.25,3.46,5,870.0
4909,Toyota,2022.0,10.0,China,Camry,Sedan,Electric,60187.0,178677.0,35.0,1.09,5.93,3.55,7,2765.0
4910,Porsche,2018.0,6.0,France,Taycan,Suv,Petrol,83308.0,265950.0,8.0,1.7,1.86,3.36,7,467.0
4912,Ford,2019.0,6.0,USA,Mustang,Sedan,Petrol,70663.0,464169.0,114.0,0.97,2.99,4.29,7,573.0
4913,Toyota,2021.0,3.0,USA,Camry,Sedan,Electric,43972.0,251936.0,10.0,0.96,2.62,4.51,6,237.0
4914,Porsche,2019.0,3.0,Japan,911,Sedan,Electric,72156.0,251363.0,2.0,1.54,0.88,0.02,10,224.0
4915,Mercedes-Benz,2019.0,6.0,India,GLC,Suv,Electric,125910.0,521493.0,18.0,0.95,6.71,6.5,3,439.0
4916,Toyota,2022.0,6.0,Japan,bZ4X,Suv,Petrol,55290.0,620075.0,90.0,1.5,1.16,0.11,3,1387.0
4917,Tesla,2022.0,12.0,Netherlands,Model Y,Suv,Electric,68456.0,199638.0,37.0,2.0,2.16,3.74,6,341.0
4918,Ford,2018.0,12.0,USA,Edge,Suv,Petrol,85102.0,506668.0,70.0,1.05,2.02,4.21,7,3823.0
4919,Volkswagen,2020.0,7.0,India,T-Roc,Suv,Electric,65046.0,179939.0,89.0,0.99,7.17,6.71,10,937.0
4920,BMW,2015.0,9.0,USA,X1,Suv,Hybrid,78882.5,316907.0,56.0,0.9215775370866404,2.541634214660867,4.580086931895688,7,255.0
4921,Porsche,2020.0,10.0,France,718,Sedan,Electric,127707.0,281725.0,19.0,1.77,1.76,3.4,6,480.0
4922,Volkswagen,2020.0,6.0,Spain,T-Roc,Suv,Petrol,47026.0,316455.0,30.0,1.79,0.95,3.39,10,1547.0
4923,Toyota,2023.0,12.0,UK,Prius,Suv,Electric,36431.0,138345.0,76.0,1.86,1.06,5.22,4,1249.0
4924,Ford,2020.0,4.0,China,Edge,Suv,Hybrid,84735.0,470328.0,58.0,1.07,5.53,3.44,1,3501.0
4925,Toyota,2022.0,12.0,Italy,Camry,Sedan,Hybrid,23608.0,76886.0,30.0,1.84,0.76,3.31,1,1917.0
4926,Toyota,2017.0,2.0,Canada,C-HR,Suv,Hybrid,35012.0,348596.0,14.0,1.24,2.13,3.96,8,117.0
4927,BMW,2018.0,9.0,Germany,3 Series,Suv,Petrol,64793.0,289654.0,96.0,1.8553755296294407,2.220872400531813,2.7366467759129183,9,500.0
4928,Mercedes-Benz,2016.0,4.0,Japan,CLA,Sedan,Hybrid,34609.0,417328.0,41.0,1.57,0.93,-0.19,5,228.0
4929,Volkswagen,2021.0,8.0,Canada,T-Roc,Suv,Petrol,42513.0,342905.0,77.0,1.31,2.45,4.16,7,2724.0
4930,Audi,2017.0,8.0,Japan,RS6,Sedan,Electric,111233.0,132150.0,14.0,1.45,0.96,0.28,2,973.0
4932,BMW,2015.0,9.0,Brazil,X7,Sedan,Petrol,103876.0,315470.0,109.0,1.2896906613924313,3.4361265291353167,10.376679455725151,1,540.0
4933,Mercedes-Benz,2018.0,7.0,Canada,EQE,Suv,Diesel,123138.0,223864.0,56.0,1.32,2.63,3.85,10,1020.0
4934,Tesla,2024.0,5.0,Australia,Semi,Suv,Electric,89923.0,152695.0,11.0,1.64,3.19,4.07,9,1446.0
4935,Mercedes-Benz,2018.0,6.0,USA,GLE,Suv,Diesel,44884.0,174495.0,6.0,0.99,2.28,4.72,1,575.0
4936,Audi,2024.0,10.0,Australia,RS6,Sedan,Hybrid,46643.0,412220.0,37.0,1.64,2.61,4.02,6,126.0
4937,Audi,2019.0,3.0,India,TT,Sedan,Hybrid,49254.0,251299.0,10.0,1.09,7.16,6.57,10,55.0
4938,Toyota,2024.0,3.0,Australia,Corolla,Sedan,Hybrid,24732.0,405151.0,72.0,1.67,3.07,4.38,8,865.0
4939,Porsche,2021.0,7.0,UK,Panamera Sport,Sedan,Petrol,60535.0,360970.0,21.0,1.88,1.89,4.99,1,41.0
4940,Audi,2021.0,7.0,Netherlands,e-tron,Suv,Diesel,81410.0,139468.0,30.0,2.06,2.37,3.44,2,41.0
4942,Toyota,2021.0,4.0,Brazil,Highlander,Suv,Hybrid,56444.0,563992.0,34.0,1.15,3.56,10.77,5,1548.0
4943,Mercedes-Benz,2023.0,3.0,Japan,CLA,Sedan,Petrol,35951.0,237199.0,59.0,1.59,1.31,0.07,5,144.0
4944,Volkswagen,2018.0,6.0,UK,Arteon,Sedan,Hybrid,66128.0,575258.0,33.0,1.24,2.15,4.07,5,752.0
4945,BMW,2024.0,5.0,UK,i7,Sedan,Electric,56292.0,143109.0,371.0,1.9174026656727343,1.8672942009598024,5.125017786029021,3,931.0
4946,Toyota,2016.0,5.0,Brazil,Yaris,Sedan,Electric,56750.0,682629.0,45.0,1.14,3.17,10.3,5,699.0
4947,Audi,2020.0,2.0,Netherlands,Q5,Suv,Electric,42607.0,336768.5,33.0,1.96,1.64,3.77,3,647.0
4949,Porsche,2019.0,4.0,India,GTS,Sedan,Petrol,152613.0,301871.0,27.0,1.13,7.26,6.33,10,343.0
4950,Tesla,2021.0,8.0,USA,Model X Plaid,Suv,Electric,45820.0,171797.0,5.0,0.99,2.68,4.61,3,96.0
4951,Volkswagen,2018.0,6.0,Brazil,Taos,Suv,Electric,50128.0,426249.0,71.0,1.24,3.54,10.41,8,138.0
4952,Tesla,2016.0,5.0,France,Model X Plaid,Suv,Electric,55511.0,91375.0,21.0,1.72,1.53,3.32,2,1979.0
4953,Toyota,2016.0,1.0,Germany,Prius,Suv,Petrol,28843.0,661459.0,65.0,1.96,1.55,3.14,6,2548.0
4954,Volkswagen,2020.0,2.0,Australia,Arteon,Sedan,Electric,74065.0,203848.0,49.0,1.64,2.85,4.46,4,1702.0
4955,Tesla,2023.0,6.0,Netherlands,Semi,Suv,Electric,58551.0,281158.0,9.0,2.02,2.25,3.27,6,2330.0
4956,Toyota,2017.0,4.0,Netherlands,Camry,Sedan,Petrol,27521.0,441024.0,75.0,2.01,1.85,3.57,1,1472.0
4957,BMW,2022.0,5.0,UK,X1,Suv,Diesel,88051.0,175549.0,48.0,1.8123444135591096,1.7885972112245307,4.7910049278396505,8,209.0
4958,Tesla,2017.0,8.0,Japan,Model X,Suv,Electric,86511.0,15613.0,29.0,1.47,1.16,-0.08,5,1235.0
4959,Ford,2021.0,8.0,UK,Mustang,Sedan,Hybrid,55034.0,116334.0,78.0,1.84,1.72,3.52,7,452.0
4960,Porsche,2018.0,6.0,Mexico,Panamera,Sedan,Hybrid,131100.0,89577.0,9.0,1.08,1.85,11.12,9,305.0
4961,BMW,2020.0,7.0,France,X1,Suv,Diesel,114854.0,409698.0,319.0,1.88296918021362,1.5983677727394798,3.451355269702729,2,807.0
4962,Audi,2017.0,3.0,UK,Q5,Suv,Hybrid,53365.0,243813.0,23.0,1.78,1.32,5.07,9,458.0
4963,BMW,2015.0,3.0,France,X3,Suv,Diesel,53610.0,128840.0,225.0,1.8892230924267264,1.2819281304952712,3.7170713726081104,4,675.0
4964,Volkswagen,2018.0,12.0,UK,Touareg,Suv,Petrol,54377.0,348336.0,55.0,1.86,1.63,4.86,2,1985.0
4965,Audi,2018.0,3.0,India,Q5,Suv,Electric,78051.0,412505.0,52.0,1.03,7.01,6.59,4,1062.0
4966,Volkswagen,2020.0,6.0,Japan,Taos,Suv,Electric,66964.0,73615.0,62.0,1.56,1.32,0.23,3,2591.0
4967,Porsche,2020.0,10.0,Netherlands,Taycan,Suv,Electric,119314.0,231443.0,9.0,1.94,2.58,3.73,8,147.0
4968,Porsche,2018.0,9.0,Netherlands,718,Sedan,Hybrid,194161.0,188686.0,13.0,2.02,2.18,3.52,4,361.0
4971,Ford,2024.0,10.0,Australia,Mustang Mach-E,Suv,Hybrid,49047.0,276076.0,36.0,1.63,3.34,4.1,8,1966.0
4972,Volkswagen,2017.0,10.0,Australia,Tiguan,Suv,Petrol,22549.0,323935.0,68.0,1.57,3.19,4.28,5,529.0
4973,Tesla,2020.0,4.0,China,Model X,Suv,Electric,41036.0,148533.0,26.0,1.08,5.97,3.74,6,1758.0
4974,Ford,2021.0,6.0,Australia,Expedition,Suv,Electric,51497.0,463673.0,111.0,1.61,3.3,4.51,10,2227.0
4975,BMW,2018.0,4.0,Japan,X3,Suv,Petrol,71824.0,411390.0,37.0,1.4249325362406533,1.6848411989623346,0.3033388518675605,4,191.0
4976,Toyota,2016.0,8.0,Netherlands,RAV4,Suv,Petrol,40415.0,419743.0,28.0,2.06,2.46,3.33,1,1187.0
4977,Porsche,2024.0,3.0,USA,Panamera,Sedan,Electric,163126.0,153681.0,18.0,0.93,2.15,4.45,3,204.0
4978,Volkswagen,2023.0,5.0,UK,T-Roc,Suv,Hybrid,48585.0,508981.0,19.0,1.01,2.44,10.73,9,1750.0
4979,Volkswagen,2022.0,10.0,Italy,Touareg,Suv,Electric,77580.0,243585.0,67.0,1.83,0.75,3.65,9,2346.0
4980,Ford,2019.0,1.0,Germany,Explorer,Suv,Electric,24607.0,770009.0,87.0,1.94,1.66,3.0,3,803.0
4981,Toyota,2016.0,3.0,Germany,bZ4X,Suv,Petrol,89508.0,539249.0,71.0,1.81,1.86,2.85,4,1245.0
4982,Audi,2019.0,4.0,France,e-tron,Suv,Hybrid,50995.0,149529.0,32.0,1.79,1.14,3.33,10,812.0
4983,Mercedes-Benz,2017.0,1.0,UK,EQE,Suv,Petrol,58811.0,81063.0,32.0,1.95,1.07,3.7,9,1160.0
4984,Toyota,2024.0,5.0,India,Yaris,Sedan,Electric,77570.0,551157.0,70.0,0.96,7.48,6.46,9,2292.0
4985,Toyota,2017.0,4.0,Netherlands,Highlander,Suv,Petrol,41272.0,48939.0,81.0,2.0,1.96,3.4,5,1017.0
4986,Porsche,2017.0,1.0,Mexico,Cayenne,Suv,Electric,73206.0,148160.0,9.0,1.0950000000000002,2.25,11.15,8,311.0
4987,Porsche,2024.0,3.0,UK,Cayenne Coupe,Suv,Petrol,122347.0,167113.0,14.0,1.93,1.84,4.81,8,337.0
4988,Porsche,2015.0,10.0,Spain,Panamera,Sedan,Electric,132855.0,337425.0,15.0,1.81,1.68,3.23,4,152.0
4989,BMW,2015.0,1.0,UK,3 Series,Suv,Hybrid,55827.0,425348.0,198.0,1.777019545720385,1.95300945546736,3.3766693352417514,2,706.0
4990,BMW,2015.0,7.0,UK,X5,Sedan,Hybrid,107635.0,280063.0,282.0,1.928374428962147,1.3133479175851432,5.173359483065604,10,662.0
4991,Ford,2017.0,9.0,India,Mustang Mach-E,Suv,Petrol,71241.0,381110.0,55.0,1.09,7.06,6.3,7,1240.0
4992,Toyota,2018.0,10.0,Spain,Supra,Sedan,Petrol,87983.0,133917.0,90.0,1.75,0.81,3.43,4,1019.0
4993,Tesla,2019.0,3.0,Canada,Model S,Suv,Electric,68738.0,229283.0,13.0,1.3,2.46,3.73,7,2447.0
4994,Mercedes-Benz,2021.0,8.0,Canada,GLS,Suv,Diesel,78695.0,274894.0,37.0,1.4,2.08,3.96,8,597.0
4996,Porsche,2020.0,6.0,UK,Cayenne Coupe,Suv,Petrol,110879.0,135930.0,14.0,1.86,1.48,5.18,9,251.0
4997,Audi,2019.0,10.0,Mexico,Q5,Suv,Hybrid,53813.0,77388.0,4.0,1.04,1.74,10.74,2,432.0
4999,Audi,2024.0,7.0,India,Q7,Suv,Diesel,83930.0,505653.0,18.0,1.09,7.46,6.3,2,615.0
5000,Ford,2020.0,8.0,Germany,Explorer,Suv,Electric,52169.0,207200.0,61.0,1.81,1.82,3.24,10,406.0
5001,Porsche,2018.0,5.0,Brazil,Macan EV,Suv,Electric,145105.0,277857.0,16.0,1.22,3.92,10.52,5,249.0
5002,Tesla,2016.0,11.0,Mexico,Model X,Suv,Electric,39511.0,49063.0,3.0,1.02,1.88,10.9,2,279.0
5003,Ford,2016.0,1.0,France,F-150 Lightning,Suv,Electric,68080.0,529886.0,46.0,1.86,2.08,3.39,3,3527.0
5005,Ford,2015.0,10.0,Spain,Ranger,Suv,Petrol,23413.0,455285.0,87.0,1.65,1.51,3.28,6,2355.0
5006,Tesla,2023.0,12.0,USA,Model Y,Suv,Electric,91770.0,214447.0,32.0,0.89,2.81,4.48,5,889.0
5007,Tesla,2022.0,1.0,Australia,Model Y,Suv,Electric,105627.0,97079.0,38.0,1.64,2.79,4.36,7,2167.0
5008,Volkswagen,2018.0,11.0,China,Golf,Sedan,Petrol,72997.0,134313.0,25.0,1.06,5.56,3.6,5,1891.0
5009,Mercedes-Benz,2015.0,6.0,China,GLC,Suv,Petrol,41867.0,397868.0,29.0,1.04,6.02,3.74,4,541.0
5010,Volkswagen,2023.0,6.0,Italy,Polo,Sedan,Hybrid,79978.0,87127.0,66.0,1.84,1.18,3.67,2,2083.0
5012,Mercedes-Benz,2016.0,2.0,France,EQS,Suv,Petrol,90536.0,88807.0,32.0,1.89,1.78,3.42,3,883.0
5013,Toyota,2019.0,4.0,Australia,C-HR,Suv,Electric,35823.0,622397.0,42.0,1.54,3.17,4.42,7,1880.0
5014,Toyota,2022.0,3.0,Spain,Prius,Suv,Electric,46056.0,170680.0,62.0,1.78,0.85,3.56,6,2487.0
5015,Porsche,2016.0,4.0,Brazil,Panamera Sport,Sedan,Petrol,185419.0,220183.0,21.0,1.16,3.24,10.69,8,489.0
5016,Mercedes-Benz,2019.0,8.0,France,EQS,Suv,Petrol,71716.0,301888.0,56.0,1.84,1.39,3.39,7,1012.0
5017,Audi,2022.0,10.0,Mexico,A4,Sedan,Petrol,70959.0,516807.0,42.0,1.18,1.72,11.1,2,109.0
5018,Mercedes-Benz,2021.0,6.0,Australia,EQE,Suv,Petrol,78683.0,417433.0,50.0,1.66,3.08,4.49,7,984.0
5019,Volkswagen,2023.0,2.0,USA,Touareg,Suv,Petrol,72427.0,372105.0,14.0,0.97,2.9,4.5,10,1913.0
5020,Volkswagen,2021.0,3.0,Mexico,T-Roc,Suv,Petrol,60067.0,470810.0,55.0,1.06,1.54,10.83,8,216.0
5021,Tesla,2019.0,4.0,Japan,Semi,Suv,Electric,53445.0,161802.0,30.0,1.41,1.64,-0.08,10,704.0
5022,Volkswagen,2024.0,10.0,Mexico,Passat,Sedan,Petrol,33159.0,372423.0,22.0,1.09,1.91,11.07,3,2279.0
5023,Volkswagen,2015.0,11.0,Canada,Passat,Sedan,Diesel,59673.0,528004.0,40.0,1.29,2.28,3.9,8,133.0
5024,Toyota,2023.0,4.0,Spain,bZ4X,Suv,Petrol,25189.0,610995.0,36.0,1.67,1.62,3.74,2,2098.0
5025,Audi,2019.0,9.0,Italy,A3,Sedan,Hybrid,95510.0,350855.0,54.0,1.76,0.82,3.73,2,488.0
5026,Toyota,2015.0,3.0,Netherlands,RAV4,Suv,Petrol,73878.0,84335.0,28.0,1.97,2.29,3.54,2,2924.0
5027,Ford,2019.0,3.0,UK,F-150 Lightning,Suv,Electric,72352.0,431482.0,40.0,1.77,1.27,5.12,10,3248.0
5028,Ford,2016.0,8.0,Canada,Mustang Mach-E,Suv,Electric,68776.0,562526.0,118.0,1.23,2.45,3.93,1,2211.0
5029,Porsche,2017.0,7.0,Netherlands,Panamera,Sedan,Electric,128265.0,375575.0,22.0,2.05,2.47,3.45,7,496.0
5030,Tesla,2015.0,2.0,UK,Model X Plaid,Suv,Electric,117601.0,193293.0,9.0,1.87,1.79,5.14,3,923.0
5031,BMW,2020.0,11.0,France,iX,Sedan,Hybrid,65480.0,209762.0,325.0,1.7018663239654188,1.260071634954573,3.476934484651874,1,984.0
5033,Tesla,2015.0,4.0,UK,Cybertruck,Suv,Electric,102112.0,223356.0,11.0,1.93,1.37,4.73,7,96.0
5034,Porsche,2020.0,4.0,France,718,Sedan,Petrol,147075.0,214451.0,29.0,1.86,1.91,3.21,4,390.0
5035,Toyota,2024.0,2.0,Mexico,Highlander,Suv,Electric,57214.0,327279.0,50.0,1.17,2.42,10.92,5,1231.0
5036,Ford,2018.0,2.0,Japan,Expedition,Suv,Electric,57304.0,715844.0,55.0,1.5,1.17,-0.03,4,2142.0
5037,Audi,2022.0,12.0,Germany,RS6,Sedan,Electric,69450.0,128799.0,57.0,1.84,2.07,2.95,2,1069.0
5038,Ford,2019.0,9.0,USA,Bronco,Suv,Electric,62666.5,115126.0,59.0,1.07,2.56,4.64,2,2797.0
5039,Toyota,2016.0,2.0,Italy,Camry,Sedan,Electric,23891.0,123138.0,85.0,1.81,0.56,3.43,2,1990.0
5040,Mercedes-Benz,2024.0,7.0,China,EQE,Suv,Diesel,43726.0,398975.0,16.0,1.09,6.03,3.73,3,673.0
5041,Ford,2023.0,7.0,Mexico,Explorer,Suv,Hybrid,90715.0,221434.0,48.0,1.03,1.56,11.14,8,922.0
5042,Audi,2020.0,10.0,China,A6,Sedan,Electric,73754.0,299860.0,13.0,1.07,5.86,3.31,10,884.0
5043,Tesla,2015.0,7.0,Canada,Model S Plaid,Suv,Electric,89495.0,37725.0,12.0,1.28,1.92,4.08,8,600.0
5044,Audi,2023.0,9.0,Mexico,A3,Sedan,Electric,47448.0,199546.0,46.0,1.02,2.22,10.98,9,1074.0
5045,Toyota,2018.0,1.0,Germany,C-HR,Suv,Hybrid,26198.0,378770.0,56.0,1.85,1.95,2.87,7,2916.0
5046,Tesla,2015.0,2.0,Australia,Model X,Suv,Electric,78265.0,260485.0,27.0,1.59,2.72,4.19,7,1655.0
5047,Mercedes-Benz,2022.0,5.0,Italy,GLC,Suv,Petrol,33076.0,497475.0,10.0,1.88,1.41,3.33,6,831.0
5048,Toyota,2017.0,11.0,China,C-HR,Suv,Petrol,63535.0,395865.0,23.0,1.07,6.035,3.77,1,1410.0
5049,Volkswagen,2024.0,12.0,France,T-Roc,Suv,Hybrid,30669.0,324615.0,43.0,1.76,1.57,3.5,2,1852.0
5050,Volkswagen,2016.0,1.0,Mexico,Golf,Sedan,Hybrid,59006.0,77856.0,34.0,1.13,1.67,11.11,3,1576.0
5051,Porsche,2017.0,10.0,China,Cayenne Coupe,Suv,Petrol,180898.0,160347.0,21.0,1.01,6.36,3.46,6,305.0
5052,Porsche,2024.0,5.0,UK,Cayenne Coupe,Suv,Hybrid,159353.0,361049.0,15.0,1.78,1.33,5.21,3,120.0
5053,Audi,2023.0,6.0,India,A4,Sedan,Hybrid,52199.0,118946.0,50.0,1.01,7.36,6.7,3,677.0
5054,Volkswagen,2015.0,8.0,Australia,Tiguan,Suv,Petrol,56588.0,475228.0,47.0,1.57,2.93,4.18,5,672.0
5055,Audi,2019.0,11.0,Mexico,Q8,Suv,Hybrid,100261.0,162162.0,18.0,1.14,2.27,11.27,3,264.0
5056,Tesla,2024.0,1.0,Italy,Semi,Suv,Electric,83746.0,59557.0,27.0,1.86,0.82,3.48,1,939.0
5057,Audi,2016.0,12.0,Spain,e-tron,Suv,Petrol,102928.0,394497.0,4.0,1.8,0.87,3.54,1,273.0
5058,Audi,2017.0,1.0,Netherlands,RS6,Sedan,Diesel,41178.0,469977.0,33.0,2.08,2.57,3.25,8,833.0
5059,Audi,2019.0,12.0,Mexico,Q3,Suv,Electric,81733.0,369647.0,42.0,1.17,1.93,10.84,3,928.0
5060,Porsche,2019.0,11.0,France,718,Sedan,Electric,83184.0,252337.0,5.0,1.83,1.34,3.47,3,270.0
5061,Toyota,2018.0,12.0,Germany,Highlander,Suv,Petrol,74972.0,241588.0,93.0,1.97,1.37,3.3,6,1022.0
5062,Ford,2021.0,2.0,Canada,Edge,Suv,Hybrid,23639.0,298798.0,111.0,1.26,2.24,4.08,10,2592.0
5063,Volkswagen,2023.0,1.0,Australia,Taos,Suv,Diesel,46510.0,165529.0,81.0,1.7,2.51,4.01,10,1995.0
5065,Ford,2023.0,5.0,Germany,Explorer,Suv,Hybrid,37490.0,93676.0,117.0,1.93,1.94,2.92,7,1020.0
5066,Audi,2023.0,8.0,Australia,A3,Sedan,Electric,70066.0,158107.0,42.0,1.53,2.77,4.48,1,354.0
5067,BMW,2022.0,9.0,Germany,X7,Sedan,Hybrid,95354.0,329343.0,123.0,1.9392059593349944,1.85680126245835,3.2616928644964687,6,531.0
5068,Audi,2016.0,11.0,Italy,A6,Sedan,Diesel,88927.0,392084.0,33.0,1.82,1.24,3.36,5,684.0
5069,Toyota,2024.0,1.0,Mexico,Supra,Sedan,Petrol,82516.0,268689.0,87.0,1.07,2.48,11.25,9,208.0
5070,Toyota,2018.0,11.0,UK,Corolla,Sedan,Petrol,43926.0,354978.0,64.0,1.93,1.57,4.91,10,2022.0
5072,Volkswagen,2018.0,11.0,UK,ID.3,Suv,Hybrid,40537.0,443273.0,19.0,1.89,1.18,4.9,6,1302.0
5073,Toyota,2021.0,1.0,Italy,Land Cruiser,Suv,Electric,42208.0,265778.0,52.0,1.87,0.91,3.31,5,2991.0
5074,Mercedes-Benz,2024.0,9.0,Netherlands,GLS,Suv,Electric,77651.0,81304.0,5.0,2.01,2.25,3.54,2,172.0
5075,Porsche,2017.0,7.0,Spain,Macan EV,Suv,Petrol,146461.0,376468.0,29.0,1.74,1.55,3.55,10,85.0
5076,Audi,2020.0,7.0,Japan,TT,Sedan,Electric,78356.0,239764.0,51.0,1.57,1.02,0.36,8,553.0
5077,Ford,2018.0,3.0,Brazil,Mustang Mach-E,Suv,Hybrid,46933.0,439968.0,113.0,1.26,3.03,10.42,3,1427.0
5078,Audi,2017.0,6.0,Canada,Q5,Suv,Petrol,76599.0,283719.0,13.0,1.38,2.47,3.97,1,379.0
5080,Tesla,2023.0,6.0,Germany,Cybertruck,Suv,Electric,97052.0,174098.0,23.0,1.98,2.11,2.73,6,1256.0
5081,Porsche,2022.0,8.0,Brazil,911,Sedan,Petrol,149230.0,266811.0,10.0,1.21,3.39,10.33,10,473.0
5082,Audi,2019.0,3.0,Germany,Q3,Suv,Petrol,96922.0,528126.0,35.0,1.95,1.64,2.93,10,824.0
5083,BMW,2020.0,8.0,Brazil,X7,Sedan,Hybrid,72038.0,401136.0,195.0,1.1717660968247006,3.6651972206962,10.513839254861471,7,407.0
5084,Tesla,2017.0,8.0,Canada,Cybertruck,Suv,Electric,50718.0,278465.0,8.0,1.31,2.04,3.81,5,230.0
5085,Ford,2015.0,2.0,Canada,Expedition,Suv,Electric,65512.0,580455.0,12.0,1.28,2.18,4.01,8,3354.0
5086,Toyota,2024.0,7.0,Germany,Yaris,Sedan,Hybrid,80537.0,53306.0,31.0,1.89,1.74,3.23,7,315.0
5087,Porsche,2018.0,11.0,Spain,718,Sedan,Hybrid,83188.0,160483.0,6.0,1.85,1.09,3.56,8,172.0
5088,Porsche,2017.0,2.0,USA,911,Sedan,Hybrid,164689.0,190470.0,23.0,0.93,2.0,4.43,5,315.0
5089,Porsche,2018.0,9.0,Spain,Taycan,Suv,Petrol,183514.0,267309.0,24.0,1.68,0.9,3.4,7,227.0
5090,Tesla,2022.0,7.0,Mexico,Cybertruck,Suv,Electric,108419.0,46223.0,8.0,1.08,2.0,10.86,7,1409.0
5091,Porsche,2022.0,5.0,Australia,718,Sedan,Petrol,65725.0,395272.0,25.0,1.7,3.19,4.41,3,382.0
5092,Mercedes-Benz,2023.0,7.0,Canada,CLA,Sedan,Petrol,95455.0,471992.0,50.0,1.31,2.43,4.26,5,1154.0
5093,Volkswagen,2023.0,5.0,USA,ID.3,Suv,Hybrid,61538.0,110760.0,74.0,0.97,2.39,4.39,10,2621.0
5094,BMW,2017.0,7.0,China,X3,Suv,Petrol,70398.0,306323.0,324.0,1.0125379243243733,5.776169557820899,3.6241858924734296,10,951.0
5095,BMW,2024.0,5.0,Japan,iX,Sedan,Hybrid,49997.0,400036.0,146.0,1.459261624091198,1.0546221576407766,-0.0276566050075509,1,465.0
5096,Ford,2019.0,1.0,Mexico,Mustang Mach-E,Suv,Petrol,31053.0,348499.0,18.0,1.04,1.7,10.8,10,3158.0
5098,Ford,2019.0,8.0,Mexico,Escape,Suv,Electric,61934.0,474734.0,69.0,1.1,1.7,10.87,1,2169.0
5099,Mercedes-Benz,2022.0,9.0,USA,GLC,Suv,Electric,57935.0,311119.0,18.0,0.94,2.92,4.45,9,972.0
5100,Mercedes-Benz,2018.0,4.0,Germany,GLC,Suv,Electric,79166.0,126194.0,60.0,1.8,2.03,2.92,4,601.0
5101,Volkswagen,2020.0,10.0,India,T-Roc,Suv,Petrol,48612.0,129964.0,11.0,1.01,7.47,6.63,6,1511.0
5102,Tesla,2019.0,12.0,Mexico,Model Y,Suv,Electric,43007.0,290721.0,36.0,1.15,1.61,11.02,6,342.0
5104,Toyota,2016.0,8.0,UK,Yaris,Sedan,Electric,72189.0,579246.0,69.0,1.79,1.27,5.3,8,2219.0
5105,Tesla,2017.0,4.0,Spain,Model X Plaid,Suv,Electric,53848.0,172047.0,22.0,1.78,1.78,3.24,1,1123.0
5106,Audi,2018.0,3.0,Spain,Q3,Suv,Electric,54096.0,353629.0,40.0,1.76,1.25,3.41,2,792.0
5107,Toyota,2024.0,9.0,UK,Supra,Sedan,Hybrid,84083.0,623337.0,85.0,1.75,1.54,4.7,4,2840.0
5108,Volkswagen,2021.0,7.0,Australia,Touareg,Suv,Petrol,26283.0,85889.0,10.0,1.65,3.42,4.18,8,748.0
5109,Volkswagen,2020.0,4.0,Brazil,Golf,Sedan,Petrol,65975.0,543997.0,12.0,1.24,3.41,10.25,7,1672.0
5110,BMW,2022.0,3.0,UK,iX,Sedan,Hybrid,105152.0,422078.0,338.0,1.909562729771727,1.8078459419412587,5.157371080865969,9,717.0
5111,Toyota,2019.0,6.0,India,Land Cruiser,Suv,Hybrid,60876.0,517008.0,96.0,1.01,6.53,6.56,3,1244.0
5112,Porsche,2017.0,8.0,Australia,GTS,Sedan,Hybrid,156248.0,143910.0,16.0,1.58,2.94,4.1,7,456.0
5113,Mercedes-Benz,2024.0,11.0,Brazil,C-Class,Sedan,Hybrid,54972.0,391543.0,20.0,1.26,3.36,10.69,7,759.0
5114,Ford,2018.0,10.0,Japan,Mustang Mach-E,Suv,Electric,39309.0,370030.0,42.0,1.57,1.04,0.39,7,3050.0
5115,Ford,2018.0,9.0,UK,F-150 Lightning,Suv,Electric,28407.0,184232.0,63.0,1.81,1.15,4.94,8,1562.0
5116,Ford,2015.0,10.0,USA,Mustang,Sedan,Hybrid,87360.0,97748.0,29.0,1.03,2.67,4.21,10,727.0
5117,Porsche,2018.0,2.0,Italy,Cayenne,Suv,Petrol,78457.0,164442.0,22.0,1.86,1.26,3.49,6,240.0
5118,Ford,2019.0,8.0,Brazil,Escape,Suv,Electric,74614.0,302832.0,66.0,1.26,3.77,10.32,6,982.0
5119,Porsche,2020.0,6.0,Canada,Cayenne,Suv,Hybrid,198709.0,319258.0,24.0,1.22,2.12,4.08,9,303.0
5120,Toyota,2019.0,10.0,Mexico,Highlander,Suv,Hybrid,52722.0,171116.0,22.0,1.2,2.36,10.72,1,413.0
5121,Audi,2020.0,11.0,Netherlands,RS6,Sedan,Electric,50756.0,379924.0,12.0,2.01,1.72,3.76,7,84.0
5122,Tesla,2015.0,3.0,Australia,Model S Plaid,Suv,Electric,68347.0,125574.0,19.5,1.66,3.43,4.55,1,1071.0
5123,Tesla,2017.0,1.0,USA,Semi,Suv,Electric,82578.0,227878.0,19.0,1.07,2.54,4.58,4,72.0
5124,Audi,2015.0,10.0,Canada,RS6,Sedan,Diesel,49561.0,358962.0,43.0,1.22,2.52,4.21,10,871.0
5125,Toyota,2024.0,3.0,Australia,Yaris,Sedan,Petrol,67171.0,600941.0,29.0,1.57,3.38,4.05,9,2273.0
5127,Volkswagen,2023.0,12.0,UK,ID.3,Suv,Diesel,24180.0,436860.0,82.0,1.06,6.77,6.32,2,2727.0
5128,Volkswagen,2019.0,7.0,Canada,Passat,Sedan,Electric,36482.0,401160.0,48.0,1.4,2.14,4.02,9,1761.0
5129,Mercedes-Benz,2019.0,11.0,France,GLS,Suv,Hybrid,77668.0,541720.0,37.0,1.83,1.75,3.43,2,715.0
5130,Porsche,2019.0,3.0,Canada,GTS,Sedan,Electric,184706.0,367302.0,15.0,1.27,2.37,3.81,2,435.0
5131,Mercedes-Benz,2022.0,2.0,Germany,EQE,Suv,Diesel,33207.0,265330.0,54.0,1.87,1.9,3.06,5,488.0
5132,Mercedes-Benz,2015.0,7.0,Spain,C-Class,Sedan,Petrol,39212.0,525714.0,62.0,1.78,1.25,3.21,3,335.0
5133,Tesla,2019.0,3.0,Mexico,Semi,Suv,Electric,104815.0,96865.0,20.0,1.11,2.11,11.24,8,639.0
5134,Audi,2023.0,4.0,Germany,A4,Sedan,Hybrid,113786.0,322944.0,18.0,1.87,2.28,2.81,6,826.0
5135,Tesla,2019.0,1.0,Italy,Model S Plaid,Suv,Electric,96650.0,205479.0,6.0,1.82,1.29,3.2,4,90.0
5137,Porsche,2019.0,12.0,UK,Cayenne,Suv,Petrol,135582.0,159485.0,9.0,1.82,1.34,4.73,10,379.0
5138,Mercedes-Benz,2018.0,12.0,UK,CLA,Sedan,Electric,123558.0,448778.0,50.0,1.85,1.44,5.07,9,300.0
5139,Mercedes-Benz,2016.0,6.0,Brazil,A-Class,Sedan,Diesel,57940.0,572273.0,15.0,1.17,3.01,10.49,1,1256.0
5140,BMW,2015.0,10.0,France,X3,Suv,Diesel,63557.0,420635.0,218.0,1.835820463828898,1.990527280739895,3.556155472132429,9,542.0
5142,Volkswagen,2019.0,8.0,Canada,T-Roc,Suv,Electric,65660.0,300343.0,14.0,1.36,2.17,3.9,8,1789.0
5143,BMW,2015.0,8.0,Germany,X3,Suv,Petrol,42533.0,110654.0,322.0,1.9757031122602693,1.867016260986668,3.143069525550796,5,721.0
5144,Ford,2023.0,2.0,Japan,Edge,Suv,Petrol,82665.0,308930.0,32.0,1.505,1.46,0.28,4,3835.0
5145,Toyota,2024.0,4.0,India,Corolla,Sedan,Electric,39638.0,234783.0,42.0,1.06,6.73,6.75,10,1886.0
5146,Tesla,2021.0,7.0,Germany,Model S Plaid,Suv,Electric,62016.0,121155.0,17.0,1.86,1.39,2.77,5,782.0
5147,Tesla,2023.0,6.0,USA,Semi,Suv,Electric,103839.0,114263.0,34.0,0.93,2.9,4.2,9,2149.0
5148,Toyota,2016.0,11.0,Japan,Prius,Suv,Hybrid,87997.0,435387.0,31.0,1.53,1.02,-0.0,6,1016.0
5149,Tesla,2022.0,5.0,India,Model S,Suv,Electric,120410.0,39043.0,25.0,1.03,7.3,6.55,1,869.0
5150,Porsche,2020.0,8.0,Australia,Panamera Sport,Sedan,Hybrid,116926.0,114233.0,29.0,1.6,3.02,4.11,4,76.0
5151,BMW,2015.0,5.0,France,i4,Suv,Electric,91396.0,61549.0,16.0,1.714808930346818,1.829007168040988,3.662762208011568,7,15.0
5152,Toyota,2021.0,3.0,Netherlands,Corolla,Sedan,Hybrid,50556.0,624142.0,41.0,2.01,2.46,3.51,3,1154.0
5153,Audi,2018.0,6.0,Japan,Q3,Suv,Electric,65258.0,313103.0,46.0,1.48,0.88,0.15,10,420.0
5154,Audi,2022.0,12.0,Netherlands,A3,Sedan,Hybrid,57406.0,284346.0,30.0,2.03,1.9,3.6,4,658.0
5155,Tesla,2019.0,11.0,Australia,Model S,Suv,Electric,79083.0,148082.0,32.0,1.56,2.65,4.09,5,1708.0
5157,Ford,2019.0,11.0,Germany,Explorer,Suv,Hybrid,64545.0,690492.0,67.0,1.82,2.19,2.97,5,3481.0
5158,Ford,2018.0,3.0,Australia,Mustang,Sedan,Electric,82783.0,81406.0,98.0,1.65,2.98,4.28,7,1204.0
5159,Toyota,2018.0,8.0,USA,Corolla,Sedan,Petrol,68719.0,339945.0,51.0,0.9,2.25,4.65,10,2025.0
5160,Toyota,2017.0,11.0,China,RAV4,Suv,Electric,56957.0,248891.0,79.0,1.1,5.86,3.68,8,2794.0
5161,Toyota,2018.0,2.0,Spain,bZ4X,Suv,Electric,30334.0,515273.0,53.0,1.76,1.5,3.53,8,601.0
5162,BMW,2019.0,7.0,Brazil,7 Series,Sedan,Electric,92986.0,74624.0,231.0,1.1084844596413783,3.583772780514112,10.771333071418557,7,704.0
5163,Audi,2019.0,4.0,Brazil,Q3,Suv,Electric,61460.0,541361.0,13.0,1.3,3.09,10.64,1,716.0
5165,Porsche,2020.0,2.0,Germany,Panamera,Sedan,Petrol,107041.0,263088.0,17.0,1.82,2.15,2.73,1,182.0
5167,Porsche,2022.0,7.0,Canada,Taycan,Suv,Hybrid,87034.0,274541.0,26.0,1.27,2.26,3.72,6,459.0
5168,Porsche,2024.0,8.0,Japan,Panamera,Sedan,Petrol,80925.0,182391.0,15.0,1.49,1.07,0.1,5,254.0
5169,Ford,2021.0,2.0,UK,F-150 Lightning,Suv,Electric,29054.0,388526.0,75.0,1.95,1.09,4.77,7,3943.0
5170,Porsche,2015.0,1.0,Spain,Cayenne,Suv,Electric,75274.0,330503.0,14.0,1.66,1.21,3.51,6,6.0
5171,Volkswagen,2018.0,6.0,France,Polo,Sedan,Electric,49668.0,407476.0,32.0,1.72,2.0,3.68,7,2590.0
5172,Mercedes-Benz,2024.0,7.0,Australia,CLA,Sedan,Petrol,129040.0,228414.0,25.0,1.57,2.94,4.11,8,121.0
5173,Audi,2018.0,5.0,Mexico,RS6,Sedan,Electric,70904.0,405942.0,15.0,1.01,2.22,11.24,3,917.0
5174,Ford,2018.0,7.0,Australia,Edge,Suv,Electric,62265.0,148815.0,110.0,1.61,2.98,3.99,4,3469.0
5175,Porsche,2024.0,11.0,Brazil,Panamera,Sedan,Hybrid,130968.0,96323.0,14.0,1.13,3.74,10.28,10,316.0
5176,Volkswagen,2022.0,5.0,India,T-Roc,Suv,Electric,63802.0,185558.0,9.0,1.07,7.41,6.68,9,1954.0
5177,Volkswagen,2017.0,1.0,China,Touareg,Suv,Diesel,41291.0,152894.0,12.0,1.06,5.57,3.77,4,2097.0
5178,Toyota,2017.0,3.0,Netherlands,Land Cruiser,Suv,Hybrid,38806.0,474067.0,34.0,2.02,1.91,3.79,4,2469.0
5179,BMW,2020.0,12.0,France,X1,Suv,Petrol,83849.0,320577.0,191.0,1.826680170863345,1.5926180939928698,3.3972509661725048,7,396.0
5180,Tesla,2015.0,5.0,Mexico,Model S,Suv,Electric,92959.0,184851.0,36.0,1.0,1.57,10.83,2,1184.0
5181,BMW,2016.0,4.0,Brazil,iX,Sedan,Diesel,64424.0,299836.0,40.0,1.2122969175919047,3.42,10.54799027245688,9,456.0
5182,Volkswagen,2024.0,4.0,Spain,Polo,Sedan,Electric,22171.0,516362.0,9.0,1.7,0.91,3.2,3,1674.0
5183,Audi,2020.0,7.0,Mexico,TT,Sedan,Hybrid,36972.0,167591.0,18.0,1.04,2.3,10.93,9,475.0
5184,Audi,2016.0,6.0,China,A3,Sedan,Hybrid,37344.0,188247.0,36.0,1.17,5.97,3.58,10,163.0
5185,Toyota,2019.0,11.0,France,Supra,Sedan,Petrol,76913.0,301407.0,62.0,1.87,1.79,3.39,9,810.0
5186,Ford,2023.0,4.0,Australia,Expedition,Suv,Hybrid,26997.0,549037.0,53.0,1.6,3.38,4.06,7,1059.0
5187,Toyota,2022.0,3.0,Netherlands,Camry,Sedan,Electric,38172.0,442645.0,13.0,2.06,1.71,3.45,4,2324.0
5188,Ford,2019.0,8.0,USA,Explorer,Suv,Electric,34929.0,614448.0,59.0,0.97,2.87,4.36,5,2574.0
5189,Audi,2024.0,5.0,USA,A6,Sedan,Petrol,103527.0,141267.0,37.0,0.89,2.4,4.79,7,47.0
5190,Toyota,2016.0,6.0,UK,Highlander,Suv,Electric,49596.0,57181.0,39.0,1.77,1.49,5.26,3,1290.0
5191,Porsche,2017.0,4.0,Japan,Cayenne,Suv,Hybrid,128553.0,276817.0,25.0,1.41,1.07,0.05,7,330.0
5192,Toyota,2020.0,6.0,Brazil,RAV4,Suv,Electric,55458.0,389004.0,81.0,1.24,3.06,10.56,1,2906.0
5193,BMW,2020.0,6.0,India,i4,Suv,Hybrid,98456.0,326693.0,109.0,1.034525839402722,7.241896326958715,6.709055227454315,8,565.0
5194,Volkswagen,2021.0,4.0,UK,Touareg,Suv,Diesel,42461.0,343326.0,39.0,1.79,1.0,3.74,4,2264.0
5195,BMW,2018.0,1.0,China,3 Series,Suv,Diesel,106792.0,361714.0,130.0,1.1497652673926613,5.847941411582166,3.470210587343248,6,496.0
5196,Toyota,2018.0,12.0,India,Supra,Sedan,Petrol,58564.0,566363.0,21.0,1.07,6.69,6.65,1,264.0
5197,Audi,2017.0,6.0,Brazil,A6,Sedan,Electric,101934.0,453724.0,43.0,1.28,3.32,10.57,7,565.0
5198,Audi,2021.0,2.0,India,A3,Sedan,Diesel,109480.0,72316.0,45.0,1.1,7.46,6.76,5,872.0
5199,Toyota,2022.0,12.0,Japan,Supra,Sedan,Hybrid,85172.0,433283.0,87.0,1.53,1.22,0.01,8,2595.0
5200,BMW,2019.0,1.0,Brazil,7 Series,Sedan,Hybrid,89478.0,85709.0,195.0,1.105083825348819,3.522732829381994,10.45652461101513,7,652.0
5201,Volkswagen,2015.0,5.0,Brazil,Arteon,Sedan,Electric,60476.0,188527.0,87.0,1.3,3.91,10.33,2,1554.0
5202,Ford,2023.0,7.0,Canada,Ranger,Suv,Electric,48017.0,120260.0,115.0,1.39,2.04,3.87,8,2933.0
5203,Toyota,2017.0,1.0,Netherlands,Corolla,Sedan,Electric,20206.0,122937.0,22.0,1.93,2.4,3.46,1,589.0
5204,Ford,2019.0,3.0,Mexico,Bronco,Suv,Petrol,85075.0,416823.0,57.0,1.03,1.88,11.01,1,2134.0
5205,Mercedes-Benz,2019.0,11.0,Canada,E-Class,Sedan,Hybrid,37342.0,89185.0,32.0,1.36,2.59,3.76,6,723.0
5206,Audi,2020.0,9.0,China,A4,Sedan,Hybrid,93925.0,387009.0,38.0,1.1,5.52,3.69,3,306.0
5207,Audi,2021.0,4.0,Italy,Q8,Suv,Diesel,82374.0,334582.0,50.0,1.83,0.62,3.71,2,989.0
5208,Toyota,2022.0,7.0,Netherlands,Camry,Sedan,Hybrid,42077.0,456074.0,16.0,2.08,2.15,3.24,10,478.0
5209,Volkswagen,2024.0,6.0,Australia,T-Roc,Suv,Petrol,62129.0,360020.0,59.0,1.64,3.14,4.02,7,2359.0
5210,Ford,2016.0,6.0,Germany,Mustang,Sedan,Petrol,36900.0,227992.0,13.0,1.93,1.67,2.89,2,2575.0
5211,Porsche,2024.0,9.0,Brazil,Taycan,Suv,Hybrid,114875.0,161515.0,7.0,1.18,3.61,10.48,10,260.0
5212,Ford,2022.0,4.0,France,Mustang,Sedan,Hybrid,32304.0,239271.0,63.0,1.89,1.65,3.33,5,2122.0
5213,Volkswagen,2021.0,8.0,Spain,T-Roc,Suv,Diesel,51428.0,416585.0,78.0,1.83,1.18,3.66,2,1951.0
5214,Audi,2021.0,5.0,USA,A6,Sedan,Petrol,74915.0,306326.0,16.0,1.06,2.79,4.64,9,450.0
5215,Volkswagen,2017.0,9.0,Netherlands,Taos,Suv,Electric,59017.0,220917.0,54.0,2.01,1.74,3.59,5,2475.0
5216,Ford,2017.0,10.0,Spain,Bronco,Suv,Electric,55829.0,78100.0,50.0,1.7,0.98,3.78,5,566.0
5217,Toyota,2024.0,10.0,Brazil,Supra,Sedan,Electric,63431.0,316013.0,45.0,1.29,3.74,10.51,1,2086.0
5218,Audi,2024.0,10.0,India,e-tron,Suv,Hybrid,72200.0,99964.0,10.0,1.12,7.36,6.75,9,301.0
5219,Porsche,2016.0,4.0,Spain,911,Sedan,Petrol,93578.0,212153.0,18.0,1.82,1.01,3.7,5,352.0
5221,BMW,2022.0,2.0,India,i4,Suv,Hybrid,66601.0,252459.0,184.0,0.9725160780823874,6.78152119841493,6.7236523037396765,10,425.0
5222,Toyota,2018.0,4.0,Mexico,Land Cruiser,Suv,Petrol,82867.0,122062.0,32.0,1.12,1.995,11.18,4,499.0
5223,Ford,2023.0,1.0,Italy,Mustang Mach-E,Suv,Petrol,92111.0,576458.0,53.0,1.84,0.68,3.49,6,781.0
5224,Porsche,2017.0,12.0,Canada,Taycan,Suv,Petrol,154409.0,361796.0,4.0,1.31,2.0,4.1,3,272.0
5226,Toyota,2023.0,1.0,Australia,Highlander,Suv,Petrol,38463.0,80971.0,37.0,1.66,3.46,4.3,10,996.0
5227,Volkswagen,2016.0,10.0,France,Tiguan,Suv,Petrol,74816.0,351614.0,21.0,1.71,1.42,3.52,6,2166.0
5228,Volkswagen,2015.0,6.0,China,Passat,Sedan,Hybrid,34477.0,249533.0,72.0,1.13,6.35,3.58,1,1423.0
5229,Tesla,2018.0,10.0,Mexico,Semi,Suv,Electric,94675.0,72217.0,20.0,1.16,2.36,11.11,5,1377.0
5230,Ford,2024.0,9.0,USA,Bronco,Suv,Electric,88668.0,709501.0,77.0,0.87,2.23,4.67,9,2075.0
5231,BMW,2015.0,11.0,USA,5 Series,Suv,Hybrid,86702.0,76128.0,85.0,0.9537586638148322,2.936822462033092,4.231354727571614,4,304.0
5232,Porsche,2022.0,7.0,China,GTS,Sedan,Electric,63130.0,354966.0,9.0,1.15,5.68,3.23,8,254.0
5234,Toyota,2021.0,12.0,France,bZ4X,Suv,Electric,23684.0,519647.0,73.0,1.76,1.22,3.59,3,2337.0
5235,Mercedes-Benz,2024.0,1.0,India,E-Class,Sedan,Diesel,81928.0,461786.0,35.0,1.01,7.06,6.68,9,106.0
5236,Volkswagen,2022.0,1.0,Spain,Polo,Sedan,Electric,34114.0,572373.0,37.0,1.72,1.75,3.44,5,1619.0
5237,Ford,2023.0,8.0,Brazil,F-150 Lightning,Suv,Petrol,87405.0,124098.0,117.0,1.29,3.66,10.6,9,492.0
5238,Ford,2017.0,5.0,UK,Escape,Suv,Hybrid,83690.0,598527.0,44.0,1.87,1.7,4.99,4,1017.0
5239,Tesla,2019.0,6.0,Italy,Model X,Suv,Electric,105783.0,190574.0,19.0,1.91,1.3,3.36,5,466.0
5240,Porsche,2021.0,1.0,France,Cayenne Coupe,Suv,Hybrid,102896.0,398470.0,29.0,1.73,1.31,3.5,4,97.0
5241,Mercedes-Benz,2022.0,11.0,Japan,A-Class,Sedan,Hybrid,50883.0,299261.0,14.0,1.53,0.8,0.15,2,1277.0
5242,Porsche,2018.0,3.0,Brazil,718,Sedan,Petrol,102690.0,367003.0,29.0,1.18,3.07,10.6,9,207.0
5243,Mercedes-Benz,2021.0,5.0,Spain,GLE,Suv,Hybrid,68574.0,188018.0,31.0,1.83,1.75,3.33,7,112.0
5244,Mercedes-Benz,2019.0,2.0,Japan,S-Class,Sedan,Diesel,85193.0,417580.0,11.0,1.55,0.99,0.36,1,730.0
5245,Toyota,2015.0,4.0,Japan,Yaris,Sedan,Petrol,27259.0,620913.0,48.0,1.46,1.23,0.19,7,268.0
5246,Porsche,2015.0,9.0,UK,Panamera,Sedan,Electric,96485.0,99031.0,26.0,1.85,1.74,4.71,5,242.0
5247,Mercedes-Benz,2018.0,12.0,Canada,C-Class,Sedan,Electric,68563.0,394325.0,14.0,1.22,2.61,3.8,3,1259.0
5249,Volkswagen,2021.0,3.0,Canada,Polo,Sedan,Diesel,60115.0,148361.0,83.0,1.27,2.05,3.93,7,2365.0
5250,BMW,2020.0,10.0,UK,iX,Sedan,Hybrid,57837.0,168422.0,371.0,1.772094822626279,1.7375823015888914,4.843266287460981,1,811.0
5251,Tesla,2024.0,2.0,China,Semi,Suv,Electric,81717.0,298265.0,29.0,1.05,6.3,3.62,1,1309.0
5252,Mercedes-Benz,2022.0,10.0,China,GLS,Suv,Electric,128635.0,481568.0,28.0,1.03,6.41,3.53,4,760.0
5254,Ford,2021.0,8.0,Italy,Edge,Suv,Electric,62538.0,688597.0,13.0,1.81,1.35,3.5,7,2478.0
5255,Audi,2018.0,8.0,Canada,Q7,Suv,Petrol,72118.0,531763.0,30.0,1.29,2.03,4.11,7,745.0
5256,Volkswagen,2016.0,10.0,France,Golf,Sedan,Electric,43846.0,146829.0,33.0,1.74,1.59,3.65,5,1850.0
5257,Tesla,2023.0,2.0,Canada,Model X Plaid,Suv,Electric,125549.0,130212.0,19.5,1.26,2.12,4.18,6,1578.0
5258,Porsche,2020.0,3.0,UK,911,Sedan,Petrol,175454.0,323807.0,7.0,1.76,1.38,5.0,7,168.0
5260,Volkswagen,2022.0,2.0,Mexico,T-Roc,Suv,Hybrid,32648.0,222617.0,19.0,1.0,1.72,10.95,2,2273.0
5261,Ford,2018.0,10.0,Netherlands,Escape,Suv,Electric,84544.0,188467.0,27.0,2.05,2.47,3.24,3,3143.0
5262,Mercedes-Benz,2019.0,4.0,Netherlands,CLA,Sedan,Electric,37961.0,274808.0,35.0,1.93,1.98,3.7,10,638.0
5263,Mercedes-Benz,2016.0,2.0,India,A-Class,Sedan,Petrol,67447.0,279868.0,29.0,0.98,7.04,6.5,9,716.0
5264,Audi,2020.0,11.0,Japan,A4,Sedan,Diesel,47402.0,433696.0,25.0,1.54,1.22,-0.19,8,1049.0
5265,Audi,2018.0,2.0,Netherlands,A3,Sedan,Diesel,94898.0,386990.0,28.0,2.06,2.22,3.79,10,1070.0
5266,Mercedes-Benz,2015.0,8.0,Spain,CLA,Sedan,Hybrid,101329.0,325742.0,10.0,1.67,0.9,3.57,1,239.0
5267,Mercedes-Benz,2024.0,2.0,Spain,EQS,Suv,Hybrid,66444.0,542570.0,22.0,1.68,0.9,3.75,2,740.0
5268,Volkswagen,2019.0,7.0,Australia,Passat,Sedan,Diesel,32632.0,182107.0,54.0,1.54,2.52,4.04,1,51.0
5269,Toyota,2020.0,8.0,Italy,Highlander,Suv,Electric,24989.0,635762.0,50.0,1.75,0.97,3.35,2,267.0
5270,Audi,2024.0,9.0,Canada,Q7,Suv,Petrol,111773.0,149839.0,54.0,1.31,2.23,3.77,9,492.0
5271,Toyota,2018.0,7.0,Canada,C-HR,Suv,Petrol,32338.0,272417.0,78.0,1.33,2.29,4.12,8,665.0
5273,Mercedes-Benz,2023.0,11.0,USA,GLS,Suv,Hybrid,125448.0,527331.0,22.0,0.99,2.44,4.44,4,223.0
5274,Tesla,2019.0,4.0,Spain,Model 3,Suv,Electric,129402.0,217796.0,22.0,1.84,0.84,3.77,10,1346.0
5275,BMW,2016.0,2.0,UK,7 Series,Sedan,Petrol,78315.0,395452.0,101.0,1.7634701202937544,1.3009635669468165,5.124903253187169,4,231.0
5276,Audi,2018.0,11.0,Canada,A4,Sedan,Petrol,36726.0,240291.0,29.0,1.27,1.71,4.29,2,737.0
5277,Porsche,2018.0,6.0,France,Panamera Sport,Sedan,Electric,110981.0,269547.0,26.0,1.73,1.85,3.56,8,483.0
5278,Tesla,2021.0,3.0,Australia,Model S Plaid,Suv,Electric,63236.0,266933.0,15.0,1.55,2.97,4.11,7,2135.0
5279,Toyota,2021.0,6.0,Italy,Land Cruiser,Suv,Petrol,86866.0,122923.0,18.0,1.82,1.37,3.55,3,2420.0
5280,Tesla,2020.0,5.0,Canada,Model X,Suv,Electric,90221.0,204733.0,23.0,1.27,2.205,3.99,10,1651.0
5281,Volkswagen,2023.0,1.0,Canada,ID.3,Suv,Diesel,26460.0,270587.0,63.0,1.33,1.81,3.79,1,301.0
5282,Ford,2016.0,6.0,Mexico,Edge,Suv,Electric,48989.0,386228.0,11.0,1.03,2.01,11.15,10,3526.0
5283,Volkswagen,2018.0,2.0,China,Tiguan,Suv,Hybrid,50138.0,587913.0,84.0,1.02,5.89,3.46,9,815.0
5284,Ford,2016.0,10.0,Australia,Expedition,Suv,Hybrid,65677.0,218585.0,90.0,1.56,2.99,4.01,3,1427.0
5285,Mercedes-Benz,2017.0,9.0,China,S-Class,Sedan,Hybrid,83893.0,294976.0,25.0,1.09,6.09,3.25,7,1180.0
5286,Ford,2019.0,10.0,Brazil,Mustang Mach-E,Suv,Petrol,85040.0,623627.0,83.0,1.3,3.77,10.42,7,636.0
5287,Mercedes-Benz,2015.0,12.0,Australia,A-Class,Sedan,Electric,35581.0,457023.0,42.0,1.54,3.24,4.36,3,763.0
5288,Audi,2022.0,7.0,USA,e-tron,Suv,Electric,41171.0,465576.0,36.0,0.93,2.54,4.37,10,238.0
5289,Porsche,2022.0,7.0,Mexico,Cayenne Coupe,Suv,Petrol,160826.0,269945.0,22.0,1.12,2.3,10.99,8,118.0
5290,Porsche,2023.0,12.0,France,718,Sedan,Hybrid,172842.0,102117.0,19.0,1.84,1.28,3.62,5,321.0
5291,Tesla,2018.0,8.0,Italy,Cybertruck,Suv,Electric,66509.0,207273.0,10.0,1.84,0.89,3.78,4,1388.0
5292,Audi,2017.0,1.0,India,Q7,Suv,Petrol,107113.0,57178.0,4.0,0.99,6.53,6.78,1,576.0
5293,Volkswagen,2024.0,7.0,Canada,Polo,Sedan,Petrol,67014.0,108677.0,73.0,1.24,1.99,3.91,1,1745.0
5294,Volkswagen,2016.0,1.0,UK,Polo,Sedan,Electric,72280.0,449200.0,45.0,1.93,1.93,5.13,9,2613.0
5295,Mercedes-Benz,2022.0,1.0,France,GLE,Suv,Diesel,72238.0,256350.0,18.0,1.82,2.07,3.31,2,877.0
5296,Tesla,2020.0,12.0,Australia,Semi,Suv,Electric,47979.0,39135.0,11.0,1.65,3.24,4.29,3,637.0
5297,Toyota,2019.0,8.0,Canada,Corolla,Sedan,Petrol,54661.0,652514.0,45.0,1.25,2.41,3.87,7,177.0
5298,Toyota,2016.0,12.0,Brazil,Prius,Suv,Electric,56742.0,182682.0,37.0,1.19,3.85,10.73,2,2901.0
5299,Ford,2019.0,6.0,USA,Escape,Suv,Electric,72522.0,97726.0,32.0,0.94,2.91,4.66,7,2593.0
5300,Toyota,2022.0,4.0,USA,Corolla,Sedan,Electric,50556.0,560688.0,10.0,0.89,2.54,4.35,10,425.0
5301,Ford,2024.0,4.0,France,Escape,Suv,Petrol,28429.0,572452.0,76.0,1.77,2.0,3.25,5,887.0
5302,Tesla,2023.0,8.0,France,Model X Plaid,Suv,Electric,101098.0,38713.0,9.0,1.84,1.62,3.32,4,484.0
5303,BMW,2019.0,12.0,India,5 Series,Suv,Diesel,108762.0,297677.0,68.0,0.9626749940945536,6.836604278193921,6.280648806163384,7,367.0
5304,Toyota,2021.0,8.0,Netherlands,Supra,Sedan,Hybrid,57044.0,477194.0,35.0,1.99,1.94,3.62,8,999.0
5305,Toyota,2020.0,1.0,India,Supra,Sedan,Electric,49043.0,74557.0,99.0,1.12,6.52,6.52,6,1547.0
5306,Tesla,2016.0,8.0,Netherlands,Cybertruck,Suv,Electric,78980.0,271947.0,5.0,1.95,1.69,3.22,8,2112.0
5308,Porsche,2016.0,9.0,UK,Cayenne,Suv,Petrol,101019.0,299841.0,24.0,1.92,1.2,4.77,7,308.0
5309,Volkswagen,2022.0,11.0,Mexico,ID.3,Suv,Hybrid,46426.0,535447.0,28.0,1.0,2.14,11.12,7,660.0
5310,Tesla,2015.0,5.0,France,Semi,Suv,Electric,85205.0,222192.0,12.0,1.72,1.78,3.42,8,2457.0
5311,Mercedes-Benz,2016.0,12.0,Mexico,EQS,Suv,Petrol,123826.0,70003.0,31.0,1.06,1.98,11.0,4,47.0
5312,BMW,2021.0,10.0,Australia,5 Series,Suv,Diesel,106833.0,90870.0,213.0,1.553949922303398,2.7058412100367684,4.017151771638637,1,495.0
5313,Porsche,2018.0,9.0,USA,Macan,Suv,Electric,100761.0,150629.0,23.0,0.97,2.14,4.37,8,264.0
5314,Toyota,2019.0,2.0,China,bZ4X,Suv,Electric,33683.0,486594.0,18.0,1.17,6.01,3.75,8,484.0
5315,Audi,2017.0,5.0,Germany,A3,Sedan,Petrol,63786.0,155806.0,38.0,1.91,1.31,3.02,2,1193.0
5317,Audi,2017.0,7.0,India,TT,Sedan,Electric,40318.0,428416.0,18.0,1.11,6.59,6.37,6,542.0
5318,Mercedes-Benz,2017.0,10.0,Italy,S-Class,Sedan,Electric,106433.0,90026.0,5.0,1.83,1.045,3.45,9,291.0
5319,Mercedes-Benz,2019.0,12.0,USA,EQS,Suv,Diesel,91403.0,305678.0,26.0,0.92,2.6,4.55,7,1232.0
5320,BMW,2015.0,11.0,China,X1,Suv,Electric,78459.0,377329.0,93.0,1.0888087498404406,6.080467600993696,3.283518020807417,2,576.0
5321,Tesla,2016.0,5.0,UK,Cybertruck,Suv,Electric,87199.0,290594.0,36.0,1.77,1.04,5.07,6,1535.0
5322,Toyota,2021.0,5.0,Netherlands,Supra,Sedan,Hybrid,68743.0,287453.0,21.0,1.95,2.24,3.23,10,749.0
5323,Ford,2024.0,5.0,USA,Escape,Suv,Electric,36023.0,315652.0,55.0,0.89,2.91,4.61,4,794.0
5324,Audi,2019.0,8.0,China,A6,Sedan,Petrol,111852.0,440919.0,51.0,1.18,6.26,3.51,9,853.0
5325,Porsche,2023.0,2.0,India,Taycan,Suv,Hybrid,145705.0,106751.0,28.0,1.0,7.15,6.31,10,262.0
5326,Ford,2024.0,11.0,India,Explorer,Suv,Electric,52473.0,661962.0,81.0,1.14,6.73,6.4,4,2743.0
5327,Ford,2022.0,4.0,Australia,Explorer,Suv,Hybrid,46596.0,400260.0,117.0,1.6,3.15,4.04,2,2800.0
5328,BMW,2016.0,11.0,France,3 Series,Suv,Electric,55977.0,481888.0,146.0,1.7273201807302343,1.7077521222527228,3.377180886543099,10,600.0
5329,Audi,2016.0,1.0,Germany,Q3,Suv,Electric,54885.0,449291.0,19.0,1.92,2.27,2.92,4,247.0
5330,BMW,2022.0,9.0,Canada,i7,Sedan,Electric,44196.0,355126.0,43.0,1.2694554078061016,2.666417385866408,4.034625295750026,9,247.0
5331,Volkswagen,2022.0,4.0,India,Touareg,Suv,Diesel,23268.0,356277.0,61.0,1.0550000000000002,7.23,6.51,10,1810.0
5332,Audi,2021.0,3.0,Netherlands,A6,Sedan,Electric,69460.0,529465.0,18.0,2.07,2.54,3.6,5,825.0
5333,Ford,2022.0,12.0,India,Explorer,Suv,Hybrid,38372.0,796640.0,73.0,0.99,7.34,6.51,3,2368.0
5334,Audi,2023.0,8.0,Mexico,Q8,Suv,Petrol,56303.0,398313.0,53.0,1.18,1.9,11.23,1,229.0
5335,Ford,2024.0,7.0,Brazil,Ranger,Suv,Hybrid,57060.0,544330.0,47.0,1.2,3.2,10.25,8,295.0
5336,Volkswagen,2015.0,1.0,Canada,ID.3,Suv,Electric,58981.0,320239.0,29.0,1.32,2.66,4.04,3,561.0
5337,Mercedes-Benz,2017.0,10.0,Germany,GLE,Suv,Diesel,107061.0,118688.0,63.0,1.93,2.08,2.91,3,508.0
5339,Porsche,2023.0,2.0,Italy,Panamera,Sedan,Petrol,144040.0,129883.0,10.0,1.79,0.86,3.41,6,357.0
5340,Tesla,2015.0,11.0,Spain,Semi,Suv,Electric,72847.0,262380.0,37.0,1.7,0.88,3.35,6,1151.0
5341,Toyota,2018.0,2.0,Netherlands,Prius,Suv,Hybrid,50786.0,395302.0,67.0,2.01,2.25,3.73,9,2874.0
5342,Tesla,2016.0,2.0,Germany,Model S Plaid,Suv,Electric,99074.0,191195.0,13.0,1.83,1.49,3.05,10,80.0
5343,Toyota,2016.0,11.0,Netherlands,Supra,Sedan,Petrol,43185.0,466483.0,20.0,1.99,2.26,3.53,8,323.0
5346,Ford,2017.0,9.0,Germany,Mustang Mach-E,Suv,Electric,92517.0,513344.0,81.0,1.92,1.64,3.03,5,3423.0
5347,Mercedes-Benz,2021.0,10.0,Brazil,CLA,Sedan,Petrol,105285.0,185401.0,29.0,1.28,3.45,10.67,9,364.0
5348,Volkswagen,2015.0,12.0,Mexico,T-Roc,Suv,Electric,20504.0,137463.0,48.0,1.1,2.31,11.14,4,2097.0
5349,Porsche,2018.0,10.0,France,Taycan,Suv,Petrol,148899.0,374750.0,24.0,1.73,1.9,3.77,2,114.0
5350,Tesla,2016.0,8.0,Japan,Model S Plaid,Suv,Electric,113743.0,160632.0,15.0,1.47,1.29,0.18,2,1714.0
5351,BMW,2018.0,6.0,Canada,5 Series,Suv,Electric,55746.0,262235.0,212.0,1.24752750879848,2.372135547405879,4.156971769197231,7,679.0
5352,Volkswagen,2022.0,10.0,UK,ID.3,Suv,Hybrid,39431.0,291446.0,31.0,1.77,1.42,5.26,5,2700.0
5353,Ford,2023.0,4.0,UK,Edge,Suv,Electric,35435.0,313784.0,62.0,1.79,1.58,4.89,3,1406.0
5354,BMW,2022.0,2.0,UK,i4,Suv,Diesel,84593.0,73331.0,345.0,1.85461956883403,1.5538542844013208,5.281581521371459,9,956.0
5355,Ford,2020.0,8.0,Australia,Mustang,Sedan,Hybrid,76878.0,287729.0,76.0,1.63,3.2,4.27,7,2304.0
5356,Mercedes-Benz,2016.0,10.0,Netherlands,GLS,Suv,Hybrid,73343.0,448980.0,60.0,2.08,1.79,3.51,6,542.0
5357,Mercedes-Benz,2022.0,5.0,USA,EQS,Suv,Petrol,118307.0,281412.0,33.0,1.06,2.28,4.39,5,110.0
5358,Ford,2022.0,4.0,USA,Expedition,Suv,Hybrid,88590.0,389483.0,37.0,1.0,2.8,4.52,10,149.0
5359,Ford,2021.0,6.0,Spain,Mustang,Sedan,Petrol,56150.0,70649.0,57.0,1.66,1.03,3.69,3,2818.0
5361,Porsche,2020.0,11.0,Spain,Panamera,Sedan,Electric,77067.0,281456.0,11.0,1.66,1.23,3.76,10,215.0
5362,Toyota,2018.0,10.0,Italy,Land Cruiser,Suv,Electric,39362.0,651570.0,48.0,1.81,1.49,3.52,5,2819.0
5363,Ford,2018.0,7.0,Spain,Bronco,Suv,Hybrid,71871.0,401858.0,53.0,1.81,1.13,3.72,7,1105.0
5364,Porsche,2018.0,9.0,France,Macan EV,Suv,Hybrid,82668.0,161075.0,23.0,1.83,1.69,3.33,1,285.0
5365,Audi,2019.0,5.0,Mexico,RS6,Sedan,Petrol,62379.0,490772.0,11.0,1.11,1.99,10.87,8,162.0
5366,BMW,2022.0,1.0,India,iX,Sedan,Electric,100756.0,223364.0,170.0,0.9660229692769352,6.839450192542806,6.688895068247907,1,517.0
5367,Ford,2019.0,4.0,China,Edge,Suv,Hybrid,66184.0,445622.0,103.0,1.0,6.36,3.46,7,1293.0
5368,Toyota,2022.0,1.0,Mexico,Highlander,Suv,Petrol,33967.0,306215.0,97.0,1.11,2.28,10.97,1,1842.0
5369,Mercedes-Benz,2017.0,4.0,China,A-Class,Sedan,Petrol,111024.0,95548.0,46.0,1.11,6.41,3.27,9,752.0
5370,Audi,2024.0,3.0,Australia,e-tron,Suv,Hybrid,46073.0,459650.0,23.0,1.68,3.33,4.33,7,365.0
5371,Ford,2017.0,12.0,China,Bronco,Suv,Petrol,39815.0,381958.0,56.0,1.1,6.39,3.43,1,445.0
5372,Volkswagen,2015.0,5.0,Netherlands,ID.3,Suv,Petrol,44244.0,475040.0,77.0,2.0,1.61,3.67,3,2485.0
5373,Tesla,2019.0,1.0,Germany,Model X Plaid,Suv,Electric,81282.0,255662.0,37.0,1.8849999999999998,2.23,2.8,1,1081.0
5374,BMW,2020.0,4.0,India,X7,Sedan,Diesel,46049.0,369064.0,21.0,1.0925242666197026,6.802930905640429,6.395177080413819,9,96.0
5376,Audi,2020.0,3.0,Canada,A4,Sedan,Electric,32492.0,161673.0,5.0,1.33,1.85,4.22,5,909.0
5377,Audi,2016.0,10.0,Italy,Q8,Suv,Electric,100680.0,233258.0,36.0,1.9,1.04,3.34,8,202.0
5378,Tesla,2017.0,12.0,Brazil,Cybertruck,Suv,Electric,85792.0,73281.0,20.0,1.1,3.86,10.21,4,32.0
5379,Porsche,2015.0,4.0,Canada,Panamera Sport,Sedan,Electric,105544.0,183857.0,19.0,1.27,2.29,4.13,5,27.0
5380,Mercedes-Benz,2015.0,3.0,USA,GLE,Suv,Petrol,109565.0,347458.0,22.0,0.88,2.64,4.33,8,859.0
5381,Ford,2017.0,9.0,Japan,Ranger,Suv,Hybrid,56797.0,370275.0,60.0,1.53,1.29,-0.01,5,1525.0
5382,Mercedes-Benz,2021.0,7.0,India,GLE,Suv,Diesel,45306.0,379946.0,33.0,1.05,6.51,6.32,2,816.0
5383,Toyota,2022.0,1.0,Mexico,RAV4,Suv,Electric,70590.0,230007.0,15.0,1.12,2.15,11.18,1,2044.0
5384,Toyota,2015.0,3.0,Spain,Prius,Suv,Hybrid,76150.0,571544.0,54.0,1.73,1.5,3.51,7,1603.0
5385,Audi,2015.0,4.0,Spain,A6,Sedan,Electric,66923.0,404813.0,56.0,1.65,1.14,3.8,3,1073.0
5386,Tesla,2024.0,8.0,India,Model X Plaid,Suv,Electric,87253.0,171239.0,18.0,0.95,6.72,6.37,5,472.0
5387,Tesla,2024.0,12.0,USA,Model S,Suv,Electric,62731.0,273733.0,15.0,0.94,2.03,4.34,10,2003.0
5388,BMW,2024.0,6.0,China,X3,Suv,Diesel,80039.0,269631.0,109.0,1.003574786946683,5.7336077510499095,3.225255913781817,10,542.0
5389,Tesla,2018.0,7.0,USA,Semi,Suv,Electric,99641.0,123650.0,3.0,1.01,2.36,4.41,7,1445.0
5390,Volkswagen,2019.0,7.0,Japan,Golf,Sedan,Diesel,49233.0,141312.0,72.0,1.54,0.95,-0.13,10,2415.0
5391,Ford,2017.0,12.0,Italy,Mustang Mach-E,Suv,Hybrid,57268.0,177600.0,68.0,1.87,0.89,3.31,9,3487.0
5392,Mercedes-Benz,2022.0,9.0,Spain,GLC,Suv,Petrol,53802.0,100045.0,58.0,1.84,1.79,3.61,1,1105.0
5393,Tesla,2024.0,1.0,Italy,Model X Plaid,Suv,Electric,110321.0,100592.0,21.0,1.79,1.29,3.57,7,87.0
5394,Mercedes-Benz,2015.0,5.0,USA,GLE,Suv,Diesel,54592.0,201048.0,35.0,0.88,2.17,4.36,4,429.0
5395,Ford,2016.0,11.0,USA,F-150,Suv,Electric,67136.0,759715.0,64.0,0.97,2.78,4.65,10,2022.0
5396,Volkswagen,2019.0,8.0,Mexico,Polo,Sedan,Hybrid,50489.0,588498.0,40.0,1.04,1.76,11.24,1,1482.0
5397,BMW,2024.0,2.0,UK,7 Series,Sedan,Electric,59846.0,134523.0,34.0,1.7529089331335763,1.2129641615089106,4.781822885352062,7,341.0
5398,Porsche,2022.0,2.0,Australia,Cayenne Coupe,Suv,Hybrid,197096.0,388914.0,24.0,1.56,2.7,4.4,6,477.0
5399,Toyota,2024.0,2.0,Brazil,Corolla,Sedan,Petrol,19263.0,456141.0,68.0,1.11,3.18,10.56,9,1771.0
5400,Toyota,2023.0,12.0,Spain,Camry,Sedan,Hybrid,79179.0,255937.0,40.0,1.7,1.23,3.67,8,2691.0
5401,Porsche,2017.0,6.0,Brazil,Panamera Sport,Sedan,Petrol,192004.0,228907.0,14.0,1.14,3.72,10.6,6,253.0
5402,Mercedes-Benz,2018.0,4.0,UK,GLE,Suv,Electric,113942.0,90355.0,49.0,1.81,1.29,5.08,5,1109.0
5404,BMW,2015.0,5.0,USA,7 Series,Sedan,Diesel,109024.0,489978.0,39.0,1.0253193705583483,2.1855255157031213,4.721173900773366,9,493.0
5405,Tesla,2021.0,10.0,Canada,Model 3,Suv,Electric,92092.5,19202.0,24.0,1.25,2.14,4.19,8,799.0
5407,Toyota,2019.0,6.0,UK,bZ4X,Suv,Electric,18811.0,272548.0,54.0,1.79,1.94,4.81,2,2849.0
5408,Audi,2019.0,3.0,UK,TT,Sedan,Diesel,72361.0,418293.0,45.0,1.87,1.53,4.82,10,945.0
5409,Volkswagen,2019.0,11.0,China,Passat,Sedan,Hybrid,70083.0,537501.0,74.0,1.06,6.35,3.48,10,2684.0
5410,Porsche,2023.0,4.0,India,Panamera,Sedan,Hybrid,105772.0,175785.0,5.0,1.0,7.49,6.74,9,327.0
5411,BMW,2023.0,2.0,Germany,i7,Sedan,Hybrid,100524.0,187799.0,16.0,1.8221263473910407,1.6420817487159076,3.192754382803208,5,344.0
5412,Porsche,2023.0,5.0,USA,911,Sedan,Electric,145524.0,104931.0,20.0,0.92,2.75,4.31,9,246.0
5413,BMW,2020.0,7.0,UK,X3,Suv,Petrol,105211.0,333895.0,335.0,1.7854020968553497,1.1689350630721649,4.867154203419175,9,773.0
5414,Audi,2016.0,8.0,France,Q8,Suv,Electric,40314.0,229453.0,25.0,1.82,1.91,3.42,8,37.0
5415,Tesla,2015.0,3.0,USA,Cybertruck,Suv,Electric,111836.0,63321.0,14.0,1.01,2.54,4.38,6,340.0
5416,Mercedes-Benz,2023.0,3.0,France,EQS,Suv,Electric,43970.0,144418.0,31.0,1.78,1.54,3.55,10,528.0
5417,Toyota,2015.0,1.0,USA,Camry,Sedan,Electric,24706.0,622445.0,70.0,0.89,2.99,4.51,5,2632.0
5418,Porsche,2017.0,11.0,Canada,Macan,Suv,Electric,75197.0,195468.0,24.0,1.21,2.29,3.8,8,209.0
5419,Ford,2018.0,2.0,China,Edge,Suv,Hybrid,53127.0,781354.0,83.0,1.08,5.72,3.39,10,3414.0
5420,Mercedes-Benz,2019.0,2.0,France,CLA,Sedan,Diesel,67012.0,263477.0,37.0,1.75,1.34,3.32,5,20.0
5421,BMW,2023.0,1.0,Germany,5 Series,Suv,Hybrid,79950.0,308667.0,137.0,1.941371468769524,1.3055221171236024,3.1892768570729007,8,673.0
5422,Audi,2016.0,3.0,Canada,Q7,Suv,Hybrid,72118.0,106821.0,14.0,1.28,1.9,4.07,6,1198.0
5423,Mercedes-Benz,2015.0,1.0,India,GLC,Suv,Diesel,87008.0,516365.0,52.0,0.99,7.17,6.33,4,244.0
5424,Tesla,2024.0,1.0,Australia,Semi,Suv,Electric,42967.0,37210.0,5.0,1.59,2.79,4.43,5,1093.0
5425,Audi,2017.0,7.0,Canada,Q5,Suv,Diesel,80798.0,471966.0,19.0,1.35,1.82,4.11,4,698.0
5426,Toyota,2018.0,2.0,China,Camry,Sedan,Hybrid,19203.0,369859.0,65.0,1.04,6.22,3.53,7,2084.0
5427,Ford,2017.0,5.0,Italy,Ranger,Suv,Petrol,67519.0,643318.0,37.0,1.93,0.62,3.62,7,2885.0
5428,Audi,2017.0,11.0,Australia,Q7,Suv,Petrol,60988.0,308354.0,54.0,1.62,3.0,4.46,4,62.0
5429,Audi,2015.0,2.0,USA,A4,Sedan,Hybrid,82258.0,294965.0,9.0,0.95,2.89,4.53,2,346.0
5430,Audi,2024.0,9.0,Italy,A6,Sedan,Diesel,100655.0,467270.0,49.0,1.92,0.99,3.43,2,967.0
5431,Toyota,2021.0,10.0,Japan,Prius,Suv,Petrol,58489.0,223909.0,44.0,1.45,1.56,0.11,7,2724.0
5432,Mercedes-Benz,2018.0,12.0,UK,E-Class,Sedan,Hybrid,78450.0,139897.0,64.0,1.9,1.13,4.82,2,287.0
5433,BMW,2021.0,1.0,Australia,i7,Sedan,Petrol,78258.0,298003.0,40.0,1.631356020944859,2.9978125080342903,4.013284219973978,1,505.0
5434,Porsche,2022.0,9.0,Spain,Panamera Sport,Sedan,Petrol,190073.0,300939.0,27.0,1.66,1.62,3.32,9,84.0
5435,Toyota,2021.0,8.0,Spain,Camry,Sedan,Petrol,68457.0,403092.0,68.0,1.84,1.23,3.27,7,2448.0
5436,Mercedes-Benz,2016.0,3.0,UK,CLA,Sedan,Diesel,103743.0,370532.0,38.5,1.88,1.31,4.96,5,665.0
5437,Mercedes-Benz,2018.0,7.0,Canada,CLA,Sedan,Petrol,112417.0,127291.0,56.0,1.24,2.65,3.94,5,1168.0
5438,BMW,2015.0,6.0,India,7 Series,Sedan,Petrol,103472.0,407092.0,121.0,0.9949209645879964,7.237501248109749,6.471330764533884,9,313.0
5439,Porsche,2021.0,4.0,India,Macan EV,Suv,Petrol,130041.0,152559.0,2.0,1.01,6.74,6.58,2,281.0
5440,Porsche,2018.0,8.0,Japan,Panamera Sport,Sedan,Electric,127275.0,196751.0,11.0,1.47,1.04,-0.05,5,496.0
5441,Audi,2022.0,5.0,China,A4,Sedan,Diesel,57793.0,549579.0,44.0,1.07,5.92,3.57,8,744.0
5442,Toyota,2024.0,4.0,Australia,C-HR,Suv,Electric,71758.0,348596.0,69.0,1.68,3.08,4.11,7,2310.0
5443,Volkswagen,2022.0,4.0,UK,Touareg,Suv,Diesel,22900.0,169520.0,35.0,1.76,1.72,4.75,6,1765.0
5445,Ford,2021.0,4.0,Australia,F-150,Suv,Petrol,76949.0,467823.0,16.0,1.57,2.54,4.16,9,1903.0
5446,Toyota,2023.0,12.0,Germany,Prius,Suv,Petrol,47397.0,273387.0,19.0,1.86,1.6,3.1,9,1652.0
5447,Porsche,2019.0,11.0,USA,Cayenne,Suv,Petrol,157333.0,375790.0,20.0,1.06,2.02,4.64,1,218.0
5449,Audi,2020.0,3.0,Italy,Q8,Suv,Petrol,65336.0,147466.0,37.0,1.88,0.99,3.22,4,821.0
5450,Volkswagen,2023.0,4.0,UK,Golf,Sedan,Diesel,34757.0,464162.0,77.0,1.84,1.57,5.1,1,2703.0
5451,BMW,2022.0,10.0,China,3 Series,Suv,Hybrid,113929.0,497603.0,24.0,1.1,6.228861442269947,3.2572395663879266,8,324.0
5452,Porsche,2018.0,5.0,Spain,Panamera Sport,Sedan,Electric,140033.0,197377.0,15.0,1.68,1.17,3.26,10,306.0
5453,Audi,2022.0,6.0,Spain,A3,Sedan,Diesel,40956.0,517862.0,19.0,1.72,1.19,3.78,5,633.0
5454,Volkswagen,2020.0,7.0,Japan,Passat,Sedan,Electric,27557.0,577726.0,54.0,1.59,1.1,-0.07,2,1335.0
5455,Tesla,2022.0,7.0,UK,Model 3,Suv,Electric,73417.0,83298.0,36.0,1.95,1.94,4.98,5,257.0
5456,Toyota,2023.0,1.0,UK,Land Cruiser,Suv,Electric,49244.0,418396.0,97.0,1.76,1.55,3.71,5,2948.0
5457,Porsche,2018.0,7.0,Canada,Cayenne Coupe,Suv,Petrol,177241.0,382414.0,8.0,1.3,2.45,3.88,9,344.0
5458,BMW,2019.0,1.0,Australia,iX,Sedan,Hybrid,57490.0,50363.0,320.0,1.509060801954409,3.115850098052217,4.331056190520586,3,1049.0
5459,Volkswagen,2017.0,1.0,India,Arteon,Sedan,Petrol,34767.0,572360.0,18.0,1.1,6.75,6.25,7,379.0
5460,Ford,2017.0,7.0,Japan,F-150 Lightning,Suv,Petrol,82753.0,342100.0,53.0,1.43,1.01,-0.01,3,863.0
5461,Audi,2018.0,11.0,France,e-tron,Suv,Diesel,71146.0,267179.0,16.0,1.84,1.53,3.67,3,81.0
5462,Toyota,2020.0,6.0,Spain,Highlander,Suv,Hybrid,89632.0,137442.0,63.0,1.72,1.49,3.73,9,2663.0
5463,Porsche,2018.0,4.0,Mexico,Panamera Sport,Sedan,Electric,143387.0,364078.0,15.0,1.13,1.6,11.19,6,494.0
5464,Ford,2024.0,4.0,Brazil,F-150 Lightning,Suv,Hybrid,69016.0,112062.0,27.0,1.3,3.44,10.54,1,2520.0
5465,Audi,2016.0,12.0,China,A6,Sedan,Petrol,63221.0,305594.0,23.0,1.09,6.25,3.4,5,321.0
5466,Toyota,2023.0,3.0,Mexico,Yaris,Sedan,Hybrid,89048.0,500115.0,77.0,1.15,1.51,11.08,5,2949.0
5467,Ford,2022.0,10.0,France,Bronco,Suv,Hybrid,27817.0,57653.0,89.0,1.87,1.11,3.27,8,3826.0
5469,Ford,2023.0,9.0,Australia,Mustang Mach-E,Suv,Hybrid,64768.0,581898.0,19.0,1.64,3.11,4.15,6,2878.0
5470,Toyota,2017.0,5.0,USA,Supra,Sedan,Petrol,54361.0,195254.0,88.0,0.94,2.67,4.36,9,501.0
5471,Toyota,2018.0,4.0,UK,Prius,Suv,Petrol,39037.0,530138.0,55.0,1.92,1.58,5.25,5,528.0
5472,Toyota,2018.0,9.0,Italy,Camry,Sedan,Electric,83006.0,369671.0,50.0,1.77,1.21,3.4,9,2295.0
5473,Volkswagen,2024.0,3.0,China,Arteon,Sedan,Petrol,52833.0,222456.0,76.0,1.09,6.27,3.28,3,2100.0
5474,Volkswagen,2022.0,3.0,UK,Tiguan,Suv,Electric,67025.0,492540.0,10.0,1.88,1.9,4.77,1,129.0
5475,Tesla,2016.0,7.0,Italy,Model S Plaid,Suv,Electric,109964.0,277182.0,11.0,1.79,0.77,3.41,9,2080.0
5476,Mercedes-Benz,2015.0,5.0,UK,E-Class,Sedan,Diesel,70796.0,460465.0,28.0,1.76,1.6,5.22,7,442.0
5477,Ford,2023.0,12.0,Japan,Mustang Mach-E,Suv,Electric,47369.0,430970.0,115.0,1.46,1.5,-0.13,3,3047.0
5478,Porsche,2023.0,1.0,Australia,911,Sedan,Petrol,81344.0,231839.0,5.0,1.56,2.85,4.01,3,435.0
5480,Toyota,2019.0,5.0,Canada,C-HR,Suv,Hybrid,75163.0,665787.0,90.0,1.32,2.11,4.19,9,998.0
5481,Mercedes-Benz,2015.0,1.0,Spain,S-Class,Sedan,Petrol,64109.0,580514.0,43.0,1.71,1.23,3.73,4,49.0
5482,Porsche,2024.0,5.0,Spain,GTS,Sedan,Hybrid,117421.0,398925.0,2.0,1.7,1.08,3.41,8,155.0
5483,Tesla,2019.0,3.0,USA,Model Y,Suv,Electric,90231.0,116666.0,20.0,0.89,2.89,4.32,5,1563.0
5485,Tesla,2024.0,6.0,Germany,Model 3,Suv,Electric,91133.0,265696.0,21.0,1.86,1.66,2.93,4,1663.0
5486,Mercedes-Benz,2023.0,8.0,Australia,E-Class,Sedan,Diesel,105861.0,378480.0,51.0,1.55,3.26,4.17,9,568.0
5487,Tesla,2024.0,8.0,Spain,Model S Plaid,Suv,Electric,94646.0,176903.0,34.0,1.81,1.0,3.58,10,652.0
5488,Tesla,2021.0,8.0,India,Model S Plaid,Suv,Electric,87460.0,95364.0,7.0,1.04,7.36,6.72,10,468.0
5489,BMW,2021.0,4.0,China,i7,Sedan,Electric,110483.0,427411.0,225.0,1.1611850800235244,6.37797432044507,3.72083401406447,3,641.0
5490,Volkswagen,2018.0,5.0,Japan,Passat,Sedan,Petrol,60002.0,221523.0,19.0,1.51,1.02,-0.19,2,2232.0
5491,Ford,2018.0,8.0,Netherlands,Escape,Suv,Petrol,87723.0,69689.0,70.0,2.06,2.31,3.43,9,2439.0
5492,Mercedes-Benz,2016.0,11.0,UK,CLA,Sedan,Diesel,103894.0,286805.0,39.0,1.76,1.8,5.22,8,1085.0
5493,Porsche,2017.0,8.0,Mexico,718,Sedan,Petrol,104529.0,345917.0,24.0,1.09,1.76,10.74,3,499.0
5494,Porsche,2023.0,4.0,Germany,Cayenne Coupe,Suv,Electric,140392.0,391852.0,4.0,1.9,1.81,3.01,9,411.0
5495,Mercedes-Benz,2020.0,9.0,France,S-Class,Sedan,Diesel,87524.0,63166.0,9.0,1.88,1.18,3.62,7,1148.0
5496,Toyota,2017.0,10.0,Canada,bZ4X,Suv,Electric,67335.0,643695.0,58.0,1.36,1.99,3.88,8,1534.0
5497,Porsche,2019.0,6.0,USA,Macan EV,Suv,Petrol,91107.0,327528.0,15.0,0.99,2.17,4.74,4,40.0
5498,Audi,2021.0,11.0,Spain,Q7,Suv,Hybrid,53738.0,355822.0,35.0,1.8,1.79,3.73,6,487.0
5499,Toyota,2017.0,12.0,Netherlands,bZ4X,Suv,Hybrid,50535.0,254657.0,75.0,1.9,1.62,3.42,6,2222.0
5500,Volkswagen,2016.0,8.0,USA,Arteon,Sedan,Petrol,69129.0,386004.0,32.0,0.94,2.7,4.24,9,371.0
5501,BMW,2015.0,5.0,Brazil,7 Series,Sedan,Petrol,110242.0,495625.0,285.0,1.2414477268626798,3.696650823876892,10.753499628706376,7,943.0
5502,Mercedes-Benz,2016.0,2.0,USA,GLE,Suv,Electric,113739.0,495050.0,18.0,0.89,2.82,4.76,7,309.0
5503,Audi,2020.0,2.0,China,TT,Sedan,Petrol,62452.0,425642.0,51.0,1.07,5.73,3.74,7,1061.0
5504,Volkswagen,2020.0,11.0,China,Polo,Sedan,Hybrid,72059.0,93435.0,44.0,1.14,6.04,3.38,9,700.0
5505,Toyota,2021.0,8.0,India,bZ4X,Suv,Hybrid,44757.0,653958.0,49.0,1.13,7.43,6.78,8,2417.0
5506,Mercedes-Benz,2021.0,2.0,France,CLA,Sedan,Petrol,51817.0,213820.0,35.0,1.82,1.91,3.67,3,700.0
5507,Porsche,2018.0,1.0,Mexico,Cayenne,Suv,Hybrid,169662.0,180150.0,10.0,1.03,2.06,10.85,5,56.0
5508,Audi,2022.0,7.0,Netherlands,TT,Sedan,Electric,105804.0,226467.0,23.0,1.97,2.06,3.51,3,1068.0
5509,BMW,2021.0,6.0,China,X5,Sedan,Petrol,56029.0,153920.0,303.0,1.0048383527782712,5.834511288741933,3.215718025119239,9,682.0
5510,Porsche,2017.0,9.0,Australia,718,Sedan,Hybrid,190346.0,231228.0,14.0,1.63,2.57,4.5,10,267.0
5511,BMW,2016.0,1.0,Brazil,i7,Sedan,Hybrid,45681.0,161915.0,223.0,1.131454641635943,3.1317150285790936,10.719177455345347,9,511.0
5512,Ford,2018.0,8.0,USA,Escape,Suv,Electric,42047.0,369708.0,76.0,0.89,2.96,4.78,6,2097.0
5514,Ford,2019.0,3.0,Japan,Mustang,Sedan,Hybrid,75769.0,168696.0,75.0,1.44,0.95,-0.1,5,60.0
5515,Mercedes-Benz,2017.0,11.0,UK,E-Class,Sedan,Diesel,102877.0,336001.0,41.0,1.89,1.7,5.2,8,609.0
5516,Mercedes-Benz,2019.0,5.0,Germany,A-Class,Sedan,Petrol,123903.0,150202.0,48.0,1.96,1.39,3.22,3,986.0
5518,Tesla,2021.0,10.0,Germany,Semi,Suv,Electric,51908.0,214788.0,8.0,1.98,1.62,2.9,5,2245.0
5519,Mercedes-Benz,2018.0,12.0,Spain,S-Class,Sedan,Diesel,49580.0,285798.0,50.0,1.67,0.88,3.44,8,1169.0
5520,Mercedes-Benz,2022.0,10.0,Canada,E-Class,Sedan,Petrol,122690.0,90361.0,34.0,1.25,2.31,4.03,9,1188.0
5521,Mercedes-Benz,2020.0,10.0,India,CLA,Sedan,Hybrid,74109.0,410926.0,6.0,0.96,7.04,6.37,1,1057.0
5522,Volkswagen,2023.0,5.0,Netherlands,ID.3,Suv,Hybrid,71906.0,561077.0,73.0,2.01,2.59,3.27,8,1216.0
5523,Mercedes-Benz,2020.0,8.0,Japan,S-Class,Sedan,Diesel,56218.0,285702.0,20.0,1.51,0.83,-0.02,10,430.0
5524,Ford,2017.0,10.0,Canada,Expedition,Suv,Hybrid,58894.0,466143.0,82.0,1.25,2.15,3.91,2,2930.0
5525,BMW,2020.0,10.0,China,5 Series,Suv,Petrol,55923.0,432188.0,155.0,1.09,6.487722389736032,3.4566638802415173,7,395.0
5526,BMW,2020.0,11.0,India,i7,Sedan,Petrol,109286.0,71584.0,273.0,1.008642154339613,7.131837212169799,6.469067313186992,1,911.0
5527,BMW,2023.0,5.0,Germany,X3,Suv,Hybrid,97712.0,109164.0,189.0,1.8171017061708936,2.19633581852112,2.7078011541064417,7,432.0
5528,Mercedes-Benz,2019.0,3.0,China,GLS,Suv,Hybrid,123210.0,267126.0,34.0,1.06,6.31,3.2,7,1167.0
5529,Tesla,2019.0,6.0,France,Model 3,Suv,Electric,97597.0,39337.0,19.0,1.87,1.98,3.24,1,856.0
5530,BMW,2017.0,3.0,Japan,X3,Suv,Electric,69650.0,381588.0,71.0,1.5701163458188483,1.4974260216069282,0.1950711007950553,7,197.0
5531,Volkswagen,2023.0,8.0,USA,Passat,Sedan,Diesel,67693.0,202392.0,60.0,0.95,2.86,4.64,2,320.0
5534,Audi,2024.0,8.0,USA,Q7,Suv,Electric,65898.0,204293.0,8.0,1.0,2.55,4.67,5,1128.0
5535,Volkswagen,2017.0,8.0,UK,Taos,Suv,Electric,54932.0,142962.0,53.0,1.76,1.04,4.96,7,2226.0
5536,Porsche,2015.0,2.0,Canada,Panamera,Sedan,Hybrid,66982.0,100139.0,21.0,1.25,2.5,3.99,6,444.0
5537,Tesla,2019.0,1.0,Brazil,Model S Plaid,Suv,Electric,50404.0,243833.0,28.0,1.15,3.22,10.65,9,349.0
5538,BMW,2017.0,6.0,Brazil,i4,Suv,Hybrid,67924.0,494958.0,158.0,1.178491637245896,3.761007923495392,10.423034439841404,5,576.0
5539,Volkswagen,2019.0,8.0,Canada,T-Roc,Suv,Diesel,53723.0,137578.0,22.0,1.38,2.31,4.3,2,68.0
5540,Tesla,2017.0,9.0,Germany,Cybertruck,Suv,Electric,70068.0,176555.0,7.0,1.82,1.71,2.99,7,1219.0
5541,Ford,2015.0,8.0,UK,Mustang Mach-E,Suv,Electric,33113.0,99094.0,58.0,1.87,1.89,5.16,1,793.0
5542,Ford,2021.0,11.0,France,Bronco,Suv,Petrol,59173.0,208748.0,89.0,1.74,1.49,3.39,7,3753.0
5543,Mercedes-Benz,2023.0,3.0,Japan,C-Class,Sedan,Petrol,40250.0,308769.0,58.0,1.42,1.69,0.37,6,140.0
5544,Porsche,2022.0,11.0,Italy,Macan,Suv,Petrol,85075.0,223062.0,3.0,1.82,1.43,3.21,4,241.0
5545,Audi,2016.0,4.0,Canada,A6,Sedan,Hybrid,111390.0,439556.0,46.0,1.32,2.54,4.16,5,755.0
5546,Audi,2017.0,4.0,China,A3,Sedan,Petrol,70339.0,128606.0,43.0,1.09,6.24,3.49,2,238.0
5547,Toyota,2023.0,11.0,Australia,bZ4X,Suv,Electric,62425.0,436404.0,87.0,1.69,2.69,4.08,5,59.0
5548,Toyota,2022.0,1.0,Spain,Highlander,Suv,Hybrid,49302.0,79384.0,52.0,1.67,1.65,3.64,5,1574.0
5549,Ford,2018.0,3.0,Japan,Mustang Mach-E,Suv,Hybrid,53897.0,413582.0,63.0,1.57,0.81,-0.04,2,1158.0
5550,Porsche,2018.0,2.0,Germany,718,Sedan,Petrol,70752.0,242930.0,21.0,1.96,1.63,2.95,4,107.0
5551,Ford,2016.0,8.0,Netherlands,Mustang Mach-E,Suv,Petrol,93560.0,163797.0,94.0,1.94,1.89,3.44,6,2952.0
5552,Toyota,2021.0,5.0,Mexico,Corolla,Sedan,Electric,43309.0,460725.0,96.0,1.11,2.21,11.15,10,2929.0
5553,Toyota,2019.0,3.0,Mexico,Supra,Sedan,Hybrid,55875.0,47290.0,52.0,1.08,2.17,11.08,8,1041.0
5554,BMW,2019.0,7.0,China,7 Series,Sedan,Petrol,41464.0,141493.0,195.0,1.0749105774040244,6.205585862643825,3.613043011095282,6,524.0
5555,Audi,2024.0,3.0,Germany,RS6,Sedan,Diesel,114680.0,112689.0,49.0,1.81,1.69,3.07,5,608.0
5556,BMW,2017.0,10.0,Japan,3 Series,Suv,Electric,69678.0,467230.0,236.0,1.413288768871155,0.8205584164036902,0.341471984371505,6,889.0
5557,Ford,2020.0,2.0,France,Escape,Suv,Petrol,33446.0,680088.0,74.0,1.83,1.7,3.72,5,2732.0
5558,Audi,2023.0,12.0,Japan,Q8,Suv,Petrol,41282.0,210097.0,26.0,1.41,1.21,-0.15,2,206.0
5559,BMW,2021.0,2.0,Canada,5 Series,Suv,Electric,43921.0,258606.0,327.0,1.20364436513031,1.7693613008751656,3.760466800826456,3,906.0
5560,Porsche,2019.0,5.0,Spain,Panamera Sport,Sedan,Petrol,162244.0,348546.0,28.0,1.84,1.66,3.6,8,157.0
5561,Mercedes-Benz,2016.0,11.0,Japan,GLE,Suv,Electric,120460.0,554355.0,51.0,1.43,0.72,0.03,8,312.0
5562,Volkswagen,2018.0,2.0,USA,Polo,Sedan,Diesel,56382.0,501186.0,64.0,0.99,2.29,4.53,5,539.0
5563,Ford,2018.0,1.0,Australia,Bronco,Suv,Petrol,45001.0,311014.0,110.0,1.59,3.12,4.26,2,3971.0
5564,Toyota,2017.0,11.0,USA,Supra,Sedan,Hybrid,33601.0,539375.0,58.0,0.96,2.21,4.37,9,1016.0
5565,BMW,2015.0,1.0,Canada,X5,Sedan,Hybrid,67167.0,210185.0,139.0,1.211568889889432,2.447444406596694,3.984285897038768,8,380.0
5566,Audi,2021.0,1.0,China,A3,Sedan,Electric,51187.0,225192.0,37.0,1.07,6.25,3.53,4,1035.0
5567,Ford,2015.0,9.0,Australia,Bronco,Suv,Hybrid,80213.0,565205.0,93.0,1.6,2.93,4.46,7,163.0
5568,Mercedes-Benz,2021.0,5.0,Australia,CLA,Sedan,Electric,94585.0,126876.0,9.0,1.61,2.69,4.44,2,1184.0
5569,Toyota,2020.0,9.0,UK,Prius,Suv,Hybrid,84231.0,113277.0,63.0,1.29,1.77,3.71,5,2199.0
5571,Tesla,2016.0,11.0,Germany,Cybertruck,Suv,Electric,88738.0,294720.0,33.0,1.88,1.92,2.77,9,1050.0
5572,Toyota,2024.0,8.0,Netherlands,Camry,Sedan,Electric,58363.0,274582.0,61.0,1.92,2.04,3.37,7,809.0
5573,BMW,2015.0,10.0,Australia,X1,Suv,Electric,42349.0,258886.0,119.0,1.6317415551001753,2.6821179156886994,4.423819104285488,2,372.0
5575,Mercedes-Benz,2020.0,3.0,Japan,GLC,Suv,Petrol,121833.0,331552.0,52.0,1.43,1.68,0.38,8,193.0
5576,Mercedes-Benz,2015.0,1.0,France,A-Class,Sedan,Electric,40034.0,439771.0,29.0,1.89,1.75,3.25,9,1197.0
5577,Porsche,2018.0,1.0,Spain,Panamera,Sedan,Electric,197401.0,155699.0,28.0,1.75,0.85,3.4,10,326.0
5578,Tesla,2019.0,3.0,India,Model S,Suv,Electric,84352.0,30649.0,15.0,1.03,6.66,6.72,4,908.0
5579,Mercedes-Benz,2022.0,6.0,Australia,S-Class,Sedan,Hybrid,41573.0,294976.0,27.0,1.51,2.53,4.11,2,573.0
5580,Porsche,2015.0,5.0,India,Cayenne,Suv,Petrol,147876.0,243162.0,20.0,1.11,6.82,6.38,1,122.0
5581,Audi,2023.0,4.0,France,Q3,Suv,Hybrid,61360.0,421044.0,30.0,1.88,1.72,3.45,3,51.0
5583,Toyota,2022.0,5.0,Australia,Land Cruiser,Suv,Petrol,79759.0,475780.0,76.0,1.52,2.54,4.01,10,264.0
5584,Toyota,2024.0,10.0,Spain,Supra,Sedan,Petrol,55011.0,690163.0,31.0,1.69,1.23,3.59,7,2180.0
5585,BMW,2021.0,8.0,Australia,3 Series,Suv,Diesel,118658.0,82940.0,59.0,1.6989638587931903,2.6969257044534283,4.520857886217099,5,496.0
5586,Volkswagen,2024.0,6.0,Spain,T-Roc,Suv,Petrol,34431.0,80426.0,12.0,1.75,0.84,3.71,2,706.0
5587,Volkswagen,2024.0,1.0,Italy,Tiguan,Suv,Diesel,53423.0,512785.0,9.0,1.86,0.96,3.53,4,601.0
5588,Mercedes-Benz,2017.0,8.0,India,CLA,Sedan,Hybrid,129225.0,430791.0,55.0,0.97,7.27,6.22,9,551.0
5589,Audi,2023.0,3.0,Netherlands,A3,Sedan,Diesel,71961.0,115696.0,19.0,2.02,1.9,3.63,1,1065.0
5590,Porsche,2024.0,6.0,India,Taycan,Suv,Petrol,87770.0,181404.0,16.0,1.1,6.69,6.34,3,287.0
5591,Toyota,2023.0,3.0,Japan,Land Cruiser,Suv,Hybrid,84215.0,541200.0,59.0,1.58,0.81,0.34,3,793.0
5592,Toyota,2020.0,5.0,Australia,Corolla,Sedan,Hybrid,80310.0,377496.0,65.0,1.62,3.47,4.12,2,942.0
5593,Tesla,2019.0,3.0,USA,Cybertruck,Suv,Electric,52173.0,167399.0,12.0,0.91,2.65,4.36,6,1935.0
5594,Ford,2018.0,9.0,UK,Explorer,Suv,Petrol,88610.0,175552.0,68.0,1.9,1.97,5.18,8,1565.0
5595,Volkswagen,2021.0,5.0,Japan,Passat,Sedan,Diesel,52804.0,340920.0,48.0,1.42,1.32,0.06,2,2466.0
5596,Volkswagen,2020.0,5.0,UK,Taos,Suv,Diesel,75758.0,316738.0,40.0,1.83,2.61,4.14,7,1634.0
5597,Mercedes-Benz,2022.0,8.0,UK,E-Class,Sedan,Hybrid,75888.0,90693.0,63.0,1.8305102694527564,1.06,3.59,1,304.0
5598,Volkswagen,2023.0,3.0,Japan,T-Roc,Suv,Petrol,31786.0,162877.0,29.0,1.58,1.19,0.32,8,1307.0
5599,Porsche,2018.0,10.0,Spain,Macan,Suv,Hybrid,131067.0,298297.0,29.0,1.8,0.97,3.67,6,392.0
5600,Audi,2018.0,6.0,Japan,Q3,Suv,Hybrid,59473.0,407747.0,31.0,1.55,1.59,-0.02,4,207.0
5601,Audi,2015.0,1.0,India,TT,Sedan,Hybrid,102656.0,269516.0,44.0,1.04,6.54,6.65,4,133.0
5602,Tesla,2016.0,10.0,Canada,Model S Plaid,Suv,Electric,107149.0,176903.0,17.0,1.2,2.66,4.16,3,852.0
5603,Volkswagen,2015.0,3.0,Japan,Passat,Sedan,Diesel,65157.0,151774.0,82.0,1.52,0.71,0.2,3,1183.0
5604,Volkswagen,2018.0,10.0,UK,Arteon,Sedan,Petrol,66398.0,549621.0,23.0,1.9,1.64,4.9,4,1387.0
5606,Audi,2023.0,3.0,India,Q3,Suv,Electric,69022.0,209485.0,30.0,1.11,6.88,6.58,10,527.0
5607,Audi,2024.0,1.0,UK,Q7,Suv,Electric,56191.0,512951.0,33.0,1.92,1.21,4.91,6,952.0
5608,Tesla,2016.0,9.0,Brazil,Cybertruck,Suv,Electric,39297.0,106744.0,26.0,1.21,3.23,10.52,5,2272.0
5609,Mercedes-Benz,2018.0,2.0,Germany,EQE,Suv,Petrol,107932.0,152310.0,7.0,1.9,2.07,3.19,3,856.0
5610,Ford,2018.0,3.0,China,F-150 Lightning,Suv,Petrol,57050.0,226786.0,19.0,1.14,6.06,3.51,6,1802.0
5611,Tesla,2017.0,11.0,India,Semi,Suv,Electric,48691.0,289592.0,39.0,0.97,7.29,6.59,1,1082.0
5613,Mercedes-Benz,2017.0,3.0,Canada,E-Class,Sedan,Petrol,76655.0,242225.0,57.0,1.21,1.91,4.15,10,126.0
5614,Mercedes-Benz,2017.0,8.0,Spain,GLC,Suv,Petrol,42569.0,394310.0,13.0,1.79,1.27,3.39,10,688.0
5615,Mercedes-Benz,2016.0,12.0,Japan,EQE,Suv,Diesel,56908.0,64863.0,19.0,1.51,1.31,-0.1,5,196.0
5616,Audi,2023.0,2.0,India,Q7,Suv,Electric,112050.0,490120.0,38.0,1.03,7.12,6.55,3,457.0
5618,Porsche,2020.0,3.0,India,Panamera Sport,Sedan,Petrol,182117.0,217770.0,14.0,1.04,6.53,6.67,1,192.0
5619,Volkswagen,2019.0,6.0,UK,T-Roc,Suv,Petrol,33493.0,579433.0,35.0,1.77,1.42,4.87,3,780.0
5620,Audi,2016.0,10.0,Italy,TT,Sedan,Diesel,53673.0,220754.0,29.0,1.78,1.4,3.25,6,1113.0
5621,Mercedes-Benz,2024.0,11.0,Australia,EQS,Suv,Diesel,95828.0,75821.0,42.0,1.52,3.05,4.17,7,672.0
5622,Volkswagen,2021.0,9.0,India,Tiguan,Suv,Hybrid,71178.0,422371.0,15.0,1.03,7.35,6.24,8,1535.0
5624,Porsche,2019.0,8.0,USA,Panamera Sport,Sedan,Petrol,73858.0,361486.0,8.0,0.99,2.35,4.61,10,201.0
5625,Porsche,2024.0,5.0,UK,718,Sedan,Hybrid,198637.0,350920.0,17.0,1.94,1.82,4.71,4,306.0
5626,Toyota,2023.0,8.0,Mexico,Highlander,Suv,Petrol,33114.0,363151.0,18.0,1.16,2.35,10.76,4,2252.0
5627,Mercedes-Benz,2020.0,8.0,USA,GLC,Suv,Hybrid,83370.0,523294.0,28.0,0.88,2.24,4.37,7,1157.0
5628,Toyota,2016.0,10.0,Brazil,Prius,Suv,Hybrid,60740.0,642153.0,50.0,1.24,3.16,10.44,7,714.0
5629,Ford,2018.0,1.0,Spain,Bronco,Suv,Petrol,67080.0,783628.0,33.0,1.84,1.36,3.43,1,2501.0
5630,Volkswagen,2015.0,3.0,UK,ID.3,Suv,Petrol,70414.0,70251.0,57.0,1.86,1.21,5.09,10,1597.0
5631,Toyota,2020.0,12.0,Japan,Prius,Suv,Electric,49172.0,362389.0,15.0,1.53,1.13,0.23,6,1483.0
5632,Audi,2022.0,6.0,USA,A4,Sedan,Hybrid,96648.0,367377.0,31.0,1.01,2.39,4.7,5,855.0
5633,Porsche,2016.0,10.0,UK,Macan,Suv,Hybrid,85701.0,374624.0,5.0,1.84,1.96,4.79,4,369.0
5636,Porsche,2017.0,5.0,Germany,Cayenne,Suv,Hybrid,60976.0,325637.0,6.0,1.82,2.22,3.18,9,30.0
5637,Mercedes-Benz,2022.0,8.0,China,GLC,Suv,Hybrid,77054.0,268364.0,63.0,1.12,5.58,3.25,6,520.0
5638,Porsche,2022.0,7.0,Japan,Taycan,Suv,Hybrid,117866.0,254325.0,15.0,1.44,1.34,0.14,2,77.0
5639,Porsche,2021.0,2.0,Netherlands,Macan,Suv,Electric,136619.0,210707.0,23.0,2.01,1.69,3.68,8,465.0
5640,Toyota,2015.0,9.0,USA,bZ4X,Suv,Electric,82415.0,486896.0,68.0,1.04,2.82,4.54,8,223.0
5641,Toyota,2022.0,6.0,Netherlands,Supra,Sedan,Petrol,42325.0,68778.0,91.0,1.91,2.27,3.24,7,1570.0
5642,Tesla,2023.0,6.0,UK,Model 3,Suv,Electric,97540.0,202005.0,7.0,1.53,3.29,4.22,2,1263.0
5643,Mercedes-Benz,2019.0,10.0,Mexico,EQS,Suv,Petrol,77540.5,518512.0,28.0,1.04,2.34,11.03,5,235.0
5644,Tesla,2020.0,3.0,Germany,Model X Plaid,Suv,Electric,76443.0,144958.0,18.0,1.91,1.47,3.22,5,1573.0
5645,Ford,2023.0,1.0,UK,Expedition,Suv,Electric,31064.0,85118.0,116.0,1.79,1.78,5.25,10,1690.0
5646,Mercedes-Benz,2020.0,1.0,Netherlands,EQS,Suv,Electric,66017.0,317346.0,22.0,1.92,1.77,3.79,9,679.0
5647,Audi,2017.0,10.0,Spain,Q8,Suv,Electric,45125.0,480999.0,28.0,1.68,1.27,3.37,10,1101.0
5649,Ford,2017.0,11.0,Brazil,F-150,Suv,Electric,54947.0,665212.0,36.0,1.15,3.57,10.67,10,1002.0
5650,Toyota,2018.0,7.0,Brazil,Yaris,Sedan,Electric,30806.0,154220.0,65.0,1.18,3.18,10.79,1,1712.0
5651,Porsche,2021.0,8.0,India,Panamera,Sedan,Petrol,162058.0,227688.0,2.0,1.02,6.53,6.47,10,121.0
5652,Tesla,2022.0,1.0,Canada,Model S Plaid,Suv,Electric,82614.0,225212.0,9.0,1.32,2.35,4.29,3,309.0
5653,BMW,2019.0,10.0,Canada,7 Series,Sedan,Hybrid,52065.0,447595.0,371.0,1.3651633501129523,2.5718435277452323,3.717548369820736,7,977.0
5654,Volkswagen,2020.0,7.0,Mexico,Tiguan,Suv,Diesel,78075.0,282039.0,41.0,1.08,2.01,11.06,6,778.0
5655,Mercedes-Benz,2024.0,4.0,Italy,GLS,Suv,Diesel,77668.0,543318.0,46.0,1.86,0.57,3.61,8,339.0
5656,Toyota,2023.0,4.0,USA,C-HR,Suv,Hybrid,18719.0,556453.0,15.0,0.88,2.64,4.61,9,1460.0
5657,Porsche,2021.0,4.0,India,Cayenne,Suv,Hybrid,129521.0,240008.0,20.0,1.13,7.5,6.51,1,61.0
5658,Audi,2022.0,5.0,Italy,Q7,Suv,Electric,88685.0,179284.0,30.0,1.79,1.06,3.25,10,900.0
5659,Porsche,2019.0,8.0,Japan,Macan EV,Suv,Electric,89628.0,290050.0,5.0,1.52,0.74,0.35,1,61.0
5661,Ford,2022.0,6.0,Japan,F-150,Suv,Petrol,37332.0,405481.0,24.0,1.57,1.28,0.11,4,3006.0
5663,Audi,2019.0,10.0,Netherlands,A3,Sedan,Hybrid,51839.0,182199.0,20.0,2.04,1.9649999999999999,3.26,4,724.0
5664,Ford,2017.0,9.0,Germany,Escape,Suv,Hybrid,64410.0,771775.0,42.0,1.99,2.02,2.74,1,3062.0
5665,Toyota,2016.0,11.0,Brazil,Corolla,Sedan,Petrol,54080.0,466485.0,63.0,1.15,3.06,10.46,6,2155.0
5666,BMW,2017.0,9.0,Germany,X7,Sedan,Petrol,117263.0,274699.0,373.0,1.8968154139420403,1.5282353634936992,2.8479621809868148,4,880.0
5667,Tesla,2021.0,5.0,Netherlands,Cybertruck,Suv,Electric,90840.0,195190.0,14.0,1.91,1.69,3.67,3,1934.0
5668,Ford,2021.0,12.0,Germany,Explorer,Suv,Electric,43742.0,55651.0,55.0,1.84,1.77,2.74,5,2668.0
5669,Mercedes-Benz,2019.0,10.0,France,EQE,Suv,Hybrid,108163.0,272076.0,35.0,1.71,1.35,3.5,6,614.0
5670,Mercedes-Benz,2018.0,7.0,Germany,GLS,Suv,Petrol,33940.0,135624.0,24.0,1.87,1.38,3.27,6,760.0
5671,BMW,2015.0,1.0,UK,X7,Sedan,Diesel,76850.0,197525.0,62.0,1.8421557536065447,1.0887025337570555,4.7723815226603605,2,211.0
5672,Porsche,2022.0,2.0,Spain,GTS,Sedan,Electric,152985.0,253480.0,22.0,1.67,1.76,3.33,5,22.0
5673,Porsche,2015.0,11.0,Canada,718,Sedan,Electric,82671.0,224822.0,16.0,1.22,2.42,4.29,1,429.0
5674,Tesla,2016.0,4.0,Spain,Model S,Suv,Electric,58321.0,211044.0,33.0,1.73,1.59,3.28,3,2024.0
5675,Porsche,2017.0,5.0,Mexico,Panamera,Sedan,Petrol,182790.0,132892.0,27.0,1.17,2.34,11.01,2,198.0
5676,Toyota,2016.0,5.0,Brazil,Corolla,Sedan,Petrol,89852.0,391099.0,43.0,1.19,3.19,10.51,3,1188.0
5677,Audi,2018.0,9.0,Brazil,RS6,Sedan,Diesel,64546.0,113570.0,46.0,1.25,3.74,10.51,2,447.0
5678,Toyota,2024.0,11.0,Japan,C-HR,Suv,Petrol,67538.0,470313.0,64.0,1.58,0.93,0.1,9,2778.0
5679,BMW,2021.0,1.0,India,X3,Suv,Electric,41869.0,389273.0,11.0,0.9683164146653268,7.090230666869087,6.416584338164016,10,361.0
5680,Ford,2022.0,2.0,Netherlands,Mustang,Sedan,Hybrid,34202.0,541053.0,76.0,2.0,1.99,3.37,3,1171.0
5681,Ford,2017.0,5.0,Netherlands,Explorer,Suv,Hybrid,80830.0,377439.0,38.0,2.07,1.93,3.57,8,1095.0
5682,Ford,2017.0,5.0,Japan,Edge,Suv,Petrol,22342.0,400809.0,23.0,1.43,1.62,0.28,6,3692.0
5683,Audi,2016.0,3.0,Italy,Q8,Suv,Hybrid,108899.0,70946.0,28.0,1.82,1.17,3.7,3,388.0
5684,Mercedes-Benz,2020.0,9.0,Italy,GLS,Suv,Petrol,106788.0,140925.0,38.0,1.78,0.73,3.21,8,344.0
5685,Volkswagen,2022.0,11.0,India,Tiguan,Suv,Petrol,79595.0,576217.0,65.0,1.03,6.86,6.73,6,485.0
5686,Ford,2023.0,7.0,Germany,Escape,Suv,Electric,59378.0,239663.0,117.0,1.92,2.3,2.98,2,3198.0
5687,Audi,2019.0,10.0,China,Q3,Suv,Electric,110048.0,124599.0,7.0,1.13,5.79,3.7,8,677.0
5688,Ford,2021.0,5.0,Germany,Bronco,Suv,Electric,35987.0,274083.0,63.0,1.91,1.32,3.27,3,2019.0
5689,BMW,2024.0,2.0,USA,X5,Sedan,Petrol,91207.0,163012.0,353.0,0.9692517505764724,2.562072794402571,4.768254400265112,4,821.0
5690,Volkswagen,2020.0,7.0,USA,Polo,Sedan,Electric,38812.0,189227.0,51.0,0.92,2.21,4.35,8,2766.0
5692,Volkswagen,2023.0,2.0,Australia,Polo,Sedan,Petrol,24063.0,336846.0,22.0,1.69,2.85,4.49,3,1545.0
5693,Volkswagen,2018.0,3.0,Spain,Tiguan,Suv,Electric,64189.0,505547.0,13.0,1.79,1.59,3.5,1,931.0
5694,Volkswagen,2021.0,7.0,Japan,Taos,Suv,Electric,79475.0,434237.0,59.0,1.57,0.83,-0.12,9,935.0
5695,Ford,2019.0,6.0,Germany,Escape,Suv,Petrol,22727.0,789972.0,94.0,1.89,2.28,2.76,7,1483.0
5696,Ford,2015.0,1.0,Canada,Mustang Mach-E,Suv,Petrol,39580.0,289088.0,49.0,1.21,1.91,4.27,5,3363.0
5697,Volkswagen,2024.0,11.0,Italy,T-Roc,Suv,Petrol,56828.0,525703.0,11.0,1.8,1.09,3.31,1,1409.0
5698,Volkswagen,2015.0,4.0,India,ID.3,Suv,Diesel,44361.0,408882.0,69.0,1.07,7.14,6.33,2,1593.0
5700,BMW,2015.0,5.0,France,i7,Sedan,Hybrid,73367.0,124205.0,229.0,1.7761781713262044,1.2504168911035285,3.556478429211281,7,687.0
5701,Tesla,2024.0,7.0,Brazil,Model X Plaid,Suv,Electric,120054.0,128906.0,2.0,1.22,3.78,10.21,10,1746.0
5702,Audi,2015.0,6.0,Germany,A6,Sedan,Electric,37297.0,526871.0,37.0,1.89,1.71,2.89,2,964.0
5703,Porsche,2019.0,10.0,Australia,911,Sedan,Hybrid,82694.0,230700.0,22.0,1.52,3.42,4.48,5,146.0
5704,Audi,2021.0,3.0,Spain,Q7,Suv,Electric,114854.0,232512.0,52.0,1.66,1.49,3.56,8,469.0
5705,Audi,2016.0,9.0,Italy,Q3,Suv,Diesel,36426.0,300954.0,33.0,1.95,0.77,3.74,8,997.0
5706,Porsche,2024.0,2.0,Australia,Macan,Suv,Electric,154624.0,111016.0,12.0,1.63,3.35,4.26,8,151.0
5707,Porsche,2024.0,2.0,Italy,Macan,Suv,Electric,147817.0,234079.0,20.0,1.93,0.98,3.79,3,381.0
5708,Ford,2020.0,3.0,India,Mustang,Sedan,Petrol,39683.0,228423.0,65.0,1.06,7.23,6.64,1,1840.0
5709,Volkswagen,2023.0,2.0,Spain,T-Roc,Suv,Electric,47092.0,80168.0,17.0,1.83,1.75,3.22,2,2283.0
5710,Tesla,2024.0,2.0,France,Model X,Suv,Electric,75936.0,71563.0,25.0,1.79,1.59,3.49,3,633.0
5711,Toyota,2022.0,12.0,Australia,Land Cruiser,Suv,Hybrid,46553.0,659358.0,55.0,1.56,3.17,4.11,10,1428.0
5712,BMW,2020.0,3.0,Brazil,X3,Suv,Hybrid,37035.0,432526.0,157.0,1.117698500410384,3.597899978811085,10.75312454101387,4,534.0
5713,Toyota,2020.0,2.0,Netherlands,Highlander,Suv,Electric,47251.0,378356.0,53.0,1.96,2.43,3.48,4,1279.0
5714,Volkswagen,2018.0,5.0,Italy,Arteon,Sedan,Petrol,34006.0,384785.0,87.0,1.78,0.83,3.69,8,1709.0
5715,Toyota,2017.0,7.0,Japan,C-HR,Suv,Electric,63389.0,49482.0,86.0,1.42,1.23,0.24,10,2182.0
5716,Ford,2020.0,8.0,USA,F-150,Suv,Electric,52942.0,390211.5,38.0,1.03,2.21,4.44,9,1077.0
5717,Mercedes-Benz,2015.0,7.0,Spain,E-Class,Sedan,Hybrid,74653.0,298295.0,8.0,1.73,1.56,3.75,7,533.0
5718,Mercedes-Benz,2024.0,12.0,Mexico,S-Class,Sedan,Hybrid,88122.0,208319.0,33.0,1.11,2.08,11.23,6,447.0
5719,Tesla,2016.0,10.0,UK,Cybertruck,Suv,Electric,69307.0,191693.0,6.0,1.76,1.56,5.21,10,1110.0
5720,Ford,2015.0,6.0,Italy,F-150,Suv,Electric,73046.0,146532.0,117.0,1.78,0.85,3.62,9,802.0
5721,Porsche,2020.0,2.0,Canada,718,Sedan,Electric,114804.0,136834.0,5.0,1.25,1.77,3.76,5,448.0
5722,Ford,2023.0,1.0,Mexico,Ranger,Suv,Hybrid,32431.0,384333.0,90.0,1.15,2.25,11.03,4,713.0
5724,Audi,2021.0,2.0,Canada,A3,Sedan,Petrol,51585.0,195972.0,10.0,1.31,1.94,3.87,3,764.0
5725,BMW,2015.0,4.0,UK,X3,Suv,Electric,84556.0,358645.0,370.0,1.84,1.213557592199629,3.60294391735568,4,815.0
5726,Toyota,2024.0,3.0,UK,Highlander,Suv,Electric,71146.0,497518.0,33.0,1.81,1.18,5.24,2,2778.0
5727,Ford,2020.0,7.0,Spain,Ranger,Suv,Hybrid,51221.0,765675.0,67.0,1.65,1.66,3.58,10,3945.0
5728,Mercedes-Benz,2023.0,9.0,Brazil,CLA,Sedan,Electric,65681.0,376162.0,23.0,1.19,3.22,10.31,2,131.0
5729,Porsche,2015.0,3.0,UK,Cayenne,Suv,Electric,104495.0,108970.0,24.0,1.93,1.62,5.05,9,403.0
5730,Volkswagen,2019.0,1.0,Italy,T-Roc,Suv,Petrol,60758.0,414943.0,25.0,1.81,0.71,3.74,8,1440.0
5731,Tesla,2017.0,1.0,Spain,Model Y,Suv,Electric,71484.0,94721.0,9.0,1.78,1.01,3.75,2,2064.0
5732,Volkswagen,2022.0,12.0,Italy,Passat,Sedan,Electric,78714.0,125167.0,82.0,1.92,1.16,3.73,9,1907.0
5733,Audi,2021.0,2.0,Spain,TT,Sedan,Diesel,62600.0,59994.0,41.0,1.69,1.77,3.3,4,1176.0
5734,Tesla,2020.0,12.0,Japan,Model S Plaid,Suv,Electric,40929.0,177376.0,6.0,1.53,0.8,-0.01,5,60.0
5735,Ford,2022.0,9.0,Canada,Mustang Mach-E,Suv,Electric,45588.0,299008.0,103.0,1.25,1.73,4.08,9,3915.0
5736,Porsche,2018.0,7.0,UK,Macan,Suv,Hybrid,151737.0,128471.0,3.0,1.99,2.07,3.56,8,381.0
5737,Volkswagen,2020.0,12.0,Mexico,Arteon,Sedan,Electric,32912.0,84581.0,37.0,1.09,2.0949999999999998,10.79,3,1254.0
5738,Volkswagen,2016.0,6.0,USA,T-Roc,Suv,Petrol,77360.0,118036.0,35.0,1.01,2.3,4.76,4,1118.0
5739,Porsche,2015.0,8.0,Australia,718,Sedan,Electric,188636.0,239982.0,22.0,1.67,2.53,4.3,1,138.0
5740,Tesla,2017.0,4.0,Germany,Model S Plaid,Suv,Electric,120348.0,53253.0,26.0,1.81,2.08,3.03,4,1537.0
5741,Ford,2021.0,11.0,Brazil,Expedition,Suv,Petrol,32801.0,286028.0,103.0,1.27,3.04,10.39,4,3500.0
5743,Mercedes-Benz,2022.0,6.0,Australia,EQE,Suv,Petrol,41718.0,384492.0,25.0,1.64,2.91,4.04,7,1194.0
5744,Mercedes-Benz,2018.0,8.0,Japan,C-Class,Sedan,Hybrid,100410.0,366391.0,52.0,1.43,1.31,0.09,8,960.0
5745,Porsche,2023.0,10.0,UK,911,Sedan,Electric,155673.0,335008.0,3.0,1.83,2.2,10.89,6,493.0
5746,Mercedes-Benz,2021.0,10.0,India,GLS,Suv,Hybrid,55065.0,149739.0,24.0,1.05,6.84,6.79,1,1223.0
5747,Porsche,2015.0,9.0,France,718,Sedan,Electric,69404.0,316677.0,24.0,1.82,1.48,3.53,10,25.0
5748,Porsche,2016.0,1.0,Canada,Panamera Sport,Sedan,Petrol,98911.0,134434.0,10.0,1.32,2.32,4.05,10,117.0
5750,Porsche,2024.0,8.0,Mexico,GTS,Sedan,Hybrid,104601.0,238022.0,17.0,1.15,1.73,11.12,10,22.0
5751,Volkswagen,2016.0,1.0,Germany,ID.3,Suv,Diesel,50562.0,112806.0,60.0,1.9,2.19,3.11,4,2707.0
5752,Ford,2018.0,7.0,India,F-150 Lightning,Suv,Electric,83354.0,574628.0,58.0,1.12,6.93,6.75,5,1094.0
5753,Mercedes-Benz,2018.0,9.0,China,S-Class,Sedan,Petrol,110861.0,485538.0,22.0,1.13,5.65,3.62,8,193.0
5754,Tesla,2023.0,9.0,Netherlands,Model 3,Suv,Electric,58598.0,86122.0,23.0,2.08,1.87,3.62,7,1384.0
5755,Volkswagen,2016.0,8.0,Brazil,ID.3,Suv,Hybrid,20245.0,209033.0,79.0,1.16,3.42,10.49,7,1223.0
5756,Tesla,2022.0,6.0,China,Model S Plaid,Suv,Electric,111461.0,202543.0,29.0,1.04,5.76,3.56,5,789.0
5757,Mercedes-Benz,2021.0,3.0,USA,EQS,Suv,Electric,91848.0,562442.0,55.0,0.99,2.02,4.27,7,1294.0
5758,Mercedes-Benz,2021.0,9.0,Italy,A-Class,Sedan,Hybrid,84069.0,379782.0,57.0,1.76,0.8,3.33,10,476.0
5759,Toyota,2023.0,5.0,USA,Land Cruiser,Suv,Hybrid,76575.0,653265.0,27.0,1.04,2.33,4.22,8,82.0
5760,Ford,2023.0,1.0,India,Escape,Suv,Electric,26139.0,57020.0,104.0,1.1,6.59,6.37,10,3773.0
5761,Tesla,2017.0,9.0,Canada,Model S,Suv,Electric,74007.0,106939.0,34.0,1.37,2.7,4.14,3,1209.0
5762,BMW,2020.0,1.0,UK,iX,Sedan,Hybrid,76785.0,199001.0,322.0,1.8829969806951992,1.7660647765353026,5.173068405951979,4,744.0
5763,Toyota,2016.0,4.0,Brazil,Prius,Suv,Hybrid,85805.0,296260.0,75.0,1.12,3.5,10.7,4,1261.0
5764,Ford,2019.0,5.0,Mexico,F-150 Lightning,Suv,Electric,55275.0,328936.0,22.0,1.19,1.7,11.27,7,969.0
5765,Mercedes-Benz,2021.0,7.0,Australia,GLC,Suv,Diesel,104136.0,404249.0,43.0,1.64,2.61,4.25,4,1078.0
5766,Toyota,2022.0,5.0,Italy,Supra,Sedan,Hybrid,49074.0,530430.0,55.0,1.88,1.25,3.21,8,2451.0
5767,Audi,2019.0,4.0,Germany,Q5,Suv,Diesel,109684.0,136546.0,6.0,1.98,2.1,3.16,8,554.0
5769,Mercedes-Benz,2016.0,8.0,Japan,EQS,Suv,Hybrid,86029.0,547303.0,25.0,1.56,1.36,0.36,1,958.0
5770,Ford,2021.0,10.0,Canada,Explorer,Suv,Hybrid,56630.0,211962.0,61.0,1.22,1.89,4.23,3,641.0
5771,Audi,2017.0,11.0,Mexico,A3,Sedan,Electric,56622.0,194248.0,52.0,1.11,1.57,10.98,7,1161.0
5772,Audi,2022.0,11.0,Spain,A3,Sedan,Diesel,49707.0,216068.0,12.0,1.8,1.22,3.57,3,751.0
5773,Mercedes-Benz,2017.0,12.0,Spain,E-Class,Sedan,Electric,61743.0,137473.0,14.0,1.84,1.4,3.25,5,573.0
5774,Mercedes-Benz,2019.0,3.0,UK,GLS,Suv,Petrol,128565.0,497353.0,32.0,1.85,1.41,5.01,6,1176.0
5775,BMW,2015.0,6.0,USA,X5,Sedan,Electric,93502.0,395744.0,162.0,1.0660065150570954,2.2582443882989582,4.475481453742956,7,596.0
5776,Tesla,2019.0,10.0,Spain,Model S Plaid,Suv,Electric,122702.0,275138.0,1.0,1.84,1.38,3.71,2,295.0
5777,Audi,2023.0,7.0,France,Q5,Suv,Petrol,44395.0,237445.0,26.0,1.75,2.01,3.22,3,761.0
5778,BMW,2023.0,2.0,Germany,X5,Sedan,Hybrid,80349.0,467876.0,242.0,1.8899569297642644,1.4307103767401994,3.23196252914428,7,887.0
5779,Tesla,2024.0,10.0,USA,Model Y,Suv,Electric,85043.0,151539.0,15.0,0.89,2.43,4.21,10,956.0
5780,BMW,2018.0,9.0,France,X1,Suv,Hybrid,48854.0,392424.0,334.0,1.7262978239795963,1.8022587660316645,3.7956901033994415,10,966.0
5781,Audi,2019.0,6.0,USA,Q8,Suv,Diesel,77293.0,365677.0,54.0,0.99,2.36,4.63,10,371.0
5782,Mercedes-Benz,2020.0,5.0,USA,GLE,Suv,Electric,59545.0,589202.0,40.0,0.88,2.01,4.51,2,928.0
5783,Mercedes-Benz,2015.0,3.0,USA,CLA,Sedan,Diesel,92675.0,507143.0,14.0,0.89,2.505,4.3,5,780.0
5784,Ford,2023.0,2.0,India,Ranger,Suv,Electric,46985.0,628154.0,20.0,1.11,7.28,6.51,10,3486.0
5785,Toyota,2020.0,7.0,Spain,C-HR,Suv,Hybrid,89883.0,401282.0,47.0,1.78,1.03,3.26,2,2733.0
5786,Toyota,2021.0,10.0,Japan,Yaris,Sedan,Petrol,85013.0,355872.0,40.0,1.48,1.58,0.02,4,2238.0
5787,Tesla,2020.0,11.0,Mexico,Model Y,Suv,Electric,74467.0,159742.0,1.0,1.05,1.76,11.19,10,1980.0
5788,Volkswagen,2015.0,7.0,UK,Touareg,Suv,Electric,20622.0,420703.0,74.0,1.76,1.05,5.01,5,803.0
5789,Porsche,2021.0,2.0,Italy,Taycan,Suv,Hybrid,159273.0,237655.0,19.0,1.84,0.64,3.55,2,27.0
5790,Volkswagen,2019.0,10.0,Canada,Passat,Sedan,Electric,44426.0,398179.0,17.0,1.3,1.8,4.22,1,1929.0
5791,Mercedes-Benz,2021.0,10.0,China,EQE,Suv,Hybrid,86937.0,236567.0,31.0,1.09,5.99,3.57,6,848.0
5793,Mercedes-Benz,2024.0,3.0,Japan,EQS,Suv,Diesel,97379.0,265794.0,48.0,1.4952097798379917,0.99,0.12,1,450.0
5794,Volkswagen,2019.0,12.0,UK,Touareg,Suv,Diesel,42095.0,67185.0,60.0,1.33,1.85,4.26,6,1040.0
5795,Toyota,2021.0,12.0,Brazil,bZ4X,Suv,Hybrid,80026.0,563388.0,38.0,1.2,3.05,10.21,8,1097.0
5796,Audi,2020.0,10.0,Brazil,A4,Sedan,Hybrid,69769.0,198871.0,16.0,1.26,3.01,10.52,7,887.0
5797,Mercedes-Benz,2018.0,6.0,China,EQE,Suv,Hybrid,60613.0,263024.0,50.0,1.02,5.58,3.21,6,710.0
5798,BMW,2018.0,8.0,India,3 Series,Suv,Hybrid,87349.0,175851.0,279.0,1.013820094648651,7.362042650989314,6.7067296391210425,5,701.0
5800,Audi,2019.0,7.0,Italy,A6,Sedan,Hybrid,37617.0,237316.0,51.0,1.77,0.82,3.76,2,910.0
5801,Audi,2017.0,12.0,Spain,e-tron,Suv,Electric,97931.0,297786.0,6.0,1.67,0.97,3.58,6,919.0
5802,BMW,2019.0,8.0,Australia,i7,Sedan,Electric,98261.0,69156.0,22.0,1.560789280248145,2.712644376371096,3.969913612737456,8,155.0
5803,Toyota,2016.0,3.0,Canada,Prius,Suv,Hybrid,85995.0,55276.0,74.0,1.2,2.41,4.11,4,1259.0
5804,BMW,2018.0,2.0,Brazil,7 Series,Sedan,Petrol,65699.0,463532.0,267.0,1.2181275667989275,3.7542482596820808,10.435917120616754,9,582.0
5805,Volkswagen,2015.0,8.0,UK,Polo,Sedan,Hybrid,76872.0,543889.0,42.0,1.12,3.99,10.53,5,1842.0
5806,Tesla,2021.0,4.0,Netherlands,Semi,Suv,Electric,92995.0,239032.0,34.0,2.02,2.5,3.76,6,222.0
5807,Ford,2020.0,2.0,Australia,Mustang,Sedan,Petrol,79995.0,444209.0,112.0,1.54,3.05,3.97,5,616.0
5808,Toyota,2022.0,12.0,Mexico,Prius,Suv,Hybrid,83170.0,456841.0,45.0,1.09,1.79,11.29,4,404.0
5809,Porsche,2018.0,3.0,Netherlands,Cayenne Coupe,Suv,Hybrid,135397.0,155245.0,29.0,2.03,2.48,3.3,9,125.0
5810,Ford,2024.0,11.0,UK,Escape,Suv,Hybrid,42069.0,199702.0,107.0,1.88,1.26,4.94,7,80.0
5811,Toyota,2017.0,4.0,France,Corolla,Sedan,Electric,24909.0,695840.0,77.0,1.8,1.72,3.25,7,1341.0
5812,Mercedes-Benz,2022.0,10.0,Italy,S-Class,Sedan,Electric,44443.0,84381.0,31.0,1.76,0.76,3.45,1,1100.0
5813,Ford,2020.0,4.0,China,Mustang,Sedan,Petrol,31739.0,584095.0,68.0,1.08,6.23,3.37,8,2427.0
5814,Mercedes-Benz,2023.0,5.0,Brazil,C-Class,Sedan,Electric,53464.0,514475.0,6.0,1.2,3.46,10.33,5,1100.0
5815,BMW,2019.0,3.0,USA,i7,Sedan,Petrol,66105.0,112785.0,330.0,0.9616373773475784,2.186101417846277,4.681585985877426,5,1062.0
5816,Porsche,2021.0,9.0,India,Cayenne,Suv,Electric,128553.0,186039.0,11.0,1.09,7.21,6.65,4,439.0
5817,Mercedes-Benz,2024.0,4.0,UK,GLE,Suv,Electric,90741.0,351164.0,63.0,1.92,1.06,5.03,6,639.0
5818,Ford,2021.0,8.0,UK,F-150,Suv,Hybrid,61983.0,485109.0,62.0,1.76,1.3,4.81,2,1906.0
5819,Volkswagen,2022.0,3.0,Italy,Touareg,Suv,Petrol,68287.0,314980.0,20.0,1.84,0.83,3.27,4,2023.0
5820,Volkswagen,2021.0,1.0,USA,Tiguan,Suv,Electric,55935.0,438521.0,79.0,1.02,2.89,4.48,8,2710.0
5821,Tesla,2021.0,8.0,India,Cybertruck,Suv,Electric,45541.0,174182.0,33.0,1.03,7.2,6.43,2,2470.0
5822,Audi,2016.0,10.0,India,RS6,Sedan,Petrol,33045.0,499620.0,35.0,1.05,6.73,6.57,1,433.0
5823,Ford,2023.0,7.0,Brazil,Mustang Mach-E,Suv,Petrol,85760.0,516328.0,64.0,1.26,3.68,10.8,9,199.0
5824,Ford,2017.0,6.0,India,Expedition,Suv,Electric,30106.0,223466.0,106.0,1.1,6.77,6.77,10,2292.0
5825,Audi,2021.0,8.0,UK,A4,Sedan,Petrol,106369.0,481474.0,12.0,1.94,1.09,4.87,10,48.0
5826,Ford,2022.0,12.0,UK,Bronco,Suv,Hybrid,29272.0,792290.0,100.0,1.88,1.77,5.17,4,2313.0
5827,Tesla,2019.0,3.0,USA,Model Y,Suv,Electric,85786.0,84051.0,8.0,0.95,2.0,4.54,7,711.0
5828,Tesla,2021.0,11.0,India,Model S,Suv,Electric,104292.0,186675.0,29.0,1.12,7.19,6.45,3,680.0
5829,Volkswagen,2020.0,12.0,Mexico,T-Roc,Suv,Petrol,44957.0,299936.0,78.0,1.01,2.09,10.86,3,2428.0
5830,Tesla,2023.0,6.0,UK,Model Y,Suv,Electric,48456.0,82934.0,13.0,1.83,1.17,5.22,1,777.0
5831,Volkswagen,2021.0,12.0,USA,Polo,Sedan,Electric,47844.0,242162.0,30.0,0.95,2.87,4.7,9,553.0
5832,Volkswagen,2018.0,11.0,Australia,T-Roc,Suv,Hybrid,60323.0,534798.0,15.0,1.56,3.15,3.98,1,2769.0
5833,BMW,2022.0,9.0,UK,7 Series,Sedan,Electric,73367.0,356531.0,168.0,1.929710837705416,1.0841399649950487,4.796977228456768,3,393.0
5834,Porsche,2018.0,8.0,Italy,718,Sedan,Hybrid,75142.0,210120.0,26.0,1.88,0.92,3.6,7,196.0
5835,BMW,2023.0,9.0,UK,X1,Suv,Hybrid,119577.0,269222.0,134.0,1.8136006949943728,1.8074401551640624,5.237654779954096,9,380.0
5836,Audi,2015.0,12.0,Netherlands,Q7,Suv,Diesel,32013.0,410527.0,9.0,1.98,1.9,3.54,9,306.0
5837,Volkswagen,2015.0,10.0,Canada,Touareg,Suv,Diesel,74483.0,53819.0,13.0,1.24,2.05,4.29,1,2033.0
5838,Porsche,2019.0,6.0,Japan,Taycan,Suv,Hybrid,187926.0,219300.0,6.0,1.4,0.72,-0.08,7,294.0
5839,Ford,2017.0,1.0,Netherlands,Mustang,Sedan,Hybrid,35422.0,94363.0,52.0,1.91,1.89,3.61,5,2285.0
5840,Tesla,2020.0,6.0,Spain,Model S Plaid,Suv,Electric,108572.0,281282.0,3.0,1.81,1.44,3.68,5,358.0
5841,Tesla,2022.0,3.0,Canada,Model X,Suv,Electric,70073.0,258645.0,39.0,1.24,2.41,4.09,5,877.0
5842,Volkswagen,2020.0,9.0,UK,ID.3,Suv,Diesel,77391.0,485666.0,18.0,1.09,2.11,10.7,6,1737.0
5843,Toyota,2015.0,11.0,Canada,Corolla,Sedan,Petrol,66122.0,244804.0,14.0,1.21,2.01,3.74,7,2504.0
5844,Audi,2017.0,12.0,Canada,A6,Sedan,Diesel,42805.0,533822.0,47.0,1.27,1.82,4.06,5,147.0
5846,Ford,2019.0,12.0,Brazil,Bronco,Suv,Petrol,84130.0,401858.0,98.0,1.15,3.521366414690997,10.5,6,3807.0
5847,Audi,2018.0,8.0,UK,A6,Sedan,Electric,56516.0,65587.0,54.0,1.55,2.51,4.09,2,218.0
5848,Audi,2019.0,9.0,Germany,Q8,Suv,Hybrid,44583.0,100579.0,16.0,1.92,1.99,2.72,9,136.0
5849,Porsche,2015.0,2.0,Australia,Cayenne Coupe,Suv,Hybrid,110578.0,219066.0,8.0,1.6,2.73,4.35,6,215.0
5850,Ford,2020.0,6.0,Brazil,Escape,Suv,Petrol,80966.0,361454.0,46.0,1.29,3.18,10.69,8,1877.0
5851,Ford,2019.0,2.0,UK,Expedition,Suv,Petrol,28804.0,762712.0,61.0,1.47,1.04,0.02,4,513.0
5852,Mercedes-Benz,2023.0,7.0,Brazil,CLA,Sedan,Diesel,111126.0,470486.0,14.0,1.18,3.27,10.42,8,211.0
5853,Ford,2020.0,11.0,India,F-150 Lightning,Suv,Hybrid,38893.0,187523.0,55.0,1.12,7.2,6.34,8,993.0
5854,Porsche,2016.0,5.0,India,Taycan,Suv,Hybrid,124604.0,124034.0,20.0,0.95,6.87,6.25,7,28.0
5855,Ford,2019.0,12.0,Mexico,Edge,Suv,Petrol,28337.0,649073.0,81.0,1.03,2.42,10.8,7,2507.0
5856,Ford,2017.0,12.0,Australia,Mustang,Sedan,Hybrid,43799.0,418350.0,112.0,1.54,2.97,4.0,7,1880.0
5857,Tesla,2017.0,12.0,China,Model S Plaid,Suv,Electric,125381.0,157807.0,8.0,1.17,6.28,3.7,5,1235.0
5858,Tesla,2018.0,9.0,USA,Model S Plaid,Suv,Electric,92674.0,176903.0,19.0,1.05,2.81,4.3,6,899.0
5859,Porsche,2022.0,1.0,France,Panamera Sport,Sedan,Petrol,79418.0,176239.0,28.0,1.89,2.03,3.61,1,278.0
5860,Toyota,2015.0,10.0,China,Supra,Sedan,Hybrid,46963.0,534533.0,35.0,1.15,6.22,3.59,7,1995.0
5861,Audi,2021.0,4.0,Brazil,TT,Sedan,Hybrid,101118.0,115148.0,47.0,1.2,3.45,10.45,6,586.0
5862,Audi,2020.0,8.0,Brazil,Q5,Suv,Electric,77453.0,59110.0,56.0,1.22,3.97,10.28,10,528.0
5863,Tesla,2022.0,8.0,Spain,Cybertruck,Suv,Electric,72319.0,250037.0,13.0,1.66,1.22,3.62,3,607.0
5864,Porsche,2023.0,3.0,China,GTS,Sedan,Petrol,72141.0,144049.0,23.0,1.18,6.47,3.31,7,11.0
5865,Ford,2024.0,1.0,India,F-150 Lightning,Suv,Hybrid,33629.0,101225.0,68.0,1.01,6.83,6.73,9,2217.0
5866,Ford,2024.0,11.0,Italy,F-150 Lightning,Suv,Petrol,73459.0,121329.0,52.0,1.79,0.9,3.59,6,1165.0
5867,Toyota,2017.0,7.0,Japan,Highlander,Suv,Electric,30797.0,62171.0,40.0,1.5037395602937922,0.76,0.29,1,1311.0
5868,Mercedes-Benz,2020.0,12.0,Mexico,GLS,Suv,Diesel,50501.0,473653.0,25.0,1.09,2.0949999999999998,11.18,2,244.0
5869,Ford,2021.0,8.0,Italy,Explorer,Suv,Hybrid,62891.0,266538.0,34.0,1.81,0.69,3.28,8,2385.0
5870,Ford,2022.0,7.0,Brazil,Edge,Suv,Petrol,76511.0,767456.0,20.0,1.16,3.01,10.7,4,2145.0
5871,Toyota,2016.0,8.0,Mexico,RAV4,Suv,Electric,44784.0,612956.0,76.0,1.08,2.19,10.82,10,113.0
5872,BMW,2021.0,5.0,Germany,3 Series,Suv,Hybrid,106186.0,419653.0,12.0,1.9720244794378408,1.5916625787093033,3.116989131675925,1,305.0
5873,BMW,2020.0,6.0,China,3 Series,Suv,Petrol,62672.0,419942.0,226.0,1.0356071933739504,5.513094456588334,3.598122423210026,9,848.0
5874,Mercedes-Benz,2024.0,3.0,Japan,EQE,Suv,Diesel,65757.0,497224.0,46.0,1.48,1.14,0.23,10,1000.0
5875,BMW,2023.0,12.0,India,i7,Sedan,Petrol,108717.0,115184.0,170.0,1.0727867169520124,7.395117740706536,6.5820018093003245,4,530.0
5876,Volkswagen,2024.0,2.0,UK,ID.3,Suv,Diesel,77772.0,182438.0,89.0,1.87,1.02,5.24,2,526.0
5877,Toyota,2019.0,3.0,Canada,RAV4,Suv,Hybrid,58433.0,314323.0,16.0,1.38,2.49,4.18,1,1297.0
5878,Porsche,2023.0,10.0,Spain,Panamera,Sedan,Electric,192568.0,144866.0,27.0,1.68,1.17,3.68,3,378.0
5879,Tesla,2018.0,8.0,France,Model S,Suv,Electric,91159.0,151816.0,10.0,1.72,1.74,3.67,9,1203.0
5880,Toyota,2018.0,5.0,Mexico,Prius,Suv,Hybrid,87758.0,636072.0,56.0,1.1,1.9,10.84,8,2721.0
5881,BMW,2022.0,8.0,Brazil,X1,Suv,Diesel,117987.0,61826.0,30.0,1.19,3.476843468317817,10.612633225458335,10,80.0
5882,Toyota,2024.0,1.0,Italy,C-HR,Suv,Petrol,86345.0,690721.0,31.0,1.79,1.34,3.34,7,2025.0
5883,Porsche,2023.0,6.0,USA,Taycan,Suv,Electric,186156.0,96861.0,5.0,0.87,2.95,4.38,3,413.0
5884,BMW,2021.0,9.0,UK,i7,Sedan,Diesel,65979.0,345685.0,40.0,1.3099057764647473,2.194420304702581,3.734535256009986,6,203.0
5885,Audi,2020.0,4.0,Mexico,A3,Sedan,Electric,53403.0,101640.0,21.0,1.09,1.85,11.04,4,1052.0
5886,Mercedes-Benz,2021.0,12.0,UK,EQS,Suv,Diesel,37753.0,369295.0,54.0,1.8,1.35,5.06,4,438.0
5887,Toyota,2017.0,10.0,Canada,Highlander,Suv,Electric,50380.0,383576.0,59.0,1.28,1.88,4.16,6,1028.0
5888,Ford,2022.0,8.0,UK,Mustang Mach-E,Suv,Petrol,89493.0,564006.0,96.0,1.84,1.9,4.79,10,2346.0
5889,Ford,2015.0,11.0,Mexico,Expedition,Suv,Electric,53823.0,580150.0,40.0,1.13,2.02,11.24,7,2561.0
5890,Tesla,2022.0,4.0,Mexico,Model Y,Suv,Electric,99830.0,195971.0,6.0,1.16,1.9,10.98,5,1594.0
5891,Mercedes-Benz,2016.0,1.0,Italy,S-Class,Sedan,Electric,62723.0,81739.0,40.0,1.81,1.47,3.53,10,529.0
5892,Audi,2018.0,2.0,Italy,A3,Sedan,Hybrid,64791.0,142682.0,23.0,1.77,1.49,3.8,1,459.0
5893,Ford,2024.0,12.0,Spain,Mustang,Sedan,Hybrid,58679.0,332282.0,26.0,1.67,0.87,3.37,2,1507.0
5894,Mercedes-Benz,2024.0,5.0,Japan,S-Class,Sedan,Diesel,60929.0,160184.0,44.0,1.45,1.39,-0.01,1,932.0
5895,Toyota,2023.0,2.0,Germany,bZ4X,Suv,Electric,87598.0,297584.0,71.0,2.0,1.57,3.04,3,922.0
5896,Porsche,2019.0,10.0,Brazil,Macan EV,Suv,Petrol,77318.0,289567.0,8.0,1.2,3.41,10.62,4,317.0
5897,Tesla,2022.0,1.0,Brazil,Semi,Suv,Electric,103624.0,69621.0,5.0,1.21,3.2,10.25,5,1369.0
5898,BMW,2017.0,4.0,Japan,3 Series,Suv,Hybrid,115158.0,249519.0,12.0,1.5185901702869855,1.21481735392969,0.0155400216398594,6,72.0
5899,Porsche,2024.0,8.0,Brazil,Panamera,Sedan,Hybrid,132966.0,194002.0,26.0,1.21,3.47,10.52,2,65.0
5900,Ford,2018.0,7.0,USA,Mustang Mach-E,Suv,Hybrid,80714.0,66161.0,107.0,0.97,2.66,4.38,9,3651.0
5901,BMW,2020.0,5.0,Germany,X5,Sedan,Hybrid,58889.0,262204.0,381.0,1.957509817171756,1.877122586038321,2.9142726955803018,1,819.0
5902,Toyota,2022.0,3.0,USA,bZ4X,Suv,Petrol,57411.0,182193.0,87.0,0.93,2.7,4.59,4,1364.0
5903,Mercedes-Benz,2022.0,9.0,USA,GLS,Suv,Hybrid,60888.0,350638.0,36.0,1.04,2.17,4.79,3,539.0
5904,Tesla,2021.0,8.0,Spain,Model X Plaid,Suv,Electric,89597.0,297946.0,6.0,1.71,1.24,3.54,7,276.0
5905,Porsche,2023.0,9.0,Canada,Macan,Suv,Petrol,139687.0,347573.0,15.0,1.35,2.31,4.09,4,206.0
5906,Porsche,2023.0,1.0,USA,Panamera Sport,Sedan,Hybrid,101275.0,272900.0,23.0,0.87,2.53,4.29,1,177.0
5907,Porsche,2021.0,10.0,France,718,Sedan,Hybrid,78615.0,379589.0,4.0,1.77,1.94,3.58,5,43.0
5908,BMW,2016.0,11.0,Australia,X1,Suv,Diesel,88775.0,145864.0,342.0,1.5673791583542214,2.719213987358044,4.535519153491479,3,910.0
5909,Mercedes-Benz,2017.0,2.0,Germany,CLA,Sedan,Petrol,47303.0,390294.0,38.0,1.99,2.24,3.25,3,934.0
5910,BMW,2022.0,7.0,USA,i7,Sedan,Petrol,110452.0,487570.0,161.0,0.9525243681697249,2.593044334186784,4.434915418906698,6,415.0
5911,Ford,2021.0,4.0,Netherlands,F-150 Lightning,Suv,Petrol,91334.0,431482.0,87.0,1.96,2.19,3.41,10,1274.0
5912,Toyota,2019.0,8.0,Spain,Prius,Suv,Petrol,50330.0,147927.0,54.0,1.74,1.23,3.59,5,1445.0
5913,Ford,2016.0,6.0,Netherlands,F-150,Suv,Hybrid,83501.0,742131.0,59.0,1.95,1.94,3.55,5,1243.0
5914,Porsche,2024.0,11.0,Japan,Cayenne Coupe,Suv,Hybrid,189177.0,234376.0,13.0,1.42,0.93,-0.02,9,271.0
5915,Porsche,2023.0,11.0,USA,718,Sedan,Electric,109290.0,237046.0,27.0,0.97,2.97,4.34,7,490.0
5916,Ford,2021.0,11.0,China,Escape,Suv,Petrol,35876.0,710456.0,100.0,1.07,5.88,3.46,4,1260.0
5917,Volkswagen,2018.0,4.0,Italy,Polo,Sedan,Electric,56041.0,389685.0,75.0,1.86,0.86,3.28,3,1446.0
5918,Mercedes-Benz,2023.0,2.0,USA,GLS,Suv,Diesel,33255.0,303487.0,26.0,0.92,2.19,4.72,3,730.0
5919,Mercedes-Benz,2018.0,5.0,Germany,GLS,Suv,Electric,41202.0,387697.0,57.0,1.97,1.96,2.83,3,1150.0
5920,BMW,2019.0,5.0,Japan,X3,Suv,Electric,35692.0,159876.0,351.0,1.573719825637892,1.074870579523704,-0.0285727482308835,4,916.0
5921,Audi,2020.0,3.0,UK,e-tron,Suv,Diesel,67552.0,219040.0,56.0,1.83,1.32,4.98,1,1038.0
5922,Porsche,2019.0,9.0,Canada,Macan,Suv,Petrol,121457.0,107798.0,16.5,1.31,1.73,3.98,9,176.0
5923,Toyota,2019.0,10.0,Australia,Yaris,Sedan,Petrol,38544.0,164800.0,25.0,1.55,2.74,4.23,7,2199.0
5924,Mercedes-Benz,2022.0,7.0,Canada,CLA,Sedan,Petrol,117784.0,194821.0,20.0,1.33,2.57,4.18,10,20.0
5925,Porsche,2019.0,1.0,France,Cayenne Coupe,Suv,Petrol,94328.0,173567.0,29.0,1.72,1.52,3.5,9,309.0
5926,Audi,2015.0,6.0,Brazil,e-tron,Suv,Petrol,89983.0,323758.0,39.0,1.13,3.37,10.71,2,984.0
5927,BMW,2024.0,8.0,France,i4,Suv,Electric,92769.0,440508.0,234.0,1.7139282296324811,1.4251040154316992,3.6117963180116575,10,778.0
5928,Toyota,2017.0,3.0,Spain,C-HR,Suv,Petrol,51502.0,571043.0,62.0,1.68,1.64,3.23,1,159.0
5929,BMW,2022.0,12.0,Japan,3 Series,Suv,Hybrid,101900.0,55666.0,127.0,1.5139079559134208,1.4117228057460487,0.3886862390750931,2,450.0
5930,Audi,2019.0,12.0,Netherlands,e-tron,Suv,Hybrid,66335.0,63332.0,25.0,1.91,1.85,3.46,2,791.0
5931,Porsche,2018.0,1.0,Germany,Panamera,Sedan,Petrol,115199.0,300477.0,14.0,1.81,1.7,3.03,3,86.0
5932,BMW,2015.0,5.0,Germany,i7,Sedan,Petrol,90739.0,315976.0,62.0,1.882728534983727,1.3193276309176012,2.774621039400306,3,527.0
5933,Audi,2023.0,3.0,Brazil,Q8,Suv,Petrol,73795.0,474528.0,50.0,1.28,3.93,10.5,8,746.0
5934,Audi,2016.0,7.0,Germany,A3,Sedan,Electric,49755.0,261838.0,19.0,1.82,2.06,2.88,8,922.0
5935,Volkswagen,2015.0,7.0,India,Arteon,Sedan,Hybrid,55699.0,444807.0,77.0,1.09,6.83,6.52,2,348.0
5936,Porsche,2024.0,9.0,Netherlands,Cayenne Coupe,Suv,Hybrid,86502.0,333396.0,14.0,1.98,2.6,3.37,5,238.0
5937,Volkswagen,2021.0,9.0,UK,Touareg,Suv,Electric,56749.0,470198.0,36.0,2.01,1.8,3.53,8,1779.0
5938,Toyota,2019.0,6.0,UK,Corolla,Sedan,Petrol,32457.0,239791.0,54.0,1.87,1.67,5.28,6,1173.0
5940,Mercedes-Benz,2021.0,1.0,Australia,EQS,Suv,Electric,68281.0,468530.0,20.0,1.59,2.54,4.45,1,907.0
5941,Mercedes-Benz,2019.0,4.0,Mexico,GLE,Suv,Hybrid,53374.0,272805.0,23.0,1.16,1.65,11.0,3,532.0
5942,Ford,2020.0,11.0,Italy,Edge,Suv,Electric,30500.0,111115.0,87.0,1.93,0.94,3.64,4,550.0
5943,Ford,2019.0,2.0,India,F-150 Lightning,Suv,Petrol,86191.0,721947.0,101.0,1.09,6.81,6.44,2,96.0
5945,Volkswagen,2022.0,9.0,Australia,ID.3,Suv,Hybrid,49759.0,91964.0,66.0,1.6,2.73,4.18,4,543.0
5946,Toyota,2019.0,3.0,India,Yaris,Sedan,Hybrid,28330.0,375149.0,91.0,1.1,7.19,6.56,10,520.0
5947,Porsche,2016.0,5.0,France,Macan EV,Suv,Petrol,168190.0,99363.0,21.0,1.8,1.14,3.71,9,192.0
5948,Audi,2020.0,10.0,Italy,A4,Sedan,Diesel,68801.0,68444.0,42.0,1.78,1.01,3.55,1,1063.0
5949,Ford,2019.0,2.0,Spain,Bronco,Suv,Hybrid,78750.0,329112.0,86.0,1.8,0.84,3.37,3,317.0
5950,BMW,2018.0,8.0,France,3 Series,Suv,Hybrid,81854.0,372534.0,353.0,1.872338180757469,1.7945954272532854,3.63738863699349,6,887.0
5951,Mercedes-Benz,2017.0,1.0,Spain,GLS,Suv,Electric,43072.0,126729.0,11.0,1.68,1.0,3.35,6,800.0
5952,Toyota,2024.0,5.0,Italy,C-HR,Suv,Electric,38366.0,62763.0,19.0,1.89,0.76,3.59,9,2250.0
5953,BMW,2019.0,3.0,UK,X1,Suv,Electric,77771.0,315660.0,60.0,1.847648227404356,1.844357082739616,4.758849548470547,2,225.0
5954,Ford,2017.0,8.0,China,Expedition,Suv,Hybrid,40227.0,782002.0,63.0,1.07,5.93,3.39,6,3753.0
5955,Tesla,2023.0,8.0,Italy,Semi,Suv,Electric,86674.0,127737.0,8.0,1.86,1.49,3.42,6,1548.0
5956,Volkswagen,2017.0,7.0,Mexico,Golf,Sedan,Petrol,37382.0,478267.0,48.0,1.16,2.32,10.83,10,2663.0
5957,Volkswagen,2022.0,10.0,Italy,Golf,Sedan,Hybrid,32406.0,303432.0,89.0,1.8,0.85,3.39,5,2611.0
5958,Ford,2024.0,4.0,USA,Bronco,Suv,Petrol,54463.0,162283.0,106.0,0.88,2.87,4.76,6,110.0
5959,Ford,2019.0,9.0,China,F-150 Lightning,Suv,Hybrid,75295.0,444938.0,29.0,1.12,5.6,3.48,1,950.0
5960,Tesla,2016.0,9.0,Mexico,Model S,Suv,Electric,57438.0,168212.0,12.0,1.01,1.72,10.85,9,848.0
5961,Porsche,2017.0,7.0,Mexico,718,Sedan,Electric,157846.0,356411.0,26.0,1.17,1.85,11.1,1,336.0
5962,Ford,2020.0,11.0,Italy,Expedition,Suv,Electric,26905.0,265704.0,27.0,1.91,0.67,3.49,6,632.0
5964,Ford,2024.0,9.0,UK,Escape,Suv,Petrol,47603.0,210057.0,108.0,1.94,1.3,4.99,6,3441.0
5965,Tesla,2017.0,12.0,Italy,Model Y,Suv,Electric,54575.0,267395.0,35.0,1.77,0.89,3.23,3,2160.0
5966,Toyota,2015.0,9.0,Italy,RAV4,Suv,Hybrid,54264.0,347728.0,23.0,1.94,1.21,3.72,7,1665.0
5967,Mercedes-Benz,2017.0,1.0,Netherlands,S-Class,Sedan,Electric,104530.0,196532.0,9.0,2.04,2.51,3.58,7,363.0
5968,BMW,2023.0,3.0,Germany,iX,Sedan,Petrol,49308.0,426970.0,392.0,1.803622036764168,1.805888678884466,3.0668725412607887,10,897.0
5969,Toyota,2016.0,11.0,Australia,Land Cruiser,Suv,Electric,89526.0,621522.0,58.0,1.58,3.2,4.08,7,2971.0
5970,Porsche,2015.0,10.0,Canada,Panamera,Sedan,Electric,151086.0,269587.0,26.0,1.33,1.76,3.92,6,433.0
5971,Audi,2019.0,4.0,Italy,Q8,Suv,Diesel,44340.0,484577.0,20.0,1.94,1.03,3.71,7,554.0
5972,Tesla,2020.0,10.0,USA,Model S,Suv,Electric,55504.0,151406.0,20.0,0.99,2.73,4.32,7,1926.0
5973,Ford,2020.0,1.0,Spain,Explorer,Suv,Hybrid,66894.0,289776.0,23.0,1.8,1.23,3.42,6,1608.0
5974,Toyota,2024.0,2.0,Spain,Highlander,Suv,Petrol,46845.0,653696.0,76.0,1.68,1.39,3.61,1,761.0
5975,Ford,2018.0,3.0,Italy,Mustang,Sedan,Electric,53358.0,522897.0,15.0,1.86,0.6,3.63,6,2570.0
5976,Audi,2021.0,10.0,UK,A6,Sedan,Electric,78374.0,83732.0,41.0,1.8,1.82,5.19,4,80.0
5977,Porsche,2018.0,2.0,Mexico,718,Sedan,Electric,110674.0,332088.0,19.0,1.05,1.99,10.7,2,311.0
5978,Volkswagen,2016.0,10.0,Netherlands,Touareg,Suv,Diesel,71880.0,537783.0,59.0,2.03,2.36,3.3,10,2339.0
5979,Toyota,2019.0,3.0,USA,RAV4,Suv,Hybrid,35717.0,668905.0,22.0,0.99,2.42,4.55,6,613.0
5980,BMW,2015.0,12.0,China,X1,Suv,Hybrid,117476.0,73777.0,334.0,1.0925359571339213,5.939134908570218,3.4261666576549445,1,1025.0
5981,Mercedes-Benz,2015.0,6.0,India,A-Class,Sedan,Hybrid,63500.0,373723.0,48.0,1.09,7.13,6.62,1,545.0
5982,Ford,2018.0,12.0,USA,Escape,Suv,Petrol,31285.0,296587.0,22.0,0.94,2.91,4.73,2,2785.0
5983,Mercedes-Benz,2023.0,1.0,Spain,A-Class,Sedan,Hybrid,62368.0,308046.0,54.0,1.83,1.35,3.6,8,1210.0
5984,BMW,2023.0,5.0,Australia,X1,Suv,Hybrid,64968.0,382745.0,203.0,1.5549407630095784,3.179620332735108,3.9957435307841385,10,522.0
5985,Porsche,2019.0,3.0,Japan,Macan EV,Suv,Hybrid,137089.0,298798.0,10.0,1.6,1.04,0.22,1,276.0
5986,BMW,2024.0,9.0,Canada,i4,Suv,Hybrid,42951.0,206688.0,136.0,1.297514238734677,2.4767105569551813,3.7392196945386313,10,475.0
5987,Toyota,2015.0,11.0,Mexico,bZ4X,Suv,Hybrid,25904.0,467362.0,49.0,1.15,2.24,11.18,2,328.0
5988,Tesla,2021.0,4.0,Japan,Model Y,Suv,Electric,103236.0,127635.0,13.0,1.45,1.62,0.37,1,2184.0
5989,Mercedes-Benz,2022.0,11.0,UK,GLC,Suv,Hybrid,108736.0,163557.0,8.0,1.01,2.08,4.35,2,1138.0
5990,Ford,2022.0,9.0,Italy,Mustang Mach-E,Suv,Hybrid,62717.0,258328.0,111.0,1.89,1.24,3.28,1,3589.0
5991,Tesla,2017.0,3.0,India,Model 3,Suv,Electric,73290.0,110068.0,33.0,1.13,6.96,6.32,2,616.0
5992,Toyota,2019.0,4.0,Spain,Yaris,Sedan,Petrol,28475.0,683169.0,17.0,1.75,1.24,3.8,6,694.0
5993,Porsche,2022.0,11.0,China,Macan,Suv,Electric,162112.0,203472.0,19.0,1.18,5.66,3.63,5,158.0
5994,Tesla,2024.0,6.0,China,Model X,Suv,Electric,46055.0,299106.0,11.0,1.01,6.2,3.69,7,378.0
5995,Audi,2015.0,9.0,Germany,Q5,Suv,Hybrid,63900.0,420503.0,45.0,1.94,1.32,3.26,7,735.0
5996,Audi,2022.0,12.0,Japan,Q7,Suv,Electric,37025.0,394976.0,34.0,1.49,1.41,0.12,10,431.0
5997,Porsche,2021.0,7.0,Canada,Cayenne,Suv,Electric,89495.0,289722.0,27.0,1.37,2.5,4.29,7,301.0
5998,Mercedes-Benz,2021.0,7.0,France,GLE,Suv,Petrol,83457.0,219262.0,5.0,1.73,1.38,3.47,7,301.0
5999,Audi,2019.0,1.0,Spain,A6,Sedan,Diesel,88693.0,531320.0,20.0,1.7,1.73,3.65,3,1036.0
6000,Audi,2018.0,5.0,India,A6,Sedan,Diesel,52888.0,267626.0,30.0,1.01,7.17,6.56,3,181.0
6001,Porsche,2018.0,9.0,Germany,Panamera,Sedan,Hybrid,196776.0,161494.0,6.0,1.91,1.78,2.95,9,250.0
6002,BMW,2020.0,5.0,Australia,3 Series,Suv,Hybrid,61312.0,365288.0,356.0,1.5918479755193915,3.012502648770332,4.433842170339704,1,964.0
6003,Porsche,2016.0,7.0,Netherlands,Panamera Sport,Sedan,Petrol,152426.0,220183.0,15.0,2.03,2.03,3.72,1,358.0
6004,BMW,2024.0,10.0,China,7 Series,Sedan,Electric,69980.0,286824.0,219.0,1.18561672806521,5.6280957463662,3.402960503596699,3,914.0
6005,Porsche,2018.0,10.0,UK,Macan EV,Suv,Petrol,85545.0,143325.0,8.0,1.75,1.72,4.94,10,12.0
6006,Audi,2021.0,1.0,Canada,RS6,Sedan,Diesel,98229.0,337867.0,57.0,1.38,1.76,3.73,10,714.0
6007,Audi,2023.0,5.0,UK,e-tron,Suv,Diesel,84262.0,543522.0,25.0,1.94,1.62,5.2,2,410.0
6008,Ford,2017.0,3.0,UK,Ranger,Suv,Electric,45751.0,227935.0,103.0,1.93,1.82,4.79,4,1562.0
6009,Volkswagen,2019.0,12.0,Canada,ID.3,Suv,Diesel,71375.0,277824.0,37.0,1.21,2.21,3.9,1,1965.0
6010,Mercedes-Benz,2022.0,2.0,UK,EQS,Suv,Diesel,92261.0,502958.0,29.0,1.86,1.51,5.03,9,303.0
6011,Ford,2024.0,4.0,Brazil,Ranger,Suv,Petrol,56304.0,121797.0,46.0,1.24,3.4,10.78,1,3316.0
6012,Porsche,2016.0,5.0,Japan,911,Sedan,Hybrid,196005.0,392665.0,11.0,1.5,1.0,0.31,7,482.0
6013,BMW,2023.0,6.0,USA,5 Series,Suv,Petrol,41470.0,231789.0,35.0,0.9158502790465284,2.7972953657795534,4.289950456409264,4,281.0
6014,Audi,2017.0,2.0,USA,A6,Sedan,Hybrid,92543.0,172595.0,22.0,1.03,2.28,4.43,4,688.0
6015,Tesla,2018.0,1.0,Italy,Model X,Suv,Electric,122148.0,239235.0,15.0,1.88,1.14,3.7,10,189.0
6016,Audi,2015.0,10.0,Italy,A4,Sedan,Electric,107486.0,469267.0,39.0,1.77,0.62,3.21,4,333.0
6017,Audi,2018.0,11.0,UK,A4,Sedan,Hybrid,91938.0,405288.0,32.0,1.9,1.58,4.87,10,936.0
6018,Toyota,2024.0,8.0,Spain,C-HR,Suv,Petrol,28879.0,282305.0,21.0,1.73,0.84,3.36,10,1244.0
6019,Toyota,2022.0,1.0,Netherlands,Corolla,Sedan,Electric,61280.0,505697.0,45.0,1.95,2.51,3.64,2,165.0
6020,Tesla,2016.0,11.0,Japan,Model S Plaid,Suv,Electric,119909.0,164862.0,25.0,1.46,1.21,0.3,3,2308.0
6021,Tesla,2016.0,4.0,Canada,Model 3,Suv,Electric,128933.0,285658.0,29.0,1.25,1.81,3.87,1,2428.0
6022,Porsche,2023.0,10.0,Netherlands,Macan,Suv,Petrol,92988.0,166566.0,4.0,2.09,2.59,3.45,3,100.0
6023,Tesla,2019.0,5.0,USA,Model 3,Suv,Electric,94656.0,118092.0,2.0,0.98,2.89,4.69,6,604.0
6024,Tesla,2015.0,8.0,Japan,Model 3,Suv,Electric,73421.0,22164.0,30.0,1.495,1.51,-0.15,7,1445.0
6025,BMW,2022.0,11.0,Japan,7 Series,Sedan,Hybrid,70340.0,127360.0,264.0,1.4060774119393673,1.5689049844787182,0.1423658479832978,6,902.0
6026,Tesla,2022.0,9.0,Australia,Model S Plaid,Suv,Electric,42608.0,273448.0,7.0,1.67,3.37,4.14,10,1752.0
6027,Porsche,2020.0,6.0,Canada,Panamera Sport,Sedan,Electric,149126.0,367536.0,9.0,1.2,2.5,3.78,10,398.0
6028,Audi,2019.0,12.0,France,Q7,Suv,Hybrid,108275.0,386621.0,4.0,1.87,1.78,3.66,8,259.0
6029,BMW,2021.0,4.0,USA,X7,Sedan,Diesel,51626.0,405398.0,165.0,0.9432723686587384,2.139493860652042,4.375286789121131,3,489.0
6030,Toyota,2015.0,11.0,Spain,RAV4,Suv,Petrol,73607.0,671236.0,88.0,1.82,0.88,3.23,8,2196.0
6031,Ford,2015.0,7.0,France,Edge,Suv,Electric,26063.0,262867.0,66.0,1.82,1.35,3.67,6,3503.0
6032,Tesla,2023.0,8.0,Italy,Model S,Suv,Electric,81117.0,60229.0,14.0,1.92,1.25,3.24,5,844.0
6033,Toyota,2016.0,3.0,Brazil,Camry,Sedan,Petrol,76048.0,57585.0,69.0,1.16,3.25,10.63,5,282.0
6034,Tesla,2015.0,3.0,Italy,Semi,Suv,Electric,89923.0,94480.0,6.0,1.93,1.4,3.58,8,2486.0
6036,Audi,2020.0,2.0,Mexico,A6,Sedan,Petrol,39740.0,510838.0,22.0,1.09,2.44,10.7,4,1091.0
6037,Mercedes-Benz,2018.0,10.0,Germany,S-Class,Sedan,Diesel,78703.0,369636.0,60.0,1.85,1.62,2.84,5,1080.0
6038,Ford,2015.0,11.0,Spain,Mustang Mach-E,Suv,Electric,44279.0,643458.0,44.0,1.75,1.59,3.36,2,1570.0
6039,Audi,2020.0,1.0,Canada,Q7,Suv,Petrol,52308.0,471913.0,48.0,1.26,1.8,4.29,10,290.0
6040,Volkswagen,2016.0,3.0,Italy,Tiguan,Suv,Diesel,69043.0,211308.0,58.0,1.92,0.98,3.21,7,763.0
6041,Mercedes-Benz,2018.0,11.0,Netherlands,GLS,Suv,Diesel,49463.0,70338.0,51.0,2.06,2.3,3.7,2,800.0
6042,Mercedes-Benz,2019.0,2.0,India,GLC,Suv,Hybrid,98681.0,532232.0,32.0,1.08,6.55,6.21,10,1221.0
6043,Toyota,2015.0,1.0,Germany,Corolla,Sedan,Hybrid,29863.0,323464.0,46.0,1.87,1.49,3.19,2,2173.0
6044,Ford,2017.0,6.0,Germany,Edge,Suv,Hybrid,43936.0,328129.0,19.0,1.89,2.27,2.99,3,1331.0
6046,Volkswagen,2020.0,3.0,Spain,T-Roc,Suv,Petrol,23309.0,471120.0,41.0,1.74,0.92,3.21,9,646.0
6047,Toyota,2020.0,4.0,Germany,Corolla,Sedan,Petrol,28234.0,484787.0,45.0,1.95,2.06,3.0,4,1229.0
6048,Ford,2019.0,12.0,UK,Edge,Suv,Hybrid,43805.0,617661.0,61.0,1.89,1.4,5.2,7,3346.0
6049,Audi,2015.0,5.0,Mexico,RS6,Sedan,Petrol,32606.0,294061.0,24.0,1.16,2.23,11.12,1,34.0
6050,BMW,2022.0,11.0,Germany,i7,Sedan,Electric,58991.0,456396.0,99.0,1.9337145293445828,1.6547712918359845,3.265035426971355,5,457.0
6051,Audi,2021.0,12.0,Mexico,RS6,Sedan,Petrol,102758.0,342017.0,32.0,1.03,2.43,11.28,5,1118.0
6052,Mercedes-Benz,2017.0,9.0,Canada,GLS,Suv,Electric,72939.0,239793.0,45.0,1.36,2.29,4.25,10,296.0
6053,Volkswagen,2024.0,2.0,UK,Tiguan,Suv,Diesel,47799.0,530360.0,50.0,1.88,1.43,5.22,9,1839.0
6054,Porsche,2019.0,11.0,Mexico,718,Sedan,Hybrid,102804.0,169381.0,26.0,1.1,2.38,10.77,1,342.0
6055,Audi,2023.0,5.0,India,A6,Sedan,Petrol,86277.0,319734.0,30.0,1.1,6.8,6.23,1,509.0
6056,Tesla,2022.0,7.0,USA,Model Y,Suv,Electric,41707.0,137600.0,39.0,1.06,2.36,4.29,3,1659.0
6057,Porsche,2017.0,1.0,Spain,Macan EV,Suv,Hybrid,121231.0,382917.0,13.0,1.83,1.25,3.69,10,178.0
6058,Tesla,2022.0,12.0,USA,Cybertruck,Suv,Electric,39698.0,234368.0,19.0,0.98,2.21,4.56,10,1323.0
6059,Porsche,2015.0,7.0,Brazil,911,Sedan,Electric,179589.0,308721.0,25.0,1.18,3.03,10.71,5,103.0
6060,Volkswagen,2023.0,9.0,China,Polo,Sedan,Electric,50489.0,571820.0,25.0,1.06,5.6,3.28,2,1228.0
6061,Tesla,2021.0,7.0,Germany,Model 3,Suv,Electric,59707.0,81044.0,1.0,1.82,1.6,2.75,5,2205.0
6062,Ford,2017.0,8.0,Italy,Expedition,Suv,Petrol,75604.0,666895.0,81.0,1.9,0.59,3.21,6,3173.0
6063,Tesla,2015.0,5.0,USA,Cybertruck,Suv,Electric,128611.0,296777.0,24.0,0.9,2.95,4.47,3,1781.0
6064,Audi,2017.0,4.0,UK,RS6,Sedan,Diesel,56721.0,525150.0,12.0,1.84,1.43,5.2,1,114.0
6065,Ford,2019.0,8.0,Canada,Ranger,Suv,Petrol,88173.0,768403.0,109.0,1.38,1.79,3.83,7,3154.0
6066,Audi,2018.0,1.0,Australia,A6,Sedan,Electric,73699.0,222646.0,44.0,1.55,3.38,4.28,2,660.0
6067,Mercedes-Benz,2021.0,11.0,India,C-Class,Sedan,Hybrid,118771.0,525844.0,31.0,1.13,7.48,6.52,2,769.0
6068,BMW,2019.0,1.0,Japan,X7,Sedan,Diesel,109417.0,54025.0,72.0,1.5164845316414493,1.6799703293588506,0.1611289537817933,1,250.0
6069,Tesla,2022.0,8.0,UK,Model Y,Suv,Electric,81653.0,241600.0,20.0,1.74,1.51,3.78,9,792.0
6070,Volkswagen,2023.0,9.0,Italy,Arteon,Sedan,Electric,61354.0,505356.0,14.0,1.91,0.66,3.57,4,1258.0
6072,BMW,2018.0,9.0,Brazil,3 Series,Suv,Electric,105832.0,79087.0,256.0,1.2192539756964105,3.828915474150677,10.222204580829295,8,657.0
6073,Volkswagen,2021.0,1.0,Brazil,Arteon,Sedan,Electric,21537.0,220824.0,80.0,1.16,3.14,10.55,2,693.0
6074,Ford,2021.0,12.0,Netherlands,Bronco,Suv,Electric,37562.0,257504.0,87.0,2.08,2.54,3.51,5,3852.0
6075,Toyota,2022.0,12.0,Germany,C-HR,Suv,Electric,85619.0,68603.0,65.0,1.96,1.41,2.73,5,2095.0
6076,Volkswagen,2022.0,11.0,China,Polo,Sedan,Hybrid,70604.0,245264.0,65.0,1.02,6.11,3.42,2,1388.0
6077,Ford,2019.0,9.0,USA,Escape,Suv,Petrol,47268.0,530304.0,34.0,1.05,2.42,4.24,3,819.0
6078,Audi,2016.0,2.0,USA,A6,Sedan,Electric,95898.0,326366.0,33.0,0.96,2.41,4.53,4,122.0
6079,BMW,2021.0,11.0,Canada,3 Series,Suv,Hybrid,107255.0,427864.0,239.0,1.2720381282822526,1.7373481887492146,4.1935603363957945,6,630.0
6080,Volkswagen,2021.0,2.0,Canada,Tiguan,Suv,Hybrid,71093.0,103641.0,17.0,1.2,1.94,4.12,1,2384.0
6082,Porsche,2020.0,1.0,Japan,Cayenne Coupe,Suv,Electric,160476.0,86506.0,13.0,1.5,0.95,-0.17,3,416.0
6083,Mercedes-Benz,2019.0,11.0,Germany,EQS,Suv,Petrol,60824.0,211445.0,14.0,1.98,1.59,3.18,3,230.0
6084,Toyota,2015.0,7.0,Australia,Highlander,Suv,Hybrid,48449.0,569547.0,35.0,1.6,2.91,4.09,5,1895.0
6086,Audi,2022.0,8.0,France,Q7,Suv,Electric,114246.0,132183.0,17.0,1.87,1.37,3.66,10,123.0
6087,Volkswagen,2023.0,6.0,Germany,Touareg,Suv,Diesel,39896.0,50369.0,21.0,1.97,2.15,3.22,5,202.0
6088,Mercedes-Benz,2019.0,10.0,UK,EQE,Suv,Diesel,103370.0,121144.0,29.0,1.78,1.54,5.19,10,640.0
6090,Ford,2015.0,9.0,Mexico,Explorer,Suv,Electric,53427.0,125204.0,22.0,1.14,2.11,11.24,6,1885.0
6092,Toyota,2020.0,4.0,Germany,bZ4X,Suv,Electric,64160.0,388396.5,84.0,1.93,1.8,2.83,1,2346.0
6093,Toyota,2020.0,10.0,Mexico,RAV4,Suv,Electric,18931.0,158890.0,40.0,1.06,2.46,11.09,3,739.0
6094,Porsche,2018.0,6.0,Australia,911,Sedan,Electric,197122.0,215488.0,7.0,1.66,3.24,4.35,8,176.0
6095,Mercedes-Benz,2022.0,5.0,Netherlands,GLC,Suv,Hybrid,86843.0,460927.0,18.0,1.99,1.96,3.78,4,491.0
6096,Porsche,2017.0,4.0,Canada,Panamera Sport,Sedan,Electric,79512.0,173015.0,29.0,1.29,2.53,3.84,4,483.0
6097,BMW,2018.0,7.0,Canada,iX,Sedan,Diesel,36462.0,69122.0,60.0,1.3967357850526827,1.7577805609963668,4.117021137315132,8,182.0
6098,Ford,2018.0,8.0,Spain,Mustang Mach-E,Suv,Hybrid,25659.0,447065.0,62.0,1.75,1.56,3.29,4,3895.0
6099,Audi,2019.0,10.0,Japan,Q8,Suv,Diesel,38772.0,293386.0,25.0,1.51,1.14,0.36,2,734.0
6101,Porsche,2017.0,12.0,Netherlands,Macan,Suv,Petrol,162157.0,323151.0,10.0,2.04,2.49,3.67,4,236.0
6102,Volkswagen,2015.0,5.0,France,Golf,Sedan,Electric,57356.0,353890.0,80.0,1.85,1.17,3.62,8,215.0
6103,Porsche,2024.0,3.0,Germany,718,Sedan,Hybrid,95682.0,158868.0,12.0,1.84,1.98,3.06,1,124.0
6104,Porsche,2018.0,1.0,Spain,Macan,Suv,Electric,195533.0,390841.0,8.0,1.84,1.71,3.64,2,163.0
6105,Ford,2022.0,11.0,France,Bronco,Suv,Hybrid,61652.0,175073.0,103.0,1.71,1.86,3.6,3,2322.0
6106,Toyota,2015.0,11.0,India,RAV4,Suv,Petrol,70876.0,148692.0,77.0,1.08,6.51,6.24,2,2034.0
6108,Porsche,2019.0,4.0,Italy,Panamera,Sedan,Petrol,117844.0,184483.0,27.0,1.82,0.82,3.74,7,96.0
6109,BMW,2018.0,7.0,France,i4,Suv,Hybrid,39758.0,439187.0,344.0,1.7447635229645246,1.915833124990618,3.334664343101996,10,934.0
6110,Mercedes-Benz,2023.0,5.0,Spain,GLE,Suv,Hybrid,93220.0,541137.0,34.0,1.66,1.2,3.26,7,1075.0
6111,Volkswagen,2018.0,11.0,India,Touareg,Suv,Diesel,35724.0,470365.0,61.0,1.09,7.03,6.23,2,2648.0
6112,Toyota,2017.0,9.0,Netherlands,Supra,Sedan,Electric,84938.0,528792.0,35.0,2.0,1.8,3.78,3,1167.0
6113,Toyota,2019.0,6.0,Japan,C-HR,Suv,Electric,27980.0,447508.0,64.0,1.43,1.17,0.32,4,679.0
6114,Tesla,2021.0,7.0,France,Semi,Suv,Electric,101886.0,172738.0,31.0,1.87,1.64,3.45,1,2440.0
6115,Porsche,2024.0,2.0,Australia,Macan,Suv,Hybrid,183630.0,83851.0,23.0,1.5932041058112083,3.06,4.08,9,377.0
6116,Audi,2023.0,5.0,Spain,A4,Sedan,Hybrid,32099.0,359968.0,14.0,1.71,1.45,3.23,7,244.0
6117,Tesla,2016.0,7.0,Netherlands,Model 3,Suv,Electric,106560.0,54556.0,8.0,1.93,2.31,3.73,4,2201.0
6118,Porsche,2024.0,3.0,Canada,Cayenne Coupe,Suv,Petrol,165564.0,324648.0,9.0,1.22,2.19,3.88,3,219.0
6119,Tesla,2021.0,8.0,India,Model X,Suv,Electric,120820.0,93010.0,11.0,1.11,6.78,6.59,8,2056.0
6120,Porsche,2020.0,2.0,China,Macan,Suv,Electric,88533.0,379093.0,16.0,1.07,5.9,3.56,5,50.0
6121,Ford,2022.0,5.0,Mexico,Bronco,Suv,Electric,59703.0,190036.0,11.0,1.09,2.03,11.16,10,1738.0
6122,Toyota,2023.0,3.0,UK,Highlander,Suv,Hybrid,68261.0,301197.0,21.0,1.14,7.02,6.32,7,1492.0
6123,Porsche,2022.0,7.0,Japan,Macan,Suv,Petrol,176343.0,290258.0,8.0,1.58,1.47,-0.07,8,37.0
6124,Volkswagen,2017.0,11.0,Italy,Golf,Sedan,Electric,62341.0,480966.0,42.0,1.88,0.87,3.25,9,862.0
6125,Volkswagen,2015.0,2.0,USA,T-Roc,Suv,Hybrid,72847.0,217292.0,26.0,0.89,2.2,4.34,1,2056.0
6127,Mercedes-Benz,2021.0,4.0,Canada,A-Class,Sedan,Diesel,60600.0,299238.0,42.0,1.39,1.9,3.78,10,1107.0
6128,Porsche,2020.0,4.0,Spain,Macan EV,Suv,Petrol,128058.0,214374.0,27.0,1.72,0.85,3.5,10,9.0
6129,Volkswagen,2021.0,2.0,Australia,ID.3,Suv,Hybrid,54939.0,536165.0,25.0,1.61,3.14,4.45,3,736.0
6130,Ford,2018.0,6.0,Spain,F-150,Suv,Petrol,45517.0,382843.0,82.0,1.74,1.35,3.29,7,2167.0
6131,Volkswagen,2024.0,11.0,Brazil,T-Roc,Suv,Hybrid,45337.0,444080.0,43.0,1.18,3.4,10.29,7,42.0
6132,Volkswagen,2021.0,2.0,Canada,Passat,Sedan,Diesel,28275.0,531723.0,83.0,1.37,2.38,4.16,6,2701.0
6133,Porsche,2017.0,8.0,UK,Panamera,Sedan,Petrol,88461.0,167618.0,19.0,1.82,1.72,4.95,10,77.0
6134,Ford,2016.0,3.0,Netherlands,Bronco,Suv,Electric,89358.0,471128.0,16.0,2.06,1.71,3.36,2,1122.0
6135,BMW,2015.0,5.0,Brazil,X1,Suv,Electric,58760.0,91269.0,241.0,1.1754636107926386,3.4338174195765294,10.745965886312636,6,916.0
6136,Audi,2023.0,4.0,Japan,RS6,Sedan,Petrol,95430.0,342552.0,37.0,1.46,0.91,-0.16,3,79.0
6137,Audi,2017.0,6.0,Brazil,A3,Sedan,Diesel,106884.0,79634.0,32.0,1.17,3.47,10.73,10,56.0
6138,Porsche,2016.0,5.0,Spain,GTS,Sedan,Hybrid,175708.0,193193.0,7.0,1.67,1.01,3.8,8,467.0
6139,Mercedes-Benz,2015.0,5.0,Japan,S-Class,Sedan,Petrol,43600.0,488967.0,10.0,1.59,1.56,0.01,5,367.0
6140,Tesla,2015.0,4.0,USA,Cybertruck,Suv,Electric,107095.0,54816.0,34.0,1.04,2.57,4.61,8,2399.0
6141,Porsche,2018.0,8.0,Brazil,718,Sedan,Hybrid,83972.0,274711.0,3.0,1.12,3.06,10.31,8,277.0
6142,BMW,2021.0,2.0,Australia,X7,Sedan,Hybrid,84178.0,310464.0,187.0,1.5598791176743363,3.192532431537108,4.030661077644873,8,401.0
6143,Ford,2016.0,4.0,USA,Explorer,Suv,Hybrid,58188.0,764011.0,114.0,0.92,2.88,4.73,6,1158.0
6145,BMW,2017.0,1.0,Australia,i4,Suv,Hybrid,97320.0,211149.0,228.0,1.6747157248213556,3.127900389490908,3.999055419169323,4,396.0
6146,Mercedes-Benz,2017.0,11.0,India,GLS,Suv,Hybrid,126257.0,383609.0,53.0,1.06,6.9,6.4,2,159.0
6147,Mercedes-Benz,2024.0,11.0,Italy,C-Class,Sedan,Diesel,56397.0,150796.0,63.0,1.89,1.48,3.4,9,810.0
6148,Audi,2018.0,9.0,Netherlands,RS6,Sedan,Hybrid,97110.0,425806.0,34.0,2.06,2.35,3.32,1,387.0
6149,Ford,2020.0,4.0,Mexico,F-150 Lightning,Suv,Petrol,86350.0,460255.0,46.0,1.08,2.11,11.04,10,2705.0
6150,BMW,2022.0,6.0,China,i7,Sedan,Petrol,86375.0,436154.0,174.0,1.1948388887632715,5.799800527565236,3.5878752449827584,3,711.0
6151,BMW,2019.0,10.0,France,i4,Suv,Petrol,73737.0,108560.0,308.0,1.846614259205935,1.304035634628899,3.533050969581372,10,720.0
6152,Volkswagen,2016.0,8.0,Australia,ID.3,Suv,Diesel,71982.0,116540.0,8.0,1.64,3.37,4.09,1,1100.0
6153,Porsche,2019.0,12.0,Mexico,911,Sedan,Electric,64740.0,173357.0,3.0,1.09,2.14,11.15,8,74.0
6154,Mercedes-Benz,2018.0,11.0,Brazil,E-Class,Sedan,Petrol,68347.0,250622.0,29.5,1.2,3.68,10.32,8,981.0
6155,BMW,2023.0,7.0,Canada,i7,Sedan,Electric,41533.0,431387.0,168.0,1.3900822968153117,1.7454463803414582,3.868577913755338,3,465.0
6156,Tesla,2016.0,10.0,France,Cybertruck,Suv,Electric,54442.0,106893.0,17.0,1.86,1.3,3.78,1,2262.0
6157,Volkswagen,2016.0,10.0,China,Polo,Sedan,Petrol,63182.0,193297.0,77.0,1.11,5.98,3.41,10,434.0
6158,Ford,2020.0,1.0,China,Escape,Suv,Petrol,41442.0,361454.0,81.0,1.19,6.12,3.28,9,487.0
6159,Volkswagen,2021.0,1.0,Canada,Passat,Sedan,Hybrid,74588.0,573512.0,54.0,1.31,2.06,3.86,4,1261.0
6161,BMW,2024.0,5.0,India,X7,Sedan,Petrol,46360.0,130674.0,265.0,1.0874038533006485,7.464078416490108,6.253573714715344,1,695.0
6162,Mercedes-Benz,2018.0,5.0,UK,CLA,Sedan,Hybrid,86050.0,354973.0,10.0,1.77,1.85,5.21,3,555.0
6163,Tesla,2015.0,1.0,France,Model X Plaid,Suv,Electric,100426.0,42876.0,36.0,1.73,1.22,3.32,9,587.0
6164,Tesla,2019.0,4.0,USA,Model X Plaid,Suv,Electric,63259.0,24201.0,4.0,0.92,2.91,4.29,2,2010.0
6165,Tesla,2015.0,11.0,Mexico,Cybertruck,Suv,Electric,68179.0,166683.0,18.0,1.11,1.56,11.08,6,1964.0
6166,Ford,2016.0,12.0,Japan,Mustang Mach-E,Suv,Hybrid,84231.0,324447.0,26.0,1.43,1.68,0.17,5,698.0
6167,Porsche,2022.0,2.0,Netherlands,Cayenne,Suv,Electric,166230.0,293995.0,11.0,2.1,1.78,3.62,6,27.0
6168,Ford,2021.0,1.0,Australia,Mustang Mach-E,Suv,Electric,36112.0,143094.0,119.0,1.55,2.67,4.49,7,1823.0
6169,Porsche,2023.0,2.0,Netherlands,Cayenne,Suv,Petrol,134719.0,178655.0,23.0,2.08,1.67,3.32,9,403.0
6170,Ford,2016.0,12.0,Germany,Expedition,Suv,Hybrid,59921.0,578791.0,116.0,1.88,1.79,3.13,3,1841.0
6171,Audi,2020.0,12.0,Japan,Q7,Suv,Hybrid,112080.0,337982.0,54.0,1.55,1.27,0.23,7,26.0
6172,Mercedes-Benz,2023.0,1.0,Brazil,A-Class,Sedan,Petrol,44109.0,598374.0,30.0,1.27,3.71,10.42,7,465.0
6173,Audi,2021.0,4.0,Australia,TT,Sedan,Diesel,89917.0,320288.0,51.0,1.6,2.88,4.42,3,315.0
6174,Audi,2021.0,2.0,USA,Q3,Suv,Hybrid,101353.0,243419.0,7.0,1.01,2.04,4.45,6,95.0
6175,Ford,2015.0,1.0,Japan,Bronco,Suv,Petrol,85574.0,352992.0,66.0,1.57,1.25,-0.04,5,782.0
6176,Ford,2021.0,9.0,Germany,Mustang,Sedan,Petrol,58679.0,574603.0,38.0,1.89,1.83,2.71,9,452.0
6177,Volkswagen,2022.0,5.0,USA,Golf,Sedan,Hybrid,44961.0,54888.0,26.0,1.04,2.11,4.27,9,1113.0
6178,Volkswagen,2016.0,12.0,USA,Golf,Sedan,Electric,63737.0,393327.0,12.0,0.97,2.02,4.68,6,2532.0
6179,Tesla,2016.0,12.0,UK,Model S,Suv,Electric,128164.0,286807.0,34.0,1.79,1.66,5.2,1,2121.0
6180,Audi,2022.0,6.0,UK,A3,Sedan,Diesel,113810.0,540328.0,57.0,1.91,2.56,3.44,9,581.0
6181,Ford,2017.0,6.0,Brazil,Explorer,Suv,Petrol,42183.0,365560.0,19.0,1.22,3.77,10.42,2,957.0
6182,Volkswagen,2023.0,11.0,India,Taos,Suv,Petrol,40836.0,545070.0,52.0,1.06,7.28,6.24,6,963.0
6183,Porsche,2018.0,9.0,India,Cayenne Coupe,Suv,Petrol,124480.0,138124.0,10.0,0.99,7.49,6.4,10,153.0
6184,Volkswagen,2018.0,12.0,India,Tiguan,Suv,Diesel,66304.0,208339.0,49.0,1.1,7.03,6.52,8,93.0
6185,Mercedes-Benz,2015.0,5.0,Canada,EQS,Suv,Petrol,52845.0,158014.0,5.0,1.24,2.58,4.07,1,1007.0
6186,Mercedes-Benz,2021.0,11.0,France,GLC,Suv,Electric,35766.0,551024.0,5.0,1.88,1.25,3.75,10,962.0
6187,Volkswagen,2021.0,5.0,Brazil,Polo,Sedan,Petrol,70953.0,125163.0,59.0,1.26,3.45,10.73,6,517.0
6188,Ford,2017.0,7.0,Spain,Mustang Mach-E,Suv,Electric,88178.0,662904.0,95.0,1.75,1.09,3.76,9,2518.0
6190,Tesla,2019.0,4.0,Germany,Model S Plaid,Suv,Electric,63989.0,286300.0,30.0,1.92,1.66,3.09,4,2464.0
6191,BMW,2024.0,3.0,Japan,5 Series,Suv,Diesel,36515.0,262369.0,48.0,1.5079914260561118,1.692483502158375,0.3562005807545771,2,474.0
6192,Mercedes-Benz,2019.0,3.0,France,CLA,Sedan,Electric,117965.0,482906.0,15.0,1.89,1.59,3.58,4,675.0
6193,Volkswagen,2022.0,4.0,Spain,Taos,Suv,Hybrid,36523.0,145844.0,27.0,1.83,1.11,3.26,1,651.0
6194,Audi,2018.0,5.0,Australia,A4,Sedan,Hybrid,73512.0,264064.0,13.0,1.54,2.69,4.07,8,441.0
6195,Mercedes-Benz,2020.0,6.0,Australia,CLA,Sedan,Petrol,58716.0,327330.0,55.0,1.55,3.25,4.03,10,666.0
6196,Toyota,2017.0,7.0,USA,bZ4X,Suv,Electric,87904.0,585850.0,97.0,0.97,2.86,4.55,1,2544.0
6197,Audi,2016.0,6.0,Japan,A4,Sedan,Petrol,64547.0,308596.0,29.0,1.42,1.08,0.19,10,287.0
6198,Porsche,2020.0,7.0,Spain,Cayenne,Suv,Hybrid,179196.0,337194.0,27.0,1.67,1.59,3.23,5,266.0
6199,Porsche,2017.0,8.0,Mexico,Panamera Sport,Sedan,Electric,68378.0,211885.0,21.0,1.03,2.02,11.06,3,214.0
6200,Mercedes-Benz,2022.0,2.0,Netherlands,CLA,Sedan,Petrol,42048.0,458940.0,62.0,1.99,2.17,3.77,5,888.0
6201,Ford,2023.0,5.0,China,Explorer,Suv,Petrol,69858.0,192794.0,79.0,1.2,6.04,3.48,9,3372.0
6202,Tesla,2022.0,7.0,India,Model S,Suv,Electric,113751.0,21233.0,20.0,1.15,6.71,6.43,10,1008.0
6203,Volkswagen,2023.0,2.0,Netherlands,Taos,Suv,Hybrid,64029.0,363188.0,13.0,1.92,1.75,3.55,5,541.0
6204,Porsche,2023.0,6.0,Australia,718,Sedan,Petrol,152795.0,231228.0,10.0,1.53,3.3,4.18,5,484.0
6205,Ford,2021.0,10.0,China,Explorer,Suv,Electric,60625.0,401030.0,47.0,1.1,6.24,3.48,8,1919.0
6206,Tesla,2015.0,4.0,Canada,Model X Plaid,Suv,Electric,84616.0,161148.0,29.0,1.27,1.96,3.89,7,2478.0
6207,BMW,2017.0,2.0,Brazil,iX,Sedan,Electric,51932.0,398848.0,216.0,1.272666729914365,3.4634940438005724,10.427871468107538,8,711.0
6208,Tesla,2024.0,2.0,Brazil,Model X Plaid,Suv,Electric,56773.0,269148.0,26.0,1.14,3.62,10.43,3,1854.0
6209,BMW,2020.0,12.0,UK,X7,Sedan,Electric,105934.0,400722.0,21.0,1.7624915187238144,1.8469688542070608,5.235854123117249,9,238.0
6210,Tesla,2020.0,5.0,China,Model 3,Suv,Electric,86671.0,125522.0,28.0,1.0,6.34,3.67,2,2195.0
6211,Ford,2016.0,5.0,Italy,Edge,Suv,Hybrid,53079.0,387550.0,31.0,1.81,1.48,3.74,3,98.0
6212,Mercedes-Benz,2016.0,12.0,Australia,CLA,Sedan,Diesel,64727.0,323552.0,61.0,1.65,2.89,4.31,3,310.0
6213,Ford,2015.0,11.0,USA,Explorer,Suv,Electric,50498.0,469725.0,51.0,1.01,2.66,4.26,10,2514.0
6215,Ford,2024.0,9.0,India,Edge,Suv,Electric,43050.0,164564.0,54.0,0.99,7.02,6.22,3,1863.0
6216,BMW,2023.0,10.0,Japan,7 Series,Sedan,Electric,37159.0,370057.0,302.0,1.5946977938354794,0.7457420338125128,0.3229220836914258,7,1016.0
6217,Mercedes-Benz,2019.0,1.0,India,CLA,Sedan,Diesel,123825.0,495980.0,43.0,0.99,7.48,6.36,6,408.0
6219,Porsche,2019.0,5.0,France,Taycan,Suv,Electric,96519.0,339080.0,27.0,1.88,1.12,3.74,1,161.0
6220,Ford,2023.0,6.0,China,F-150,Suv,Petrol,58365.0,546456.0,85.0,1.18,5.79,3.6,1,147.0
6221,Mercedes-Benz,2017.0,4.0,USA,GLS,Suv,Hybrid,56508.0,418187.0,55.0,0.99,2.15,4.64,6,724.0
6222,Ford,2023.0,2.0,Germany,Bronco,Suv,Electric,93807.0,337293.0,25.0,1.92,2.24,3.1,4,2293.0
6223,Volkswagen,2019.0,7.0,Australia,Touareg,Suv,Diesel,51097.0,568619.0,87.0,1.54,3.12,4.46,8,1233.0
6224,Toyota,2021.0,3.0,Mexico,bZ4X,Suv,Hybrid,44363.0,477208.0,40.0,1.04,2.23,10.89,6,1074.0
6225,Mercedes-Benz,2019.0,10.0,China,A-Class,Sedan,Hybrid,35812.0,432503.0,33.0,1.11,5.71,3.24,9,179.0
6226,Mercedes-Benz,2017.0,9.0,Australia,GLS,Suv,Diesel,85792.0,168152.0,42.0,1.51,3.24,4.26,8,970.0
6227,Mercedes-Benz,2020.0,6.0,Brazil,S-Class,Sedan,Electric,50378.0,541215.0,32.0,1.12,3.98,10.23,8,928.0
6228,Ford,2016.0,10.0,Netherlands,F-150,Suv,Electric,62248.0,173955.0,115.0,1.95,1.97,3.39,10,2852.0
6229,BMW,2022.0,5.0,Germany,i7,Sedan,Hybrid,41008.0,75494.0,94.0,1.990362357084648,2.265118696436045,2.702963988560646,8,398.0
6230,Audi,2024.0,2.0,Mexico,Q5,Suv,Hybrid,83157.0,394089.0,14.0,1.06,2.41,11.19,1,986.0
6231,Volkswagen,2020.0,10.0,Canada,Arteon,Sedan,Diesel,64997.0,117263.0,65.0,1.25,2.25,3.9,6,1296.0
6232,Mercedes-Benz,2015.0,2.0,Brazil,EQS,Suv,Diesel,82266.0,345435.0,53.0,1.24,3.66,10.27,6,961.0
6233,Ford,2017.0,7.0,UK,Mustang Mach-E,Suv,Hybrid,27162.0,458066.0,87.0,1.9,1.74,5.03,2,3884.0
6234,Mercedes-Benz,2022.0,12.0,Canada,E-Class,Sedan,Diesel,63578.0,131933.0,42.0,1.34,2.28,4.12,5,184.0
6235,Audi,2021.0,4.0,China,TT,Sedan,Electric,110589.0,199403.0,16.0,1.15,6.45,3.63,7,170.0
6236,Mercedes-Benz,2015.0,10.0,China,GLC,Suv,Electric,54791.0,275639.0,29.0,1.07,5.68,3.68,9,1272.0
6237,Porsche,2015.0,12.0,Japan,911,Sedan,Petrol,61561.0,144224.0,13.0,1.57,1.28,0.23,3,103.0
6238,Porsche,2018.0,1.0,India,Cayenne Coupe,Suv,Electric,183774.0,227412.0,5.0,1.12,7.04,6.4,10,110.0
6239,Ford,2024.0,12.0,Brazil,Edge,Suv,Electric,30647.0,112008.0,45.0,1.21,3.1,10.63,10,2212.0
6240,BMW,2024.0,5.0,Australia,i7,Sedan,Electric,86628.0,53681.0,320.0,1.540030048848962,3.1894649691372656,4.43035201946545,3,638.0
6241,Porsche,2015.0,10.0,Germany,Macan,Suv,Electric,70353.0,339220.0,6.0,1.86,1.96,3.25,5,341.0
6242,BMW,2020.0,8.0,UK,iX,Sedan,Diesel,70333.0,96562.0,131.0,1.813517359052224,1.0543320348229035,5.14918714047572,1,376.0
6243,Audi,2020.0,12.0,France,A6,Sedan,Electric,74915.0,459636.0,15.0,1.8,1.3,3.27,10,641.0
6244,Tesla,2019.0,3.0,UK,Model Y,Suv,Electric,82425.0,183550.0,2.0,1.79,1.72,4.96,3,2474.0
6245,Tesla,2019.0,11.0,USA,Model X Plaid,Suv,Electric,50013.0,161426.0,29.0,0.88,2.45,4.21,8,1601.0
6246,Tesla,2015.0,1.0,Canada,Model 3,Suv,Electric,75307.0,92113.0,1.0,1.31,2.08,3.76,5,732.0
6247,BMW,2021.0,8.0,Australia,i7,Sedan,Diesel,39239.0,469876.0,126.0,1.6380009781641331,3.4576252845053803,4.055181765414596,7,659.0
6249,Mercedes-Benz,2019.0,5.0,UK,GLS,Suv,Electric,129062.0,73915.0,41.0,1.94,1.69,4.77,5,864.0
6250,Ford,2017.0,12.0,Australia,Explorer,Suv,Electric,85498.0,581018.0,73.0,1.53,2.61,4.11,2,3247.0
6251,Toyota,2018.0,7.0,USA,Land Cruiser,Suv,Electric,25791.0,394867.0,83.0,1.05,2.35,4.4,7,1164.0
6252,Ford,2024.0,2.0,Canada,F-150 Lightning,Suv,Hybrid,83161.0,399160.0,34.0,1.22,2.34,3.94,4,3565.0
6253,Ford,2024.0,5.0,Brazil,F-150 Lightning,Suv,Electric,29755.0,776390.0,85.0,1.21,3.48,10.36,6,135.0
6254,Audi,2016.0,3.0,Netherlands,e-tron,Suv,Petrol,103312.0,508906.0,31.0,2.0,2.43,3.52,2,662.0
6255,Toyota,2021.0,10.0,Canada,Camry,Sedan,Petrol,72415.0,607454.0,53.0,1.38,2.24,4.04,4,1878.0
6256,Audi,2024.0,4.0,Italy,Q5,Suv,Electric,37895.0,298758.0,8.0,1.77,0.63,3.33,6,327.0
6257,Volkswagen,2019.0,5.0,France,T-Roc,Suv,Petrol,31420.0,45292.0,79.0,1.8,1.32,3.2,10,2151.0
6258,Porsche,2021.0,11.0,USA,Cayenne Coupe,Suv,Electric,141086.0,241780.0,11.0,1.02,2.23,4.31,3,48.0
6259,Porsche,2024.0,10.0,Mexico,911,Sedan,Petrol,76200.0,248464.0,4.0,1.18,1.67,10.74,1,82.0
6260,Ford,2021.0,5.0,Japan,Mustang,Sedan,Hybrid,64224.0,494194.0,88.0,1.46,1.23,0.06,5,864.0
6261,Audi,2015.0,8.0,UK,A4,Sedan,Diesel,98451.0,536217.0,15.0,1.81,1.45,5.15,1,238.0
6262,Audi,2017.0,3.0,Japan,A3,Sedan,Diesel,88625.0,317579.0,8.0,1.54,1.22,0.31,7,355.0
6263,Toyota,2020.0,4.0,Italy,C-HR,Suv,Electric,57629.0,498320.0,97.0,1.77,0.72,3.38,8,2360.0
6264,Audi,2022.0,3.0,France,RS6,Sedan,Hybrid,54542.0,127042.0,36.0,1.8,1.2,3.44,6,596.0
6265,Porsche,2020.0,8.0,Brazil,Panamera,Sedan,Petrol,81158.0,397943.0,26.0,1.21,3.58,10.43,3,70.0
6268,Toyota,2016.0,11.0,Germany,Prius,Suv,Petrol,48139.0,425332.0,15.0,1.83,1.96,3.01,3,448.0
6269,Ford,2018.0,4.0,China,F-150 Lightning,Suv,Petrol,32883.0,769859.0,83.0,1.13,5.61,3.43,4,1765.0
6270,Ford,2018.0,11.0,Canada,Escape,Suv,Hybrid,32535.0,118901.0,17.0,1.26,2.42,4.29,10,3252.0
6271,Audi,2020.0,4.0,India,A3,Sedan,Hybrid,55143.0,101278.0,15.0,1.03,7.42,6.25,2,300.0
6272,Audi,2024.0,7.0,Spain,A3,Sedan,Hybrid,96665.0,302960.0,23.0,1.8,1.19,3.78,7,528.0
6273,Porsche,2023.0,1.0,Mexico,Panamera Sport,Sedan,Hybrid,94671.0,324963.0,12.0,1.11,1.9,11.22,5,375.0
6274,Tesla,2018.0,8.0,Australia,Model X,Suv,Electric,100333.0,132041.0,21.0,1.57,3.36,4.05,3,146.0
6275,Toyota,2023.0,11.0,Brazil,Corolla,Sedan,Petrol,45831.0,166668.0,96.0,1.15,3.75,10.38,10,2880.0
6276,Ford,2021.0,2.0,Germany,Escape,Suv,Hybrid,73550.0,256785.0,67.0,1.99,1.82,2.7,2,113.0
6277,Mercedes-Benz,2018.0,10.0,Italy,GLS,Suv,Petrol,100918.0,355779.0,41.0,1.79,0.97,3.32,6,136.0
6278,Porsche,2020.0,8.0,China,911,Sedan,Electric,169378.0,371099.0,8.0,1.08,5.98,3.66,4,291.0
6279,Audi,2015.0,2.0,Germany,A6,Sedan,Electric,58460.0,80378.0,25.0,1.91,1.86,3.12,7,240.0
6281,Mercedes-Benz,2023.0,5.0,UK,GLE,Suv,Diesel,92762.0,316135.0,28.0,1.82,1.13,4.95,1,1191.0
6282,Ford,2016.0,2.0,Japan,F-150 Lightning,Suv,Electric,30947.0,796932.0,39.0,1.46,1.52,-0.13,8,1943.0
6283,Ford,2015.0,11.0,USA,Expedition,Suv,Petrol,73338.0,792667.0,106.0,0.91,2.59,4.72,7,3679.0
6285,BMW,2017.0,9.0,Brazil,i4,Suv,Diesel,112606.0,160361.0,225.0,1.263414414189856,3.9694704332753687,10.719304275536388,3,665.0
6286,Mercedes-Benz,2022.0,7.0,France,GLC,Suv,Diesel,125885.0,275479.0,55.0,1.72,1.77,3.79,5,261.0
6288,Volkswagen,2019.0,6.0,USA,Golf,Sedan,Diesel,47060.0,306507.0,21.0,1.0,2.32,4.53,3,232.0
6289,Tesla,2020.0,12.0,China,Model 3,Suv,Electric,95811.0,262073.0,27.0,1.14,6.11,3.25,5,528.0
6290,Mercedes-Benz,2022.0,5.0,Japan,EQS,Suv,Diesel,68069.0,348791.0,64.0,1.56,1.52,0.06,6,627.0
6291,Mercedes-Benz,2016.0,10.0,China,C-Class,Sedan,Petrol,120468.0,237394.0,62.0,1.05,5.98,3.74,5,51.0
6292,BMW,2019.0,4.0,China,i7,Sedan,Petrol,44824.0,152413.0,352.0,1.1046659262389484,6.464476653900812,3.3222598754766133,5,1007.0
6293,Mercedes-Benz,2020.0,1.0,India,EQE,Suv,Electric,96841.0,97858.0,28.0,0.96,6.66,6.7,8,252.0
6295,Ford,2021.0,2.0,Germany,Mustang Mach-E,Suv,Petrol,49555.0,398635.0,64.0,1.83,1.41,2.85,3,3614.0
6296,Tesla,2021.0,11.0,India,Model 3,Suv,Electric,110829.0,60032.0,25.0,1.07,7.45,6.61,7,471.0
6297,Audi,2020.0,7.0,Spain,Q5,Suv,Hybrid,86384.0,223457.0,21.0,1.72,1.225,3.7,7,519.0
6298,Toyota,2023.0,9.0,India,Prius,Suv,Hybrid,57449.0,651583.0,58.0,0.95,6.54,6.24,5,1569.0
6299,Volkswagen,2016.0,6.0,Spain,Polo,Sedan,Electric,50489.0,299836.0,52.0,1.84,1.14,3.79,3,2519.0
6300,Mercedes-Benz,2018.0,9.0,India,GLE,Suv,Electric,85209.5,170330.0,35.0,0.96,6.52,6.68,3,556.0
6301,Porsche,2015.0,1.0,India,Taycan,Suv,Electric,194695.0,220889.0,28.0,1.04,7.22,6.49,5,385.0
6303,Ford,2016.0,1.0,India,F-150 Lightning,Suv,Petrol,60239.0,731593.0,53.0,1.0,6.6,6.72,6,837.0
6304,Audi,2023.0,7.0,Spain,Q3,Suv,Diesel,33049.0,162537.0,7.0,1.65,1.56,3.69,6,940.0
6305,BMW,2024.0,2.0,India,3 Series,Suv,Hybrid,77814.0,454427.0,99.0,1.05,7.06,6.364433132412324,7,498.0
6306,Audi,2019.0,11.0,Japan,Q3,Suv,Diesel,55645.0,261232.0,23.0,1.53,1.3,0.14,9,638.0
6307,Audi,2022.0,5.0,Italy,e-tron,Suv,Electric,40302.0,182581.0,44.0,1.87,0.82,3.43,3,130.0
6308,Audi,2019.0,10.0,India,RS6,Sedan,Diesel,70904.0,252336.0,11.0,1.07,7.49,6.44,7,830.0
6309,Tesla,2021.0,3.0,Mexico,Model 3,Suv,Electric,49501.0,43863.0,15.0,1.03,1.7,10.82,7,706.0
6310,Tesla,2022.0,3.0,India,Model S,Suv,Electric,46171.0,168573.0,31.0,0.97,7.2,6.26,7,2376.0
6311,Mercedes-Benz,2022.0,12.0,Australia,EQE,Suv,Hybrid,75061.0,367536.0,57.0,1.59,3.03,4.4,9,1208.0
6312,Audi,2022.0,10.0,Netherlands,e-tron,Suv,Electric,111782.0,176624.0,4.0,2.06,1.96,3.52,3,530.0
6313,Ford,2015.0,3.0,Australia,Explorer,Suv,Electric,44254.0,116059.0,36.0,1.59,2.56,4.02,6,1154.0
6314,Porsche,2023.0,5.0,Mexico,Panamera Sport,Sedan,Petrol,165143.0,392309.0,19.0,1.13,1.59,11.17,9,60.0
6315,Ford,2021.0,10.0,Spain,Escape,Suv,Petrol,82283.0,292734.0,51.0,1.85,1.25,3.36,7,2179.0
6316,Porsche,2024.0,8.0,Netherlands,Taycan,Suv,Hybrid,129472.0,143625.0,18.0,1.99,2.45,3.45,10,206.0
6317,Toyota,2024.0,7.0,Mexico,Land Cruiser,Suv,Electric,42490.0,170030.0,39.0,1.05,1.87,11.1,4,1847.0
6318,Mercedes-Benz,2018.0,12.0,Canada,CLA,Sedan,Petrol,81812.0,473180.0,34.0,1.37,2.35,3.8,1,211.0
6319,Volkswagen,2018.0,11.0,India,Polo,Sedan,Electric,20752.0,187378.0,39.0,1.03,7.1,6.53,3,580.0
6320,Audi,2020.0,5.0,France,A6,Sedan,Petrol,74557.0,290447.0,38.0,1.84,1.74,3.57,6,676.0
6321,Porsche,2022.0,1.0,Netherlands,Cayenne Coupe,Suv,Electric,144401.0,266652.0,26.0,1.96,2.47,3.24,10,382.0
6322,Volkswagen,2018.0,8.0,Germany,Arteon,Sedan,Hybrid,50745.0,241602.0,9.0,1.86,1.4,3.27,7,655.0
6323,Volkswagen,2020.0,11.0,France,Touareg,Suv,Diesel,78864.0,345045.0,27.0,1.83,1.8,3.78,8,2600.0
6324,Volkswagen,2020.0,1.0,Spain,Taos,Suv,Diesel,42137.0,51658.0,38.0,1.7,1.32,3.2,1,296.0
6325,Tesla,2022.0,1.0,India,Semi,Suv,Electric,64204.0,298631.0,17.0,1.12,7.27,6.58,3,1269.0
6326,Ford,2022.0,9.0,Spain,Explorer,Suv,Hybrid,44626.0,730442.0,45.0,1.8,1.18,3.78,10,1141.0
6327,BMW,2015.0,7.0,India,X5,Sedan,Electric,59299.0,295160.0,265.0,1.0191869985093926,7.242706521199981,6.455296000668845,10,904.0
6328,Ford,2023.0,1.0,India,Expedition,Suv,Electric,55385.0,387136.0,56.0,1.1,7.23,6.51,5,2817.0
6329,Mercedes-Benz,2018.0,3.0,Spain,EQE,Suv,Diesel,103931.0,475663.0,63.0,1.66,1.14,3.59,3,754.0
6330,Porsche,2021.0,4.0,Australia,Taycan,Suv,Hybrid,146242.0,237544.0,28.0,1.57,3.46,4.07,4,256.0
6331,Porsche,2023.0,3.0,Germany,911,Sedan,Petrol,73427.0,376483.0,25.0,1.85,2.05,3.16,9,158.0
6332,Toyota,2015.0,7.0,Netherlands,RAV4,Suv,Hybrid,54849.0,315037.0,81.0,2.02,1.87,3.72,5,1303.0
6333,BMW,2024.0,7.0,Japan,7 Series,Sedan,Diesel,37887.0,201770.0,194.0,1.493480302249974,1.5791183075621646,0.3668392133748461,1,571.0
6334,Porsche,2021.0,12.0,Brazil,Panamera,Sedan,Hybrid,107040.0,211942.0,18.0,1.25,3.25,10.48,6,425.0
6335,Tesla,2016.0,10.0,Italy,Model S Plaid,Suv,Electric,69002.0,205688.0,7.0,1.88,1.28,3.71,4,330.0
6336,Ford,2018.0,10.0,Australia,Escape,Suv,Electric,56851.0,693545.0,48.0,1.67,2.53,4.03,4,2719.0
6337,Ford,2016.0,1.0,UK,F-150,Suv,Petrol,49263.0,241609.0,21.0,1.8,1.87,4.9,5,2115.0
6338,Porsche,2018.0,3.0,Mexico,Taycan,Suv,Electric,152856.0,236435.0,7.0,1.1,1.81,10.73,1,8.0
6339,Porsche,2022.0,4.0,Brazil,911,Sedan,Hybrid,153548.0,318630.0,20.0,1.11,3.13,10.67,4,242.0
6340,Tesla,2017.0,6.0,USA,Cybertruck,Suv,Electric,76473.0,269906.0,17.0,0.97,2.91,4.7,2,1784.0
6341,Audi,2015.0,12.0,USA,Q3,Suv,Petrol,67432.0,541049.0,46.0,0.95,2.44,4.34,4,1078.0
6342,BMW,2024.0,11.0,Brazil,7 Series,Sedan,Hybrid,58154.0,494874.0,195.0,1.1149101287359542,3.1409242249747624,10.681318188452424,1,1061.0
6343,Mercedes-Benz,2017.0,11.0,China,EQS,Suv,Diesel,127481.0,552185.0,14.0,1.16,5.92,3.42,5,492.0
6344,Mercedes-Benz,2018.0,2.0,Japan,GLE,Suv,Hybrid,85603.0,139974.0,49.0,1.54,0.87,0.15,1,30.0
6345,BMW,2016.0,12.0,Japan,X5,Sedan,Hybrid,110900.0,108123.0,236.0,1.4553808974755618,1.557179256998753,0.3436859528594599,9,868.0
6347,Audi,2018.0,1.0,Brazil,e-tron,Suv,Electric,75311.0,296223.5,14.0,1.25,3.4,10.68,6,595.0
6348,Mercedes-Benz,2018.0,1.0,USA,CLA,Sedan,Petrol,51099.0,161645.0,16.0,0.87,2.59,4.7,8,92.0
6349,Mercedes-Benz,2024.0,1.0,UK,GLE,Suv,Petrol,76564.0,368158.0,31.0,1.67,3.23,4.36,2,551.0
6350,Audi,2015.0,8.0,Brazil,RS6,Sedan,Hybrid,76779.0,397005.0,26.0,1.22,3.77,10.24,7,1027.0
6352,Audi,2016.0,8.0,Mexico,Q8,Suv,Diesel,64432.0,421700.0,36.0,1.2,1.89,10.99,6,811.0
6353,BMW,2021.0,6.0,India,i7,Sedan,Electric,101537.0,311849.0,35.0,1.1438824644670575,6.663523872585023,6.434648921991056,4,416.0
6354,Tesla,2019.0,12.0,Germany,Cybertruck,Suv,Electric,112743.0,90940.0,30.0,1.8,1.54,3.3,9,2086.0
6355,Toyota,2021.0,11.0,Brazil,Highlander,Suv,Electric,41695.0,351375.0,35.0,1.25,3.22,10.62,10,67.0
6356,Tesla,2017.0,1.0,India,Model S,Suv,Electric,84959.0,53535.0,31.0,1.02,6.6,6.34,3,707.0
6357,Toyota,2021.0,3.0,USA,Camry,Sedan,Hybrid,62554.0,633671.0,39.0,0.97,2.09,4.23,8,2557.0
6358,Mercedes-Benz,2022.0,2.0,Japan,EQS,Suv,Hybrid,52740.0,531615.0,8.0,1.5,1.03,-0.01,6,1157.0
6359,Toyota,2024.0,2.0,USA,Supra,Sedan,Electric,39005.0,331043.0,19.0,1.02,2.05,4.54,9,818.0
6360,BMW,2020.0,5.0,USA,5 Series,Suv,Petrol,87413.0,299141.0,323.0,0.9704390020662484,2.085349668078644,4.798124551107568,4,1051.0
6361,Porsche,2019.0,8.0,USA,911,Sedan,Petrol,125971.0,154583.0,8.0,0.97,2.11,4.31,1,201.0
6362,Toyota,2021.0,7.0,Italy,Land Cruiser,Suv,Petrol,25665.0,244388.0,59.0,1.87,1.29,3.43,2,2964.0
6363,Toyota,2022.0,5.0,Brazil,RAV4,Suv,Petrol,72883.0,80278.0,99.0,1.24,3.54,10.41,10,1591.0
6364,Porsche,2022.0,6.0,Brazil,718,Sedan,Electric,118052.0,381567.0,11.0,1.12,3.93,10.25,3,267.0
6366,Toyota,2018.0,4.0,Germany,bZ4X,Suv,Hybrid,60250.0,288874.0,17.0,1.85,2.05,2.92,6,1435.0
6368,Audi,2016.0,11.0,China,TT,Sedan,Electric,58937.0,450358.0,15.0,1.19,5.68,3.41,8,662.0
6369,Mercedes-Benz,2023.0,8.0,Italy,GLS,Suv,Electric,96068.0,590540.0,59.0,1.92,0.54,3.42,3,582.0
6370,Ford,2015.0,9.0,UK,Mustang,Sedan,Petrol,81010.0,271866.0,16.0,1.88,1.59,4.8,5,3870.0
6371,Volkswagen,2024.0,6.0,Italy,Polo,Sedan,Electric,32210.0,390956.0,66.0,1.91,1.34,3.31,5,442.0
6372,BMW,2023.0,6.0,UK,X3,Suv,Electric,96826.0,87879.0,332.0,1.8860455558416709,1.7374337687214856,5.007333152487605,1,905.0
6373,Toyota,2020.0,12.0,Netherlands,RAV4,Suv,Hybrid,42389.0,138954.0,64.0,1.97,1.6,3.79,3,1457.0
6374,Porsche,2020.0,6.0,France,Panamera,Sedan,Electric,159257.0,208957.0,5.0,1.835,1.22,3.22,5,58.0
6375,Ford,2016.0,1.0,Mexico,Mustang Mach-E,Suv,Electric,30942.0,362238.0,42.0,1.05,2.01,11.05,1,3509.0
6376,Porsche,2016.0,7.0,India,Macan,Suv,Electric,76414.0,204888.0,15.0,1.03,7.42,6.6,3,71.0
6377,Tesla,2022.0,9.0,China,Model Y,Suv,Electric,60717.0,194254.0,34.0,1.11,6.01,3.59,7,583.0
6378,BMW,2024.0,11.0,USA,i7,Sedan,Electric,97699.0,77307.0,291.0,0.8817101858487958,2.4982556822634536,4.246234967480599,3,730.0
6379,Porsche,2017.0,3.0,Canada,Panamera,Sedan,Electric,133336.0,131848.0,22.0,1.38,2.14,4.27,2,282.0
6380,Ford,2019.0,9.0,Germany,Mustang,Sedan,Petrol,32705.0,739318.0,31.0,1.81,1.7,2.82,5,319.0
6381,Porsche,2016.0,10.0,India,Macan,Suv,Electric,76272.0,328947.0,15.0,1.06,7.28,6.33,5,294.0
6382,Ford,2018.0,2.0,France,Expedition,Suv,Electric,65144.0,681737.0,53.0,1.78,1.31,3.22,9,108.0
6383,Toyota,2017.0,8.0,Mexico,C-HR,Suv,Hybrid,37032.0,261692.0,85.0,1.13,1.73,11.24,7,130.0
6384,Porsche,2024.0,11.0,Mexico,Taycan,Suv,Petrol,167797.0,379796.0,27.0,1.02,2.29,10.88,2,442.0
6385,Audi,2021.0,4.0,Spain,A3,Sedan,Hybrid,83606.0,210895.0,12.0,1.7,0.97,3.47,4,65.0
6386,Ford,2024.0,7.0,Netherlands,F-150 Lightning,Suv,Hybrid,27003.0,558278.0,82.0,1.99,2.16,3.57,8,198.0
6387,Tesla,2016.0,8.0,Japan,Model S Plaid,Suv,Electric,113277.0,176903.0,13.0,1.41,0.88,-0.13,4,2062.0
6388,Audi,2020.0,8.0,China,Q5,Suv,Petrol,56207.0,116011.0,47.0,1.12,5.81,3.3,9,28.0
6389,Volkswagen,2020.0,6.0,France,Golf,Sedan,Petrol,20037.0,298699.0,34.0,1.84,1.93,3.57,2,2278.0
6390,Volkswagen,2023.0,11.0,USA,Arteon,Sedan,Petrol,67502.0,328317.0,39.0,0.88,2.3,4.44,2,2368.0
6391,Ford,2024.0,3.0,Italy,Ranger,Suv,Electric,39384.0,500350.0,30.0,1.9,1.21,3.32,2,2240.0
6392,Toyota,2016.0,1.0,Germany,Land Cruiser,Suv,Hybrid,42618.0,389539.0,44.0,1.93,1.88,2.75,10,2116.0
6393,Toyota,2017.0,12.0,Brazil,Highlander,Suv,Hybrid,57220.0,405154.0,30.0,1.18,3.73,10.21,2,2150.0
6394,Mercedes-Benz,2022.0,5.0,India,EQS,Suv,Electric,105369.0,324925.0,27.0,1.12,6.52,6.63,3,831.0
6395,BMW,2016.0,3.0,India,i4,Suv,Hybrid,98080.0,233683.0,78.0,1.0323531083169015,7.169022337329109,6.477377336600364,8,317.0
6396,Porsche,2018.0,10.0,UK,718,Sedan,Electric,109605.0,84918.0,6.0,1.01,2.55,4.28,1,170.0
6397,Audi,2018.0,11.0,Netherlands,Q5,Suv,Petrol,77453.0,217304.0,41.0,2.06,1.99,3.41,5,71.0
6398,Volkswagen,2018.0,2.0,Mexico,Arteon,Sedan,Diesel,38403.0,432449.0,61.0,1.18,1.81,11.04,3,222.0
6399,Volkswagen,2022.0,10.0,Canada,Arteon,Sedan,Diesel,42220.0,446916.0,41.0,1.27,2.39,3.73,4,2711.0
6400,Audi,2022.0,11.0,Mexico,A3,Sedan,Diesel,91435.0,109168.0,18.0,1.0,1.93,11.2,3,73.0
6401,Toyota,2020.0,8.0,Canada,bZ4X,Suv,Electric,22295.0,299043.0,90.0,1.21,2.41,3.88,3,762.0
6402,Audi,2017.0,9.0,Japan,Q7,Suv,Electric,73050.0,96848.0,57.0,1.42,0.96,0.14,5,713.0
6403,Toyota,2024.0,12.0,Netherlands,bZ4X,Suv,Electric,28713.0,391397.0,61.0,1.99,2.23,3.29,5,2771.0
6404,Porsche,2024.0,3.0,China,718,Sedan,Electric,116333.0,150896.0,5.0,1.19,6.37,3.26,10,123.0
6406,Porsche,2020.0,3.0,Netherlands,911,Sedan,Electric,95851.0,346511.0,16.0,1.94,1.62,3.43,3,493.0
6407,Toyota,2016.0,10.0,India,Corolla,Sedan,Hybrid,63784.0,227667.0,68.0,1.13,7.29,6.27,7,670.0
6409,Toyota,2015.0,1.0,Japan,bZ4X,Suv,Hybrid,23008.0,425662.0,64.0,1.47,1.1,0.05,5,233.0
6410,Audi,2018.0,10.0,China,Q8,Suv,Electric,106995.0,173298.0,15.0,1.06,5.53,3.67,8,1164.0
6411,Volkswagen,2024.0,11.0,Canada,Arteon,Sedan,Diesel,76870.0,494659.0,80.0,1.24,2.06,3.72,1,93.0
6412,Audi,2020.0,2.0,India,Q8,Suv,Petrol,40535.0,81221.0,50.0,0.96,6.59,6.27,8,1114.0
6413,Tesla,2021.0,11.0,Germany,Semi,Suv,Electric,107596.0,31428.0,21.0,1.97,1.76,2.86,6,332.0
6414,BMW,2019.0,6.0,UK,7 Series,Sedan,Petrol,37795.0,337307.0,35.0,1.8347476507297529,1.274806035548136,5.193568591108207,2,192.0
6415,BMW,2018.0,8.0,Australia,5 Series,Suv,Diesel,80264.0,198790.0,361.0,1.624771864935315,3.1675498992914703,4.007321188300801,6,936.0
6417,Audi,2019.0,1.0,Japan,Q3,Suv,Electric,80949.0,392171.0,40.0,1.53,0.71,-0.07,2,1017.0
6418,Mercedes-Benz,2022.0,12.0,France,GLS,Suv,Diesel,41410.0,350716.0,59.0,1.89,1.93,3.28,8,516.0
6419,Toyota,2016.0,2.0,Canada,Highlander,Suv,Petrol,67174.0,293800.0,88.0,1.23,2.58,3.91,7,528.0
6420,Porsche,2022.0,6.0,Japan,Cayenne,Suv,Hybrid,179374.0,313323.0,21.0,1.49,1.53,0.15,4,143.0
6421,Ford,2020.0,10.0,China,Ranger,Suv,Hybrid,66594.0,251508.0,79.0,1.16,5.74,3.64,7,1276.0
6423,BMW,2021.0,7.0,Brazil,iX,Sedan,Electric,118053.0,148707.0,13.0,1.1160360028163807,3.751178047808418,10.242604598719954,2,290.0
6424,Ford,2015.0,8.0,France,Expedition,Suv,Petrol,86534.0,386527.0,86.0,1.75,1.96,3.8,5,1897.0
6427,Porsche,2022.0,11.0,Canada,Cayenne,Suv,Petrol,136296.0,171220.0,19.0,1.32,2.54,3.87,7,301.0
6428,BMW,2016.0,12.0,Japan,i4,Suv,Diesel,69758.0,72486.0,290.0,1.5866226662687115,1.4356631142391898,0.3990085068357698,9,977.0
6430,Mercedes-Benz,2024.0,1.0,Canada,C-Class,Sedan,Electric,110427.0,293860.0,60.0,1.25,2.44,3.98,4,596.0
6431,Volkswagen,2022.0,5.0,Spain,Polo,Sedan,Diesel,35370.0,45476.0,30.0,1.67,1.4,3.78,4,1746.0
6432,BMW,2021.0,4.0,UK,3 Series,Suv,Hybrid,65341.0,418894.0,166.0,1.7807791812679712,1.7582384757040912,5.117612370832275,7,730.0
6433,Volkswagen,2021.0,10.0,France,Touareg,Suv,Petrol,24939.0,130968.0,26.0,1.83,1.89,3.24,8,1444.0
6434,Toyota,2022.0,2.0,Japan,bZ4X,Suv,Electric,50535.0,482052.0,68.0,1.52,1.66,-0.04,10,1291.0
6435,BMW,2016.0,8.0,UK,X3,Suv,Electric,35490.0,70836.0,217.0,1.7940366403899624,1.4958757350787708,4.748627729544589,9,450.0
6436,Volkswagen,2020.0,5.0,USA,Taos,Suv,Electric,31177.0,339467.0,59.0,0.88,2.16,4.41,3,1763.0
6437,Audi,2019.0,6.0,UK,Q3,Suv,Electric,102950.0,243879.0,43.0,1.54,1.08,-0.12,10,759.0
6438,Volkswagen,2020.0,1.0,Italy,Arteon,Sedan,Petrol,48696.0,420474.0,68.0,1.88,0.85,3.28,8,1732.0
6439,Mercedes-Benz,2016.0,6.0,India,EQE,Suv,Diesel,40565.0,117310.0,34.0,1.05,7.48,6.3,2,225.0
6440,Toyota,2024.0,2.0,Mexico,Land Cruiser,Suv,Electric,29534.0,553846.0,36.0,1.18,2.06,10.95,6,672.0
6441,BMW,2019.0,2.0,USA,i7,Sedan,Petrol,114795.0,98784.0,252.0,1.0321757162015837,2.506920437961835,4.445647243090211,9,724.0
6442,Audi,2023.0,5.0,USA,Q7,Suv,Diesel,38902.0,373602.0,56.0,0.91,2.47,4.3,5,1174.0
6443,Porsche,2020.0,2.0,India,Cayenne,Suv,Petrol,175067.0,304350.0,7.0,1.09,7.08,6.3,9,225.0
6444,Ford,2023.0,4.0,Germany,Escape,Suv,Hybrid,62738.0,287306.0,42.0,1.88,1.88,2.81,2,2659.0
6445,Volkswagen,2023.0,5.0,China,Taos,Suv,Hybrid,60126.0,67148.0,46.0,1.14,5.55,3.35,6,694.0
6446,Ford,2016.0,1.0,Mexico,F-150,Suv,Petrol,70976.0,652308.0,93.0,1.14,2.02,11.17,2,2422.0
6447,BMW,2015.0,7.0,China,i7,Sedan,Hybrid,73367.0,89148.0,18.0,1.189992236790045,6.17964728269307,3.3309523327190385,7,467.0
6448,Toyota,2020.0,2.0,China,Prius,Suv,Hybrid,68096.0,521117.0,68.0,1.2,6.2,3.63,7,327.0
6449,Volkswagen,2024.0,3.0,USA,T-Roc,Suv,Diesel,63746.0,46947.0,78.0,0.87,2.12,4.59,5,2768.0
6450,Mercedes-Benz,2017.0,10.0,Netherlands,C-Class,Sedan,Diesel,52811.0,329521.0,18.0,2.05,2.52,3.71,1,20.0
6451,Volkswagen,2018.0,4.0,Japan,Golf,Sedan,Electric,31602.0,445803.0,32.0,1.54,1.51,0.29,3,809.0
6452,Porsche,2021.0,10.0,China,Panamera Sport,Sedan,Hybrid,80881.0,85560.0,13.0,1.14,5.92,3.76,5,164.0
6453,Tesla,2020.0,8.0,Mexico,Model Y,Suv,Electric,73198.0,203197.0,14.0,1.01,1.94,10.83,4,80.0
6454,Toyota,2020.0,3.0,Netherlands,Highlander,Suv,Electric,55045.0,378356.0,68.0,2.0,2.12,3.76,7,1847.0
6455,Mercedes-Benz,2017.0,9.0,China,A-Class,Sedan,Diesel,111172.0,211023.0,16.0,1.02,6.37,3.34,6,665.0
6456,Porsche,2016.0,9.0,Australia,Macan EV,Suv,Electric,106872.0,141051.0,15.0,1.63,2.57,4.15,8,438.0
6457,Ford,2024.0,8.0,Spain,Ranger,Suv,Electric,92413.0,431777.0,20.0,1.72,1.07,3.6,5,2820.0
6458,Audi,2017.0,9.0,Brazil,RS6,Sedan,Electric,75193.0,156112.0,33.0,1.14,3.9,10.67,4,922.0
6459,Toyota,2019.0,5.0,Italy,C-HR,Suv,Hybrid,31974.0,495062.0,91.0,1.8,0.59,3.64,6,532.0
6460,Mercedes-Benz,2017.0,9.0,UK,E-Class,Sedan,Electric,41148.0,428024.0,45.0,1.76,1.94,5.19,10,876.0
6461,Ford,2018.0,4.0,Italy,Explorer,Suv,Petrol,76132.0,506045.0,119.0,1.85,0.81,3.32,2,1770.0
6462,BMW,2015.0,2.0,France,3 Series,Suv,Diesel,102695.0,463083.0,223.0,1.7843656357077664,1.3747315255195196,3.436745645358588,8,538.0
6463,Tesla,2017.0,2.0,UK,Model X,Suv,Electric,70246.0,184875.0,30.0,1.84,1.44,4.92,6,2268.0
6464,Ford,2021.0,5.0,India,Mustang,Sedan,Petrol,52839.0,611311.0,117.0,0.98,7.29,6.42,1,262.0
6465,Toyota,2020.0,11.0,Canada,Land Cruiser,Suv,Petrol,55358.0,109356.0,42.0,1.36,1.78,4.08,9,506.0
6466,BMW,2017.0,5.0,Brazil,X3,Suv,Hybrid,116417.0,54137.0,195.0,1.2212505875501956,3.922757190513394,10.49223715129136,10,705.0
6467,Porsche,2022.0,5.0,Spain,Panamera Sport,Sedan,Petrol,69926.0,220183.0,15.0,1.8,1.63,3.59,5,162.0
6468,Audi,2023.0,10.0,Netherlands,A3,Sedan,Hybrid,112821.0,251590.0,36.0,1.91,2.09,3.24,2,303.0
6469,Tesla,2022.0,8.0,Australia,Model 3,Suv,Electric,122039.0,14126.0,31.0,1.6,3.13,4.51,1,2138.0
6470,Tesla,2020.0,1.0,Brazil,Model 3,Suv,Electric,127916.0,32856.0,29.0,1.16,3.19,10.43,1,1661.0
6471,Volkswagen,2022.0,6.0,Canada,Arteon,Sedan,Diesel,56184.0,334231.0,50.0,1.28,2.19,3.79,10,340.0
6472,Toyota,2015.0,9.0,France,Camry,Sedan,Electric,19978.0,107872.0,20.0,1.76,1.72,3.44,2,1607.0
6473,BMW,2015.0,2.0,India,7 Series,Sedan,Electric,37841.0,347594.0,152.0,0.987287652428851,7.032926346475914,6.332291725442105,4,517.0
6474,Volkswagen,2020.0,6.0,Brazil,Arteon,Sedan,Petrol,21397.0,503389.0,21.0,1.22,3.34,10.67,8,630.0
6475,Porsche,2017.0,4.0,UK,Macan EV,Suv,Electric,155835.0,310525.0,3.0,1.81,1.94,4.72,3,286.0
6476,Ford,2016.0,1.0,Italy,Expedition,Suv,Electric,28517.0,617874.0,106.0,1.77,0.72,3.65,10,1373.0
6477,BMW,2023.0,8.0,USA,7 Series,Sedan,Electric,99550.0,274126.0,163.0,0.9441284294133782,2.9866395785011752,4.424562477453672,5,596.0
6478,Mercedes-Benz,2017.0,10.0,China,EQS,Suv,Diesel,105683.0,580932.0,9.0,1.12,6.44,3.52,5,88.0
6479,Audi,2021.0,4.0,Italy,A3,Sedan,Diesel,67128.0,334126.0,55.0,1.94,0.53,3.56,3,146.0
6480,Ford,2023.0,11.0,USA,Edge,Suv,Electric,26760.0,235486.0,31.0,0.92,2.37,4.27,7,1534.0
6481,BMW,2024.0,2.0,Brazil,5 Series,Suv,Electric,102163.0,163768.0,146.0,1.2887231840335198,3.1510578917809005,10.45940088062556,2,556.0
6482,Ford,2020.0,3.0,Mexico,Edge,Suv,Hybrid,28644.0,496377.0,104.0,1.07,2.13,11.01,8,372.0
6483,Porsche,2018.0,6.0,Spain,Cayenne,Suv,Electric,105391.0,317883.0,16.0,1.68,1.45,3.33,1,457.0
6484,Toyota,2021.0,5.0,Italy,Land Cruiser,Suv,Electric,51848.0,675882.0,41.0,1.86,0.76,3.51,5,2233.0
6485,Toyota,2017.0,5.0,Netherlands,Prius,Suv,Hybrid,33651.0,49770.0,34.0,2.05,2.11,3.32,6,613.0
6486,Audi,2022.0,7.0,UK,A3,Sedan,Hybrid,79959.0,111312.0,29.0,1.85,1.49,5.25,4,439.0
6487,Tesla,2021.0,4.0,UK,Cybertruck,Suv,Electric,76510.0,282714.0,30.0,1.35,2.63,3.99,7,2420.0
6488,Mercedes-Benz,2023.0,10.0,France,S-Class,Sedan,Hybrid,33193.0,448119.0,48.0,1.7,1.26,3.25,7,679.0
6489,Porsche,2015.0,5.0,France,GTS,Sedan,Petrol,134141.0,194961.0,9.0,1.89,1.76,3.55,7,278.0
6490,Porsche,2021.0,2.0,Canada,Cayenne,Suv,Electric,135468.0,311880.0,14.0,1.25,2.45,4.14,10,99.0
6491,Ford,2022.0,8.0,Japan,Mustang Mach-E,Suv,Electric,52926.0,208428.0,55.0,1.43,1.68,0.15,4,3506.0
6492,Porsche,2016.0,5.0,Brazil,Taycan,Suv,Hybrid,165687.0,241117.0,7.0,1.16,3.75,10.51,10,376.0
6493,Volkswagen,2018.0,6.0,Brazil,Passat,Sedan,Hybrid,74003.0,156894.0,84.0,1.29,3.62,10.45,3,1938.0
6494,BMW,2015.0,3.0,Australia,X3,Suv,Diesel,96078.0,99476.0,266.0,1.556200899781743,2.7952904940479435,4.089430593833629,5,637.0
6495,Toyota,2015.0,5.0,China,bZ4X,Suv,Hybrid,60801.0,652837.0,35.0,1.15,5.94,3.41,7,872.0
6496,BMW,2015.0,12.0,Brazil,X5,Sedan,Electric,81546.0,287103.0,78.0,1.1561544724881712,3.1952429877980446,10.633471269156905,3,532.0
6497,Audi,2018.0,6.0,Italy,TT,Sedan,Diesel,40621.0,406521.0,15.0,1.89,0.98,3.47,6,380.0
6498,Volkswagen,2023.0,9.0,Mexico,T-Roc,Suv,Petrol,62076.0,228799.0,18.0,1.03,1.83,11.14,10,2059.0
6499,Volkswagen,2023.0,5.0,France,T-Roc,Suv,Diesel,37123.0,71513.0,65.0,1.8,1.76,3.26,5,941.0
6500,Ford,2016.0,12.0,India,Edge,Suv,Electric,48710.0,322793.0,77.0,0.95,7.04,6.59,4,932.0
6501,Ford,2022.0,4.0,Italy,Bronco,Suv,Petrol,29326.0,632045.0,72.0,1.89,0.92,3.51,5,436.0
6502,Ford,2020.0,10.0,Netherlands,Explorer,Suv,Petrol,30347.0,687549.0,91.0,1.91,1.78,3.5,2,3057.0
6503,Ford,2019.0,12.0,Canada,Mustang,Sedan,Hybrid,38483.0,709901.0,71.0,1.24,2.5,4.09,1,3209.0
6504,BMW,2021.0,3.0,Australia,5 Series,Suv,Petrol,75875.0,392016.0,254.0,1.5246006590247492,3.077199886734551,3.9762434433853686,3,694.0
6505,Audi,2015.0,5.0,UK,Q8,Suv,Hybrid,89631.0,466951.0,49.0,1.93,1.95,5.01,6,819.0
6506,Toyota,2015.0,7.0,USA,Land Cruiser,Suv,Hybrid,49380.0,370004.0,72.0,0.96,2.86,4.22,10,1134.0
6507,Toyota,2022.0,3.0,Netherlands,C-HR,Suv,Hybrid,56922.0,204656.0,39.0,2.02,1.84,3.74,2,2899.0
6508,Porsche,2016.0,11.0,Mexico,Macan EV,Suv,Hybrid,85161.0,109406.0,16.0,1.11,2.07,11.14,5,79.0
6509,Ford,2018.0,3.0,Germany,Ranger,Suv,Electric,47131.0,157114.0,51.0,1.86,1.81,3.21,7,117.0
6510,Ford,2018.0,5.0,Australia,Bronco,Suv,Electric,52468.0,652195.0,106.0,1.51,2.57,4.43,8,3991.0
6511,Toyota,2017.0,7.0,France,Prius,Suv,Hybrid,89790.0,120649.0,58.0,1.82,1.3,3.49,2,2382.0
6512,Ford,2020.0,10.0,UK,Escape,Suv,Electric,88529.0,271796.0,79.0,1.8,1.67,4.87,8,599.0
6513,BMW,2024.0,1.0,Canada,i7,Sedan,Petrol,80201.0,207699.0,77.0,1.2961013894515658,2.47985098889335,3.7237712952090143,9,525.0
6514,BMW,2015.0,1.0,China,X1,Suv,Hybrid,104876.0,229425.0,220.0,1.1522055805004057,6.279845395151144,3.264188383296175,7,675.0
6515,Volkswagen,2020.0,8.0,Australia,Taos,Suv,Petrol,65772.0,556261.0,41.0,1.66,2.71,4.12,2,332.0
6516,BMW,2016.0,9.0,Brazil,7 Series,Sedan,Hybrid,96269.0,102344.0,240.0,1.2939169255529115,3.54671027934328,10.310912673315316,5,588.0
6517,Volkswagen,2016.0,10.0,Spain,ID.3,Suv,Hybrid,43155.0,255610.0,71.0,1.77,1.18,3.62,1,1374.0
6518,Toyota,2024.0,1.0,USA,Corolla,Sedan,Electric,54965.0,465551.0,15.0,0.91,2.71,4.42,5,2102.0
6519,Audi,2016.0,11.0,France,Q8,Suv,Diesel,107879.0,305472.0,33.0,1.78,1.37,3.23,1,575.0
6520,Audi,2018.0,11.0,France,Q7,Suv,Electric,112471.0,140951.0,16.0,1.82,1.19,3.46,3,639.0
6521,Porsche,2018.0,1.0,Mexico,Cayenne,Suv,Hybrid,60677.0,364742.0,19.0,1.18,1.995,10.78,2,223.0
6522,Volkswagen,2015.0,11.0,Germany,Golf,Sedan,Hybrid,32405.0,210776.0,16.0,1.94,1.54,3.01,1,54.0
6523,Volkswagen,2024.0,9.0,India,ID.3,Suv,Diesel,35926.0,291446.0,26.0,1.14,7.44,6.72,6,1099.0
6524,Toyota,2018.0,2.0,UK,C-HR,Suv,Petrol,87750.0,469316.0,70.0,1.86,1.62,4.79,4,1893.0
6525,Porsche,2022.0,11.0,Japan,Macan,Suv,Petrol,184382.0,244539.0,8.0,1.42,1.57,-0.17,2,69.0
6526,Mercedes-Benz,2016.0,9.0,Spain,S-Class,Sedan,Petrol,67018.0,477333.0,53.0,1.68,1.17,3.42,3,216.0
6527,Volkswagen,2023.0,3.0,Australia,Polo,Sedan,Petrol,39025.0,242742.0,67.0,1.66,3.17,4.04,9,1558.0
6528,Volkswagen,2017.0,8.0,Germany,Polo,Sedan,Diesel,56629.0,488697.0,56.0,1.84,1.91,3.16,7,257.0
6531,Toyota,2024.0,1.0,Australia,RAV4,Suv,Hybrid,36682.0,600611.0,27.0,1.51,3.06,4.38,5,1269.0
6532,Ford,2016.0,12.0,France,Mustang Mach-E,Suv,Petrol,26827.0,698385.0,44.0,1.88,2.03,3.63,2,2647.0
6533,Tesla,2022.0,8.0,Brazil,Model S Plaid,Suv,Electric,87443.0,287091.0,2.0,1.22,3.07,10.73,5,751.0
6534,Ford,2016.0,7.0,UK,F-150 Lightning,Suv,Petrol,64598.0,67523.0,54.0,1.94,1.08,4.73,2,268.0
6535,Porsche,2023.0,5.0,Mexico,Cayenne Coupe,Suv,Electric,164789.0,135726.0,4.0,1.18,1.81,11.03,2,123.0
6536,Ford,2018.0,7.0,India,Explorer,Suv,Hybrid,41407.0,797502.0,57.0,1.06,7.37,6.22,10,1473.0
6537,Tesla,2021.0,4.0,USA,Model 3,Suv,Electric,90190.0,254438.0,30.0,0.99,2.5,4.2,6,316.0
6538,Ford,2020.0,9.0,UK,Expedition,Suv,Petrol,62869.0,501623.0,48.0,1.75,1.79,4.92,1,2702.0
6539,Porsche,2024.0,2.0,Italy,911,Sedan,Petrol,74810.0,386558.0,27.0,1.89,0.96,3.45,6,121.0
6540,Audi,2017.0,10.0,UK,e-tron,Suv,Hybrid,49556.0,249750.0,7.0,1.79,1.79,5.18,5,285.0
6541,Porsche,2017.0,11.0,UK,Macan,Suv,Hybrid,145571.0,174207.0,17.0,1.94,1.85,4.87,8,496.0
6542,Tesla,2019.0,3.0,China,Model S,Suv,Electric,66331.0,98580.0,16.0,1.07,5.58,3.69,7,2417.0
6543,Audi,2016.0,7.0,Canada,Q5,Suv,Electric,107259.0,548836.0,12.0,1.24,2.03,3.98,6,82.0
6544,Toyota,2020.0,2.0,USA,RAV4,Suv,Electric,74449.0,125318.0,92.0,0.93,2.03,4.78,7,1783.0
6545,Ford,2017.0,2.0,USA,Expedition,Suv,Petrol,52809.0,422277.0,101.0,0.98,2.55,4.32,1,1824.0
6546,BMW,2024.0,11.0,UK,5 Series,Suv,Petrol,65024.0,130730.0,207.0,1.8174006352862573,1.1697579050875406,5.011864369133611,7,626.0
6547,BMW,2018.0,1.0,Brazil,7 Series,Sedan,Hybrid,42211.0,453708.0,23.0,1.2240265195603073,3.890263783890916,10.473394051671429,10,121.0
6548,Ford,2018.0,10.0,Japan,Mustang Mach-E,Suv,Petrol,22249.0,177910.0,107.0,1.51,1.64,0.03,1,211.0
6549,Ford,2022.0,6.0,Spain,Mustang Mach-E,Suv,Hybrid,49445.0,682206.0,21.0,1.72,1.55,3.46,3,3745.0
6550,Ford,2024.0,5.0,Brazil,Expedition,Suv,Hybrid,89613.0,542973.0,101.0,1.2,3.29,10.23,6,1336.0
6551,Ford,2022.0,8.0,Japan,Mustang,Sedan,Hybrid,29452.0,131315.0,55.0,1.48,1.35,0.04,2,2583.0
6552,Porsche,2015.0,1.0,Italy,GTS,Sedan,Petrol,66616.0,157156.0,14.0,1.9,1.45,3.46,9,379.0
6553,BMW,2017.0,9.0,Australia,iX,Sedan,Diesel,55470.0,203857.0,344.0,1.6683657553516544,3.241120649290059,4.294683867907947,1,1012.0
6554,Mercedes-Benz,2016.0,2.0,India,GLS,Suv,Diesel,55306.0,139992.0,44.0,1.13,7.25,6.5,1,891.0
6555,Porsche,2023.0,2.0,USA,Panamera Sport,Sedan,Hybrid,78169.0,96439.0,18.0,1.02,2.83,4.78,9,473.0
6556,Audi,2016.0,5.0,Spain,A6,Sedan,Petrol,62080.0,372536.0,18.0,1.81,1.03,3.3,6,957.0
6557,Porsche,2022.0,12.0,UK,Cayenne Coupe,Suv,Hybrid,76940.0,164479.0,15.0,1.76,1.53,4.85,3,417.0
6558,BMW,2017.0,4.0,Australia,3 Series,Suv,Hybrid,35992.0,127994.0,296.0,1.5251100429525308,3.021296047654139,4.535608293967528,3,907.0
6559,Tesla,2020.0,7.0,UK,Model X Plaid,Suv,Electric,92293.0,10898.0,11.0,1.03,6.41,3.28,5,1264.0
6561,Porsche,2023.0,4.0,China,Taycan,Suv,Electric,118972.0,104710.0,16.0,1.08,6.34,3.6,4,44.0
6562,Ford,2018.0,10.0,Spain,Bronco,Suv,Petrol,84877.0,401858.0,101.0,1.74,0.84,3.56,4,2506.0
6563,Tesla,2024.0,9.0,Netherlands,Model S,Suv,Electric,74130.0,104758.0,5.0,2.07,1.83,3.79,7,589.0
6564,Audi,2023.0,12.0,Italy,A4,Sedan,Hybrid,59374.0,376930.0,44.0,1.84,1.01,3.69,10,903.0
6565,Porsche,2023.0,10.0,Mexico,Macan,Suv,Hybrid,179506.0,237785.0,7.0,1.16,2.42,10.9,7,385.0
6566,Ford,2017.0,5.0,Australia,Mustang,Sedan,Electric,28859.0,345870.0,99.0,1.57,3.43,4.04,9,1580.0
6567,Toyota,2019.0,9.0,Germany,Camry,Sedan,Petrol,85790.0,448612.0,75.0,1.88,1.89,2.79,8,883.0
6568,Tesla,2023.0,8.0,Germany,Model S,Suv,Electric,66762.0,88143.0,5.0,1.98,1.39,3.16,10,1504.0
6569,Tesla,2022.0,3.0,UK,Cybertruck,Suv,Electric,47551.0,292720.0,5.0,1.91,1.5350000000000001,3.72,5,1939.0
6570,Toyota,2020.0,1.0,Germany,RAV4,Suv,Electric,59279.0,64740.0,43.0,1.99,2.1,2.96,2,1718.0
6571,Ford,2018.0,3.0,Mexico,Expedition,Suv,Electric,60130.0,499243.0,12.0,1.16,1.81,11.22,5,1600.0
6572,Porsche,2019.0,4.0,Japan,Macan,Suv,Electric,131618.0,343207.0,3.0,1.4,1.07,0.39,1,146.0
6573,Mercedes-Benz,2016.0,7.0,Mexico,GLC,Suv,Hybrid,78382.0,409175.0,54.0,1.04,2.35,11.03,1,83.0
6574,Volkswagen,2015.0,5.0,Netherlands,T-Roc,Suv,Diesel,37693.0,51133.0,58.0,2.07,2.12,3.52,9,1633.0
6575,Mercedes-Benz,2019.0,2.0,Netherlands,GLE,Suv,Diesel,41284.0,551099.0,16.0,1.91,2.05,3.56,6,552.0
6576,Audi,2018.0,2.0,Australia,A6,Sedan,Hybrid,63663.0,103613.0,32.0,1.67,2.97,4.39,4,626.0
6577,Volkswagen,2016.0,2.0,Japan,T-Roc,Suv,Petrol,38598.0,232480.0,48.0,1.42,1.61,0.32,6,2638.0
6578,Porsche,2020.0,2.0,Brazil,718,Sedan,Hybrid,112260.0,90140.0,14.0,1.14,3.3,10.48,9,363.0
6579,Porsche,2024.0,1.0,Australia,Macan,Suv,Petrol,105401.0,378966.0,11.0,1.57,3.22,4.16,2,307.0
6580,Porsche,2020.0,4.0,Mexico,911,Sedan,Petrol,69831.0,221853.0,10.0,1.02,2.0,11.17,1,251.0
6581,Mercedes-Benz,2023.0,2.0,UK,CLA,Sedan,Petrol,121101.0,227120.0,63.0,1.89,1.45,3.23,8,380.0
6582,BMW,2020.0,9.0,France,X1,Suv,Hybrid,93866.0,306157.0,197.0,1.7586977646416244,1.672048643369301,3.5076006355738496,10,377.0
6584,Mercedes-Benz,2015.0,12.0,UK,E-Class,Sedan,Hybrid,68529.0,88585.0,50.0,1.79,1.24,4.89,2,1242.0
6585,Audi,2016.0,1.0,Germany,Q3,Suv,Electric,61872.0,284653.0,18.0,1.83,1.86,3.21,7,230.0
6586,Toyota,2022.0,12.0,Brazil,Yaris,Sedan,Petrol,38375.0,470467.0,68.0,1.16,3.29,10.54,2,266.0
6587,Toyota,2016.0,4.0,Mexico,Yaris,Sedan,Electric,25320.0,424433.0,71.0,1.1,2.14,11.0,9,2056.0
6588,Ford,2023.0,12.0,Mexico,Bronco,Suv,Hybrid,48141.0,553004.0,70.0,1.06,2.33,10.74,2,3280.0
6589,Porsche,2016.0,5.0,USA,Cayenne,Suv,Petrol,95051.0,377438.0,24.0,0.88,2.95,4.54,7,174.0
6591,BMW,2017.0,3.0,India,iX,Sedan,Petrol,113863.0,83477.0,205.0,1.0303557601308648,7.126234321421064,6.493338699075471,10,693.0
6592,Mercedes-Benz,2020.0,4.0,Germany,S-Class,Sedan,Electric,76251.0,442635.0,48.0,1.81,1.66,3.08,1,242.0
6593,Mercedes-Benz,2019.0,5.0,France,GLE,Suv,Diesel,125923.0,78048.0,39.0,1.75,1.81,3.31,4,233.0
6594,Mercedes-Benz,2024.0,5.0,Germany,C-Class,Sedan,Hybrid,92024.0,197498.0,60.0,1.98,1.87,3.12,1,1012.0
6595,Porsche,2023.0,11.0,Spain,Panamera,Sedan,Hybrid,77689.0,281389.0,19.0,1.83,1.8,3.41,1,103.0
6596,Tesla,2018.0,12.0,Italy,Semi,Suv,Electric,119041.0,233169.0,39.0,1.8,0.72,3.52,4,373.0
6598,Porsche,2021.0,7.0,France,Panamera,Sedan,Electric,169134.0,396782.0,9.0,1.85,1.23,3.77,1,458.0
6599,BMW,2020.0,10.0,China,X3,Suv,Electric,105474.0,104144.0,100.0,1.008390244686327,6.14390425354113,3.518181279949495,2,355.0
6600,Porsche,2024.0,8.0,Brazil,Cayenne Coupe,Suv,Hybrid,98305.0,288723.0,6.0,1.12,3.75,10.54,3,409.0
6601,BMW,2022.0,12.0,UK,X5,Sedan,Hybrid,83940.0,52637.0,17.0,1.7760172480261265,1.968877855285692,5.149791099045755,5,386.0
6602,Porsche,2023.0,10.0,Brazil,911,Sedan,Hybrid,174637.0,142352.0,10.0,1.25,3.77,10.55,5,90.0
6603,BMW,2016.0,9.0,UK,3 Series,Suv,Electric,95942.0,250003.0,297.0,1.836545827203941,1.56,5.000240687426121,2,892.0
6604,Toyota,2016.0,12.0,Germany,RAV4,Suv,Petrol,87884.0,499111.0,95.0,1.83,1.63,3.21,2,983.0
6605,Toyota,2020.0,1.0,Australia,C-HR,Suv,Hybrid,43500.0,668336.0,72.0,1.54,3.26,3.99,10,2277.0
6606,Mercedes-Benz,2016.0,8.0,Germany,A-Class,Sedan,Hybrid,82075.0,147438.0,44.0,1.88,1.75,2.91,2,1297.0
6607,Tesla,2015.0,9.0,UK,Model 3,Suv,Electric,79651.0,72812.0,4.0,1.83,1.17,4.82,9,396.0
6608,Toyota,2022.0,10.0,Mexico,Yaris,Sedan,Electric,48053.0,261486.0,41.0,1.07,1.66,10.8,6,319.0
6609,Tesla,2016.0,7.0,Spain,Model X Plaid,Suv,Electric,92599.0,148819.0,1.0,1.74,1.44,3.25,5,975.0
6610,Volkswagen,2018.0,6.0,Germany,T-Roc,Suv,Hybrid,74240.0,470132.0,27.0,1.96,2.22,3.17,5,690.0
6611,Mercedes-Benz,2016.0,5.0,USA,C-Class,Sedan,Hybrid,33554.0,411712.0,17.0,0.89,2.86,4.25,1,1159.0
6612,Tesla,2022.0,8.0,Italy,Model 3,Suv,Electric,68834.0,264315.0,34.0,1.77,1.4,3.29,7,471.0
6613,BMW,2016.0,4.0,China,i4,Suv,Petrol,41191.0,331321.0,383.0,1.194279018808328,5.6796831088702415,3.3425259949543267,5,1197.0
6614,Ford,2020.0,11.0,China,Mustang Mach-E,Suv,Electric,78421.0,504617.0,53.0,1.03,5.51,3.53,7,3933.0
6615,Mercedes-Benz,2022.0,7.0,Italy,E-Class,Sedan,Diesel,60871.0,147423.0,19.0,1.94,1.02,3.54,5,307.0
6616,BMW,2016.0,12.0,China,X5,Sedan,Diesel,92608.0,57837.0,170.0,1.0660430129742997,5.758620834888038,3.2988238120593776,3,622.0
6617,Ford,2019.0,6.0,India,Mustang,Sedan,Hybrid,49300.0,626238.0,111.0,0.96,7.05,6.25,10,3662.0
6618,Porsche,2022.0,10.0,France,Cayenne Coupe,Suv,Hybrid,70391.0,348874.0,19.0,1.89,1.41,3.37,9,86.0
6619,Ford,2022.0,5.0,UK,Explorer,Suv,Hybrid,52032.0,394870.0,46.0,1.79,1.62,4.93,8,1076.0
6620,Porsche,2023.0,2.0,Japan,911,Sedan,Petrol,113577.0,83301.0,2.0,1.43,1.29,-0.03,5,31.0
6621,Mercedes-Benz,2018.0,2.0,India,GLS,Suv,Petrol,100713.0,269494.0,14.0,0.96,7.08,6.77,4,529.0
6622,Tesla,2017.0,10.0,Netherlands,Semi,Suv,Electric,92456.0,152695.0,12.0,1.97,2.22,3.55,9,413.0
6624,Porsche,2017.0,12.0,Spain,Panamera Sport,Sedan,Hybrid,183099.0,270848.0,15.0,1.75,1.47,3.28,2,457.0
6625,Audi,2021.0,9.0,Japan,e-tron,Suv,Hybrid,114983.0,299031.0,15.0,1.51,0.74,0.14,10,210.0
6626,Volkswagen,2017.0,10.0,China,Passat,Sedan,Diesel,45946.0,355717.0,84.0,1.04,6.26,3.48,3,744.0
6627,Toyota,2023.0,5.0,Netherlands,C-HR,Suv,Electric,69049.0,672511.0,98.0,2.09,1.79,3.27,2,1932.0
6628,Toyota,2015.0,5.0,Spain,Corolla,Sedan,Petrol,34427.0,211185.0,43.0,1.82,1.05,3.23,5,946.0
6629,Mercedes-Benz,2022.0,11.0,Canada,GLC,Suv,Electric,82449.5,499672.0,59.0,1.37,2.63,4.19,8,40.0
6630,Volkswagen,2020.0,6.0,UK,Touareg,Suv,Diesel,20266.0,348336.0,83.0,1.78,1.61,5.0,3,264.0
6631,Toyota,2018.0,1.0,Australia,Camry,Sedan,Petrol,45871.0,52359.0,94.0,1.61,2.9,4.49,5,1021.0
6632,Audi,2022.0,3.0,Spain,Q7,Suv,Electric,114216.0,193795.0,56.0,1.78,1.16,3.65,1,233.0
6634,Audi,2015.0,5.0,USA,e-tron,Suv,Electric,67409.0,220739.0,34.0,1.03,2.505,4.78,7,942.0
6635,Tesla,2016.0,9.0,Italy,Model X Plaid,Suv,Electric,46167.0,40939.0,1.0,1.9,0.68,3.71,9,1070.0
6636,Toyota,2020.0,4.0,China,Yaris,Sedan,Electric,72056.0,601728.0,71.0,1.03,6.45,3.47,8,789.0
6637,BMW,2022.0,10.0,Germany,i7,Sedan,Hybrid,60279.0,55495.0,143.0,1.9,2.134144597000676,3.144285679172111,10,312.0
6638,BMW,2022.0,11.0,India,i4,Suv,Electric,55863.0,349340.0,295.0,0.969335289929344,6.700933688659056,6.521496610683849,7,1031.0
6639,Toyota,2015.0,12.0,India,bZ4X,Suv,Electric,70149.0,581459.0,22.0,0.99,7.42,6.55,2,2132.0
6640,Toyota,2024.0,10.0,China,Prius,Suv,Electric,32091.0,282821.0,11.0,1.07,6.28,3.24,9,2526.0
6641,Volkswagen,2021.0,11.0,Netherlands,Arteon,Sedan,Hybrid,48162.0,569258.0,43.0,2.06,2.14,3.47,9,589.0
6642,Ford,2020.0,8.0,Italy,Bronco,Suv,Hybrid,91071.0,592728.0,59.0,1.77,0.69,3.65,10,1505.0
6643,Volkswagen,2019.0,7.0,Italy,Taos,Suv,Diesel,79472.0,342243.0,89.0,1.78,0.62,3.68,4,2102.0
6644,Audi,2024.0,8.0,China,Q7,Suv,Hybrid,97956.0,145571.0,47.0,1.14,5.69,3.48,4,741.0
6646,Tesla,2016.0,6.0,Italy,Model X Plaid,Suv,Electric,52670.0,272795.0,7.0,1.85,1.21,3.69,10,1003.0
6647,Mercedes-Benz,2020.0,1.0,India,C-Class,Sedan,Petrol,121098.0,469706.0,40.0,1.08,7.39,6.55,1,857.0
6648,Volkswagen,2022.0,2.0,India,Arteon,Sedan,Diesel,70256.0,474831.0,67.0,1.02,7.25,6.58,5,2516.0
6649,Mercedes-Benz,2015.0,12.0,Spain,EQE,Suv,Diesel,107698.0,309657.0,47.0,1.81,0.94,3.78,7,961.0
6650,Volkswagen,2021.0,5.0,Spain,T-Roc,Suv,Diesel,66431.0,435066.0,36.0,1.7349999999999999,1.73,3.57,3,2104.0
6651,Porsche,2021.0,11.0,Japan,GTS,Sedan,Electric,111846.0,281719.0,15.0,1.45,1.44,0.18,7,262.0
6652,BMW,2023.0,10.0,Australia,iX,Sedan,Diesel,70333.0,399982.0,280.0,1.5823681828294538,3.0956387406078445,4.232945713130095,8,899.0
6653,Tesla,2016.0,6.0,Brazil,Model Y,Suv,Electric,104491.0,267354.0,9.0,1.22,3.62,10.69,2,295.0
6654,Porsche,2016.0,8.0,Brazil,Macan,Suv,Electric,170823.0,183062.0,29.0,1.23,3.29,10.34,8,191.0
6655,Mercedes-Benz,2020.0,2.0,India,E-Class,Sedan,Diesel,81928.0,396286.0,18.0,0.98,7.05,6.45,9,413.0
6656,Porsche,2019.0,10.0,Italy,Panamera,Sedan,Electric,123865.0,242048.0,19.0,1.79,0.53,3.45,5,36.0
6657,Porsche,2019.0,1.0,India,Macan EV,Suv,Hybrid,112399.0,315646.0,21.0,1.11,7.13,6.39,3,454.0
6658,Ford,2016.0,11.0,Brazil,F-150,Suv,Petrol,32110.0,138037.0,37.0,1.17,3.25,10.25,8,1681.0
6659,Ford,2022.0,4.0,Canada,Mustang Mach-E,Suv,Hybrid,64640.0,778001.0,15.0,1.36,2.31,4.16,8,1121.0
6660,Porsche,2024.0,9.0,UK,Taycan,Suv,Petrol,145705.0,100341.0,24.0,2.05,2.23,3.47,6,90.0
6661,Ford,2016.0,4.0,Italy,Explorer,Suv,Hybrid,73318.0,780026.0,19.0,1.84,0.99,3.45,6,1510.0
6663,Volkswagen,2021.0,8.0,Canada,ID.3,Suv,Petrol,71977.0,163247.0,13.0,1.32,2.53,4.05,5,729.0
6664,Ford,2017.0,4.0,Germany,Mustang Mach-E,Suv,Petrol,78295.0,517368.0,26.0,1.89,2.08,2.87,2,3736.0
6665,Porsche,2021.0,3.0,Japan,GTS,Sedan,Petrol,133751.0,379591.0,29.0,1.44,1.11,0.09,8,333.0
6666,Porsche,2017.0,6.0,Australia,Cayenne,Suv,Petrol,138106.0,196384.0,16.0,1.62,3.35,4.46,7,421.0
6667,Audi,2023.0,12.0,Spain,Q8,Suv,Hybrid,98930.0,382936.0,28.0,1.79,1.7,3.21,1,462.0
6668,Ford,2016.0,3.0,Netherlands,Edge,Suv,Petrol,79424.0,199628.0,59.0,1.94,2.43,3.21,4,3349.0
6669,Ford,2021.0,3.0,India,F-150 Lightning,Suv,Petrol,61417.0,573551.0,110.0,1.02,7.45,6.35,3,2668.0
6670,Porsche,2020.0,2.0,Spain,911,Sedan,Hybrid,192870.0,207680.0,14.0,1.65,1.37,3.54,10,140.0
6672,Volkswagen,2018.0,3.0,Spain,Golf,Sedan,Diesel,37161.0,242958.0,72.0,1.76,1.59,3.58,6,1238.0
6673,Volkswagen,2023.0,9.0,India,T-Roc,Suv,Electric,27685.0,555141.0,22.0,1.0489161276675256,6.81,6.34,6,2097.0
6674,Volkswagen,2019.0,8.0,Mexico,Arteon,Sedan,Petrol,41395.0,176735.0,26.0,1.0,1.68,11.19,4,151.0
6675,Toyota,2022.0,8.0,Mexico,Corolla,Sedan,Petrol,50556.0,315105.0,70.0,1.13,1.83,10.74,4,443.0
6676,Audi,2017.0,12.0,Brazil,RS6,Sedan,Hybrid,101921.0,253608.0,27.0,1.11,3.05,10.58,6,193.0
6677,Ford,2020.0,1.0,Canada,F-150,Suv,Electric,82462.0,659315.0,63.0,1.22,2.47,3.92,7,1510.0
6678,Tesla,2021.0,6.0,Germany,Model 3,Suv,Electric,77055.0,81738.0,25.0,1.88,1.37,3.2,6,358.0
6679,Toyota,2020.0,9.0,Italy,Supra,Sedan,Hybrid,64989.0,241738.0,31.0,1.855,0.72,3.49,5,1490.0
6680,Audi,2021.0,5.0,China,Q5,Suv,Electric,43859.0,428894.0,42.0,1.06,5.58,3.21,7,464.0
6681,Audi,2017.0,9.0,USA,A6,Sedan,Petrol,85343.0,215947.0,38.0,0.98,2.17,4.76,9,1003.0
6682,Mercedes-Benz,2016.0,1.0,India,GLE,Suv,Petrol,62959.0,415781.0,32.0,0.97,7.0,6.64,9,623.0
6684,BMW,2017.0,2.0,Australia,X3,Suv,Hybrid,51574.0,282931.0,129.0,1.6803523984270847,3.3408715794259227,3.973055809377395,4,591.0
6686,Toyota,2024.0,4.0,Netherlands,Corolla,Sedan,Petrol,69946.0,98083.0,66.0,2.04,2.49,3.43,10,1388.0
6688,Ford,2015.0,1.0,Mexico,Mustang Mach-E,Suv,Petrol,89567.0,431599.0,103.0,1.11,1.92,10.96,3,238.0
6689,Volkswagen,2024.0,7.0,Brazil,Taos,Suv,Petrol,48794.0,106604.0,27.0,1.2,3.87,10.68,7,1393.0
6690,BMW,2022.0,11.0,USA,7 Series,Sedan,Electric,43531.0,474622.0,124.0,1.0329149440462764,2.1636559428657045,4.298559478758596,8,516.0
6691,Tesla,2021.0,10.0,Germany,Cybertruck,Suv,Electric,122179.0,169891.0,18.0,1.99,2.01,3.04,4,37.0
6693,Ford,2018.0,2.0,UK,Ranger,Suv,Electric,53671.0,104414.0,14.0,1.79,1.66,5.17,5,3461.0
6694,BMW,2021.0,11.0,Australia,iX,Sedan,Petrol,47021.0,340886.0,78.0,1.6360998604149426,2.7207696127887604,3.9994286273695057,8,248.0
6695,Mercedes-Benz,2020.0,5.0,India,EQE,Suv,Diesel,52882.0,460677.0,8.0,1.02,6.7,6.72,1,1111.0
6696,BMW,2016.0,3.0,Germany,X7,Sedan,Diesel,77137.0,81625.0,185.0,1.9816901122667256,1.6456959935039197,2.808958630080856,1,540.0
6698,Ford,2024.0,9.0,UK,Escape,Suv,Petrol,23327.0,468355.0,67.0,1.87,1.69,5.04,8,228.0
6700,Ford,2016.0,6.0,Mexico,Ranger,Suv,Hybrid,53244.0,773979.0,40.0,1.16,2.32,10.86,5,3926.0
6701,Tesla,2023.0,7.0,Italy,Semi,Suv,Electric,64102.0,139245.0,9.0,1.86,1.02,3.41,6,154.0
6702,Porsche,2019.0,10.0,UK,911,Sedan,Petrol,172316.0,373172.0,4.0,1.76,1.1,3.8,9,160.0
6703,Audi,2015.0,7.0,Australia,A6,Sedan,Electric,52795.0,220251.0,32.0,1.59,2.59,4.36,1,49.0
6704,Ford,2015.0,10.0,France,Explorer,Suv,Petrol,73253.0,166267.0,115.0,1.84,1.75,3.6,4,3985.0
6705,Porsche,2019.0,12.0,Australia,Macan EV,Suv,Petrol,67211.0,262317.0,5.0,1.59,3.22,4.05,9,242.0
6706,Porsche,2015.0,5.0,Brazil,Macan,Suv,Petrol,67910.0,373240.0,8.0,1.21,3.53,10.79,2,500.0
6707,BMW,2021.0,6.0,Brazil,3 Series,Suv,Petrol,48851.0,379478.0,149.0,1.284879239075306,3.69742026724684,10.37840940442353,8,347.0
6708,Volkswagen,2019.0,5.0,Netherlands,T-Roc,Suv,Electric,36245.0,203686.0,54.0,2.09,1.96,3.23,9,573.0
6709,Mercedes-Benz,2018.0,2.0,UK,EQE,Suv,Hybrid,72443.0,266908.0,52.0,1.85,1.17,4.86,4,604.0
6710,Ford,2015.0,6.0,USA,Edge,Suv,Electric,34041.0,292503.0,70.0,1.02,2.31,4.77,2,2832.0
6711,Ford,2021.0,3.0,Mexico,F-150 Lightning,Suv,Petrol,94750.0,98623.0,33.0,1.07,1.8,11.19,9,3547.0
6712,Tesla,2024.0,10.0,UK,Cybertruck,Suv,Electric,65702.0,216947.0,14.0,1.69,3.49,4.13,9,1478.0
6713,Toyota,2023.0,1.0,USA,Camry,Sedan,Hybrid,52871.0,46714.0,72.0,0.97,2.63,4.56,7,1198.0
6714,Toyota,2023.0,6.0,Canada,RAV4,Suv,Hybrid,41504.0,313568.0,50.0,1.32,2.04,4.24,4,2552.0
6715,Audi,2020.0,4.0,Japan,Q3,Suv,Hybrid,56250.0,515859.0,33.0,1.59,1.3,-0.13,8,841.0
6716,Audi,2019.0,10.0,Australia,e-tron,Suv,Electric,99209.0,256761.0,5.0,1.64,3.36,4.53,3,86.0
6717,Mercedes-Benz,2022.0,3.0,USA,GLS,Suv,Petrol,75859.0,247228.0,49.0,1.02,2.76,4.4,4,1163.0
6718,Volkswagen,2017.0,2.0,China,Golf,Sedan,Diesel,41593.0,339761.0,27.0,1.0,5.96,3.65,7,876.0
6719,Audi,2015.0,6.0,Netherlands,TT,Sedan,Electric,109633.0,87112.0,14.0,2.01,2.47,3.68,1,98.0
6720,Volkswagen,2022.0,1.0,USA,Taos,Suv,Petrol,44791.0,410656.0,71.0,0.9,2.17,4.41,4,2761.0
6722,Mercedes-Benz,2015.0,9.0,France,S-Class,Sedan,Electric,55639.0,304820.0,36.0,1.82,1.55,3.67,1,997.0
6723,Toyota,2019.0,10.0,China,Yaris,Sedan,Electric,68022.0,418942.0,20.0,1.12,6.32,3.68,1,538.0
6724,Volkswagen,2023.0,12.0,UK,T-Roc,Suv,Hybrid,24228.0,440821.0,55.0,1.78,1.2,4.82,7,179.0
6725,Porsche,2024.0,11.0,Brazil,718,Sedan,Hybrid,119670.0,381632.0,21.0,1.28,3.78,10.69,4,286.0
6726,Volkswagen,2017.0,1.0,Australia,Taos,Suv,Hybrid,57474.0,266004.0,11.0,1.56,3.14,4.2,5,2053.0
6727,BMW,2018.0,2.0,Japan,X5,Sedan,Petrol,116384.0,220635.0,294.0,1.597200212764574,1.5127995672575023,0.3683491464303152,5,769.0
6728,BMW,2022.0,10.0,Germany,i7,Sedan,Petrol,85971.0,306139.0,334.0,1.894413389022,1.4906877206636666,2.721929800708857,8,1021.0
6730,BMW,2020.0,3.0,UK,i7,Sedan,Diesel,77422.0,363804.0,390.0,1.8799293297984736,1.2316717013834433,5.265639064481076,5,1135.0
6731,Tesla,2015.0,3.0,Canada,Model X Plaid,Suv,Electric,92352.0,256173.0,1.0,1.28,1.82,4.13,5,2177.0
6732,Ford,2015.0,9.0,Australia,Ranger,Suv,Electric,83262.0,161548.0,28.0,1.7,2.82,4.44,5,1719.0
6733,Ford,2015.0,4.0,UK,Ranger,Suv,Hybrid,31271.0,353701.0,57.0,1.95,1.24,5.12,5,2889.0
6734,Ford,2023.0,9.0,Australia,F-150,Suv,Electric,44979.0,534674.0,59.0,1.57,3.47,4.44,3,2287.0
6735,Tesla,2022.0,3.0,Australia,Cybertruck,Suv,Electric,71392.0,44151.0,18.0,1.61,3.46,4.17,4,1846.0
6736,Porsche,2019.0,10.0,Germany,Macan EV,Suv,Electric,175173.0,89476.0,26.0,1.86,2.02,2.94,4,125.0
6737,Toyota,2017.0,11.0,India,bZ4X,Suv,Electric,37797.0,190889.0,89.0,1.0276331412253992,7.06,6.5,2,1959.0
6738,BMW,2021.0,5.0,India,X3,Suv,Diesel,40515.0,275756.0,216.0,1.1020455719779374,6.754640654763763,6.608901633334358,6,530.0
6739,Ford,2016.0,3.0,Spain,F-150,Suv,Hybrid,29349.0,557363.0,44.0,1.72,1.52,3.77,8,1395.0
6740,Audi,2018.0,8.0,China,e-tron,Suv,Hybrid,83152.0,145814.0,40.0,1.09,5.93,3.72,1,920.0
6741,Volkswagen,2015.0,3.0,Australia,Passat,Sedan,Diesel,40982.0,437024.0,46.0,1.5,3.39,4.02,4,748.0
6742,Volkswagen,2016.0,7.0,Italy,Polo,Sedan,Petrol,20837.0,315847.0,41.0,1.91,1.49,3.44,9,800.0
6743,Ford,2019.0,11.0,Australia,F-150 Lightning,Suv,Hybrid,34351.0,620412.0,50.0,1.68,2.99,4.23,1,2763.0
6745,Audi,2023.0,9.0,Brazil,Q5,Suv,Diesel,62618.0,107280.0,43.0,1.21,3.27,10.59,3,397.0
6746,Audi,2019.0,7.0,USA,A6,Sedan,Petrol,108040.0,528049.0,54.0,0.96,2.23,4.38,3,328.0
6748,BMW,2023.0,2.0,UK,i7,Sedan,Electric,44265.0,490556.0,217.0,1.821076913737148,1.6159854502601791,4.812814840769249,2,835.0
6749,Volkswagen,2023.0,2.0,France,Tiguan,Suv,Electric,71414.0,412901.0,88.0,1.88,1.22,3.5,10,2326.0
6750,Audi,2021.0,8.0,Germany,Q8,Suv,Electric,81481.0,497204.0,13.0,1.82,2.13,2.71,9,515.0
6751,Audi,2018.0,9.0,Canada,A6,Sedan,Electric,101397.0,306326.0,40.0,1.36,2.68,4.21,1,274.0
6752,Volkswagen,2017.0,11.0,Mexico,Tiguan,Suv,Petrol,70423.0,280226.0,72.0,1.03,1.57,11.13,9,1164.0
6753,Toyota,2017.0,11.0,Germany,Highlander,Suv,Electric,84280.0,69039.0,76.0,1.86,2.14,3.24,9,186.0
6754,Ford,2021.0,6.0,Mexico,Explorer,Suv,Petrol,48615.0,675050.0,111.0,1.14,1.99,10.79,1,796.0
6755,Volkswagen,2021.0,11.0,Brazil,Touareg,Suv,Petrol,54146.0,147160.0,43.0,1.17,3.77,10.34,7,2154.0
6756,Audi,2016.0,8.0,USA,A4,Sedan,Petrol,97838.0,129326.0,39.0,0.96,2.34,4.6,1,400.0
6757,Porsche,2016.0,5.0,Australia,Macan,Suv,Petrol,94035.0,116907.0,8.0,1.61,2.55,4.48,1,240.0
6758,Toyota,2022.0,12.0,Spain,Camry,Sedan,Hybrid,65686.0,370706.0,69.0,1.76,0.82,3.23,5,2073.0
6759,Tesla,2015.0,5.0,Germany,Model Y,Suv,Electric,83889.0,192882.0,27.0,1.94,2.17,2.94,9,1828.0
6760,Toyota,2020.0,7.0,France,RAV4,Suv,Hybrid,47940.0,146908.0,26.0,1.7,1.72,3.71,3,278.0
6761,Ford,2016.0,7.0,Japan,Mustang,Sedan,Petrol,48078.0,288889.0,39.0,1.56,1.45,-0.04,7,1276.0
6762,Toyota,2024.0,4.0,Germany,Yaris,Sedan,Electric,79883.0,245363.0,10.0,1.91,1.39,2.76,8,740.0
6763,Ford,2015.0,5.0,Spain,F-150,Suv,Hybrid,83510.0,358838.0,45.0,1.7,1.5,3.54,9,2395.0
6764,Mercedes-Benz,2023.0,1.0,India,CLA,Sedan,Diesel,36984.0,247535.0,20.0,1.11,7.45,6.36,8,898.0
6765,Audi,2016.0,8.0,USA,A3,Sedan,Diesel,58864.0,293248.0,36.0,0.88,2.59,4.38,4,357.0
6766,Toyota,2015.0,8.0,Australia,bZ4X,Suv,Petrol,69167.0,464949.0,79.0,1.5,2.68,4.07,7,1110.0
6767,Mercedes-Benz,2019.0,6.0,UK,EQS,Suv,Hybrid,124667.0,428571.0,24.0,1.77,1.65,5.01,3,660.0
6768,Audi,2021.0,12.0,Italy,TT,Sedan,Petrol,54963.0,379694.0,10.0,1.89,1.28,3.31,1,1057.0
6769,Audi,2016.0,5.0,Italy,Q3,Suv,Hybrid,93271.0,253863.0,7.0,1.76,0.57,3.75,7,925.0
6770,Volkswagen,2019.0,10.0,USA,Tiguan,Suv,Hybrid,26396.0,539445.0,37.0,0.92,2.85,4.21,8,1763.0
6771,Audi,2017.0,4.0,Canada,e-tron,Suv,Hybrid,72073.0,231065.0,21.0,1.39,1.92,4.13,4,829.0
6772,Ford,2022.0,11.0,UK,Escape,Suv,Electric,90311.0,574248.0,73.0,1.76,1.67,5.24,9,1081.0
6773,Ford,2015.0,1.0,Spain,F-150,Suv,Hybrid,73997.0,372849.0,31.0,1.82,1.25,3.7,8,3451.0
6774,Toyota,2019.0,4.0,Netherlands,Yaris,Sedan,Hybrid,31909.0,669697.0,28.0,1.97,1.97,3.79,10,2434.0
6775,Volkswagen,2019.0,6.0,France,Taos,Suv,Electric,43626.0,353855.0,25.0,1.83,1.64,3.58,4,256.0
6776,Audi,2021.0,4.0,Australia,e-tron,Suv,Diesel,34186.0,545011.0,19.0,1.51,3.5,4.31,2,1109.0
6777,BMW,2018.0,8.0,Brazil,i4,Suv,Hybrid,44290.0,301071.0,300.0,1.2284063292308576,3.887086424265117,10.667925327514574,9,951.0
6778,Mercedes-Benz,2022.0,1.0,Canada,GLE,Suv,Hybrid,35153.0,224010.0,60.0,1.36,1.95,4.02,2,430.0
6779,Audi,2023.0,12.0,Netherlands,A3,Sedan,Electric,56285.0,251590.0,7.0,2.02,1.78,3.58,6,179.0
6780,Porsche,2022.0,3.0,Brazil,Macan EV,Suv,Hybrid,68945.0,383761.0,9.0,1.23,3.83,10.38,7,321.0
6781,Volkswagen,2018.0,8.0,Japan,Passat,Sedan,Electric,44137.0,420714.0,21.0,1.44,1.49,-0.15,3,2072.0
6782,Volkswagen,2019.0,5.0,Canada,Arteon,Sedan,Hybrid,55054.0,455904.0,60.0,1.36,1.99,4.1,6,1190.0
6783,Audi,2021.0,11.0,Germany,Q5,Suv,Electric,36197.0,299183.0,19.0,1.86,2.26,2.81,6,403.0
6784,Audi,2018.0,4.0,Mexico,TT,Sedan,Hybrid,76189.0,499853.0,57.0,1.19,2.47,11.17,8,908.0
6785,Ford,2020.0,3.0,Brazil,Edge,Suv,Electric,90682.0,167058.0,60.0,1.27,3.99,10.67,7,3932.0
6786,Toyota,2016.0,4.0,Germany,Land Cruiser,Suv,Electric,45525.0,313401.0,41.0,1.95,1.76,3.11,3,744.0
6787,Ford,2020.0,1.0,Japan,Expedition,Suv,Electric,77463.0,653080.0,110.0,1.51,1.56,0.24,5,1501.0
6788,Ford,2015.0,1.0,France,Bronco,Suv,Petrol,88518.0,83181.0,49.0,1.76,1.28,3.55,2,3656.0
6790,BMW,2017.0,2.0,France,X1,Suv,Hybrid,45400.0,274970.0,67.0,1.78355219585502,1.6052067735766382,3.780275969155502,7,286.0
6791,Audi,2016.0,6.0,Mexico,A3,Sedan,Diesel,82914.0,69737.0,31.0,1.16,2.05,10.86,7,968.0
6792,Ford,2021.0,12.0,USA,Escape,Suv,Hybrid,91634.0,140272.0,13.0,1.06,2.64,4.59,1,3502.0
6793,Tesla,2018.0,12.0,USA,Model S,Suv,Electric,55167.0,116498.0,25.0,0.99,2.08,4.71,8,1525.0
6794,Volkswagen,2017.0,4.0,China,Golf,Sedan,Electric,50209.0,560175.0,49.0,1.08,5.86,3.63,1,1425.0
6796,Porsche,2019.0,8.0,Spain,Cayenne,Suv,Electric,150318.0,108904.0,28.0,1.68,1.41,3.68,2,156.0
6797,BMW,2016.0,8.0,France,7 Series,Sedan,Electric,62052.0,145965.0,93.0,1.829926579809443,1.4253996981592678,3.647894843070816,4,518.0
6798,Porsche,2023.0,5.0,Netherlands,718,Sedan,Hybrid,80415.0,130341.0,24.0,2.09,2.16,3.38,3,415.0
6799,Toyota,2020.0,9.0,Germany,Camry,Sedan,Petrol,51584.0,483206.0,52.0,1.89,1.86,2.77,3,1161.0
6800,Porsche,2023.0,3.0,Spain,Macan,Suv,Electric,171561.0,319372.0,12.0,1.72,1.53,3.35,7,304.0
6801,Tesla,2015.0,8.0,Spain,Cybertruck,Suv,Electric,96527.0,170803.0,39.0,1.65,1.57,3.41,7,1970.0
6802,Toyota,2019.0,7.0,Japan,RAV4,Suv,Electric,81309.0,528616.0,51.0,1.6,1.14,-0.13,3,2953.0
6803,Tesla,2015.0,3.0,UK,Model S,Suv,Electric,80962.0,121960.0,14.0,1.9,1.9,4.71,7,849.0
6804,Porsche,2018.0,6.0,Spain,Cayenne Coupe,Suv,Hybrid,159621.0,147292.0,24.0,1.81,1.28,3.74,6,158.0
6805,Mercedes-Benz,2022.0,5.0,India,EQE,Suv,Hybrid,60192.0,279360.0,31.0,1.07,6.88,6.23,1,844.0
6806,Porsche,2023.0,10.0,Australia,718,Sedan,Hybrid,89935.0,250461.0,4.0,1.54,2.92,4.38,7,311.0
6807,Audi,2018.0,1.0,Canada,A3,Sedan,Electric,103768.0,513373.0,5.0,1.37,2.66,3.87,4,78.0
6808,Mercedes-Benz,2022.0,4.0,Mexico,GLS,Suv,Diesel,73660.0,150829.0,57.0,1.15,1.73,11.0,6,733.0
6809,Mercedes-Benz,2019.0,6.0,USA,S-Class,Sedan,Hybrid,34039.0,353898.0,63.0,0.97,2.36,4.41,6,492.0
6810,Volkswagen,2017.0,12.0,UK,T-Roc,Suv,Hybrid,42293.0,487013.0,77.0,1.81,1.28,5.0,5,238.0
6811,Toyota,2018.0,9.0,Germany,Supra,Sedan,Hybrid,57804.0,113181.0,71.0,1.86,2.21,3.22,2,2953.0
6812,Ford,2017.0,3.0,Canada,Expedition,Suv,Hybrid,49198.0,670085.0,32.0,1.39,2.16,4.07,10,2576.0
6813,Audi,2015.0,7.0,Italy,A6,Sedan,Hybrid,34026.0,179373.0,8.0,1.87,1.27,3.63,5,415.0
6814,Tesla,2024.0,10.0,Japan,Model X Plaid,Suv,Electric,49823.0,109536.0,5.0,1.57,0.88,0.27,5,1082.0
6815,Porsche,2019.0,5.0,India,718,Sedan,Electric,156462.0,98889.0,15.0,0.96,7.04,6.77,2,386.0
6816,Toyota,2018.0,1.0,Germany,C-HR,Suv,Petrol,57085.0,81876.0,72.0,1.88,2.04,3.15,6,232.0
6817,Porsche,2017.0,6.0,China,Taycan,Suv,Electric,80353.0,235326.0,28.0,1.19,5.9,3.59,3,245.0
6818,Mercedes-Benz,2015.0,3.0,China,C-Class,Sedan,Diesel,97371.0,483344.0,28.0,1.08,5.65,3.76,8,846.0
6819,Toyota,2022.0,7.0,USA,Land Cruiser,Suv,Electric,82841.0,554888.0,80.0,0.93,2.36,4.34,9,521.0
6820,Toyota,2017.0,11.0,Mexico,Highlander,Suv,Hybrid,69971.0,94328.0,43.0,1.03,2.02,11.09,6,235.0
6821,Toyota,2023.0,5.0,Canada,Corolla,Sedan,Electric,56184.0,181649.0,40.0,1.26,1.73,4.06,5,1951.0
6822,Porsche,2020.0,1.0,USA,Panamera,Sedan,Electric,166123.0,237584.0,11.0,0.98,2.94,4.75,3,174.0
6823,Mercedes-Benz,2019.0,4.0,Netherlands,GLE,Suv,Petrol,126773.0,577394.0,19.0,1.99,2.5,3.78,9,465.0
6824,Ford,2015.0,9.0,India,Edge,Suv,Petrol,22710.0,618086.0,85.0,1.0,7.19,6.52,8,2285.0
6825,Volkswagen,2017.0,4.0,Brazil,T-Roc,Suv,Hybrid,59932.0,327349.0,68.0,1.23,3.03,10.58,9,2062.0
6826,BMW,2021.0,12.0,UK,X5,Sedan,Electric,91344.0,143246.0,361.0,1.9243567133184405,1.2471032340101464,4.795726808067913,4,884.0
6827,Porsche,2019.0,1.0,USA,Macan,Suv,Petrol,96275.0,313064.0,22.0,0.99,2.31,4.76,7,485.0
6828,Mercedes-Benz,2021.0,7.0,Italy,GLC,Suv,Petrol,92311.0,426389.0,24.0,1.9,1.45,3.73,6,1105.0
6829,Audi,2022.0,6.0,Canada,Q3,Suv,Electric,95912.0,300954.0,45.0,1.27,1.74,4.29,2,305.0
6831,BMW,2015.0,12.0,China,X3,Suv,Diesel,58649.0,301063.0,343.0,1.0925359571339213,5.647452526706284,3.3969156521655868,4,1071.0
6832,Mercedes-Benz,2015.0,1.0,Brazil,EQE,Suv,Hybrid,127598.0,581516.0,17.0,1.24,3.2,10.33,2,1058.0
6833,Volkswagen,2020.0,8.0,Japan,Tiguan,Suv,Diesel,44224.0,388929.0,24.0,1.51,0.98,0.13,4,2796.0
6834,Volkswagen,2018.0,8.0,Canada,ID.3,Suv,Electric,20955.0,73422.0,82.0,1.28,2.0,3.95,4,1029.0
6835,Audi,2015.0,10.0,India,A6,Sedan,Electric,87406.0,233936.0,30.0,1.13,6.88,6.63,4,594.0
6836,Toyota,2018.0,4.0,Canada,Land Cruiser,Suv,Petrol,73448.0,127421.0,78.0,1.4,1.82,4.29,5,2465.0
6837,Porsche,2024.0,4.0,China,Panamera Sport,Sedan,Hybrid,85987.0,343229.0,23.0,1.1,5.59,3.55,1,486.0
6838,BMW,2017.0,7.0,Canada,iX,Sedan,Diesel,82766.0,123568.0,51.0,1.360014193739832,1.7991780995872162,3.940896589516773,10,106.0
6839,Tesla,2017.0,8.0,China,Model S Plaid,Suv,Electric,59804.0,196969.0,6.0,1.1,6.16,3.63,10,2155.0
6840,Mercedes-Benz,2020.0,7.0,Spain,A-Class,Sedan,Petrol,129450.0,185673.0,8.0,1.81,0.84,3.44,2,263.0
6842,BMW,2019.0,10.0,Brazil,X1,Suv,Electric,117542.0,330790.0,196.0,1.2889228438948046,3.6926259522261646,10.702869173788866,1,538.0
6843,Mercedes-Benz,2018.0,1.0,USA,C-Class,Sedan,Petrol,63055.0,106328.0,10.0,0.94,2.69,4.28,8,1201.0
6844,Porsche,2015.0,4.0,China,Macan EV,Suv,Electric,83479.0,222797.0,11.0,1.11,6.29,3.8,1,430.0
6846,Porsche,2022.0,8.0,Brazil,Panamera Sport,Sedan,Electric,107825.0,134000.0,27.0,1.21,3.44,10.74,1,138.0
6847,Mercedes-Benz,2016.0,11.0,Italy,GLC,Suv,Hybrid,69734.0,515298.0,43.0,1.93,1.37,3.74,1,852.0
6848,Audi,2023.0,9.0,Mexico,Q8,Suv,Petrol,63511.0,233397.0,25.0,1.12,1.82,11.0,1,955.0
6849,Tesla,2016.0,1.0,China,Model S,Suv,Electric,73129.0,126323.0,7.0,1.11,6.05,3.31,2,1444.0
6850,Ford,2022.0,10.0,France,Mustang,Sedan,Hybrid,55987.0,750362.0,74.0,1.78,1.12,3.6,10,2661.0
6851,Volkswagen,2019.0,8.0,Germany,Golf,Sedan,Petrol,39795.0,498289.0,89.0,1.91,1.65,3.13,3,2360.0
6852,Audi,2015.0,7.0,UK,A6,Sedan,Petrol,78787.0,549936.0,38.0,1.91,1.49,4.91,2,838.0
6853,Volkswagen,2018.0,1.0,Japan,Golf,Sedan,Electric,79371.0,365480.0,47.0,1.46,0.89,0.09,8,1971.0
6854,Toyota,2023.0,8.0,Canada,Corolla,Sedan,Hybrid,84112.0,697725.0,95.0,1.31,2.26,4.05,10,2201.0
6855,Porsche,2023.0,9.0,Spain,Panamera Sport,Sedan,Hybrid,145257.0,113053.0,25.0,1.78,1.27,3.58,7,432.0
6856,Porsche,2024.0,2.0,Japan,Cayenne,Suv,Electric,124831.0,154120.0,25.0,1.44,1.68,0.09,7,50.0
6857,Toyota,2017.0,10.0,France,Corolla,Sedan,Hybrid,60225.0,625615.0,57.0,1.74,1.91,3.25,9,2639.0
6858,Ford,2020.0,9.0,Netherlands,Explorer,Suv,Hybrid,79394.0,269988.0,46.0,1.96,2.0,3.25,8,693.0
6859,Volkswagen,2017.0,7.0,Spain,Tiguan,Suv,Petrol,55935.0,322654.0,52.0,1.69,0.89,3.44,3,1452.0
6860,Tesla,2024.0,2.0,Spain,Model Y,Suv,Electric,77737.0,116790.0,31.0,1.71,1.76,3.45,7,207.0
6861,Audi,2016.0,7.0,UK,Q7,Suv,Petrol,90275.0,397666.0,28.0,1.89,1.31,4.89,7,177.0
6862,Mercedes-Benz,2019.0,4.0,India,EQE,Suv,Hybrid,120044.0,396220.0,63.0,1.02,7.35,6.24,4,615.0
6863,Tesla,2015.0,1.0,Germany,Model S Plaid,Suv,Electric,121010.0,157844.0,26.0,1.83,1.45,3.14,3,2494.0
6864,Volkswagen,2019.0,10.0,Japan,Tiguan,Suv,Petrol,76208.0,165557.0,74.0,1.55,0.73,-0.0,6,44.0
6865,Audi,2023.0,4.0,China,Q7,Suv,Petrol,83532.0,534774.0,14.0,1.02,6.04,3.6,6,1142.0
6866,Porsche,2016.0,5.0,Netherlands,Macan,Suv,Electric,146568.0,240744.0,11.0,2.09,1.88,3.59,1,345.0
6867,Mercedes-Benz,2015.0,5.0,UK,S-Class,Sedan,Electric,116520.0,294976.0,14.0,1.93,1.51,5.09,8,903.0
6868,Tesla,2022.0,8.0,Netherlands,Model S,Suv,Electric,111378.0,71293.0,8.0,2.05,2.15,3.53,8,1802.0
6869,Audi,2022.0,8.0,Canada,Q7,Suv,Electric,90815.0,85912.0,5.0,1.3,2.43,3.81,2,217.0
6870,Tesla,2020.0,10.0,China,Model 3,Suv,Electric,98417.0,121912.0,21.0,1.09,5.55,3.38,3,1641.0
6871,Ford,2022.0,11.0,China,F-150 Lightning,Suv,Hybrid,68280.0,324574.0,40.0,1.01,6.25,3.49,10,3974.0
6872,Porsche,2021.0,5.0,Brazil,Macan,Suv,Electric,129579.0,141917.0,22.0,1.25,3.18,10.66,4,70.0
6873,Volkswagen,2017.0,5.0,USA,Taos,Suv,Electric,46927.0,453412.0,11.0,1.0,2.2,4.66,8,2196.0
6874,Audi,2019.0,8.0,Brazil,RS6,Sedan,Diesel,55302.0,305966.0,33.0,1.29,3.12,10.55,5,852.0
6875,Toyota,2015.0,9.0,UK,Highlander,Suv,Petrol,51184.0,70646.0,36.0,1.91,1.31,5.11,10,1781.0
6876,Mercedes-Benz,2016.0,12.0,China,S-Class,Sedan,Petrol,40116.0,418098.0,40.0,1.04,5.92,3.67,9,551.0
6877,Volkswagen,2020.0,3.0,Brazil,Golf,Sedan,Petrol,56577.0,141160.0,80.0,1.24,3.11,10.48,4,1626.0
6878,Mercedes-Benz,2019.0,4.0,Netherlands,E-Class,Sedan,Petrol,76560.0,371911.0,39.0,1.97,1.92,3.26,3,445.0
6879,Volkswagen,2016.0,12.0,Spain,Tiguan,Suv,Electric,70433.0,454936.0,29.0,1.71,1.24,3.58,7,2013.0
6880,Volkswagen,2017.0,6.0,Spain,Polo,Sedan,Diesel,25640.0,335657.0,49.0,1.7,1.13,3.76,3,1714.0
6881,Porsche,2021.0,11.0,USA,Cayenne,Suv,Electric,194125.0,395279.0,6.0,1.05,2.56,4.47,3,282.0
6882,Volkswagen,2022.0,5.0,Netherlands,T-Roc,Suv,Hybrid,33183.0,337154.0,58.0,2.04,1.74,3.52,4,592.0
6883,Porsche,2021.0,11.0,Brazil,Panamera Sport,Sedan,Hybrid,82267.0,276547.0,21.0,1.16,3.31,10.2,1,46.0
6884,Tesla,2024.0,8.0,France,Model S Plaid,Suv,Electric,49739.0,256858.0,35.0,1.75,1.72,3.36,3,687.0
6885,Mercedes-Benz,2022.0,4.0,USA,CLA,Sedan,Petrol,97926.0,509049.0,14.0,0.9,2.88,4.39,9,69.0
6887,Tesla,2018.0,7.0,France,Cybertruck,Suv,Electric,71160.0,123422.0,2.0,1.85,1.17,3.62,2,2286.0
6888,Mercedes-Benz,2018.0,3.0,UK,CLA,Sedan,Diesel,46955.0,64654.0,6.0,1.75,1.46,5.01,8,770.0
6889,Mercedes-Benz,2017.0,11.0,Germany,CLA,Sedan,Diesel,79840.0,337603.0,54.0,1.81,1.87,3.02,9,588.0
6890,Mercedes-Benz,2018.0,6.0,Canada,C-Class,Sedan,Hybrid,117736.0,471911.0,35.0,1.28,2.55,3.71,9,878.0
6891,Toyota,2021.0,11.0,Japan,Land Cruiser,Suv,Electric,32736.0,606859.0,37.0,1.59,0.98,0.36,4,2825.0
6892,Mercedes-Benz,2018.0,12.0,China,CLA,Sedan,Hybrid,51753.0,573402.0,29.0,1.09,5.55,3.22,2,617.0
6893,Volkswagen,2023.0,7.0,Germany,Passat,Sedan,Diesel,75621.0,276849.0,14.0,1.97,2.16,2.89,9,670.0
6895,Porsche,2018.0,1.0,Canada,Cayenne,Suv,Electric,65806.0,227352.0,14.0,1.29,2.44,3.87,2,275.0
6896,BMW,2022.0,5.0,Japan,5 Series,Suv,Petrol,62464.0,431032.0,67.0,1.5949586324293563,0.9284547413312988,0.3978003496340452,1,636.0
6897,Audi,2024.0,6.0,Italy,TT,Sedan,Petrol,74856.0,447458.0,27.0,1.87,1.49,3.46,5,571.0
6898,Ford,2015.0,4.0,China,Mustang,Sedan,Electric,89269.0,497777.0,106.0,1.15,5.73,3.39,6,392.0
6899,Toyota,2015.0,12.0,UK,Camry,Sedan,Electric,59261.0,99812.0,93.0,1.78,1.18,5.04,6,1895.0
6900,Porsche,2022.0,9.0,Italy,Macan,Suv,Electric,84210.0,329639.0,27.0,1.9,0.51,3.77,8,482.0
6901,Volkswagen,2024.0,3.0,Italy,ID.3,Suv,Electric,74199.0,64500.0,67.0,1.75,1.15,3.45,5,1839.0
6903,Audi,2023.0,9.0,France,Q5,Suv,Hybrid,70462.0,466371.0,9.0,1.76,1.41,3.66,2,189.0
6904,Mercedes-Benz,2024.0,7.0,USA,GLS,Suv,Diesel,115891.0,243602.0,57.0,0.91,2.78,4.71,3,132.0
6905,Volkswagen,2016.0,6.0,Brazil,ID.3,Suv,Diesel,52359.0,109714.0,80.0,1.14,3.78,10.54,6,2308.0
6906,Toyota,2024.0,12.0,Australia,bZ4X,Suv,Electric,47122.0,607330.0,91.0,1.53,3.33,4.19,8,2717.0
6907,Toyota,2016.0,10.0,UK,Prius,Suv,Petrol,69103.0,279466.0,17.0,1.92,0.84,3.33,5,2535.0
6908,Mercedes-Benz,2024.0,3.0,Mexico,EQE,Suv,Electric,115736.0,230130.0,36.0,1.03,1.85,11.23,8,641.0
6909,Audi,2018.0,4.0,Spain,A6,Sedan,Electric,71276.0,535791.0,24.0,1.8,1.0,3.27,4,457.0
6910,Toyota,2021.0,9.0,France,C-HR,Suv,Electric,51454.0,677379.0,36.0,1.89,1.31,3.54,8,708.0
6911,Toyota,2024.0,4.0,Brazil,Highlander,Suv,Hybrid,71123.0,265444.0,99.0,1.16,3.26,10.32,8,2553.0
6912,Mercedes-Benz,2015.0,9.0,Spain,A-Class,Sedan,Hybrid,69668.0,115590.0,48.0,1.71,1.51,3.35,3,664.0
6913,Porsche,2023.0,3.0,China,Panamera,Sedan,Hybrid,186629.0,133181.0,10.0,1.07,5.98,3.27,10,296.0
6914,Ford,2015.0,11.0,Canada,Ranger,Suv,Petrol,58531.0,772852.0,98.0,1.28,2.44,3.97,8,1714.0
6916,Ford,2017.0,5.0,Brazil,Mustang Mach-E,Suv,Electric,64320.0,762388.0,23.0,1.28,3.69,10.5,8,2039.0
6917,Tesla,2019.0,10.0,Mexico,Semi,Suv,Electric,55273.0,20407.0,17.0,1.17,2.37,11.08,9,2472.0
6918,Ford,2015.0,6.0,France,Mustang,Sedan,Electric,62030.0,77064.0,26.0,1.86,1.73,3.54,9,734.0
6919,Tesla,2018.0,5.0,Mexico,Model X,Suv,Electric,80712.0,266721.0,8.0,1.09,2.46,11.08,9,1434.0
6920,Porsche,2024.0,3.0,Japan,Panamera Sport,Sedan,Hybrid,125991.0,306867.0,23.0,1.4,1.56,0.07,2,106.0
6921,Mercedes-Benz,2019.0,10.0,Brazil,C-Class,Sedan,Diesel,112611.0,391852.0,54.0,1.16,3.12,10.21,5,652.0
6922,Volkswagen,2020.0,1.0,UK,Taos,Suv,Diesel,55158.0,127160.0,81.0,1.88,1.6749999999999998,4.88,3,2620.0
6923,Ford,2018.0,12.0,Canada,Explorer,Suv,Hybrid,54712.0,558435.0,22.0,1.2850000000000001,1.85,4.21,5,1894.0
6924,Toyota,2018.0,3.0,India,Highlander,Suv,Hybrid,39632.0,637084.0,18.0,1.1,6.88,6.73,1,2615.0
6925,BMW,2018.0,2.0,Japan,X7,Sedan,Electric,95758.0,310464.0,269.0,1.4531200085177411,0.7914868373977548,0.3264765175782282,7,725.0
6926,Volkswagen,2016.0,3.0,Mexico,Polo,Sedan,Petrol,62084.0,356838.0,41.0,1.13,2.1,10.83,6,1682.0
6927,BMW,2021.0,9.0,Brazil,X1,Suv,Electric,115409.0,163034.0,250.0,1.238723611494759,3.835825927910516,10.399314619869363,4,710.0
6928,Porsche,2024.0,11.0,Japan,GTS,Sedan,Electric,194189.0,170918.0,28.0,1.51,1.45,0.34,2,305.0
6929,Tesla,2023.0,10.0,USA,Cybertruck,Suv,Electric,78980.0,57163.0,30.0,0.92,2.54,4.62,1,441.0
6930,Porsche,2019.0,10.0,Australia,Taycan,Suv,Petrol,105611.0,261794.0,4.0,1.68,3.2,4.43,1,373.0
6931,Toyota,2015.0,9.0,USA,Highlander,Suv,Hybrid,39518.0,423070.0,34.0,0.96,2.21,4.58,8,1304.0
6932,BMW,2024.0,6.0,Japan,5 Series,Suv,Petrol,42354.0,231089.0,185.0,1.418241220609738,1.18,0.2737708856767323,4,989.0
6933,Tesla,2016.0,7.0,UK,Model S Plaid,Suv,Electric,109232.0,188422.0,15.0,1.88,1.63,5.23,1,503.0
6934,Toyota,2018.0,9.0,Canada,RAV4,Suv,Petrol,20596.0,96264.0,73.0,1.37,2.51,3.98,6,2220.0
6935,Ford,2019.0,4.0,Spain,Ranger,Suv,Electric,86925.0,459071.0,59.0,1.72,1.71,3.36,8,3579.0
6936,Ford,2019.0,8.0,Canada,F-150,Suv,Electric,71526.0,247393.0,45.0,1.33,2.49,4.22,3,1985.0
6937,BMW,2021.0,2.0,China,X7,Sedan,Petrol,106537.0,228446.0,326.0,1.094233579786563,6.210242798623312,3.388610067910249,2,928.0
6938,Porsche,2016.0,12.0,Italy,718,Sedan,Hybrid,111318.0,357120.0,11.0,1.83,1.05,3.23,4,81.0
6939,Porsche,2019.0,11.0,Spain,Cayenne,Suv,Electric,129262.0,251928.0,4.0,1.68,1.69,3.38,1,335.0
6940,Porsche,2020.0,12.0,Mexico,Panamera,Sedan,Electric,191051.0,319778.0,20.0,1.06,1.56,10.77,8,424.0
6941,Tesla,2024.0,6.0,Italy,Model S,Suv,Electric,81191.0,228107.0,16.0,1.91,0.96,3.77,4,402.0
6942,Audi,2015.0,9.0,France,A3,Sedan,Hybrid,71961.0,549476.0,41.0,1.86,1.34,3.62,6,207.0
6943,Ford,2020.0,5.0,Australia,F-150 Lightning,Suv,Petrol,76864.0,588949.0,39.0,1.7,3.34,4.44,8,753.0
6944,Toyota,2017.0,3.0,France,Prius,Suv,Hybrid,87192.0,140566.0,87.0,1.77,1.83,3.38,6,1291.0
6945,Porsche,2023.0,10.0,Brazil,Panamera,Sedan,Electric,124111.0,261109.0,18.0,1.13,3.08,10.65,7,352.0
6946,BMW,2017.0,7.0,India,X5,Sedan,Petrol,41772.0,61831.0,54.0,1.1401727124500822,6.99,6.363955716198926,5,351.0
6947,BMW,2019.0,9.0,Brazil,i7,Sedan,Petrol,52241.0,209484.0,198.0,1.265747501830386,3.388677289689482,10.362809419064336,5,544.0
6948,Mercedes-Benz,2015.0,3.0,Canada,CLA,Sedan,Hybrid,98133.0,401432.0,16.0,1.26,2.45,3.76,7,555.0
6949,Volkswagen,2018.0,1.0,Brazil,T-Roc,Suv,Petrol,76142.0,163762.0,46.0,1.12,3.64,10.48,3,2555.0
6950,Tesla,2021.0,7.0,UK,Model S,Suv,Electric,92169.0,272695.0,36.0,1.82,1.51,3.14,6,1964.0
6951,Audi,2018.0,12.0,Mexico,Q7,Suv,Electric,87303.0,325524.0,15.0,1.1,2.3,11.03,7,910.0
6952,Audi,2015.0,7.0,Australia,A4,Sedan,Electric,53102.0,183204.0,30.0,1.59,2.62,4.06,4,789.0
6953,Ford,2018.0,4.0,Japan,Expedition,Suv,Hybrid,85001.0,529641.0,60.0,1.52,1.49,-0.07,8,1730.0
6954,Ford,2018.0,9.0,Netherlands,Escape,Suv,Electric,34625.0,235953.0,23.0,1.92,2.48,3.49,10,727.0
6955,BMW,2024.0,4.0,Canada,7 Series,Sedan,Electric,39837.0,233500.0,48.0,1.2013904261062385,2.5180147659224934,4.216438349953806,6,429.0
6956,Audi,2023.0,1.0,Australia,Q3,Suv,Hybrid,41417.0,81441.0,36.0,1.64,2.87,4.36,8,863.0
6957,Porsche,2017.0,4.0,USA,Macan EV,Suv,Electric,103413.0,220687.0,7.0,0.98,2.88,4.56,8,305.0
6958,Audi,2016.0,10.0,India,Q5,Suv,Electric,97274.0,220337.0,48.0,1.06,7.2,6.38,10,745.0
6959,Audi,2023.0,3.0,Japan,A6,Sedan,Electric,105504.0,428808.0,36.0,1.59,1.58,0.07,1,30.0
6960,Toyota,2017.0,11.0,USA,bZ4X,Suv,Electric,59563.0,137187.0,32.0,0.9,2.11,4.8,4,1404.0
6962,BMW,2022.0,8.0,Brazil,X3,Suv,Hybrid,87664.0,265705.0,324.0,1.2616794696232922,3.948885537253333,10.779379219844737,2,827.0
6963,Tesla,2015.0,11.0,Italy,Model S Plaid,Suv,Electric,98537.0,230170.0,5.0,1.8,1.11,3.42,3,2476.0
6964,Mercedes-Benz,2020.0,12.0,India,EQS,Suv,Petrol,65141.0,424857.0,28.0,1.14,6.95,6.45,8,988.0
6965,Volkswagen,2019.0,7.0,UK,Taos,Suv,Electric,77097.0,415291.0,33.0,1.94,1.74,5.24,8,2674.0
6966,Porsche,2022.0,2.0,Italy,GTS,Sedan,Hybrid,115718.0,324784.0,10.0,1.76,1.02,3.48,5,366.0
6967,Mercedes-Benz,2017.0,4.0,China,A-Class,Sedan,Electric,70390.0,145450.0,46.0,1.04,6.16,3.37,5,155.0
6968,Audi,2016.0,1.0,Spain,Q3,Suv,Hybrid,98096.0,219663.0,36.0,1.8,1.75,3.65,9,603.0
6969,Ford,2022.0,2.0,China,Mustang Mach-E,Suv,Hybrid,82229.0,613041.0,58.0,1.16,5.95,3.38,6,437.0
6970,Audi,2016.0,2.0,India,TT,Sedan,Electric,106321.0,310154.5,50.0,0.98,7.14,6.75,3,443.0
6971,Volkswagen,2017.0,4.0,USA,T-Roc,Suv,Hybrid,60321.0,336698.0,34.0,1.0,2.4,4.42,2,2448.0
6972,Toyota,2015.0,1.0,Mexico,Camry,Sedan,Electric,43806.0,637661.0,61.0,1.11,1.62,11.01,5,690.0
6973,Porsche,2019.0,8.0,Germany,Panamera,Sedan,Hybrid,185668.0,350755.0,18.0,1.96,1.68,2.93,4,447.0
6974,Mercedes-Benz,2020.0,3.0,Brazil,GLC,Suv,Diesel,63051.0,194976.0,35.0,1.27,3.36,10.41,9,705.0
6975,Toyota,2018.0,10.0,France,Corolla,Sedan,Petrol,27464.0,566316.0,20.0,1.76,1.42,3.55,1,1253.0
6976,Audi,2022.0,9.0,China,e-tron,Suv,Petrol,92342.0,265408.0,53.0,1.16,5.77,3.24,10,215.0
6977,BMW,2015.0,11.0,China,iX,Sedan,Hybrid,87057.0,493942.0,362.0,1.1881569041006217,5.571158285173433,3.24140455556769,6,1196.0
6978,Audi,2018.0,10.0,Canada,A6,Sedan,Diesel,74915.0,77634.0,55.0,1.36,2.6,3.75,8,187.0
6979,Volkswagen,2016.0,1.0,Germany,Touareg,Suv,Diesel,71068.0,562456.0,84.0,1.91,1.43,3.11,5,702.0
6980,Audi,2017.0,9.0,Canada,TT,Sedan,Petrol,94503.0,414630.0,53.0,1.33,2.53,4.15,5,881.0
6981,Audi,2022.0,11.0,Australia,A4,Sedan,Petrol,111523.0,86583.0,45.0,1.57,2.54,4.4,1,383.0
6982,Porsche,2022.0,5.0,Canada,Macan,Suv,Petrol,175854.0,148103.0,13.0,1.26,2.2,4.25,3,266.0
6983,Ford,2015.0,5.0,Netherlands,Edge,Suv,Electric,63641.0,103488.0,82.0,1.99,1.88,3.37,10,640.0
6984,Porsche,2024.0,11.0,France,Panamera,Sedan,Hybrid,175986.0,217865.0,18.0,1.8,1.95,3.47,4,486.0
6985,Volkswagen,2022.0,1.0,Japan,Golf,Sedan,Diesel,59908.0,414570.0,28.0,1.44,1.5,0.12,5,326.0
6986,BMW,2021.0,4.0,Canada,iX,Sedan,Hybrid,72333.0,355007.0,287.0,1.3716683353598242,2.6180765521991507,3.868022397730294,6,644.0
6987,Toyota,2019.0,1.0,UK,Camry,Sedan,Electric,74254.0,587693.0,99.0,1.78,1.87,5.27,6,1314.0
6988,Mercedes-Benz,2019.0,7.0,France,GLC,Suv,Petrol,76388.0,581379.0,27.0,1.85,1.34,3.47,10,350.0
6989,Ford,2018.0,12.0,Australia,Ranger,Suv,Electric,23369.0,499850.0,45.0,1.52,3.1,4.37,1,3338.0
6990,Ford,2021.0,6.0,Brazil,Bronco,Suv,Hybrid,90924.0,521243.0,15.0,1.12,3.43,10.78,10,813.0
6991,Audi,2017.0,10.0,India,A6,Sedan,Petrol,75835.0,494920.0,24.0,1.14,6.94,6.65,4,1091.0
6992,Toyota,2023.0,6.0,India,Supra,Sedan,Hybrid,26491.0,80506.0,37.0,1.07,7.03,6.51,6,452.0
6993,BMW,2017.0,1.0,India,3 Series,Suv,Petrol,52272.0,411484.0,315.0,1.0276331412253992,7.311123769933471,6.581572824298237,9,1036.0
6994,Ford,2018.0,5.0,China,Explorer,Suv,Petrol,43733.0,459865.0,50.0,1.0,6.32,3.58,1,218.0
6995,Ford,2016.0,8.0,UK,Escape,Suv,Electric,93706.0,238593.0,21.0,1.3,1.84,4.2,5,1618.0
6996,Toyota,2020.0,12.0,Spain,Camry,Sedan,Electric,83781.0,141910.0,15.0,1.65,0.99,3.76,6,1472.0
6997,Ford,2021.0,5.0,Italy,Mustang Mach-E,Suv,Petrol,46292.0,565465.0,96.0,1.93,1.17,3.77,3,1635.0
6998,Volkswagen,2021.0,10.0,USA,Touareg,Suv,Diesel,69075.0,167838.0,48.0,0.96,2.76,4.2,10,2545.0
6999,Toyota,2017.0,7.0,Germany,Land Cruiser,Suv,Electric,55964.0,254905.0,31.0,1.9,1.75,3.25,5,1890.0
7000,Audi,2020.0,10.0,Australia,A4,Sedan,Diesel,109379.0,308596.0,43.0,1.65,2.82,4.14,1,354.0
7001,Mercedes-Benz,2024.0,4.0,Spain,EQE,Suv,Hybrid,51340.0,546490.0,45.0,1.67,0.9,3.56,3,830.0
7002,BMW,2022.0,7.0,Australia,5 Series,Suv,Hybrid,106289.0,61332.0,80.0,1.6466226044830563,3.122966583563483,4.328936132055512,7,432.0
7003,BMW,2023.0,10.0,Japan,X3,Suv,Diesel,59700.0,364853.0,211.0,1.4402624215644866,1.2693773611822827,0.1723962878947504,10,482.0
7004,Mercedes-Benz,2015.0,1.0,France,EQS,Suv,Petrol,127520.0,586825.0,8.0,1.73,1.75,3.59,3,1071.0
7005,Toyota,2015.0,7.0,Canada,Highlander,Suv,Electric,39022.0,647605.0,92.0,1.33,2.13,4.12,7,1206.0
7006,Ford,2018.0,1.0,UK,Bronco,Suv,Hybrid,76407.0,534081.0,119.0,1.84,1.4,4.82,6,3892.0
7007,Mercedes-Benz,2017.0,2.0,Netherlands,A-Class,Sedan,Hybrid,51265.0,224016.0,10.0,2.06,1.7,3.45,10,204.0
7008,BMW,2016.0,2.0,Australia,iX,Sedan,Hybrid,75860.0,187815.0,101.0,1.6616470420018443,2.848820533969479,4.016598859274789,2,330.0
7010,Mercedes-Benz,2019.0,12.0,Mexico,S-Class,Sedan,Electric,57938.0,318905.0,27.0,1.08,1.87,10.92,5,1189.0
7011,Mercedes-Benz,2017.0,1.0,Germany,GLC,Suv,Diesel,66206.0,475677.0,38.0,1.92,1.83,3.01,7,1150.0
7012,Toyota,2021.0,9.0,Mexico,Yaris,Sedan,Hybrid,38389.0,379463.5,48.0,1.1,2.31,10.77,4,69.0
7013,Audi,2015.0,2.0,Spain,A3,Sedan,Diesel,47264.0,81688.0,34.0,1.66,1.13,3.57,1,831.0
7014,Volkswagen,2024.0,5.0,Italy,T-Roc,Suv,Hybrid,45135.0,261706.0,53.0,1.8,1.08,3.21,10,297.0
7015,Mercedes-Benz,2018.0,10.0,China,C-Class,Sedan,Hybrid,102450.0,387955.0,10.0,1.15,5.56,3.56,7,886.0
7016,Ford,2022.0,9.0,India,Mustang,Sedan,Petrol,47838.0,678100.0,56.0,1.01,6.78,6.48,7,3420.0
7017,BMW,2018.0,2.0,China,i4,Suv,Petrol,35066.0,183501.0,273.0,1.1954348368442635,6.499413725770666,3.228927223316333,1,878.0
7018,Audi,2020.0,3.0,Netherlands,Q8,Suv,Electric,108603.0,157826.0,30.0,2.0,2.37,3.56,7,495.0
7019,Ford,2024.0,12.0,USA,Mustang,Sedan,Hybrid,67789.0,461113.0,68.0,1.04,2.06,4.43,4,3569.0
7020,Volkswagen,2024.0,9.0,USA,Arteon,Sedan,Petrol,53111.0,86673.0,58.0,0.98,2.97,4.74,4,1894.0
7021,Volkswagen,2019.0,4.0,Canada,Golf,Sedan,Hybrid,78121.0,322035.5,30.0,1.37,1.89,3.94,1,2273.0
7022,Volkswagen,2023.0,8.0,Spain,Golf,Sedan,Petrol,44590.0,261246.0,9.0,1.66,1.6,3.49,8,47.0
7023,Tesla,2022.0,7.0,UK,Cybertruck,Suv,Electric,110069.0,255665.0,30.0,0.89,2.76,4.23,4,213.0
7024,Audi,2015.0,2.0,Netherlands,Q7,Suv,Petrol,111642.0,307171.0,9.0,2.08,2.58,3.64,6,268.0
7025,Tesla,2022.0,6.0,Australia,Model 3,Suv,Electric,115061.0,100613.0,6.0,1.55,3.14,4.28,8,137.0
7026,Ford,2015.0,6.0,India,Bronco,Suv,Electric,84115.0,253863.0,71.0,1.07,6.82,6.21,1,1386.0
7027,BMW,2020.0,6.0,India,X5,Sedan,Diesel,103689.0,161825.0,11.0,0.990403133680498,7.483521472715222,6.284426916829255,10,92.0
7028,Tesla,2023.0,9.0,Spain,Model X,Suv,Electric,114513.0,292504.0,18.0,1.69,1.57,3.43,10,270.0
7029,Ford,2015.0,5.0,India,Explorer,Suv,Electric,43425.0,309070.0,44.0,1.06,6.86,6.5,5,3156.0
7030,Audi,2021.0,4.0,Canada,Q3,Suv,Petrol,78962.0,513050.0,5.0,1.3,2.03,3.81,8,855.0
7031,Audi,2017.0,1.0,Australia,A6,Sedan,Electric,98426.0,364136.0,29.0,1.6,2.83,4.53,5,275.0
7032,Ford,2015.0,5.0,Canada,Bronco,Suv,Petrol,92592.0,755406.0,20.0,1.23,2.52,3.8,1,2483.0
7033,Mercedes-Benz,2023.0,6.0,Spain,E-Class,Sedan,Diesel,102884.0,212185.0,16.0,1.68,1.355,3.66,7,70.0
7034,Ford,2024.0,12.0,France,Mustang,Sedan,Petrol,52841.0,422675.0,91.0,1.78,1.67,3.6,8,610.0
7035,Tesla,2018.0,5.0,Japan,Model X Plaid,Suv,Electric,55483.0,161148.0,17.0,1.58,1.05,-0.12,1,930.0
7036,Porsche,2018.0,7.0,Italy,718,Sedan,Hybrid,155630.0,199812.0,26.0,1.89,0.65,3.56,10,391.0
7037,Ford,2023.0,11.0,Spain,Mustang,Sedan,Electric,60058.0,239506.0,25.0,1.84,1.49,3.52,9,3578.0
7038,Ford,2016.0,11.0,Brazil,Mustang Mach-E,Suv,Petrol,69871.0,295250.0,15.0,1.16,3.42,10.7,5,369.0
7039,Volkswagen,2020.0,5.0,India,ID.3,Suv,Electric,48956.0,424984.0,17.0,1.02,7.4,6.38,8,324.0
7040,Porsche,2020.0,7.0,China,911,Sedan,Hybrid,125403.0,329215.0,8.0,1.06,6.46,3.31,8,201.0
7041,Tesla,2016.0,9.0,Mexico,Model X,Suv,Electric,53541.0,119326.0,5.0,1.13,2.26,11.16,1,518.0
7042,Toyota,2018.0,2.0,UK,Highlander,Suv,Electric,87651.0,618830.0,35.0,1.9,1.06,4.84,4,1546.0
7043,Mercedes-Benz,2019.0,9.0,Germany,EQS,Suv,Hybrid,63680.0,587078.0,20.0,1.91,1.33,2.94,7,603.0
7044,BMW,2024.0,6.0,UK,X3,Suv,Diesel,109797.0,118369.0,271.0,1.7890481205912985,1.274071589342191,5.184242542320022,3,720.0
7045,Tesla,2017.0,4.0,USA,Model Y,Suv,Electric,116134.0,189698.0,20.0,1.05,2.22,4.53,3,953.0
7046,Toyota,2022.0,6.0,UK,Corolla,Sedan,Electric,62660.0,605317.0,56.0,1.85,1.01,5.09,9,733.0
7047,Porsche,2019.0,5.0,Netherlands,GTS,Sedan,Hybrid,197191.0,391898.0,8.0,2.05,2.19,3.45,2,55.0
7048,Ford,2022.0,4.0,Canada,Edge,Suv,Hybrid,57265.0,227046.0,106.0,1.28,2.3,4.12,7,3072.0
7049,Ford,2022.0,2.0,Japan,Escape,Suv,Electric,74053.0,616644.0,109.0,1.59,1.45,0.28,6,2033.0
7050,Volkswagen,2023.0,2.0,Netherlands,Tiguan,Suv,Diesel,36876.0,291817.0,8.0,2.03,1.67,3.29,3,1690.0
7051,Toyota,2018.0,1.0,Spain,Yaris,Sedan,Petrol,49693.0,482313.0,51.0,1.77,0.98,3.61,7,2848.0
7052,Porsche,2015.0,2.0,USA,Panamera Sport,Sedan,Electric,150577.0,300482.0,19.0,0.9,2.26,4.36,5,492.0
7053,Toyota,2022.0,11.0,Mexico,Corolla,Sedan,Electric,49402.0,117594.0,47.0,1.07,2.12,11.14,4,2524.0
7054,Porsche,2021.0,10.0,India,Macan EV,Suv,Electric,105601.0,89706.0,23.0,1.04,6.83,6.68,10,258.0
7055,Audi,2024.0,12.0,UK,Q3,Suv,Hybrid,105669.0,335363.0,40.0,1.83,1.4849999999999999,3.47,8,418.0
7056,Ford,2020.0,1.0,USA,Bronco,Suv,Petrol,62612.0,238627.0,14.0,1.05,2.46,4.74,8,1558.0
7057,Tesla,2015.0,4.0,China,Model Y,Suv,Electric,97710.0,260347.0,9.0,1.12,5.6,3.53,5,1602.0
7058,Porsche,2023.0,2.0,UK,Macan EV,Suv,Electric,113272.0,293306.0,6.0,0.96,7.01,6.73,2,141.0
7060,Toyota,2017.0,4.0,Canada,Corolla,Sedan,Electric,33612.0,610790.0,87.0,1.33,1.78,4.02,2,2857.0
7061,Toyota,2018.0,3.0,UK,Camry,Sedan,Hybrid,30273.0,132639.0,66.0,1.88,1.44,4.92,2,967.0
7062,Mercedes-Benz,2016.0,4.0,China,S-Class,Sedan,Hybrid,111359.0,434154.0,38.0,1.13,5.91,3.28,5,915.0
7063,Ford,2015.0,1.0,Germany,Mustang,Sedan,Hybrid,69245.0,461113.0,105.0,1.93,1.49,2.84,6,1266.0
7064,Tesla,2016.0,2.0,USA,Model X,Suv,Electric,121283.0,10763.0,25.0,0.92,2.51,4.65,6,1048.0
7065,Porsche,2020.0,9.0,China,Panamera Sport,Sedan,Petrol,194262.0,342270.0,18.0,1.19,5.67,3.5,10,88.0
7066,Mercedes-Benz,2023.0,9.0,China,E-Class,Sedan,Diesel,121002.0,459769.0,37.0,1.13,5.85,3.51,1,697.0
7067,Mercedes-Benz,2020.0,1.0,Netherlands,A-Class,Sedan,Diesel,33807.0,294134.0,10.0,1.95,2.51,3.46,4,977.0
7068,BMW,2021.0,12.0,Brazil,X1,Suv,Hybrid,117839.0,175865.0,106.0,1.1564069145142613,3.735071043803886,10.682088558230909,8,626.0
7069,Mercedes-Benz,2023.0,5.0,China,EQS,Suv,Electric,57975.0,133257.0,20.0,1.17,6.44,3.57,10,512.0
7070,Ford,2019.0,8.0,Australia,Expedition,Suv,Petrol,52104.0,89654.0,12.0,1.64,3.46,4.14,1,244.0
7071,Volkswagen,2015.0,5.0,USA,Touareg,Suv,Diesel,26774.0,309067.0,77.0,1.04,2.35,4.72,6,1056.0
7072,Toyota,2019.0,5.0,India,Prius,Suv,Electric,57880.0,348863.5,98.0,1.09,6.78,6.62,7,2186.0
7073,BMW,2018.0,12.0,Germany,i7,Sedan,Electric,107902.0,497728.0,337.0,1.857481919293116,1.4992152748940533,3.234129001581705,3,719.0
7074,Audi,2019.0,1.0,Australia,A3,Sedan,Diesel,57467.0,105456.0,7.0,1.68,3.3,4.5,9,430.0
7075,Mercedes-Benz,2024.0,5.0,Spain,A-Class,Sedan,Diesel,123975.0,352873.0,51.0,1.65,1.185,3.5,6,134.0
7076,Tesla,2015.0,3.0,India,Model X,Suv,Electric,123517.0,146621.0,39.0,1.12,7.21,6.59,4,417.0
7077,Toyota,2020.0,6.0,Netherlands,C-HR,Suv,Petrol,54804.0,644063.0,14.0,1.92,1.67,3.28,5,2442.0
7078,Tesla,2017.0,11.0,UK,Model S,Suv,Electric,52615.0,81968.0,37.0,1.77,1.7,5.28,5,486.0
7079,Porsche,2015.0,7.0,Italy,Cayenne,Suv,Hybrid,142001.0,147179.0,3.0,1.84,1.37,3.79,10,443.0
7080,Porsche,2020.0,12.0,France,Panamera,Sedan,Electric,121713.0,175907.0,10.0,1.86,1.64,3.65,9,390.0
7081,Toyota,2017.0,12.0,China,RAV4,Suv,Petrol,35953.0,67671.0,28.0,1.08,6.035,3.64,10,641.0
7082,Tesla,2022.0,4.0,Spain,Model 3,Suv,Electric,88896.0,237051.0,33.0,1.8,1.1,3.69,10,1676.0
7083,Ford,2018.0,8.0,Canada,Ranger,Suv,Hybrid,69005.0,727775.0,92.0,1.34,2.3,3.83,3,1422.0
7084,Audi,2019.0,12.0,Japan,A4,Sedan,Diesel,114587.0,67629.0,52.0,1.55,1.06,-0.1,2,22.0
7085,Porsche,2024.0,8.0,UK,Cayenne,Suv,Hybrid,78169.0,277236.0,21.0,1.9,1.32,5.23,6,330.0
7086,Porsche,2021.0,9.0,Australia,Panamera Sport,Sedan,Petrol,182290.0,346764.0,26.0,1.7,2.74,3.97,3,69.0
7087,Volkswagen,2022.0,1.0,Italy,Touareg,Suv,Petrol,25007.0,348336.0,80.0,1.92,0.66,3.74,7,1392.0
7088,Ford,2017.0,1.0,India,Explorer,Suv,Petrol,53554.0,773974.0,17.0,0.96,6.7,6.45,9,725.0
7089,Ford,2016.0,11.0,Mexico,Explorer,Suv,Petrol,60728.0,522479.0,43.0,1.13,1.82,10.74,5,3193.0
7090,Mercedes-Benz,2016.0,3.0,Netherlands,GLE,Suv,Electric,100128.0,135593.0,29.0,2.1,2.0,3.51,1,722.0
7091,Toyota,2019.0,7.0,Australia,Prius,Suv,Petrol,54373.0,431317.0,78.0,1.69,3.04,4.42,1,1841.0
7092,Volkswagen,2019.0,2.0,France,Polo,Sedan,Diesel,31126.0,83327.0,29.0,1.8,1.41,3.7,7,1179.0
7093,Ford,2020.0,11.0,Australia,Edge,Suv,Petrol,59038.5,335226.0,14.0,1.51,2.55,4.06,5,2554.0
7094,Ford,2018.0,8.0,Spain,Mustang Mach-E,Suv,Hybrid,23882.0,609469.0,110.0,1.75,1.42,3.23,5,2374.0
7095,Volkswagen,2016.0,2.0,Italy,Passat,Sedan,Petrol,42651.0,305798.0,29.0,1.9,1.28,3.35,4,1669.0
7096,Mercedes-Benz,2021.0,9.0,Spain,GLE,Suv,Diesel,43921.0,280200.0,58.0,1.78,1.76,3.61,10,80.0
7097,Audi,2022.0,2.0,Germany,Q5,Suv,Hybrid,112862.0,336768.5,7.0,1.86,1.87,2.97,5,903.0
7098,Audi,2016.0,1.0,USA,Q7,Suv,Hybrid,41767.0,142049.0,45.0,0.95,2.01,4.6,8,625.0
7099,BMW,2015.0,3.0,France,i4,Suv,Petrol,104453.0,192226.0,44.0,1.7693906403792456,2.019855616412761,3.407807596619577,6,265.0
7100,Mercedes-Benz,2016.0,12.0,Brazil,GLC,Suv,Petrol,49654.0,330060.0,34.0,1.12,3.63,10.52,1,1134.0
7101,Mercedes-Benz,2016.0,12.0,Japan,EQE,Suv,Electric,68912.0,465690.0,58.0,1.48,0.88,0.37,2,1103.0
7102,Porsche,2023.0,10.0,Spain,Panamera,Sedan,Electric,77640.0,193452.0,28.0,1.73,1.39,3.54,6,364.0
7103,Mercedes-Benz,2024.0,6.0,China,A-Class,Sedan,Hybrid,91552.0,101568.0,9.0,1.12,5.8,3.26,10,1237.0
7104,Tesla,2015.0,6.0,Italy,Model S Plaid,Suv,Electric,109365.0,219626.0,30.0,1.87,1.49,3.66,6,1094.0
7105,Volkswagen,2020.0,3.0,India,Touareg,Suv,Diesel,59871.0,235503.0,59.0,1.14,6.79,6.39,9,732.0
7106,Tesla,2016.0,8.0,USA,Model 3,Suv,Electric,122073.0,212355.0,9.0,0.99,2.03,4.57,8,810.0
7107,Toyota,2020.0,8.0,USA,bZ4X,Suv,Petrol,50535.0,45981.0,81.0,0.97,2.01,4.68,3,890.0
7108,Audi,2022.0,9.0,Brazil,A3,Sedan,Diesel,110619.0,527306.0,57.0,1.17,3.19,10.33,1,972.0
7109,Toyota,2017.0,7.0,France,Corolla,Sedan,Petrol,49085.0,417931.0,26.0,1.77,1.32,3.24,1,806.0
7110,Mercedes-Benz,2023.0,5.0,Brazil,A-Class,Sedan,Petrol,116228.0,598719.0,19.0,1.1,3.41,10.28,2,71.0
7111,Porsche,2018.0,1.0,Australia,GTS,Sedan,Electric,130402.0,162448.0,28.0,1.6,2.77,4.49,2,35.0
7112,Volkswagen,2017.0,3.0,Australia,Golf,Sedan,Electric,38363.0,352361.0,46.0,1.6,3.31,4.19,4,2797.0
7113,Volkswagen,2015.0,5.0,UK,Arteon,Sedan,Diesel,78654.0,285379.0,51.0,1.83,1.95,5.05,6,73.0
7114,BMW,2020.0,6.0,Canada,7 Series,Sedan,Diesel,73417.0,358474.0,89.0,1.2829248247454048,2.661070317469455,3.789197636651868,10,447.0
7115,Mercedes-Benz,2022.0,9.0,Canada,GLC,Suv,Petrol,129726.0,361892.0,24.0,1.21,2.05,3.92,2,301.0
7116,Mercedes-Benz,2021.0,7.0,Japan,E-Class,Sedan,Hybrid,64643.0,468343.0,28.0,1.45,1.14,0.25,8,798.0
7117,Porsche,2024.0,6.0,Spain,Cayenne Coupe,Suv,Electric,187672.0,299091.0,21.0,1.8,1.77,3.7,1,473.0
7118,BMW,2024.0,11.0,Japan,X5,Sedan,Hybrid,47379.0,103997.0,15.0,1.5946156325944665,1.2225101810855885,-0.1672193479994166,2,59.0
7119,Audi,2022.0,7.0,Germany,Q3,Suv,Electric,94951.0,214021.0,9.0,1.81,1.39,3.05,5,102.0
7120,Toyota,2016.0,5.0,France,Yaris,Sedan,Electric,74311.0,498490.0,98.0,1.8,1.53,3.37,5,1555.0
7121,Mercedes-Benz,2017.0,5.0,India,E-Class,Sedan,Diesel,37979.0,265281.0,25.0,0.99,7.24,6.23,2,938.0
7122,Mercedes-Benz,2016.0,9.0,Canada,E-Class,Sedan,Hybrid,106702.0,242964.0,62.0,1.21,2.3,4.23,3,964.0
7123,BMW,2023.0,11.0,China,i4,Suv,Petrol,49559.0,333539.0,217.0,1.1456981354323228,5.96053949727414,3.705199131734037,10,668.0
7124,Volkswagen,2018.0,10.0,Mexico,Tiguan,Suv,Diesel,26851.0,87913.0,10.0,1.12,2.44,10.76,10,361.0
7125,Mercedes-Benz,2021.0,10.0,Mexico,S-Class,Sedan,Petrol,69646.0,231009.0,45.0,1.04,2.08,10.74,8,390.0
7126,Mercedes-Benz,2016.0,7.0,India,GLC,Suv,Petrol,112682.0,251194.0,32.0,1.08,7.18,6.61,6,707.0
7127,Audi,2016.0,5.0,Germany,Q7,Suv,Petrol,53589.0,521242.0,31.0,1.93,1.67,2.76,3,1000.0
7129,Mercedes-Benz,2015.0,6.0,Italy,GLE,Suv,Petrol,79928.0,324842.0,12.0,1.93,0.75,3.74,7,1047.0
7130,Mercedes-Benz,2019.0,11.0,USA,EQS,Suv,Petrol,98487.0,285422.0,48.0,1.04,2.07,4.32,10,687.0
7131,Audi,2019.0,1.0,Brazil,RS6,Sedan,Electric,56562.0,294061.0,15.0,1.24,3.55,10.56,8,179.0
7132,Audi,2023.0,2.0,India,Q3,Suv,Petrol,45739.0,254352.0,30.0,1.14,7.26,6.49,10,491.0
7133,Volkswagen,2017.0,8.0,France,Polo,Sedan,Hybrid,58348.0,495291.0,36.0,1.72,2.01,3.64,8,616.0
7134,Porsche,2015.0,11.0,Brazil,911,Sedan,Petrol,151264.0,241854.0,9.0,1.16,3.66,10.71,1,429.0
7135,Ford,2020.0,4.0,Mexico,Expedition,Suv,Electric,40269.0,118298.0,59.0,1.07,2.07,11.01,2,3425.0
7136,Porsche,2017.0,9.0,Spain,Cayenne,Suv,Hybrid,98128.0,219496.0,28.0,1.69,1.59,3.29,3,151.0
7137,Audi,2023.0,5.0,Italy,Q5,Suv,Hybrid,40176.0,332525.0,10.0,1.88,0.67,3.24,4,268.0
7138,Audi,2021.0,10.0,Mexico,RS6,Sedan,Electric,73928.0,477942.0,44.0,1.05,2.46,10.86,10,938.0
7139,Mercedes-Benz,2021.0,8.0,UK,A-Class,Sedan,Petrol,45734.0,227233.0,17.0,1.76,1.86,3.61,1,1183.0
7140,Porsche,2018.0,4.0,UK,Macan EV,Suv,Petrol,79408.0,155802.0,27.0,1.83,1.66,5.08,4,24.0
7141,Volkswagen,2016.0,9.0,Italy,Touareg,Suv,Hybrid,23554.0,473693.0,77.0,1.94,0.74,3.42,10,2776.0
7142,BMW,2021.0,2.0,France,7 Series,Sedan,Hybrid,111106.0,108560.0,98.0,1.899339370770596,1.162291798130063,3.505653276889874,4,381.0
7143,Audi,2021.0,4.0,China,TT,Sedan,Electric,36526.0,471893.0,39.0,1.0,5.52,3.56,6,495.0
7144,Porsche,2020.0,7.0,Italy,GTS,Sedan,Electric,179759.0,326123.0,16.0,1.86,1.48,3.44,7,333.0
7145,Porsche,2015.0,10.0,India,Cayenne Coupe,Suv,Petrol,152201.0,254523.0,29.0,1.0,7.18,6.36,5,445.0
7146,Ford,2018.0,11.0,UK,Bronco,Suv,Petrol,83402.0,730399.0,41.0,1.79,1.31,4.88,8,3149.0
7147,Volkswagen,2024.0,2.0,Italy,T-Roc,Suv,Petrol,53380.0,404720.0,70.0,1.91,1.3,3.76,9,2632.0
7148,Ford,2021.0,11.0,India,Expedition,Suv,Petrol,83467.0,111992.0,82.0,1.04,7.1,6.51,3,1938.0
7150,Ford,2023.0,8.0,France,F-150,Suv,Electric,42986.0,666848.0,57.0,1.8,2.05,3.21,9,1518.0
7151,Tesla,2019.0,1.0,Netherlands,Cybertruck,Suv,Electric,97637.0,256302.0,38.0,2.08,1.8,3.79,9,1924.0
7152,Porsche,2023.0,11.0,Netherlands,Macan,Suv,Petrol,143634.0,332123.0,28.0,2.09,2.0199999999999996,3.6,2,181.0
7154,Mercedes-Benz,2022.0,12.0,Spain,EQE,Suv,Diesel,98253.0,269050.0,20.0,1.8,1.15,3.65,10,232.0
7155,Audi,2020.0,3.0,Canada,RS6,Sedan,Petrol,103566.0,248305.0,32.0,1.24,2.67,3.86,10,1099.0
7156,BMW,2019.0,11.0,China,X3,Suv,Hybrid,87151.0,161776.0,297.0,1.0226476091681511,6.425568512906777,3.47050362284248,10,1001.0
7157,BMW,2016.0,10.0,Australia,X1,Suv,Petrol,87091.0,313551.0,360.0,1.6983619902698728,2.746678864521623,4.385877029067803,8,829.0
7159,Audi,2022.0,10.0,Germany,A3,Sedan,Hybrid,106601.0,443060.0,46.0,1.82,2.29,3.05,1,1113.0
7160,Toyota,2017.0,10.0,Brazil,RAV4,Suv,Hybrid,55602.0,651993.0,15.0,1.19,3.6,10.41,9,384.0
7161,Porsche,2022.0,1.0,India,Cayenne Coupe,Suv,Hybrid,150556.0,255218.0,15.0,1.1,6.84,6.25,5,498.0
7162,Ford,2021.0,11.0,Mexico,Ranger,Suv,Petrol,44302.0,621187.0,63.0,1.05,2.44,11.28,10,3401.0
7163,Volkswagen,2019.0,6.0,USA,Touareg,Suv,Petrol,56962.0,173183.0,19.0,1.06,2.63,4.24,7,2465.0
7164,Toyota,2022.0,12.0,Brazil,bZ4X,Suv,Electric,85517.0,470329.0,24.0,1.17,3.54,10.72,3,1760.0
7165,Toyota,2017.0,11.0,Canada,Yaris,Sedan,Electric,88458.0,554023.0,11.0,1.36,1.79,4.24,5,1653.0
7166,Ford,2020.0,9.0,Italy,Bronco,Suv,Petrol,86320.0,397384.0,41.0,1.85,1.2,3.54,8,1316.0
7168,Tesla,2019.0,10.0,Italy,Model 3,Suv,Electric,118219.0,142301.0,15.0,1.89,0.73,3.33,5,2458.0
7169,Mercedes-Benz,2023.0,11.0,Italy,C-Class,Sedan,Electric,125695.0,75460.0,16.0,1.85,0.91,3.34,1,330.0
7170,Ford,2023.0,11.0,Germany,Explorer,Suv,Petrol,47176.0,559557.0,111.0,1.99,1.31,2.86,8,2357.0
7171,Volkswagen,2023.0,1.0,Italy,Polo,Sedan,Electric,66508.0,539303.0,70.0,1.9,0.97,3.69,9,1592.0
7172,Mercedes-Benz,2020.0,8.0,China,EQE,Suv,Petrol,65876.0,502440.0,12.0,1.07,5.84,3.45,8,241.0
7173,BMW,2017.0,10.0,France,i4,Suv,Hybrid,98927.0,333353.0,229.0,1.7127116700572047,1.723298126827558,3.3985388149115896,9,523.0
7174,Mercedes-Benz,2021.0,4.0,Spain,C-Class,Sedan,Hybrid,72723.0,262354.0,60.0,1.74,0.91,3.26,4,1081.0
7175,Toyota,2021.0,9.0,Netherlands,Prius,Suv,Hybrid,69434.0,392446.0,83.0,2.05,2.38,3.76,4,1456.0
7176,Audi,2023.0,4.0,USA,Q5,Suv,Diesel,75484.0,355954.0,57.0,1.05,2.32,4.31,1,371.0
7177,Audi,2023.0,12.0,Brazil,RS6,Sedan,Electric,106764.0,503732.0,48.0,1.15,3.72,10.44,2,461.0
7178,Tesla,2017.0,4.0,France,Semi,Suv,Electric,91348.0,88055.0,20.0,1.79,1.12,3.32,2,2408.0
7179,Toyota,2018.0,3.0,UK,Yaris,Sedan,Hybrid,46541.0,648265.0,16.0,1.9,1.74,5.3,6,2159.0
7180,BMW,2021.0,2.0,Canada,5 Series,Suv,Diesel,47242.0,173745.0,126.0,1.361366947853453,1.8774395437797229,4.150368850984515,7,632.0
7181,Volkswagen,2015.0,3.0,India,Taos,Suv,Hybrid,33662.0,295887.0,52.0,1.08,7.29,6.53,7,1994.0
7182,Porsche,2024.0,10.0,Australia,Macan,Suv,Electric,150076.0,255374.0,6.0,1.59,3.47,4.33,2,276.0
7183,Audi,2017.0,12.0,USA,Q7,Suv,Electric,72118.0,189860.0,33.0,0.88,2.99,4.28,7,871.0
7184,Toyota,2019.0,2.0,Brazil,Corolla,Sedan,Petrol,24368.0,382702.0,36.0,1.27,3.57,10.55,4,1642.0
7185,BMW,2017.0,1.0,Germany,X3,Suv,Electric,78059.0,275757.0,384.0,1.8990353820222536,1.7401524937396011,2.773222940906867,8,1181.0
7186,Ford,2016.0,11.0,Germany,Explorer,Suv,Hybrid,36726.0,614413.0,94.0,1.89,2.19,2.76,9,3803.0
7187,Toyota,2020.0,4.0,China,RAV4,Suv,Petrol,83953.0,664157.0,30.0,1.1,6.22,3.23,10,474.0
7188,Porsche,2019.0,3.0,Japan,Cayenne,Suv,Petrol,137785.0,157825.0,22.0,1.58,0.91,-0.1,1,441.0
7189,Mercedes-Benz,2017.0,2.0,Australia,EQE,Suv,Electric,116298.0,279360.0,20.0,1.55,3.03,4.34,10,730.0
7190,Tesla,2017.0,1.0,China,Model S,Suv,Electric,90198.0,211637.0,20.0,1.19,5.87,3.36,4,1224.0
7191,Audi,2022.0,11.0,Mexico,A6,Sedan,Electric,97980.0,533502.0,43.0,1.04,2.15,10.83,2,1191.0
7192,Toyota,2018.0,1.0,Canada,bZ4X,Suv,Petrol,65153.0,91147.0,15.0,1.27,2.66,3.96,4,1481.0
7193,Audi,2023.0,11.0,USA,A3,Sedan,Diesel,57974.0,339210.0,33.0,1.02,2.46,4.32,5,596.0
7194,BMW,2021.0,10.0,UK,3 Series,Suv,Hybrid,84002.0,82152.0,251.0,1.8810483961278044,1.8621276172654504,5.185709644834927,7,662.0
7195,Volkswagen,2024.0,11.0,Australia,Taos,Suv,Hybrid,74411.0,427737.0,46.0,1.68,2.75,4.28,5,327.0
7196,Porsche,2024.0,9.0,Australia,Taycan,Suv,Hybrid,98818.0,387080.0,21.0,1.64,2.78,4.09,8,202.0
7197,BMW,2023.0,10.0,Japan,X7,Sedan,Electric,111646.0,351763.0,142.0,1.5283943000886533,0.7957145555201617,-0.1858168483721981,9,53.0
7198,BMW,2021.0,9.0,Brazil,7 Series,Sedan,Diesel,79755.0,441351.0,290.0,1.1714058687940023,3.012103116776108,10.205423081447575,8,602.0
7199,Audi,2017.0,9.0,Brazil,Q8,Suv,Petrol,74769.0,97809.0,43.0,1.25,3.9,10.54,3,1002.0
7201,Toyota,2016.0,8.0,France,RAV4,Suv,Petrol,66205.0,500259.0,93.0,1.85,1.39,3.47,6,2651.0
7202,Porsche,2021.0,3.0,USA,Taycan,Suv,Hybrid,150073.0,296564.0,17.0,1.06,2.48,4.44,8,110.0
7203,Mercedes-Benz,2020.0,5.0,Brazil,GLS,Suv,Electric,34501.0,207375.0,5.0,1.29,3.73,10.68,5,552.0
7205,Ford,2023.0,3.0,USA,Mustang Mach-E,Suv,Petrol,62634.0,744598.0,33.0,0.99,2.54,4.43,4,1422.0
7206,Audi,2018.0,12.0,Japan,A3,Sedan,Petrol,108423.0,536935.0,36.0,1.5,1.44,-0.0,9,586.0
7207,Porsche,2017.0,10.0,Mexico,Macan,Suv,Petrol,97375.0,358749.0,2.0,1.07,1.88,11.06,2,280.0
7208,Toyota,2016.0,11.0,UK,Land Cruiser,Suv,Petrol,41838.0,267028.0,36.0,1.9,1.34,5.03,7,1393.0
7209,BMW,2024.0,12.0,France,X1,Suv,Hybrid,36605.0,258726.0,186.0,1.8435195531316355,1.5043187681042922,3.456919768955369,8,622.0
7210,Ford,2023.0,5.0,Brazil,Mustang,Sedan,Hybrid,66187.0,228170.0,103.0,1.16,3.93,10.24,7,742.0
7211,Ford,2019.0,1.0,Italy,F-150,Suv,Electric,27284.0,378165.0,117.0,1.78,0.87,3.6,5,98.0
7212,Tesla,2022.0,2.0,UK,Model 3,Suv,Electric,74058.0,282191.0,11.0,1.93,1.21,4.75,2,568.0
7213,Mercedes-Benz,2022.0,8.0,France,E-Class,Sedan,Hybrid,50475.0,119326.0,58.0,1.84,1.78,3.22,1,458.0
7216,Tesla,2019.0,8.0,UK,Model X,Suv,Electric,44853.0,103243.0,14.0,1.75,1.74,5.11,3,2029.0
7217,Toyota,2023.0,1.0,Mexico,RAV4,Suv,Hybrid,70718.0,98057.0,75.0,1.1,1.84,11.27,9,453.0
7218,Toyota,2022.0,2.0,France,Supra,Sedan,Petrol,60046.0,347542.0,58.0,1.89,1.71,3.59,6,2435.0
7219,Mercedes-Benz,2023.0,9.0,USA,A-Class,Sedan,Hybrid,38969.0,205785.0,51.0,0.96,2.22,4.48,8,1152.0
7220,Audi,2024.0,2.0,Canada,A6,Sedan,Electric,111246.0,404582.0,57.0,1.26,1.73,4.2,1,830.0
7221,Mercedes-Benz,2018.0,10.0,Brazil,C-Class,Sedan,Petrol,52980.0,443019.0,6.0,1.21,3.78,10.4,9,556.0
7222,Volkswagen,2022.0,7.0,UK,Polo,Sedan,Petrol,56814.0,523537.0,81.0,1.85,1.12,4.7,10,126.0
7223,Audi,2022.0,9.0,UK,Q3,Suv,Petrol,100478.0,472723.0,40.0,1.87,1.04,5.26,10,378.0
7224,Toyota,2016.0,1.0,UK,Yaris,Sedan,Hybrid,38111.0,485343.0,80.0,1.8332729136019705,1.16,5.19,8,2628.0
7225,Tesla,2020.0,11.0,USA,Semi,Suv,Electric,90001.0,190824.0,9.0,0.97,2.62,4.59,7,2070.0
7226,Volkswagen,2024.0,3.0,Germany,Polo,Sedan,Petrol,31568.0,174578.0,54.0,1.98,2.13,2.76,9,926.0
7227,Mercedes-Benz,2023.0,3.0,UK,CLA,Sedan,Electric,86737.0,348661.0,16.0,1.82,1.92,4.9,1,232.0
7228,Porsche,2022.0,8.0,Netherlands,Panamera Sport,Sedan,Electric,140941.0,301741.0,29.0,2.02,2.16,3.62,5,198.0
7229,Tesla,2017.0,7.0,Brazil,Semi,Suv,Electric,94142.0,168597.0,32.0,1.17,3.77,10.5,10,1884.0
7230,Volkswagen,2024.0,12.0,Netherlands,Golf,Sedan,Hybrid,52003.0,291634.0,65.0,2.08,1.71,3.3,10,1432.0
7231,Ford,2021.0,2.0,Italy,Mustang,Sedan,Petrol,54407.0,703136.0,53.0,1.76,1.34,3.66,5,3370.0
7232,BMW,2015.0,10.0,France,3 Series,Suv,Hybrid,112004.0,498927.0,18.0,1.8517552507514647,1.6800888346694547,3.5100190311357604,7,130.0
7233,Porsche,2021.0,6.0,Mexico,Panamera Sport,Sedan,Electric,86561.0,116027.0,2.0,1.09,1.85,10.75,7,456.0
7234,Volkswagen,2023.0,2.0,India,Arteon,Sedan,Hybrid,59657.0,542104.0,8.0,1.0489161276675256,6.53,6.21,9,2743.0
7235,Ford,2021.0,5.0,Mexico,Explorer,Suv,Electric,92764.0,773099.0,42.0,1.17,2.18,11.18,6,3325.0
7236,Ford,2016.0,4.0,France,Expedition,Suv,Hybrid,71806.0,651781.0,73.0,1.85,1.39,3.75,2,2120.0
7237,Ford,2021.0,1.0,USA,Edge,Suv,Hybrid,36617.0,319891.0,20.0,0.87,2.94,4.3,3,2376.0
7238,Porsche,2020.0,1.0,Canada,Panamera,Sedan,Hybrid,173060.0,255967.0,27.0,1.3,2.17,3.83,1,483.0
7239,BMW,2019.0,10.0,China,X7,Sedan,Hybrid,96075.0,411652.0,398.0,1.0902774048659352,6.497124500157711,3.455708781341584,7,1083.0
7240,Mercedes-Benz,2023.0,4.0,UK,A-Class,Sedan,Electric,90241.0,220942.0,7.0,1.81,1.03,5.14,4,67.0
7241,Ford,2024.0,2.0,Italy,Expedition,Suv,Hybrid,42807.0,696415.0,68.0,1.76,1.21,3.29,5,575.0
7242,Mercedes-Benz,2019.0,2.0,France,C-Class,Sedan,Petrol,111668.0,523852.0,64.0,1.78,1.81,3.27,4,396.0
7243,BMW,2024.0,7.0,France,7 Series,Sedan,Hybrid,78390.0,190399.0,102.0,1.7147593129470795,1.6277011090863,3.79577887767158,10,448.0
7244,Porsche,2020.0,4.0,Australia,Macan EV,Suv,Hybrid,107954.0,296302.0,17.0,1.594709392152332,3.12,4.08,10,465.0
7246,Toyota,2020.0,9.0,Mexico,RAV4,Suv,Petrol,64119.0,361515.0,10.0,1.02,1.92,10.91,3,1966.0
7247,Tesla,2024.0,1.0,USA,Model Y,Suv,Electric,89926.0,39607.0,17.0,0.98,2.87,4.55,3,2309.0
7248,BMW,2019.0,11.0,USA,7 Series,Sedan,Diesel,102657.0,93481.0,96.0,0.8735104726733257,2.1202072291205765,4.359349699775164,5,186.0
7249,BMW,2017.0,7.0,Japan,X5,Sedan,Petrol,116533.0,400218.0,346.0,1.4959751240607817,1.4671882889311267,0.0411585481655452,2,1019.0
7251,Porsche,2020.0,10.0,UK,718,Sedan,Hybrid,166735.0,298802.0,27.0,1.81,1.13,4.74,10,247.0
7252,Porsche,2021.0,11.0,Netherlands,Taycan,Suv,Petrol,141459.0,102941.0,16.0,2.04,2.08,3.31,6,96.0
7253,Toyota,2019.0,8.0,Italy,bZ4X,Suv,Electric,64720.0,320546.0,83.0,1.76,1.1,3.64,1,2760.0
7254,Toyota,2015.0,2.0,France,bZ4X,Suv,Hybrid,62841.0,116173.0,21.0,1.82,1.79,3.5,1,262.0
7255,BMW,2019.0,10.0,China,X7,Sedan,Diesel,105167.0,112501.0,374.0,1.121417915743751,6.392523289954847,3.4660280086275126,2,824.0
7256,Porsche,2016.0,6.0,Germany,GTS,Sedan,Petrol,91711.0,132181.0,23.0,1.92,1.86,3.28,2,478.0
7257,Audi,2023.0,4.0,Japan,e-tron,Suv,Electric,45922.0,77558.0,52.0,1.505,1.4,0.3,5,657.0
7258,Mercedes-Benz,2021.0,11.0,France,S-Class,Sedan,Diesel,119283.0,260592.0,40.0,1.8,1.84,3.5,7,646.0
7259,Audi,2023.0,7.0,Japan,e-tron,Suv,Diesel,64772.0,181134.0,12.0,1.57,0.79,0.36,4,836.0
7260,BMW,2016.0,3.0,China,iX,Sedan,Diesel,119817.0,359732.0,294.0,1.054461465303874,6.025690182302686,3.303007571508982,1,730.0
7261,Volkswagen,2016.0,6.0,Italy,Arteon,Sedan,Petrol,49784.0,560275.0,37.0,1.91,1.29,3.78,9,2486.0
7262,Tesla,2024.0,9.0,USA,Model Y,Suv,Electric,47251.0,241373.0,20.0,0.9,2.95,4.42,7,989.0
7263,BMW,2020.0,11.0,France,5 Series,Suv,Electric,48668.0,126050.0,292.0,1.716120302751425,1.5829688720853552,3.280087983449566,1,995.0
7264,Volkswagen,2017.0,6.0,Netherlands,Passat,Sedan,Diesel,74295.0,56390.0,62.0,2.06,1.88,3.33,2,835.0
7265,Mercedes-Benz,2016.0,1.0,Spain,GLE,Suv,Diesel,92566.0,347231.0,10.0,1.83,1.8,3.7,8,589.0
7267,BMW,2018.0,11.0,France,X3,Suv,Diesel,75644.0,446875.0,393.0,1.8736935951795823,1.8636057941597608,3.284067905459872,6,887.0
7269,Tesla,2018.0,5.0,Italy,Model S,Suv,Electric,99608.0,111315.0,12.0,1.9,0.93,3.68,6,1619.0
7270,Audi,2022.0,11.0,UK,Q8,Suv,Diesel,59880.0,121448.0,8.0,1.9,1.66,5.03,2,1190.0
7271,Toyota,2017.0,12.0,Germany,C-HR,Suv,Hybrid,68341.0,329806.0,75.0,1.83,2.05,2.97,5,2786.0
7272,Toyota,2022.0,11.0,Australia,bZ4X,Suv,Petrol,67698.0,80282.0,87.0,1.57,3.49,4.51,1,2458.0
7273,Mercedes-Benz,2022.0,9.0,Mexico,GLS,Suv,Electric,68242.0,330729.0,7.0,1.09,1.68,11.09,5,466.0
7274,Ford,2015.0,12.0,France,Ranger,Suv,Petrol,53408.0,449381.0,88.0,1.87,1.18,3.72,2,651.0
7275,Toyota,2017.0,7.0,India,bZ4X,Suv,Electric,86313.0,419221.0,78.0,1.13,6.99,6.74,10,314.0
7276,BMW,2019.0,6.0,Brazil,X7,Sedan,Electric,112733.0,399345.0,221.0,1.1229865994119133,3.8313735143857097,10.559387104906326,10,861.0
7277,Toyota,2021.0,11.0,Germany,C-HR,Suv,Electric,19311.0,281930.0,75.0,1.93,1.32,2.74,10,1310.0
7278,Volkswagen,2017.0,5.0,Mexico,Tiguan,Suv,Electric,52806.0,403828.0,34.0,1.16,1.56,11.27,6,911.0
7279,Volkswagen,2017.0,7.0,Spain,Touareg,Suv,Electric,49898.0,599666.0,45.0,1.77,1.47,3.51,5,1962.0
7280,Mercedes-Benz,2024.0,11.0,Spain,CLA,Sedan,Electric,39696.0,240786.0,23.0,1.77,1.16,3.29,10,833.0
7281,Volkswagen,2017.0,2.0,France,Arteon,Sedan,Electric,38148.0,81896.0,47.0,1.76,1.49,3.67,1,2529.0
7282,Audi,2020.0,9.0,Netherlands,A6,Sedan,Electric,96911.0,141784.0,30.0,2.03,2.28,3.49,10,802.0
7284,Mercedes-Benz,2019.0,11.0,Mexico,EQS,Suv,Diesel,35503.0,70951.0,42.0,1.07,1.81,10.89,3,866.0
7285,Volkswagen,2020.0,12.0,France,Golf,Sedan,Petrol,71740.0,133773.0,39.0,1.88,1.32,3.44,2,351.0
7286,Volkswagen,2017.0,11.0,France,Touareg,Suv,Petrol,28688.0,287518.0,31.0,1.78,1.52,3.24,8,2763.0
7287,Volkswagen,2015.0,7.0,France,Tiguan,Suv,Diesel,72405.0,560761.0,34.0,1.83,1.77,3.43,4,2149.0
7288,Tesla,2023.0,12.0,France,Model 3,Suv,Electric,121064.0,161704.0,32.0,1.8,2.04,3.75,3,1402.0
7289,Toyota,2016.0,5.0,Italy,RAV4,Suv,Hybrid,47780.0,511272.0,88.0,1.95,1.19,3.41,5,588.0
7290,Tesla,2021.0,6.0,Italy,Model S Plaid,Suv,Electric,42754.0,189580.0,10.0,1.93,1.48,3.38,9,454.0
7291,Tesla,2017.0,12.0,India,Model S,Suv,Electric,53192.0,96056.0,15.0,1.08,6.75,6.47,9,836.0
7292,Volkswagen,2023.0,1.0,China,Taos,Suv,Hybrid,47806.0,300193.0,53.0,1.16,5.75,3.6,9,1186.0
7293,BMW,2017.0,9.0,Canada,X3,Suv,Petrol,100497.0,147493.0,298.0,1.31,2.267312219628904,3.853937670220818,7,622.0
7294,BMW,2023.0,5.0,Australia,X1,Suv,Electric,42382.0,151121.0,95.0,1.567469109353819,2.514693388654954,4.177456429203161,3,465.0
7295,BMW,2019.0,11.0,France,iX,Sedan,Diesel,58464.0,397236.0,41.0,1.7818668012630086,1.3742152023486702,3.7903865887758967,8,147.0
7296,Volkswagen,2024.0,4.0,China,Polo,Sedan,Electric,26237.0,267048.0,43.0,1.16,5.77,3.58,3,2436.0
7297,Ford,2016.0,1.0,USA,F-150 Lightning,Suv,Petrol,48944.0,777966.0,98.0,0.89,2.41,4.73,9,2962.0
7299,BMW,2021.0,8.0,UK,3 Series,Suv,Hybrid,81041.0,194179.0,276.0,1.904584296375223,1.311863857916883,5.164394826891657,1,636.0
7300,BMW,2017.0,2.0,France,X1,Suv,Hybrid,52857.0,239216.0,213.0,1.7969045970382045,1.63,3.422283261674829,1,523.0
7301,Tesla,2016.0,12.0,Australia,Cybertruck,Suv,Electric,63581.0,111248.0,39.0,1.63,3.37,4.43,7,410.0
7302,BMW,2016.0,8.0,India,i7,Sedan,Electric,119518.0,270326.0,332.0,1.0390610510005331,6.747231074403177,6.722449940763507,4,847.0
7303,Audi,2020.0,1.0,Spain,e-tron,Suv,Petrol,78939.0,370465.0,43.0,1.82,1.76,3.58,5,232.0
7304,BMW,2022.0,10.0,Australia,X1,Suv,Electric,73220.0,275192.0,187.0,1.6255416106142837,2.616898040708364,4.513899274168085,3,811.0
7305,Ford,2016.0,3.0,Netherlands,Edge,Suv,Hybrid,67011.0,330049.0,109.0,2.06,2.03,3.65,2,233.0
7306,Tesla,2018.0,9.0,Spain,Model S Plaid,Suv,Electric,110543.0,71320.0,30.0,1.76,0.91,3.5,1,1467.0
7307,Mercedes-Benz,2016.0,11.0,USA,EQS,Suv,Petrol,118804.0,543603.0,59.0,0.91,2.69,4.36,7,421.0
7308,Audi,2022.0,1.0,Germany,TT,Sedan,Electric,68240.0,188180.0,41.0,1.93,1.35,3.16,8,167.0
7309,Porsche,2020.0,5.0,India,Panamera Sport,Sedan,Petrol,168830.0,237047.0,25.0,1.02,7.23,6.77,4,69.0
7310,Mercedes-Benz,2024.0,3.0,Japan,GLC,Suv,Diesel,55157.0,207966.0,23.0,1.49,0.97,-0.07,8,169.0
7311,Toyota,2024.0,8.0,Italy,Prius,Suv,Petrol,73208.0,426047.0,17.0,1.93,1.05,3.75,1,2553.0
7312,Tesla,2018.0,5.0,India,Semi,Suv,Electric,50271.0,53331.0,31.0,0.99,7.34,6.26,9,1884.0
7313,BMW,2024.0,2.0,Germany,i4,Suv,Electric,39567.0,223979.0,47.0,1.871559653065088,2.121636897710472,2.9755591183039285,9,123.0
7314,Volkswagen,2015.0,4.0,Germany,Passat,Sedan,Petrol,39758.0,165131.0,44.0,1.88,1.39,3.18,8,1487.0
7315,BMW,2022.0,9.0,Australia,X5,Sedan,Diesel,118087.0,130691.0,143.0,1.5793963034148568,3.0538022407123764,4.133314586394814,7,311.0
7316,Mercedes-Benz,2022.0,6.0,India,GLS,Suv,Petrol,77685.0,225827.0,7.0,1.02,7.04,6.53,2,433.0
7317,Audi,2022.0,5.0,France,Q7,Suv,Hybrid,87997.0,82541.0,32.0,1.71,1.44,3.38,10,608.0
7318,Ford,2022.0,11.0,Australia,F-150,Suv,Electric,37158.0,652121.0,11.0,1.64,3.09,4.24,10,3510.0
7319,Audi,2022.0,6.0,China,A3,Sedan,Petrol,80016.0,143586.0,39.0,1.04,6.32,3.65,10,1189.0
7320,Porsche,2017.0,5.0,Japan,Cayenne,Suv,Hybrid,196929.0,142221.0,16.0,1.42,1.13,-0.17,9,377.0
7321,Mercedes-Benz,2024.0,11.0,USA,S-Class,Sedan,Hybrid,95700.0,354495.0,8.0,0.97,2.51,4.59,3,974.0
7322,Mercedes-Benz,2019.0,8.0,Japan,GLC,Suv,Diesel,112072.0,588582.0,57.0,1.46,0.81,-0.13,3,378.0
7323,BMW,2024.0,4.0,India,X3,Suv,Hybrid,50386.0,200953.0,201.0,1.0991467565462465,7.260990760028093,6.221186812964143,8,815.0
7324,Porsche,2021.0,1.0,France,GTS,Sedan,Electric,188283.0,144936.0,6.0,1.79,1.62,3.55,7,314.0
7325,BMW,2017.0,12.0,Brazil,iX,Sedan,Electric,74884.0,87860.0,345.0,1.2201033720867307,3.8738900775625154,10.558447861302184,6,836.0
7326,Ford,2015.0,1.0,Netherlands,Ranger,Suv,Electric,54682.0,346279.0,13.0,2.02,2.37,3.67,5,2509.0
7327,Ford,2015.0,3.0,Brazil,Bronco,Suv,Hybrid,78960.0,403019.0,38.0,1.14,3.21,10.49,7,2553.0
7329,BMW,2019.0,8.0,Japan,7 Series,Sedan,Electric,74255.0,156471.0,150.0,1.4019541694838369,1.402464970544104,0.1357892100921484,9,552.0
7330,Volkswagen,2020.0,11.0,UK,Taos,Suv,Electric,22673.0,246142.0,8.0,1.86,1.95,4.79,8,935.0
7331,BMW,2019.0,3.0,Canada,7 Series,Sedan,Diesel,77832.0,247780.0,132.0,1.2346588640141691,2.3959742060936984,3.945371766648562,8,658.0
7332,Audi,2022.0,2.0,UK,A3,Sedan,Petrol,51270.0,410754.0,33.0,1.93,1.81,4.85,7,546.0
7333,Toyota,2023.0,5.0,China,Prius,Suv,Electric,30486.0,354188.0,52.0,1.14,6.04,3.22,9,1502.0
7334,Mercedes-Benz,2024.0,11.0,Brazil,E-Class,Sedan,Petrol,89631.0,422503.0,64.0,1.23,3.67,10.37,4,136.0
7335,Mercedes-Benz,2021.0,1.0,China,EQS,Suv,Hybrid,78440.0,383085.0,6.0,1.18,5.53,3.45,3,371.0
7336,BMW,2017.0,6.0,India,iX,Sedan,Hybrid,70932.0,286042.0,58.0,1.008718368852899,7.202484083987109,6.415694690731853,9,502.0
7337,Volkswagen,2022.0,4.0,Spain,Arteon,Sedan,Electric,73371.0,495056.0,54.0,1.74,0.87,3.72,1,2783.0
7338,Volkswagen,2022.0,11.0,Germany,Passat,Sedan,Hybrid,76636.0,256014.0,67.0,1.99,1.42,3.23,5,1173.0
7339,Audi,2019.0,7.0,Australia,Q7,Suv,Petrol,92529.0,217778.0,39.0,1.69,3.07,4.41,5,348.0
7340,Audi,2019.0,1.0,Germany,e-tron,Suv,Diesel,40241.0,402368.0,23.0,1.83,2.13,3.21,6,811.0
7342,Porsche,2019.0,4.0,USA,Panamera Sport,Sedan,Hybrid,114495.0,356851.0,26.0,0.89,2.64,4.32,3,455.0
7343,Mercedes-Benz,2015.0,4.0,Australia,EQE,Suv,Diesel,45819.0,263249.0,45.0,1.54,3.03,4.3,8,1021.0
7344,Toyota,2018.0,8.0,Japan,Supra,Sedan,Petrol,71771.0,312099.0,70.0,1.48,1.14,-0.03,3,1494.0
7345,Ford,2020.0,1.0,Canada,Ranger,Suv,Hybrid,26938.0,196657.0,54.0,1.25,1.84,3.93,1,2494.0
7346,Audi,2018.0,5.0,Germany,RS6,Sedan,Diesel,62786.0,140457.0,17.0,1.92,1.74,2.86,2,1055.0
7347,Porsche,2017.0,12.0,USA,Macan,Suv,Electric,150535.0,383906.0,6.0,0.99,2.58,4.47,4,211.0
7349,Porsche,2022.0,2.0,UK,Cayenne Coupe,Suv,Petrol,192351.0,319374.0,6.0,1.95,1.76,5.24,2,198.0
7350,Toyota,2015.0,1.0,Mexico,Yaris,Sedan,Hybrid,42309.0,324340.0,55.0,1.17,1.89,10.9,2,2285.0
7351,Porsche,2015.0,2.0,Canada,911,Sedan,Electric,188241.0,392191.0,27.0,1.26,2.57,4.12,5,499.0
7352,BMW,2015.0,11.0,Brazil,5 Series,Suv,Hybrid,67919.0,435546.0,190.0,1.1323342872473925,3.977307907991504,10.654386124280665,1,600.0
7353,BMW,2022.0,5.0,Australia,5 Series,Suv,Hybrid,39897.0,143448.0,264.0,1.608158750997109,3.358177053157164,4.441438108316993,7,631.0
7354,Audi,2018.0,10.0,Canada,A6,Sedan,Hybrid,76376.0,64996.0,12.0,1.23,2.42,4.05,10,776.0
7355,Ford,2019.0,7.0,Netherlands,F-150 Lightning,Suv,Hybrid,74586.0,602958.0,32.0,1.93,2.47,3.64,10,1565.0
7356,Tesla,2023.0,11.0,UK,Model X,Suv,Electric,65085.0,184564.0,38.0,1.76,1.23,4.88,5,2386.0
7358,BMW,2018.0,10.0,China,iX,Sedan,Hybrid,50240.0,80270.0,239.0,1.0630813791496023,6.455334686503928,3.672142031753177,5,703.0
7359,Volkswagen,2020.0,9.0,Mexico,Polo,Sedan,Hybrid,22761.0,300574.0,50.0,1.01,1.96,11.22,7,1616.0
7360,Ford,2024.0,9.0,Australia,F-150 Lightning,Suv,Petrol,53211.0,501557.0,50.0,1.54,2.73,4.23,6,868.0
7361,Volkswagen,2018.0,6.0,UK,ID.3,Suv,Petrol,24856.0,551934.0,17.0,0.9,2.86,4.48,7,1467.0
7362,Audi,2015.0,4.0,China,Q7,Suv,Hybrid,44909.0,532025.0,55.0,1.16,6.14,3.52,5,415.0
7363,Ford,2021.0,7.0,Australia,F-150 Lightning,Suv,Petrol,63717.0,543290.0,28.0,1.66,3.43,4.51,3,138.0
7364,Audi,2023.0,2.0,France,A4,Sedan,Petrol,109838.0,57119.0,51.0,1.78,2.05,3.37,9,96.0
7365,Mercedes-Benz,2019.0,11.0,China,EQE,Suv,Petrol,89820.0,376854.0,31.0,1.11,5.76,3.47,3,443.0
7366,Ford,2017.0,3.0,China,Escape,Suv,Hybrid,22780.0,579506.0,59.0,1.12,6.48,3.67,10,773.0
7367,BMW,2018.0,11.0,Japan,3 Series,Suv,Hybrid,79116.0,181827.0,221.0,1.4644158331166357,1.0772841631046226,-0.1879572813333641,10,781.0
7368,BMW,2020.0,4.0,Germany,X1,Suv,Electric,81040.0,208998.0,155.0,1.891247301791108,1.4144876380659053,2.930303329826988,4,707.0
7370,Toyota,2017.0,4.0,Brazil,RAV4,Suv,Hybrid,32415.0,74339.0,49.0,1.14,3.59,10.56,7,2429.0
7371,Ford,2022.0,11.0,USA,Explorer,Suv,Electric,52169.0,99609.0,67.0,0.87,2.06,4.22,6,2143.0
7372,Mercedes-Benz,2020.0,7.0,Spain,C-Class,Sedan,Electric,112600.0,129092.0,64.0,1.7,1.52,3.74,10,350.0
7373,Ford,2023.0,7.0,Mexico,Mustang,Sedan,Hybrid,67595.0,792153.0,74.0,1.01,2.38,10.86,4,734.0
7376,Mercedes-Benz,2021.0,10.0,Netherlands,GLS,Suv,Diesel,78669.0,167422.0,41.0,2.01,2.01,3.53,7,97.0
7377,BMW,2015.0,5.0,Brazil,X7,Sedan,Petrol,112463.0,239167.0,234.0,1.115546927392997,3.353352228026053,10.550193667110523,1,507.0
7378,Tesla,2021.0,9.0,India,Cybertruck,Suv,Electric,73946.0,143859.0,11.0,1.04,6.56,6.57,10,707.0
7379,Toyota,2024.0,2.0,Italy,bZ4X,Suv,Hybrid,86106.0,374933.0,93.0,1.88,1.22,3.49,4,1043.0
7380,Volkswagen,2019.0,6.0,Canada,Touareg,Suv,Petrol,65415.0,596249.0,36.0,1.26,2.27,4.16,2,383.0
7381,Ford,2021.0,2.0,Mexico,Ranger,Suv,Petrol,60413.0,375864.0,14.0,1.08,2.46,10.95,10,2741.0
7382,Tesla,2024.0,12.0,USA,Model S,Suv,Electric,97845.0,275715.0,7.0,0.98,2.16,4.5,10,1027.0
7383,Mercedes-Benz,2024.0,12.0,Spain,GLE,Suv,Electric,48657.0,260877.0,55.0,1.79,1.18,3.55,3,1079.0
7384,BMW,2021.0,7.0,Germany,7 Series,Sedan,Diesel,93861.0,262803.0,197.0,1.8009264046009206,1.6351972416459009,3.1817120691588068,6,615.0
7385,Toyota,2019.0,1.0,India,C-HR,Suv,Petrol,70758.0,122547.0,34.0,1.09,6.88,6.66,4,702.0
7386,Toyota,2015.0,12.0,Canada,RAV4,Suv,Petrol,19818.0,259572.0,33.0,1.38,2.11,4.07,8,191.0
7387,Ford,2018.0,10.0,Australia,Ranger,Suv,Electric,59180.0,244120.0,108.0,1.66,2.97,4.3,2,642.0
7388,Tesla,2015.0,12.0,India,Model S,Suv,Electric,69164.0,285866.0,27.0,1.09,6.75,6.21,2,48.0
7389,BMW,2024.0,6.0,India,7 Series,Sedan,Petrol,116720.0,409014.0,384.0,0.970501945598136,7.1326218931339485,6.75921686330601,2,868.0
7390,BMW,2020.0,8.0,Japan,iX,Sedan,Hybrid,58474.0,247552.0,61.0,1.4430403744034477,0.837109705728999,0.121186078871555,2,245.0
7391,Ford,2023.0,2.0,Mexico,F-150,Suv,Electric,62333.0,375683.0,32.0,1.01,1.78,10.96,7,2519.0
7392,Ford,2016.0,7.0,UK,F-150 Lightning,Suv,Electric,75875.0,694862.0,20.0,1.07,6.83,6.51,9,2331.0
7393,BMW,2024.0,8.0,Canada,X3,Suv,Electric,80875.0,322502.0,184.5,1.3006272517160176,2.074612614626472,4.075515949428542,2,857.0
7394,Porsche,2022.0,1.0,Spain,Macan,Suv,Electric,125874.0,95407.0,10.0,1.85,1.29,3.74,4,67.0
7395,Ford,2019.0,7.0,India,Escape,Suv,Hybrid,74675.0,247887.0,91.0,1.05,6.72,6.77,7,2443.0
7398,Ford,2017.0,1.0,France,Edge,Suv,Hybrid,91580.0,293494.0,70.0,1.73,1.49,3.31,10,725.0
7399,Ford,2020.0,5.0,Canada,Escape,Suv,Hybrid,43018.0,240023.0,90.0,1.37,2.31,4.21,9,1146.0
7400,BMW,2018.0,12.0,UK,i7,Sedan,Petrol,60363.0,171648.0,144.0,1.9061051030487723,1.353421379302718,4.84212233538469,6,561.0
7401,Mercedes-Benz,2021.0,4.0,India,GLC,Suv,Petrol,86785.0,157090.0,32.0,0.96,7.095115333434544,6.69,8,1259.0
7402,Mercedes-Benz,2024.0,3.0,USA,CLA,Sedan,Diesel,126290.0,284524.0,41.0,1.02,2.95,4.35,1,928.0
7403,Tesla,2016.0,10.0,Spain,Model 3,Suv,Electric,83091.0,252973.0,13.0,1.84,1.13,3.21,5,960.0
7404,Toyota,2015.0,2.0,Australia,C-HR,Suv,Hybrid,28174.0,243924.0,13.0,1.55,2.56,4.09,4,962.0
7405,Audi,2023.0,7.0,Japan,TT,Sedan,Diesel,74125.0,224359.0,34.0,1.51,1.21,0.02,3,81.0
7406,Porsche,2022.0,5.0,Australia,911,Sedan,Hybrid,92856.0,86426.0,20.0,1.62,3.49,4.47,8,80.0
7407,Audi,2017.0,5.0,Japan,A4,Sedan,Petrol,41159.0,173546.0,15.0,1.51,1.01,-0.12,2,1184.0
7408,Porsche,2019.0,3.0,India,Macan EV,Suv,Hybrid,101314.0,389111.0,15.0,1.0,6.56,6.4,6,54.0
7409,Audi,2024.0,5.0,India,Q8,Suv,Diesel,86137.0,305986.0,12.0,0.98,6.64,6.63,5,407.0
7410,BMW,2021.0,2.0,France,i7,Sedan,Diesel,35731.0,324270.0,115.0,1.746389419223195,1.707094036088781,3.528018447628442,10,524.0
7413,Audi,2017.0,12.0,Italy,Q3,Suv,Diesel,67118.0,502140.0,30.0,1.86,0.99,3.64,3,696.0
7414,Toyota,2019.0,10.0,Brazil,Prius,Suv,Hybrid,19757.0,127287.0,22.0,1.23,3.12,10.75,8,119.0
7415,Toyota,2015.0,1.0,France,Corolla,Sedan,Petrol,78757.0,647654.0,53.0,1.76,1.1,3.35,1,1937.0
7416,Tesla,2016.0,8.0,Netherlands,Model X Plaid,Suv,Electric,110816.0,233566.0,18.0,1.98,1.99,3.26,4,1830.0
7417,BMW,2019.0,4.0,France,7 Series,Sedan,Petrol,91597.0,462375.0,174.0,1.896997931228175,1.3387962113815393,3.470743606508593,9,769.0
7418,Porsche,2015.0,12.0,USA,Taycan,Suv,Petrol,151166.0,84442.0,19.0,1.06,2.16,4.46,9,328.0
7419,BMW,2020.0,8.0,India,7 Series,Sedan,Petrol,61870.0,64799.0,158.0,0.9872271795506696,6.704680109057284,6.55467818195511,8,740.0
7420,Toyota,2023.0,9.0,Japan,Land Cruiser,Suv,Hybrid,72351.0,405893.0,94.0,1.59,1.7,0.2,10,2931.0
7421,Ford,2016.0,6.0,Canada,F-150,Suv,Hybrid,74153.0,580439.0,56.0,1.36,1.7,3.75,6,3865.0
7422,Porsche,2015.0,5.0,India,718,Sedan,Electric,177319.0,355750.0,9.0,1.13,6.73,6.57,3,332.0
7423,Porsche,2021.0,11.0,Canada,Panamera Sport,Sedan,Petrol,112746.0,188971.0,6.0,1.33,2.24,3.96,2,170.0
7424,Toyota,2018.0,9.0,India,Supra,Sedan,Petrol,81364.0,359011.0,42.0,1.07,7.03,6.53,3,1010.0
7425,Porsche,2023.0,4.0,France,GTS,Sedan,Electric,103660.0,363870.0,13.0,1.9,1.88,3.69,1,428.0
7426,Mercedes-Benz,2024.0,2.0,Mexico,S-Class,Sedan,Petrol,53846.0,289419.0,59.0,1.14,1.69,10.75,4,669.0
7428,BMW,2023.0,8.0,Germany,X7,Sedan,Hybrid,42601.0,481739.0,288.0,1.980004624679602,1.7110284698067049,3.203916781720032,1,711.0
7429,Audi,2020.0,8.0,Brazil,Q8,Suv,Petrol,112752.0,92414.0,4.0,1.2,3.6,10.58,10,467.0
7430,Toyota,2020.0,3.0,China,Prius,Suv,Petrol,52018.0,679929.0,59.0,1.05,5.83,3.59,4,1405.0
7431,Tesla,2021.0,12.0,Mexico,Model S,Suv,Electric,76735.0,263576.0,22.0,1.04,2.085,10.72,8,1881.0
7432,Ford,2024.0,2.0,Japan,Edge,Suv,Hybrid,24738.0,529385.0,54.0,1.49,1.31,0.3,3,866.0
7433,Porsche,2015.0,10.0,Brazil,911,Sedan,Petrol,176633.0,185147.0,10.0,1.2,3.37,10.53,5,460.0
7434,Tesla,2020.0,3.0,Brazil,Model 3,Suv,Electric,105020.0,13188.0,32.0,1.23,3.14,10.41,9,1854.0
7435,Mercedes-Benz,2021.0,9.0,China,GLC,Suv,Hybrid,111804.0,520833.0,59.0,1.11,6.4,3.39,1,359.0
7436,Toyota,2021.0,1.0,Brazil,C-HR,Suv,Electric,53891.0,163630.0,67.0,1.21,3.65,10.22,10,1791.0
7437,Ford,2018.0,10.0,Australia,Bronco,Suv,Hybrid,86553.0,298017.0,83.0,1.59,3.44,4.05,1,1911.0
7438,Porsche,2021.0,11.0,USA,Cayenne Coupe,Suv,Petrol,189644.0,107694.0,19.0,1.06,2.83,4.24,7,127.0
7439,Ford,2022.0,11.0,Germany,Explorer,Suv,Electric,29236.0,636704.0,56.0,1.84,1.95,3.03,3,2616.0
7440,Mercedes-Benz,2017.0,9.0,Australia,C-Class,Sedan,Electric,81303.0,359251.0,38.0,1.66,2.68,4.1,4,924.0
7441,Volkswagen,2015.0,1.0,Germany,ID.3,Suv,Electric,65865.0,114694.0,42.0,1.84,1.99,3.14,9,1773.0
7442,BMW,2020.0,10.0,India,X1,Suv,Diesel,53300.0,277467.0,298.0,1.0050762348510838,6.929931077390148,6.60377997343666,7,782.0
7443,BMW,2017.0,11.0,India,X3,Suv,Electric,99384.0,196025.0,162.0,1.0392839032803165,6.806313498778213,6.673391095952476,10,515.0
7444,Mercedes-Benz,2024.0,9.0,China,EQE,Suv,Diesel,100561.0,263062.0,61.0,1.04,6.09,3.35,1,1067.0
7445,Ford,2015.0,3.0,Italy,F-150,Suv,Electric,71537.0,397580.0,82.0,1.77,1.28,3.38,7,2800.0
7447,Audi,2021.0,5.0,Canada,Q8,Suv,Electric,67456.0,422224.0,42.0,1.3,2.25,4.08,8,366.0
7449,BMW,2015.0,6.0,China,X1,Suv,Petrol,113518.0,206164.0,373.0,1.181579758755924,5.690107649783728,3.67555706977303,10,1156.0
7450,Toyota,2022.0,9.0,Italy,Land Cruiser,Suv,Electric,37995.0,239925.0,30.0,1.93,0.68,3.24,6,477.0
7452,Volkswagen,2024.0,10.0,UK,Arteon,Sedan,Hybrid,20085.0,85463.0,37.0,1.94,1.27,5.12,1,559.0
7453,Tesla,2022.0,7.0,Japan,Cybertruck,Suv,Electric,60172.0,37503.0,39.0,1.52,0.7,0.1,3,1081.0
7454,Tesla,2015.0,12.0,USA,Model X,Suv,Electric,128532.0,29206.0,23.0,0.88,2.69,4.64,2,2474.0
7455,Mercedes-Benz,2017.0,9.0,China,GLE,Suv,Electric,65418.0,73900.0,25.0,1.09,6.4,3.51,10,1048.0
7456,Toyota,2022.0,9.0,UK,C-HR,Suv,Petrol,67535.0,210333.0,93.0,1.8305102694527564,1.6,3.23,1,2035.0
7457,Toyota,2017.0,7.0,UK,Highlander,Suv,Hybrid,50103.0,93750.0,44.0,1.92,1.05,5.12,1,2982.0
7458,Ford,2018.0,9.0,USA,Escape,Suv,Petrol,76637.0,318435.0,54.0,0.87,2.27,4.43,9,3241.0
7459,Porsche,2017.0,3.0,Brazil,911,Sedan,Hybrid,142904.0,119414.0,6.0,1.12,3.27,10.61,2,396.0
7460,Toyota,2016.0,2.0,Italy,Camry,Sedan,Electric,44818.0,295217.0,89.0,1.85,1.1,3.36,3,2568.0
7461,BMW,2018.0,6.0,Australia,3 Series,Suv,Hybrid,74779.0,321733.0,347.0,1.645411352323078,3.3565372237479267,4.370701916954156,6,726.0
7462,Volkswagen,2016.0,4.0,USA,Passat,Sedan,Petrol,34931.0,325577.0,27.0,1.01,2.64,4.44,10,2037.0
7463,Ford,2017.0,1.0,China,Expedition,Suv,Petrol,78864.0,422550.0,111.0,1.1,6.19,3.29,7,3432.0
7464,Ford,2015.0,10.0,Brazil,F-150 Lightning,Suv,Hybrid,88858.0,58852.0,74.0,1.18,3.73,10.59,7,3100.0
7465,Toyota,2024.0,2.0,China,RAV4,Suv,Hybrid,23185.0,69970.0,23.0,1.0,5.63,3.72,3,1183.0
7466,Audi,2023.0,12.0,USA,A3,Sedan,Petrol,109005.0,366349.0,46.0,0.91,2.21,4.52,6,220.0
7467,Toyota,2018.0,4.0,USA,bZ4X,Suv,Electric,30628.0,499506.0,97.0,0.95,2.28,4.45,1,2262.0
7469,Ford,2021.0,5.0,Spain,Ranger,Suv,Hybrid,70837.0,476160.0,22.0,1.75,1.25,3.67,9,2148.0
7470,Audi,2015.0,10.0,Japan,Q5,Suv,Diesel,51815.0,336105.0,49.0,1.58,1.41,-0.16,9,245.0
7471,Audi,2015.0,4.0,India,A3,Sedan,Hybrid,69399.0,246952.0,16.0,1.06,6.61,6.78,5,458.0
7472,Tesla,2018.0,4.0,Germany,Model S Plaid,Suv,Electric,104944.0,181638.0,6.0,1.85,1.8250000000000002,3.3,3,1313.0
7473,Porsche,2016.0,4.0,Brazil,Taycan,Suv,Electric,164826.0,90893.0,7.0,1.2,3.19,10.24,5,22.0
7474,Audi,2016.0,8.0,China,Q5,Suv,Hybrid,101820.0,226215.0,37.0,1.0950000000000002,6.47,3.77,3,596.0
7475,Ford,2024.0,6.0,Netherlands,Ranger,Suv,Hybrid,80792.0,313104.0,34.0,1.97,1.79,3.28,4,1386.0
7476,Mercedes-Benz,2020.0,9.0,India,GLE,Suv,Hybrid,123127.0,269154.0,8.0,1.11,7.33,6.51,2,44.0
7477,Ford,2016.0,7.0,Canada,F-150,Suv,Petrol,28908.0,780320.0,24.0,1.37,2.51,3.85,8,2143.0
7478,Audi,2015.0,3.0,Germany,A4,Sedan,Petrol,48965.0,176901.0,54.0,1.97,2.09,2.76,3,911.0
7479,BMW,2021.0,6.0,France,5 Series,Suv,Hybrid,96247.0,292330.0,46.0,1.7944563608325963,1.3119940546986582,3.594412089302077,8,136.0
7480,Audi,2018.0,9.0,Australia,A3,Sedan,Petrol,114660.0,349797.0,32.0,1.64,2.85,4.17,3,927.0
7481,BMW,2016.0,9.0,Japan,7 Series,Sedan,Hybrid,116418.0,355063.0,358.0,1.5607344153798228,1.3334037565104233,0.3228763541126306,10,743.0
7482,Volkswagen,2023.0,7.0,Germany,Passat,Sedan,Petrol,76842.0,509029.0,33.0,1.95,1.6,2.97,1,2686.0
7484,Porsche,2020.0,6.0,China,718,Sedan,Electric,139539.0,244493.0,16.0,1.16,6.27,3.21,8,121.0
7485,BMW,2024.0,5.0,Japan,iX,Sedan,Diesel,35178.0,196800.0,238.0,1.5100453084312524,1.1835456467199248,0.2835955298650948,10,805.0
7486,Audi,2017.0,9.0,USA,TT,Sedan,Electric,99619.0,210817.0,25.0,0.95,2.89,4.75,10,304.0
7487,Tesla,2024.0,2.0,Australia,Model S,Suv,Electric,124454.0,86212.0,16.0,1.56,2.74,4.08,4,974.0
7488,Mercedes-Benz,2023.0,1.0,Canada,S-Class,Sedan,Petrol,93706.0,89435.0,55.0,1.23,2.23,4.04,2,675.0
7489,Toyota,2017.0,6.0,Germany,C-HR,Suv,Petrol,58562.0,85835.0,63.0,1.86,1.62,3.26,2,90.0
7490,Toyota,2024.0,10.0,China,Supra,Sedan,Electric,81134.0,300218.0,72.0,1.11,6.21,3.78,7,309.0
7491,Ford,2017.0,7.0,India,Edge,Suv,Electric,41175.0,458676.0,73.0,0.95,7.3,6.62,1,3051.0
7492,Tesla,2015.0,1.0,Mexico,Model X,Suv,Electric,110497.0,73695.0,33.0,1.02,2.12,11.23,2,331.0
7493,Audi,2016.0,8.0,UK,A4,Sedan,Petrol,36371.0,495126.0,15.0,1.92,1.58,5.03,5,820.0
7494,Audi,2021.0,11.0,Netherlands,Q5,Suv,Hybrid,105836.0,506283.0,36.0,2.07,2.34,3.6,4,923.0
7495,Toyota,2017.0,2.0,Spain,Highlander,Suv,Petrol,87305.0,141971.0,92.0,1.78,1.18,3.34,10,1313.0
7496,Volkswagen,2021.0,7.0,Japan,Polo,Sedan,Hybrid,21662.0,258434.0,80.0,1.51,1.23,0.21,1,1433.0
7497,Ford,2023.0,1.0,Australia,Mustang Mach-E,Suv,Electric,87918.0,294765.0,28.0,1.68,3.46,4.4,4,1317.0
7498,BMW,2023.0,10.0,Germany,i4,Suv,Petrol,54572.0,494854.0,38.0,1.979712120934968,2.1470608269839,2.714156978787317,5,253.0
7500,Ford,2024.0,2.0,USA,Bronco,Suv,Petrol,63280.0,206287.0,30.0,0.96,2.01,4.29,8,2884.0
7501,Audi,2020.0,4.0,Brazil,A3,Sedan,Electric,40430.0,226778.0,33.0,1.18,3.22,10.68,10,976.0
7502,Audi,2024.0,1.0,Mexico,Q5,Suv,Diesel,89511.0,484471.0,23.0,1.19,2.47,10.71,9,69.0
7503,Tesla,2017.0,2.0,Germany,Model S,Suv,Electric,119283.0,188473.0,32.0,1.89,1.71,2.89,6,947.0
7504,Tesla,2015.0,2.0,China,Model S,Suv,Electric,123887.0,163420.0,11.0,1.12,6.13,3.49,7,2339.0
7505,BMW,2024.0,8.0,Australia,3 Series,Suv,Diesel,57813.0,85362.0,181.0,1.5964082116224163,3.471532690901051,4.14880820426183,1,514.0
7506,Toyota,2020.0,12.0,Netherlands,Supra,Sedan,Hybrid,26453.0,315158.0,42.0,2.03,2.49,3.29,3,590.0
7507,Tesla,2020.0,4.0,France,Model 3,Suv,Electric,85144.0,254560.0,21.0,1.82,1.35,3.54,8,334.0
7508,BMW,2020.0,1.0,France,X5,Sedan,Diesel,94213.0,249488.0,74.0,1.7410279280964014,1.309905593095586,3.738832573664428,10,197.0
7509,BMW,2020.0,12.0,USA,3 Series,Suv,Diesel,114335.0,219957.0,108.0,0.8824546211763771,2.650973467150954,4.527259121644144,2,461.0
7510,Tesla,2021.0,11.0,USA,Model X,Suv,Electric,116301.0,297609.0,14.0,0.9,2.14,4.66,3,349.0
7511,Volkswagen,2018.0,2.0,Japan,ID.3,Suv,Diesel,30196.0,538612.0,21.0,1.47,1.13,0.09,10,989.0
7512,Audi,2021.0,10.0,Brazil,A3,Sedan,Hybrid,88457.0,199704.0,21.0,1.17,3.35,10.33,7,823.0
7513,Porsche,2016.0,3.0,Canada,Taycan,Suv,Hybrid,190335.0,339427.0,6.0,1.38,2.51,4.23,2,375.0
7514,Audi,2023.0,7.0,Spain,A3,Sedan,Petrol,49271.0,245173.0,33.0,1.8,1.27,3.69,5,742.0
7515,Toyota,2023.0,10.0,Brazil,C-HR,Suv,Electric,39922.0,156429.0,58.0,1.26,3.83,10.47,8,1720.0
7516,BMW,2015.0,6.0,UK,X1,Suv,Petrol,87975.0,160489.0,356.0,1.85853921663165,1.3567533266935894,4.8685607058124285,1,751.0
7517,Audi,2019.0,4.0,Germany,Q7,Suv,Electric,84841.0,202488.0,13.0,1.8,1.53,2.75,5,746.0
7518,BMW,2019.0,7.0,China,iX,Sedan,Hybrid,106376.0,149468.0,375.0,1.1700696002239792,5.916504431903879,3.693307932089854,10,749.0
7519,Ford,2016.0,8.0,China,Explorer,Suv,Electric,27076.0,419551.0,72.0,1.03,5.62,3.59,8,2774.0
7520,BMW,2019.0,9.0,USA,5 Series,Suv,Diesel,61619.0,322168.0,175.0,0.939038441698842,2.674130295536063,4.3559429875457,4,606.0
7521,Ford,2017.0,10.0,Mexico,Escape,Suv,Petrol,59378.0,251849.0,40.0,1.2,2.38,11.07,8,2586.0
7522,Mercedes-Benz,2016.0,1.0,Australia,EQE,Suv,Petrol,76775.0,159058.0,56.0,1.58,2.97,4.0,7,1149.0
7523,Porsche,2016.0,7.0,India,Panamera Sport,Sedan,Petrol,91087.0,398616.0,23.0,1.01,6.57,6.62,3,128.0
7524,Tesla,2015.0,6.0,Australia,Model X,Suv,Electric,50312.0,157111.0,3.0,1.65,3.12,4.45,10,823.0
7525,Volkswagen,2018.0,9.0,Germany,Arteon,Sedan,Diesel,69700.0,474260.0,79.0,1.94,1.67,3.28,7,2457.0
7526,Mercedes-Benz,2022.0,8.0,Spain,E-Class,Sedan,Diesel,51625.0,138851.0,61.0,1.81,1.69,3.58,10,1194.0
7527,Toyota,2023.0,8.0,China,Corolla,Sedan,Petrol,59776.0,515578.0,39.0,1.14,6.32,3.26,10,1828.0
7528,Ford,2024.0,8.0,Spain,Mustang,Sedan,Electric,84744.0,701248.0,113.0,1.68,1.7,3.52,8,795.0
7529,Volkswagen,2021.0,1.0,USA,T-Roc,Suv,Hybrid,69048.0,510024.0,31.0,0.97,2.56,4.45,10,788.0
7530,Ford,2017.0,2.0,Brazil,Edge,Suv,Hybrid,26611.0,180552.0,33.0,1.18,3.82,10.41,4,1886.0
7531,BMW,2017.0,2.0,France,5 Series,Suv,Diesel,49506.0,71341.0,295.0,1.7352773973012448,1.5524395161326936,3.28451421222788,5,674.0
7532,Tesla,2015.0,12.0,UK,Model S Plaid,Suv,Electric,98433.0,176903.0,35.0,1.84,1.72,5.28,3,1884.0
7533,Mercedes-Benz,2023.0,5.0,Spain,EQS,Suv,Petrol,110859.0,135344.0,51.0,1.82,1.21,3.35,10,821.0
7534,Mercedes-Benz,2024.0,10.0,UK,GLE,Suv,Hybrid,64122.0,381867.0,64.0,1.76,1.92,4.91,2,577.0
7535,Audi,2022.0,9.0,Mexico,TT,Sedan,Petrol,59964.0,427833.0,19.0,1.15,2.25,10.85,6,920.0
7536,BMW,2024.0,5.0,France,X1,Suv,Diesel,90192.0,260047.0,287.0,1.8,1.5598004237693202,3.234898277303285,9,784.0
7537,Mercedes-Benz,2021.0,3.0,Australia,S-Class,Sedan,Hybrid,106610.0,117130.0,35.0,1.69,3.44,4.26,9,1062.0
7538,Tesla,2015.0,8.0,Brazil,Cybertruck,Suv,Electric,97867.0,167399.0,15.0,1.23,3.28,10.44,5,441.0
7539,Volkswagen,2019.0,7.0,Australia,Taos,Suv,Electric,50005.0,256046.0,64.0,1.5,3.12,4.41,1,152.0
7540,Tesla,2017.0,9.0,Netherlands,Semi,Suv,Electric,69269.0,171510.0,2.0,1.92,1.7,3.37,9,2288.0
7541,Porsche,2022.0,11.0,India,Panamera,Sedan,Hybrid,117981.0,348144.0,10.0,1.13,6.99,6.57,7,243.0
7542,Audi,2024.0,8.0,Spain,Q8,Suv,Hybrid,36331.0,519915.0,14.0,1.65,1.27,3.49,7,252.0
7544,Mercedes-Benz,2023.0,2.0,UK,C-Class,Sedan,Electric,58634.0,170879.0,33.0,1.59,1.57,0.19,7,363.0
7545,Porsche,2021.0,4.0,France,Panamera,Sedan,Hybrid,147525.0,355271.0,15.0,1.77,1.15,3.74,4,324.0
7546,Porsche,2017.0,12.0,USA,911,Sedan,Hybrid,77795.0,370793.0,7.0,1.04,2.35,4.37,8,163.0
7547,Toyota,2021.0,7.0,Netherlands,Land Cruiser,Suv,Hybrid,72867.0,158377.0,31.0,1.93,1.91,3.39,3,1214.0
7548,Volkswagen,2018.0,5.0,China,Tiguan,Suv,Hybrid,70264.0,420689.0,88.0,1.02,5.7,3.47,6,2316.0
7549,Ford,2019.0,9.0,India,Bronco,Suv,Petrol,38271.0,669409.0,111.0,1.14,7.46,6.32,6,1742.0
7550,Ford,2022.0,1.0,Brazil,Explorer,Suv,Petrol,91812.0,565854.0,100.0,1.25,3.78,10.58,7,2900.0
7552,Mercedes-Benz,2017.0,1.0,USA,GLS,Suv,Petrol,79170.0,596637.0,48.0,1.03,2.83,4.74,10,1239.0
7553,Tesla,2016.0,10.0,India,Model Y,Suv,Electric,88712.0,58281.0,11.0,1.01,6.91,6.55,8,360.0
7554,Mercedes-Benz,2019.0,1.0,India,GLS,Suv,Diesel,127544.0,133148.0,18.0,0.96,7.43,6.45,9,1131.0
7555,Audi,2020.0,1.0,China,Q5,Suv,Electric,51079.0,336768.5,16.0,1.14,5.93,3.27,2,817.0
7556,Ford,2016.0,1.0,Canada,Edge,Suv,Petrol,50745.0,555540.0,63.0,1.31,2.65,3.84,10,681.0
7558,Mercedes-Benz,2023.0,12.0,France,GLC,Suv,Electric,42723.0,447590.0,45.0,1.77,1.14,3.21,5,1083.0
7559,BMW,2015.0,11.0,UK,3 Series,Suv,Diesel,115863.0,99156.0,190.0,1.909983217074638,1.019710537754364,4.762465149190744,6,473.0
7560,Mercedes-Benz,2018.0,9.0,UK,GLC,Suv,Diesel,36110.0,390648.0,47.0,1.79,1.76,4.84,9,553.0
7561,BMW,2020.0,6.0,Canada,X7,Sedan,Electric,87335.0,200823.0,195.0,1.34747141547756,1.8500486646939844,3.894805556134036,5,451.0
7562,Volkswagen,2018.0,11.0,Australia,Polo,Sedan,Diesel,48250.0,124119.0,30.0,1.55,2.94,4.34,10,225.0
7563,Audi,2020.0,12.0,Mexico,Q7,Suv,Electric,53528.0,419051.0,33.0,1.12,2.0949999999999998,11.24,7,387.0
7564,Audi,2016.0,6.0,Brazil,Q5,Suv,Diesel,77735.0,126604.0,33.0,1.1,3.2,10.66,3,1121.0
7565,Mercedes-Benz,2015.0,6.0,Mexico,S-Class,Sedan,Hybrid,96655.0,388729.0,29.0,1.05,1.91,11.21,9,626.0
7566,Toyota,2021.0,6.0,Spain,Highlander,Suv,Petrol,36967.0,444824.0,41.0,1.69,1.01,3.45,1,961.0
7567,Mercedes-Benz,2019.0,12.0,Australia,CLA,Sedan,Petrol,67571.0,463731.0,38.0,1.62,3.46,4.43,7,1065.0
7568,Toyota,2022.0,4.0,Germany,bZ4X,Suv,Hybrid,49187.0,648733.0,72.0,1.85,1.48,2.84,3,780.0
7569,Toyota,2021.0,12.0,Canada,Camry,Sedan,Electric,47079.0,491163.0,19.0,1.31,1.84,3.73,8,442.0
7570,Ford,2021.0,4.0,UK,Explorer,Suv,Petrol,83138.0,411467.0,52.0,1.83,1.01,5.08,4,2755.0
7571,Audi,2017.0,5.0,Netherlands,Q7,Suv,Petrol,108264.0,356495.0,47.0,2.0,2.07,3.72,10,471.0
7572,Ford,2015.0,9.0,UK,Expedition,Suv,Hybrid,55385.0,773007.0,70.0,1.81,1.83,5.2,6,1851.0
7573,Toyota,2018.0,1.0,India,Land Cruiser,Suv,Petrol,21758.0,355928.0,76.0,1.09,6.57,6.46,2,1565.0
7574,Porsche,2023.0,4.0,Netherlands,911,Sedan,Petrol,70984.0,241891.0,17.0,2.08,2.58,3.53,3,171.0
7575,Tesla,2022.0,12.0,UK,Model S,Suv,Electric,100937.0,129963.0,26.0,1.76,1.43,4.83,5,666.0
7576,Audi,2023.0,12.0,Spain,A4,Sedan,Diesel,64809.0,541665.0,17.0,1.75,1.1,3.27,5,462.0
7577,Ford,2023.0,11.0,Germany,F-150 Lightning,Suv,Petrol,38134.0,504964.0,101.0,1.91,1.88,2.79,9,730.0
7578,BMW,2015.0,10.0,USA,7 Series,Sedan,Diesel,71561.0,253179.0,115.0,0.946124658695316,2.116366397885476,4.6904698250947146,6,284.0
7579,Volkswagen,2023.0,12.0,France,Touareg,Suv,Hybrid,66322.0,566320.0,52.0,1.75,1.37,3.78,2,1910.0
7580,Porsche,2022.0,4.0,USA,GTS,Sedan,Hybrid,190678.0,107074.0,25.0,0.9,2.77,4.29,10,246.0
7581,Ford,2021.0,10.0,UK,Mustang Mach-E,Suv,Hybrid,47443.0,401688.0,58.0,1.86,1.77,5.21,7,175.0
7582,Tesla,2024.0,1.0,Canada,Model X,Suv,Electric,49460.0,117170.0,15.0,1.4,1.8,3.93,5,332.0
7583,Audi,2018.0,12.0,Canada,RS6,Sedan,Electric,51532.0,330971.0,55.0,1.25,2.1,3.87,1,1057.0
7584,Toyota,2017.0,8.0,Netherlands,C-HR,Suv,Hybrid,34378.0,310090.0,23.0,1.94,1.91,3.49,1,1630.0
7585,Toyota,2017.0,12.0,Germany,bZ4X,Suv,Petrol,53370.0,282979.0,46.0,1.91,1.31,3.1,3,2355.0
7586,Ford,2024.0,6.0,Spain,Escape,Suv,Electric,54354.0,347768.0,94.0,1.77,1.23,3.62,2,811.0
7587,Tesla,2022.0,5.0,Mexico,Model X Plaid,Suv,Electric,58419.0,83245.0,20.0,1.18,1.96,10.9,7,1912.0
7588,Mercedes-Benz,2015.0,6.0,France,GLC,Suv,Hybrid,94759.0,179468.0,45.0,1.79,1.57,3.57,9,1008.0
7589,Audi,2015.0,2.0,Mexico,A3,Sedan,Hybrid,32143.0,103344.0,9.0,1.19,1.7,11.24,6,851.0
7590,BMW,2020.0,9.0,Germany,i4,Suv,Petrol,98723.0,485686.0,38.0,1.9982337252273952,1.913411389210708,2.8002203676552453,4,206.0
7591,Porsche,2022.0,3.0,Netherlands,Macan EV,Suv,Electric,116132.0,198509.0,22.0,2.02,2.2,3.27,10,306.0
7592,Mercedes-Benz,2019.0,2.0,Mexico,S-Class,Sedan,Diesel,107934.0,151170.0,54.0,1.05,2.1,10.9,8,1004.0
7593,Porsche,2020.0,3.0,Italy,GTS,Sedan,Petrol,72687.0,269639.0,26.0,1.82,1.13,3.69,9,227.0
7594,Volkswagen,2018.0,2.0,Mexico,Golf,Sedan,Diesel,59359.0,437497.0,42.0,1.02,1.92,10.84,3,2695.0
7595,Porsche,2015.0,3.0,Spain,Panamera Sport,Sedan,Hybrid,104096.0,104845.0,3.0,1.77,1.05,3.73,2,91.0
7596,Porsche,2017.0,5.0,USA,718,Sedan,Hybrid,137908.0,237670.0,25.0,1.01,2.88,4.44,6,159.0
7597,Mercedes-Benz,2024.0,8.0,Germany,EQS,Suv,Petrol,97830.0,459680.0,31.0,1.91,2.04,2.97,4,1220.0
7598,Audi,2015.0,12.0,UK,A6,Sedan,Diesel,74915.0,162078.0,31.0,1.84,1.95,5.11,4,1159.0
7600,Volkswagen,2021.0,9.0,Italy,Taos,Suv,Electric,38789.0,328405.0,23.0,1.76,0.51,3.75,2,468.0
7601,Toyota,2024.0,10.0,Mexico,C-HR,Suv,Electric,31827.0,411525.0,76.0,1.01,2.1,11.14,8,1917.0
7602,Mercedes-Benz,2023.0,9.0,China,GLE,Suv,Petrol,120047.0,124465.0,24.0,1.09,6.1,3.44,9,1064.0
7603,Porsche,2015.0,11.0,UK,718,Sedan,Electric,75549.0,328498.0,23.0,1.91,1.33,4.83,6,157.0
7604,Mercedes-Benz,2024.0,1.0,Australia,E-Class,Sedan,Diesel,125828.0,92635.0,31.0,1.69,2.99,4.45,7,258.0
7605,Toyota,2018.0,8.0,Brazil,RAV4,Suv,Electric,21196.0,283629.0,54.0,1.22,3.17,10.51,9,673.0
7606,Porsche,2017.0,1.0,Netherlands,Cayenne Coupe,Suv,Electric,63835.0,392466.0,28.0,1.96,1.65,3.57,9,214.0
7607,Porsche,2023.0,2.0,UK,Panamera,Sedan,Electric,68714.0,275879.0,17.0,1.86,1.22,5.26,2,38.0
7608,Volkswagen,2020.0,3.0,France,Tiguan,Suv,Petrol,31071.0,274562.0,23.0,1.89,1.43,3.66,5,2471.0
7609,Mercedes-Benz,2024.0,4.0,Japan,CLA,Sedan,Hybrid,93747.0,421288.0,12.0,1.45,0.83,0.26,8,1230.0
7610,Ford,2018.0,5.0,Brazil,Mustang Mach-E,Suv,Petrol,81274.0,564296.0,61.0,1.24,3.18,10.27,1,2120.0
7611,Audi,2018.0,9.0,China,A4,Sedan,Diesel,46818.0,241192.0,29.0,1.15,5.68,3.75,3,513.0
7612,BMW,2022.0,3.0,UK,X1,Suv,Diesel,104322.0,252630.0,197.0,1.932882389184992,1.6650366745462557,4.80522276717407,9,609.0
7613,Porsche,2021.0,5.0,UK,GTS,Sedan,Petrol,118637.0,107762.0,18.0,1.76,1.21,5.17,6,9.0
7614,Ford,2017.0,9.0,India,F-150,Suv,Petrol,82137.0,432095.0,31.0,1.07,6.99,6.28,3,1688.0
7615,Audi,2022.0,7.0,Canada,Q7,Suv,Electric,33090.0,230458.0,44.0,1.2,2.27,3.96,7,110.0
7616,Tesla,2015.0,12.0,Spain,Model Y,Suv,Electric,64473.0,195547.0,13.0,1.7,1.18,3.75,4,1143.0
7617,Tesla,2023.0,12.0,USA,Model S Plaid,Suv,Electric,101460.0,81538.0,18.0,1.01,2.63,4.77,7,2410.0
7618,Toyota,2021.0,9.0,Netherlands,Supra,Sedan,Hybrid,45740.0,634802.0,83.0,2.09,2.25,3.25,1,1931.0
7619,BMW,2021.0,12.0,UK,X3,Suv,Electric,61532.0,405113.0,66.0,1.8702148333600463,1.582198746594114,4.922703454062576,6,201.0
7620,Audi,2022.0,12.0,China,Q7,Suv,Hybrid,90085.0,529484.0,36.0,1.15,6.35,3.6,8,770.0
7621,Mercedes-Benz,2016.0,8.0,Germany,GLS,Suv,Diesel,106474.0,455120.0,47.0,1.84,1.51,3.11,6,276.0
7622,Audi,2022.0,2.0,Germany,Q8,Suv,Petrol,77912.0,217705.0,31.0,1.82,1.3,2.94,6,569.0
7623,BMW,2023.0,8.0,Australia,i4,Suv,Diesel,111441.0,279167.0,156.0,1.5579502905827538,2.7287981654916225,3.996187945897276,6,705.0
7624,BMW,2022.0,8.0,France,iX,Sedan,Hybrid,39823.0,375188.0,253.0,1.745076253601353,1.1756050406167509,3.4194084489568226,4,794.0
7626,Tesla,2017.0,1.0,Spain,Semi,Suv,Electric,62748.0,191937.0,24.0,1.68,1.21,3.42,4,725.0
7627,Toyota,2021.0,4.0,Spain,Corolla,Sedan,Electric,50556.0,518960.0,62.0,1.73,1.11,3.33,1,479.0
7629,Porsche,2023.0,7.0,Australia,911,Sedan,Petrol,69134.0,92642.0,5.0,1.64,3.04,4.52,4,292.0
7630,Toyota,2019.0,7.0,China,Supra,Sedan,Hybrid,72436.0,215896.0,47.0,1.17,6.32,3.63,1,841.0
7631,BMW,2018.0,7.0,Canada,i4,Suv,Electric,35786.0,266398.0,246.0,1.274188201631553,2.5167794665056364,3.808968380653962,9,575.0
7632,Volkswagen,2016.0,3.0,Brazil,T-Roc,Suv,Diesel,57318.0,232741.0,38.0,1.25,3.59,10.59,5,331.0
7633,BMW,2017.0,1.0,China,i4,Suv,Hybrid,92204.0,139326.0,335.0,1.1394418763819274,6.432924862569672,3.696503791923933,4,698.0
7634,Volkswagen,2023.0,8.0,Brazil,ID.3,Suv,Hybrid,51078.0,537559.0,50.0,1.29,3.37,10.44,8,1580.0
7635,BMW,2018.0,12.0,Australia,X3,Suv,Petrol,98752.0,486670.0,343.0,1.5873228379537534,3.450459170575296,4.2989733757935165,1,1116.0
7636,Mercedes-Benz,2015.0,7.0,UK,GLC,Suv,Petrol,108351.0,423646.0,41.0,1.8,0.58,3.4,6,1162.0
7637,Volkswagen,2019.0,12.0,Spain,Passat,Sedan,Diesel,24544.0,332632.0,15.0,1.71,1.49,3.45,4,970.0
7638,Mercedes-Benz,2016.0,3.0,Mexico,GLC,Suv,Electric,123637.0,86170.0,17.0,1.08,2.12,10.72,2,744.0
7639,Toyota,2024.0,10.0,Mexico,RAV4,Suv,Electric,87012.0,65212.0,93.0,1.19,2.41,10.73,2,584.0
7640,Tesla,2015.0,2.0,USA,Model X,Suv,Electric,94849.0,33186.0,3.0,1.0,2.43,4.37,8,783.0
7641,Tesla,2023.0,7.0,France,Model S Plaid,Suv,Electric,92541.0,119825.0,30.0,1.75,1.78,3.51,10,1087.0
7642,Mercedes-Benz,2024.0,7.0,USA,GLE,Suv,Electric,128774.0,181586.0,44.0,1.02,2.92,4.29,4,800.0
7643,Ford,2017.0,8.0,Mexico,F-150,Suv,Petrol,31325.0,408559.0,67.0,1.06,1.57,11.2,4,167.0
7644,Tesla,2016.0,3.0,UK,Model Y,Suv,Electric,92864.0,220395.0,4.0,1.85,1.31,5.18,3,1922.0
7645,Ford,2019.0,9.0,UK,Explorer,Suv,Electric,52169.0,243668.0,65.0,1.83,1.68,4.87,4,3896.0
7646,Volkswagen,2016.0,1.0,Germany,Golf,Sedan,Hybrid,21209.0,208974.0,54.0,1.85,1.89,2.72,2,2262.0
7647,Volkswagen,2020.0,9.0,Spain,Touareg,Suv,Hybrid,33566.0,443692.0,63.0,1.76,0.83,3.21,8,1202.0
7648,BMW,2019.0,5.0,China,X3,Suv,Petrol,119269.0,251893.0,292.0,1.1957050936778282,5.845341952244888,3.401366272561906,6,910.0
7649,Audi,2021.0,2.0,Brazil,Q3,Suv,Electric,70107.0,420586.0,18.0,1.28,3.48,10.72,4,37.0
7650,Volkswagen,2024.0,7.0,USA,Passat,Sedan,Petrol,35611.0,102944.0,82.0,1.05,2.61,4.74,3,1659.0
7651,Tesla,2021.0,5.0,UK,Cybertruck,Suv,Electric,49604.0,225533.0,32.0,1.81,1.15,5.17,5,1373.0
7652,Mercedes-Benz,2020.0,12.0,China,EQE,Suv,Diesel,66267.0,134652.0,31.0,1.08,5.9,3.61,2,655.0
7653,Mercedes-Benz,2022.0,5.0,UK,CLA,Sedan,Electric,62369.0,347534.0,38.0,1.87,1.17,4.93,7,788.0
7654,Toyota,2019.0,11.0,Germany,Supra,Sedan,Petrol,73779.0,306845.0,54.0,1.89,2.29,3.12,7,1102.0
7655,Mercedes-Benz,2023.0,6.0,UK,S-Class,Sedan,Electric,50857.0,117051.0,53.0,1.89,1.62,5.17,9,760.0
7656,Mercedes-Benz,2022.0,8.0,Japan,EQE,Suv,Petrol,123541.0,256091.0,55.0,1.55,1.14,0.18,5,555.0
7657,Tesla,2022.0,2.0,UK,Model S Plaid,Suv,Electric,92607.5,217941.0,15.0,1.75,1.76,5.17,5,902.0
7658,Audi,2020.0,11.0,Japan,A4,Sedan,Electric,37328.0,321271.0,42.0,1.48,1.42,0.29,2,272.0
7659,Audi,2020.0,1.0,Australia,Q5,Suv,Diesel,104368.0,536450.0,45.0,1.64,2.87,4.06,3,737.0
7660,Mercedes-Benz,2017.0,11.0,Netherlands,S-Class,Sedan,Electric,127670.0,238855.0,12.0,2.02,2.51,3.67,10,750.0
7661,BMW,2015.0,2.0,Brazil,3 Series,Suv,Hybrid,50630.0,101024.0,191.0,1.1223024424642551,3.367785987756153,10.23485517124821,8,780.0
7662,Volkswagen,2023.0,7.0,India,Arteon,Sedan,Petrol,50894.0,227844.0,8.0,1.14,7.27,6.25,1,152.0
7663,Toyota,2016.0,10.0,Japan,Yaris,Sedan,Electric,44036.0,607247.0,94.0,1.59,1.28,-0.05,5,699.0
7664,Volkswagen,2017.0,1.0,China,ID.3,Suv,Diesel,41084.0,329903.0,29.0,1.18,6.12,3.25,3,1791.0
7665,Toyota,2016.0,8.0,China,Land Cruiser,Suv,Hybrid,77335.0,151630.0,45.0,1.1,5.71,3.72,1,2476.0
7666,BMW,2022.0,12.0,USA,5 Series,Suv,Hybrid,40594.0,259755.0,25.0,0.9902230023486416,2.0580836121682,4.719705687464961,7,152.0
7667,Mercedes-Benz,2016.0,12.0,China,EQE,Suv,Diesel,55006.0,489455.0,42.0,1.0950000000000002,5.85,3.49,8,772.0
7668,BMW,2020.0,2.0,Germany,i7,Sedan,Electric,43997.0,286774.0,146.0,1.8132019688280483,1.7075430310324309,2.9442638934753766,9,389.0
7669,Audi,2022.0,8.0,Australia,TT,Sedan,Electric,59676.0,273551.0,32.0,1.53,2.99,4.13,6,549.0
7670,Audi,2020.0,1.0,Mexico,Q8,Suv,Petrol,87463.0,409857.0,35.0,1.19,1.52,11.14,2,1151.0
7672,Mercedes-Benz,2020.0,11.0,Germany,GLE,Suv,Hybrid,80368.0,72187.0,46.0,1.83,1.86,2.88,9,396.0
7673,Mercedes-Benz,2015.0,3.0,India,EQS,Suv,Electric,69699.0,464851.0,10.0,0.99,7.49,6.66,5,629.0
7674,Porsche,2023.0,4.0,Japan,718,Sedan,Electric,67132.0,81586.0,24.0,1.57,1.61,-0.07,2,154.0
7675,Mercedes-Benz,2024.0,10.0,UK,CLA,Sedan,Diesel,129865.0,187119.0,48.0,1.84,1.01,4.71,9,503.0
7676,Tesla,2022.0,5.0,China,Cybertruck,Suv,Electric,88892.0,199034.0,6.0,1.17,5.59,3.56,5,1196.0
7677,Ford,2020.0,8.0,Canada,Edge,Suv,Hybrid,47196.0,516427.0,31.0,1.23,2.15,3.89,6,1100.0
7678,Tesla,2024.0,6.0,China,Model X Plaid,Suv,Electric,52066.0,88986.0,24.0,1.02,5.77,3.72,8,1889.0
7679,Audi,2018.0,9.0,Spain,A3,Sedan,Petrol,111213.0,159429.0,31.0,1.7,1.05,3.56,1,822.0
7680,BMW,2022.0,3.0,China,X5,Sedan,Electric,111981.0,86160.0,270.0,1.0610621353393463,6.194150573509831,3.507592851887032,5,573.0
7681,Volkswagen,2023.0,5.0,Australia,T-Roc,Suv,Petrol,36134.0,484562.0,37.0,1.58,2.79,4.02,4,1147.0
7682,BMW,2016.0,2.0,India,X7,Sedan,Petrol,95739.0,307831.0,30.0,1.076461166118716,7.228216348611859,6.420669879631552,7,184.0
7683,Mercedes-Benz,2019.0,9.0,Australia,E-Class,Sedan,Electric,60826.0,205032.0,56.0,1.57,3.18,4.05,5,109.0
7684,Volkswagen,2021.0,1.0,Australia,Tiguan,Suv,Electric,22388.0,523840.0,72.0,1.61,3.1,3.98,4,2289.0
7685,Toyota,2017.0,3.0,USA,Highlander,Suv,Petrol,61375.0,683921.0,94.0,1.05,2.72,4.7,9,1311.0
7686,Porsche,2018.0,11.0,Canada,Cayenne Coupe,Suv,Hybrid,127775.0,211381.0,20.0,1.26,1.74,4.13,5,211.0
7687,Porsche,2018.0,11.0,USA,Panamera Sport,Sedan,Electric,82584.0,235719.0,4.0,0.87,2.47,4.47,2,393.0
7688,Audi,2016.0,7.0,Brazil,A4,Sedan,Hybrid,57668.0,373373.0,51.0,1.17,3.07,10.51,2,493.0
7689,Audi,2019.0,11.0,Australia,e-tron,Suv,Petrol,60328.0,533474.0,36.0,1.66,2.76,4.08,7,964.0
7690,BMW,2023.0,4.0,France,3 Series,Suv,Petrol,92196.0,256717.0,87.0,1.7494680631638166,1.5769001064679702,3.6309987052232016,4,566.0
7691,Audi,2022.0,5.0,UK,TT,Sedan,Diesel,41960.0,318326.0,23.0,1.75,1.76,5.25,6,954.0
7692,BMW,2018.0,6.0,Brazil,i4,Suv,Electric,40269.0,348162.0,20.0,1.2066773257530723,3.909454610937242,10.633285941273543,10,476.0
7693,Toyota,2018.0,9.0,Japan,C-HR,Suv,Electric,68065.0,43988.0,46.0,1.53,1.37,0.38,10,173.0
7695,Toyota,2017.0,2.0,France,bZ4X,Suv,Petrol,19303.0,441523.0,54.0,1.76,2.1,3.74,9,628.0
7696,Mercedes-Benz,2018.0,1.0,Italy,CLA,Sedan,Diesel,46714.0,130373.0,43.0,1.93,0.6,3.3,9,272.0
7697,Toyota,2017.0,4.0,Italy,Yaris,Sedan,Petrol,33443.0,230688.0,97.0,1.85,1.29,3.58,9,2965.0
7698,Volkswagen,2023.0,6.0,Canada,Passat,Sedan,Hybrid,25838.0,123030.0,72.0,1.26,2.27,3.96,5,672.0
7699,BMW,2024.0,2.0,Brazil,iX,Sedan,Diesel,117203.0,116381.0,347.0,1.2535135257035837,3.3698132559871765,10.231413012112483,6,926.0
7701,Volkswagen,2022.0,8.0,France,Arteon,Sedan,Hybrid,67225.0,57191.0,10.0,1.7,1.8,3.36,8,959.0
7702,Volkswagen,2024.0,4.0,Germany,Golf,Sedan,Petrol,41665.0,284893.0,65.0,1.94,2.17,3.26,1,1515.0
7703,Volkswagen,2018.0,12.0,Germany,Taos,Suv,Diesel,27134.0,120885.0,36.0,1.84,1.3,2.81,7,1486.0
7704,Tesla,2024.0,12.0,Australia,Model 3,Suv,Electric,60355.0,138738.0,2.0,1.63,3.43,3.96,9,1264.0
7705,Tesla,2017.0,12.0,UK,Model X,Suv,Electric,102022.0,148533.0,32.0,1.93,1.93,4.9,7,131.0
7706,Tesla,2017.0,7.0,Brazil,Model X,Suv,Electric,127848.0,44168.0,6.0,1.16,3.84,10.48,2,941.0
7707,Porsche,2021.0,1.0,UK,Taycan,Suv,Hybrid,161541.0,199645.0,10.0,1.88,1.21,5.16,6,479.0
7708,Volkswagen,2022.0,5.0,Canada,Arteon,Sedan,Electric,20777.0,408758.0,66.0,1.33,2.26,4.12,6,2032.0
7709,Volkswagen,2015.0,11.0,Australia,Tiguan,Suv,Hybrid,20703.0,261888.0,29.0,1.69,2.78,4.47,6,1507.0
7710,Porsche,2017.0,8.0,China,Panamera,Sedan,Hybrid,116573.0,127521.0,4.0,1.15,6.035,3.71,6,373.0
7711,Mercedes-Benz,2018.0,9.0,Canada,S-Class,Sedan,Petrol,109066.0,472174.0,48.0,1.27,2.04,3.98,7,281.0
7713,BMW,2018.0,5.0,UK,5 Series,Suv,Electric,92514.0,228986.0,178.0,1.85,1.6075448519014384,4.802314474212375,2,447.0
7714,Toyota,2018.0,4.0,Spain,Prius,Suv,Petrol,49104.0,251770.0,73.0,1.67,1.58,3.52,1,2617.0
7716,Volkswagen,2022.0,2.0,Netherlands,Touareg,Suv,Electric,62681.0,167704.0,69.0,2.07,2.53,3.47,5,904.0
7717,Mercedes-Benz,2021.0,9.0,China,EQS,Suv,Electric,77540.5,353828.0,49.0,1.16,6.11,3.3,8,988.0
7718,BMW,2018.0,5.0,Brazil,X3,Suv,Electric,115859.0,326601.0,298.0,1.1320049872926388,3.0309557909193434,10.432792055968122,8,640.0
7719,Tesla,2016.0,6.0,China,Semi,Suv,Electric,126967.0,91969.0,7.0,1.18,6.11,3.31,9,740.0
7720,Ford,2019.0,6.0,Canada,Mustang Mach-E,Suv,Petrol,29817.0,727410.0,76.0,1.26,2.54,4.1,2,2380.0
7721,Volkswagen,2023.0,2.0,Canada,Golf,Sedan,Electric,75984.0,243383.0,16.0,1.3,1.88,3.78,3,268.0
7722,Volkswagen,2019.0,3.0,Spain,Passat,Sedan,Petrol,53306.0,242945.0,36.0,1.71,1.23,3.64,8,300.0
7723,Toyota,2017.0,2.0,USA,RAV4,Suv,Electric,44072.0,610646.0,38.0,1.0,2.3,4.63,4,327.0
7725,Ford,2021.0,7.0,Mexico,Edge,Suv,Electric,22479.0,761184.0,89.0,1.02,2.42,11.29,7,3146.0
7726,Volkswagen,2022.0,10.0,USA,ID.3,Suv,Petrol,73322.0,542194.0,47.0,0.97,2.84,4.2,2,107.0
7727,Toyota,2023.0,11.0,UK,Yaris,Sedan,Hybrid,28135.0,364147.0,47.0,1.78,1.92,5.27,2,1991.0
7728,BMW,2015.0,1.0,China,iX,Sedan,Petrol,63633.0,176218.0,280.0,1.1643720118580714,6.20096913145912,3.243657803818516,5,941.0
7729,Porsche,2020.0,6.0,Brazil,Macan,Suv,Petrol,78597.0,143250.0,18.0,1.27,3.37,10.76,2,146.0
7730,Mercedes-Benz,2021.0,5.0,Spain,GLS,Suv,Electric,65068.0,524676.0,33.0,1.72,1.38,3.66,8,1043.0
7731,Mercedes-Benz,2019.0,9.0,Spain,C-Class,Sedan,Diesel,34251.0,351761.0,56.0,1.67,1.37,3.51,3,1245.0
7732,Mercedes-Benz,2017.0,10.0,China,A-Class,Sedan,Petrol,89097.0,432184.0,11.0,1.16,6.035,3.24,9,1071.0
7733,Toyota,2018.0,9.0,Germany,Prius,Suv,Hybrid,51873.0,686861.0,27.0,1.92,1.88,3.04,5,1927.0
7734,Toyota,2019.0,9.0,France,Prius,Suv,Electric,72305.0,64309.0,45.0,1.71,2.0,3.56,6,2333.0
7735,Toyota,2018.0,7.0,France,bZ4X,Suv,Hybrid,47842.0,61689.0,22.0,1.85,1.44,3.74,10,993.0
7736,Volkswagen,2022.0,9.0,China,Arteon,Sedan,Hybrid,54433.0,335502.0,65.0,1.06,5.67,3.28,1,2767.0
7737,Ford,2020.0,4.0,France,Bronco,Suv,Hybrid,83243.0,572836.0,55.0,1.73,1.93,3.25,8,1514.0
7738,Volkswagen,2018.0,3.0,USA,Polo,Sedan,Petrol,67352.0,116202.0,67.0,1.02,2.39,4.57,7,1497.0
7739,Toyota,2019.0,5.0,Mexico,Corolla,Sedan,Hybrid,83268.0,139980.0,44.0,1.16,1.97,11.15,1,177.0
7740,Mercedes-Benz,2023.0,6.0,Germany,EQS,Suv,Hybrid,76641.0,523521.0,62.0,1.91,2.23,3.05,9,658.0
7741,Toyota,2016.0,8.0,UK,Supra,Sedan,Hybrid,66440.0,368308.0,74.0,1.79,1.22,4.9,3,2481.0
7742,BMW,2022.0,1.0,Canada,X7,Sedan,Electric,68073.0,283996.0,342.0,1.3037676114252146,2.6208418826173725,4.221937817237277,3,937.0
7743,Mercedes-Benz,2020.0,3.0,Italy,E-Class,Sedan,Diesel,34790.0,354628.0,47.0,1.85,0.69,3.36,1,1031.0
7744,Ford,2015.0,12.0,Australia,Mustang,Sedan,Electric,42304.0,655536.0,66.0,1.7,3.07,4.1,6,2511.0
7745,Toyota,2020.0,12.0,Japan,Prius,Suv,Electric,87847.0,555319.0,35.0,1.47,1.1,0.09,3,1713.0
7746,Toyota,2016.0,12.0,UK,Camry,Sedan,Electric,36088.0,446656.0,83.0,1.77,1.38,5.28,8,1384.0
7747,BMW,2016.0,8.0,Japan,X1,Suv,Diesel,95430.0,369532.0,214.0,1.5,0.9346420818554536,0.0395895494855848,1,510.0
7748,Audi,2017.0,2.0,China,Q7,Suv,Hybrid,43762.0,286527.0,23.0,1.1,6.21,3.61,5,668.0
7749,Volkswagen,2015.0,1.0,Spain,Touareg,Suv,Electric,39159.0,243116.0,36.0,1.74,1.01,3.43,9,2584.0
7750,BMW,2017.0,12.0,Germany,X5,Sedan,Diesel,38720.0,107836.0,99.0,1.9261843580458329,1.75,2.7047049544631503,6,349.0
7751,Ford,2018.0,12.0,Canada,Explorer,Suv,Hybrid,50855.0,696120.0,49.0,1.39,1.91,3.83,3,249.0
7752,Porsche,2024.0,7.0,Germany,Cayenne Coupe,Suv,Electric,195355.0,303443.0,21.0,1.99,2.11,3.24,3,229.0
7753,Volkswagen,2020.0,12.0,Spain,Tiguan,Suv,Petrol,50291.0,309932.0,40.0,1.74,0.95,3.69,4,907.0
7754,Volkswagen,2022.0,7.0,Brazil,Passat,Sedan,Electric,64524.0,235930.0,10.0,1.12,3.54,10.46,5,1442.0
7755,Toyota,2024.0,9.0,China,C-HR,Suv,Petrol,70954.0,636245.0,14.0,1.04,6.25,3.55,1,1395.0
7756,Audi,2022.0,7.0,France,A4,Sedan,Electric,99433.0,308596.0,35.0,1.81,1.53,3.78,7,655.0
7757,BMW,2018.0,7.0,Australia,X3,Suv,Electric,43947.0,474041.0,208.0,1.5744036171585567,3.490505142000673,4.197570606146856,3,837.0
7758,Volkswagen,2021.0,12.0,Germany,Polo,Sedan,Hybrid,33232.0,366364.0,29.0,1.83,1.35,3.24,9,986.0
7759,Audi,2021.0,1.0,Italy,Q8,Suv,Diesel,64386.0,301779.0,51.0,1.76,1.29,3.3,1,146.0
7760,Volkswagen,2017.0,8.0,Brazil,Golf,Sedan,Electric,59193.0,188449.0,37.0,1.11,3.92,10.63,9,415.0
7761,Audi,2024.0,3.0,Spain,Q8,Suv,Diesel,85439.0,112822.0,24.0,1.8,1.68,3.65,9,182.0
7762,Volkswagen,2020.0,1.0,Canada,Tiguan,Suv,Petrol,52309.0,68725.0,63.0,1.26,2.64,3.81,6,1028.0
7763,Tesla,2017.0,4.0,Spain,Semi,Suv,Electric,125354.0,115063.0,29.0,1.81,1.1,3.32,7,896.0
7764,BMW,2024.0,11.0,Australia,i4,Suv,Diesel,89970.0,168910.0,342.0,1.6886151675489416,2.9394049896944523,4.317763749496716,5,798.0
7765,Ford,2019.0,11.0,Mexico,Explorer,Suv,Hybrid,83952.0,165775.0,105.0,1.04,2.16,11.29,10,3972.0
7766,Mercedes-Benz,2019.0,1.0,India,CLA,Sedan,Electric,79008.0,586370.0,55.0,1.01,7.48,6.26,2,661.0
7767,Toyota,2021.0,2.0,China,Corolla,Sedan,Hybrid,76366.0,113369.0,13.0,1.11,6.13,3.68,3,1035.0
7768,Audi,2020.0,6.0,Italy,Q5,Suv,Hybrid,78567.0,356541.0,51.0,1.84,1.1,3.65,7,984.0
7769,Audi,2022.0,5.0,UK,A3,Sedan,Diesel,60093.0,380685.0,42.0,1.81,1.06,4.8,6,677.0
7771,Audi,2016.0,3.0,Mexico,e-tron,Suv,Diesel,41770.0,508474.0,38.0,1.01,2.065,10.97,7,1014.0
7772,Porsche,2019.0,8.0,China,Cayenne,Suv,Hybrid,105280.0,305496.0,16.0,1.14,5.67,3.63,8,98.0
7773,Mercedes-Benz,2018.0,11.0,Brazil,E-Class,Sedan,Petrol,52513.0,103234.0,33.0,1.25,3.08,10.68,6,32.0
7774,Mercedes-Benz,2023.0,3.0,Germany,EQE,Suv,Diesel,119936.0,430284.0,56.0,1.84,2.16,2.89,8,133.0
7775,Ford,2023.0,3.0,India,Bronco,Suv,Hybrid,35291.0,481769.0,14.0,1.03,7.33,6.36,8,3891.0
7776,Toyota,2024.0,9.0,Mexico,RAV4,Suv,Electric,31892.0,136730.0,81.0,1.04,2.29,11.12,8,1421.0
7777,Volkswagen,2015.0,2.0,Brazil,Polo,Sedan,Electric,20321.0,267848.0,70.0,1.13,3.55,10.72,7,2310.0
7778,Toyota,2018.0,9.0,Japan,Prius,Suv,Petrol,31297.0,243456.0,53.0,1.54,1.63,0.03,9,1841.0
7779,BMW,2023.0,7.0,Germany,i7,Sedan,Electric,119307.0,208177.0,67.0,1.9263627054033337,1.9169269183757425,3.288711706816454,7,353.0
7780,Ford,2020.0,9.0,Germany,Bronco,Suv,Electric,67132.0,604799.0,11.0,1.87,2.07,2.94,2,1398.0
7782,Porsche,2019.0,5.0,China,718,Sedan,Petrol,164850.0,83914.0,9.0,1.19,6.01,3.45,7,413.0
7783,Tesla,2015.0,11.0,Spain,Model Y,Suv,Electric,76403.0,256489.0,10.0,1.75,0.86,3.35,6,803.0
7784,Ford,2022.0,8.0,USA,Expedition,Suv,Petrol,67696.0,463673.0,75.0,0.91,2.68,4.63,2,1171.0
7785,Ford,2023.0,9.0,USA,F-150 Lightning,Suv,Electric,38072.0,472340.0,83.0,1.02,2.42,4.5,3,1576.0
7786,Volkswagen,2022.0,12.0,UK,ID.3,Suv,Electric,26338.0,237967.0,33.0,1.78,1.33,5.16,8,1031.0
7789,Porsche,2018.0,10.0,Mexico,Cayenne,Suv,Hybrid,195001.0,208598.0,6.0,1.02,2.3,11.17,9,442.0
7790,Tesla,2017.0,3.0,Italy,Model 3,Suv,Electric,122062.0,166673.0,14.0,1.85,0.63,3.56,8,892.0
7791,Audi,2017.0,6.0,France,Q7,Suv,Electric,49921.0,492813.0,8.0,1.76,1.95,3.57,8,543.0
7792,Tesla,2020.0,6.0,Mexico,Cybertruck,Suv,Electric,95550.0,229770.0,22.0,1.0,1.82,11.03,4,423.0
7793,Mercedes-Benz,2023.0,8.0,USA,C-Class,Sedan,Diesel,122381.0,588393.0,5.0,0.92,2.41,4.72,8,817.0
7794,Ford,2018.0,10.0,UK,Explorer,Suv,Hybrid,70602.0,378905.0,69.0,1.81,1.45,4.96,3,1173.0
7795,BMW,2022.0,7.0,Germany,i4,Suv,Electric,118232.0,67143.0,153.0,1.8361150690254664,2.0055751725156883,3.2551489904493995,1,497.0
7796,Mercedes-Benz,2023.0,3.0,UK,C-Class,Sedan,Petrol,126795.0,368447.0,56.0,2.02,2.17,3.72,5,198.0
7797,Ford,2022.0,6.0,Japan,Mustang,Sedan,Electric,52679.0,542869.0,13.0,1.55,1.27,-0.07,7,358.0
7798,Volkswagen,2016.0,11.0,Germany,Golf,Sedan,Hybrid,24688.0,218548.0,88.0,1.97,1.72,2.79,2,338.0
7799,Toyota,2020.0,6.0,Spain,Land Cruiser,Suv,Hybrid,50335.0,170646.0,17.0,1.77,1.69,3.76,4,2167.0
7800,BMW,2023.0,9.0,Japan,3 Series,Suv,Hybrid,56042.0,55636.0,108.0,1.56382046353484,1.1348273386037462,-0.0521587800565359,4,552.0
7801,Ford,2021.0,1.0,France,Ranger,Suv,Petrol,69408.0,309189.0,94.0,1.76,1.66,3.22,10,177.0
7803,Porsche,2018.0,6.0,Canada,Panamera Sport,Sedan,Electric,151603.0,192138.0,19.0,1.3,2.68,3.75,8,112.0
7804,Toyota,2020.0,1.0,Spain,Yaris,Sedan,Hybrid,47708.0,651653.0,44.0,1.69,1.1,3.5,2,324.0
7805,Audi,2020.0,8.0,France,A3,Sedan,Petrol,98191.0,349924.0,20.0,1.9,1.63,3.69,2,681.0
7806,Porsche,2018.0,9.0,Spain,718,Sedan,Electric,163475.0,213458.0,5.0,1.77,1.48,3.4,3,131.0
7808,Toyota,2016.0,2.0,Spain,bZ4X,Suv,Hybrid,31395.0,60478.0,87.0,1.73,1.06,3.54,9,1219.0
7810,Toyota,2022.0,4.0,Japan,Supra,Sedan,Petrol,85978.0,630958.0,10.0,1.41,0.84,-0.18,10,2805.0
7811,Ford,2017.0,1.0,France,Ranger,Suv,Electric,58584.0,125049.0,47.0,1.79,1.63,3.27,4,241.0
7812,Porsche,2019.0,10.0,China,Panamera,Sedan,Petrol,131180.0,236379.0,23.0,1.09,5.85,3.47,6,433.0
7813,Mercedes-Benz,2024.0,4.0,USA,S-Class,Sedan,Hybrid,82736.0,275055.0,34.0,0.96,2.01,4.72,10,874.0
7814,BMW,2018.0,11.0,Canada,X5,Sedan,Diesel,56199.0,429553.0,173.0,1.3849387236557127,2.041066351050259,3.7680841127443534,3,534.0
7815,Mercedes-Benz,2024.0,11.0,Brazil,A-Class,Sedan,Petrol,59244.0,194347.0,61.0,1.13,3.78,10.44,5,401.0
7818,Mercedes-Benz,2016.0,12.0,France,GLC,Suv,Diesel,115896.0,314538.0,57.0,1.82,1.23,3.71,10,393.0
7819,Mercedes-Benz,2021.0,11.0,Mexico,EQS,Suv,Electric,47742.0,130371.0,25.0,1.03,1.75,10.74,8,1053.0
7820,Volkswagen,2023.0,1.0,France,ID.3,Suv,Diesel,79064.0,118636.0,68.0,1.81,1.98,3.63,7,1201.0
7821,BMW,2022.0,4.0,Germany,X1,Suv,Petrol,106947.0,444890.0,383.0,1.9298420604232127,1.418817916268072,2.7705157480662628,9,849.0
7822,BMW,2024.0,4.0,Brazil,X1,Suv,Petrol,44873.0,444051.0,190.0,1.135429957889477,3.443750219304571,10.720885352626505,3,805.0
7823,Porsche,2018.0,3.0,Spain,718,Sedan,Electric,148662.0,253601.0,20.0,1.67,0.92,3.26,4,19.0
7824,Volkswagen,2024.0,11.0,India,Taos,Suv,Hybrid,44913.0,520948.0,62.0,1.04,7.35,6.61,1,326.0
7825,Volkswagen,2022.0,10.0,UK,Touareg,Suv,Hybrid,37036.0,547537.0,30.0,1.23,2.65,3.94,3,1799.0
7826,Mercedes-Benz,2016.0,5.0,Canada,S-Class,Sedan,Electric,109223.0,309726.0,61.0,1.36,2.16,4.17,10,642.0
7827,Volkswagen,2023.0,8.0,France,T-Roc,Suv,Diesel,55677.0,104532.0,59.0,1.79,1.43,3.79,3,1070.0
7828,Ford,2015.0,5.0,China,F-150 Lightning,Suv,Hybrid,61181.0,612302.0,71.0,1.18,5.97,3.63,5,2586.0
7829,Volkswagen,2019.0,12.0,Germany,T-Roc,Suv,Petrol,40453.0,490629.0,48.0,1.81,1.46,2.81,4,1304.0
7830,Porsche,2023.0,1.0,Netherlands,Macan EV,Suv,Hybrid,82104.0,392259.0,13.0,2.09,2.31,3.56,2,422.0
7831,Tesla,2023.0,8.0,China,Model Y,Suv,Electric,115646.0,83906.0,39.0,1.14,5.89,3.27,7,907.0
7833,Porsche,2017.0,9.0,USA,Macan EV,Suv,Petrol,117476.0,248320.0,24.0,1.04,2.94,4.52,9,137.0
7834,Toyota,2023.0,4.0,Spain,Highlander,Suv,Hybrid,49849.5,433340.0,52.0,1.84,1.75,3.25,1,869.0
7835,Ford,2019.0,5.0,India,Ranger,Suv,Hybrid,75389.0,615257.0,26.0,0.95,7.046118602745924,6.46,4,3643.0
7836,Ford,2019.0,7.0,Italy,Edge,Suv,Electric,58010.0,538571.0,23.0,1.79,1.34,3.52,8,3324.0
7837,Ford,2023.0,8.0,Spain,Escape,Suv,Hybrid,35662.0,361454.0,103.0,1.66,1.46,3.38,3,1859.0
7838,Toyota,2020.0,9.0,Italy,Corolla,Sedan,Electric,45826.0,393627.0,68.0,1.79,0.79,3.49,3,1076.0
7839,Toyota,2020.0,1.0,India,Camry,Sedan,Electric,33659.0,690696.0,74.0,0.96,6.59,6.38,6,2486.0
7840,Ford,2022.0,12.0,Brazil,Bronco,Suv,Petrol,52985.0,577795.0,24.0,1.28,3.88,10.44,1,3893.0
7841,Tesla,2022.0,9.0,Germany,Cybertruck,Suv,Electric,85659.0,92999.0,34.0,1.97,1.88,3.1,5,1504.0
7842,Audi,2018.0,9.0,UK,Q5,Suv,Electric,42079.0,194359.0,6.0,1.77,1.07,4.82,3,831.0
7843,Mercedes-Benz,2022.0,11.0,Japan,E-Class,Sedan,Hybrid,87765.0,196254.0,59.0,1.53,1.6,-0.14,5,360.0
7844,Porsche,2021.0,11.0,UK,Macan EV,Suv,Petrol,167188.0,365431.0,11.0,1.95,1.65,4.9,9,266.0
7845,Audi,2023.0,6.0,Germany,Q8,Suv,Electric,67456.0,440395.0,21.0,1.8,1.69,2.91,1,579.0
7846,Ford,2024.0,12.0,Canada,Mustang Mach-E,Suv,Hybrid,73520.0,487314.0,115.0,1.28,2.03,4.12,1,1777.0
7847,Toyota,2016.0,2.0,Italy,Corolla,Sedan,Petrol,56063.0,232242.0,97.0,1.82,1.23,3.76,10,2578.0
7848,Ford,2017.0,6.0,India,F-150,Suv,Electric,65795.0,86362.0,59.0,1.0276331412253992,7.21,6.74,9,2457.0
7849,Ford,2019.0,4.0,Germany,Bronco,Suv,Electric,92660.0,75597.0,67.0,2.0,1.36,3.09,6,887.0
7850,Audi,2016.0,3.0,UK,Q8,Suv,Petrol,40565.0,318856.0,9.0,1.83,1.57,5.13,6,952.0
7851,Audi,2019.0,5.0,India,A3,Sedan,Electric,73370.0,299685.0,35.0,1.14,7.11,6.73,3,446.0
7852,Porsche,2022.0,2.0,Germany,Panamera,Sedan,Electric,176223.0,116427.0,26.0,1.92,1.63,3.22,9,343.0
7853,Toyota,2017.0,5.0,France,C-HR,Suv,Electric,56507.0,662781.0,17.0,1.7,1.87,3.56,6,1567.0
7854,BMW,2019.0,11.0,USA,iX,Sedan,Electric,76505.0,268547.0,241.0,1.0350098820360123,2.80498899968077,4.361892432076929,5,557.0
7855,Ford,2021.0,6.0,China,Bronco,Suv,Electric,51924.0,786241.0,11.0,1.15,6.17,3.68,7,2045.0
7856,Mercedes-Benz,2017.0,10.0,Japan,A-Class,Sedan,Hybrid,104760.0,441205.0,37.0,1.48,1.57,0.06,10,888.0
7857,BMW,2023.0,6.0,Japan,3 Series,Suv,Hybrid,80747.0,153463.0,38.0,1.4948428433314929,1.6710582451653675,0.3665598934680604,6,158.0
7858,Volkswagen,2016.0,8.0,Germany,Taos,Suv,Diesel,52241.0,114185.0,38.0,1.92,2.26,3.15,8,281.0
7859,Mercedes-Benz,2021.0,5.0,Netherlands,CLA,Sedan,Hybrid,49338.0,470650.0,64.0,2.04,1.8,3.73,3,1230.0
7860,Volkswagen,2021.0,3.0,Canada,Tiguan,Suv,Petrol,74757.0,504695.0,52.0,1.34,2.64,4.07,7,1451.0
7861,Tesla,2021.0,6.0,UK,Model Y,Suv,Electric,106714.0,280221.0,7.0,1.83,1.32,4.91,5,1180.0
7862,Volkswagen,2020.0,3.0,China,Touareg,Suv,Petrol,44551.0,87938.0,17.0,1.12,6.05,3.53,6,637.0
7863,Ford,2023.0,2.0,UK,F-150,Suv,Hybrid,44093.0,339721.0,62.0,1.83,1.72,5.27,10,121.0
7864,Tesla,2015.0,10.0,Canada,Model X,Suv,Electric,70249.0,254269.0,31.0,1.22,2.07,4.24,10,2458.0
7865,Ford,2019.0,1.0,USA,Explorer,Suv,Electric,28444.0,400260.0,92.0,1.06,2.29,4.68,7,1726.0
7866,BMW,2022.0,1.0,UK,7 Series,Sedan,Hybrid,117666.0,397186.0,60.0,1.8030404735363448,1.0936747678280925,4.92062948183566,3,260.0
7867,Ford,2019.0,5.0,USA,Ranger,Suv,Hybrid,92723.0,404515.0,86.0,0.91,2.62,4.34,2,829.0
7868,Mercedes-Benz,2020.0,8.0,Germany,EQS,Suv,Electric,69564.0,114198.0,43.0,1.97,2.19,3.27,1,1146.0
7870,Mercedes-Benz,2016.0,5.0,France,CLA,Sedan,Electric,42650.0,473961.0,62.0,1.84,1.97,3.56,4,1261.0
7871,Porsche,2022.0,8.0,China,911,Sedan,Electric,165694.0,126560.0,19.0,1.19,6.4,3.51,10,237.0
7872,Volkswagen,2016.0,11.0,Germany,Golf,Sedan,Diesel,32300.0,291637.0,63.0,1.95,1.33,2.79,4,2186.0
7873,Mercedes-Benz,2017.0,5.0,USA,A-Class,Sedan,Diesel,66297.0,520106.0,38.0,1.06,2.1,4.21,7,678.0
7874,Ford,2022.0,3.0,China,Edge,Suv,Petrol,74631.0,424622.0,104.0,1.02,6.13,3.67,8,2311.0
7875,Audi,2024.0,10.0,Italy,e-tron,Suv,Hybrid,99507.0,103882.0,7.0,1.86,1.26,3.63,6,199.0
7876,Audi,2022.0,6.0,China,RS6,Sedan,Electric,107674.0,180898.0,45.0,1.0,5.71,3.77,9,331.0
7877,Audi,2021.0,8.0,Canada,A3,Sedan,Electric,46170.0,485812.0,26.0,1.3,2.2,4.14,1,791.0
7878,Audi,2017.0,8.0,Mexico,Q3,Suv,Petrol,101889.0,411560.0,48.0,1.0,2.39,10.89,7,255.0
7879,Tesla,2016.0,1.0,USA,Model S,Suv,Electric,73789.0,119361.0,10.0,0.92,2.68,4.37,5,2194.0
7880,Toyota,2017.0,10.0,Italy,Corolla,Sedan,Electric,23351.0,250267.0,38.0,1.84,1.0,3.37,8,1022.0
7881,Ford,2021.0,3.0,UK,Ranger,Suv,Petrol,64106.0,340273.0,48.0,1.23,3.97,10.43,1,3489.0
7882,Mercedes-Benz,2021.0,1.0,Canada,C-Class,Sedan,Petrol,55211.0,344386.0,32.0,1.29,2.58,4.22,2,761.0
7883,Mercedes-Benz,2018.0,9.0,Italy,EQE,Suv,Diesel,120977.0,151124.0,63.0,1.81,1.45,3.61,5,599.0
7884,Ford,2019.0,11.0,Mexico,F-150 Lightning,Suv,Electric,40969.0,489052.0,76.0,1.01,1.64,10.82,8,275.0
7885,Ford,2018.0,3.0,Germany,Expedition,Suv,Hybrid,72379.0,616963.0,23.0,1.87,2.02,2.73,3,673.0
7886,Volkswagen,2015.0,5.0,Brazil,Polo,Sedan,Petrol,74751.0,343951.0,15.0,1.29,3.19,10.74,10,2626.0
7887,Mercedes-Benz,2016.0,10.0,Mexico,S-Class,Sedan,Hybrid,98354.0,303189.0,49.0,1.15,2.13,10.81,3,476.0
7888,BMW,2023.0,8.0,France,i4,Suv,Diesel,58065.0,79661.0,160.0,1.80109102358209,1.585589699659398,3.2165220319216794,2,786.0
7889,Mercedes-Benz,2021.0,2.0,Canada,E-Class,Sedan,Petrol,123377.0,171710.0,26.0,1.38,2.21,3.98,2,211.0
7890,Ford,2018.0,4.0,Japan,Ranger,Suv,Hybrid,27011.0,480625.0,29.0,1.49,1.3,0.32,4,3415.0
7891,Toyota,2016.0,2.0,Mexico,C-HR,Suv,Petrol,53631.0,58588.0,52.0,1.13,2.09,10.94,7,590.0
7892,Ford,2024.0,7.0,Germany,F-150,Suv,Hybrid,91175.0,261921.0,99.0,1.89,1.37,3.19,6,1146.0
7894,Toyota,2018.0,6.0,Australia,Yaris,Sedan,Petrol,89771.0,62204.0,15.0,1.62,3.24,4.03,2,279.0
7895,Porsche,2023.0,5.0,Australia,Cayenne,Suv,Hybrid,169192.0,328644.0,29.0,1.68,3.0,4.2,6,442.0
7896,Porsche,2020.0,5.0,India,Taycan,Suv,Electric,196865.0,352084.0,21.0,1.0,7.17,6.52,1,194.0
7897,Toyota,2016.0,4.0,USA,Corolla,Sedan,Electric,46101.0,506579.0,97.0,0.92,2.41,4.26,5,545.0
7898,Toyota,2022.0,7.0,Italy,C-HR,Suv,Electric,44410.0,219687.0,50.0,1.95,0.96,3.71,2,2431.0
7899,Toyota,2021.0,1.0,Mexico,Highlander,Suv,Hybrid,89317.0,376091.0,20.0,1.09,1.68,11.06,3,1437.0
7900,Toyota,2015.0,11.0,Australia,Camry,Sedan,Electric,37864.0,167587.0,72.0,1.65,3.1,4.4,8,1632.0
7901,Mercedes-Benz,2022.0,10.0,Netherlands,GLE,Suv,Petrol,37306.0,501467.0,64.0,2.03,1.61,3.3,3,540.0
7902,Toyota,2015.0,10.0,Mexico,Prius,Suv,Petrol,68861.0,506421.0,96.0,1.06,2.38,10.71,5,1072.0
7903,Porsche,2017.0,12.0,Mexico,Cayenne Coupe,Suv,Hybrid,125832.0,188725.0,16.0,1.0950000000000002,1.5,11.23,7,365.0
7904,BMW,2022.0,1.0,China,5 Series,Suv,Electric,36552.0,258606.0,220.0,1.1324868023402137,6.0593668946832935,3.4885340879618054,4,724.0
7905,BMW,2019.0,3.0,China,3 Series,Suv,Petrol,115356.0,209788.0,353.0,1.0951092074973654,5.895137743264319,3.22367571973454,9,980.0
7906,Tesla,2020.0,9.0,Spain,Model S Plaid,Suv,Electric,77916.0,168524.0,14.0,1.7,1.43,3.61,2,1988.0
7907,Porsche,2024.0,9.0,Spain,GTS,Sedan,Petrol,141397.0,332633.0,17.0,1.66,1.42,3.59,5,407.0
7908,Tesla,2023.0,9.0,Italy,Model S Plaid,Suv,Electric,117002.0,70890.0,26.0,1.88,1.04,3.32,8,1304.0
7909,Toyota,2024.0,1.0,Japan,Prius,Suv,Electric,30708.0,101289.0,31.0,1.54,1.61,0.32,2,1405.0
7910,Audi,2017.0,5.0,Germany,Q5,Suv,Diesel,39186.0,348260.0,44.0,1.95,1.87,3.19,2,243.0
7911,Tesla,2017.0,8.0,India,Model X Plaid,Suv,Electric,112233.0,197588.0,31.0,0.95,6.76,6.34,4,1470.0
7912,Ford,2019.0,9.0,UK,Ranger,Suv,Electric,82130.0,774947.0,46.0,1.71,1.3,3.44,7,796.0
7913,Audi,2018.0,2.0,Japan,Q7,Suv,Electric,112152.0,174875.0,42.0,1.47,0.92,0.1,5,910.0
7914,Toyota,2022.0,2.0,Canada,C-HR,Suv,Hybrid,54420.0,465499.0,91.0,1.4,1.75,4.2,9,2137.0
7915,Volkswagen,2022.0,12.0,Spain,Polo,Sedan,Hybrid,78025.0,299836.0,12.0,1.85,0.84,3.27,10,905.0
7916,Porsche,2024.0,9.0,Italy,GTS,Sedan,Petrol,151568.0,332258.0,19.0,1.89,0.78,3.32,2,435.0
7917,Audi,2016.0,7.0,France,RS6,Sedan,Petrol,70904.0,134749.0,36.0,1.77,1.56,3.37,2,422.0
7918,Audi,2016.0,1.0,Germany,A6,Sedan,Electric,93193.0,501484.0,16.0,1.9,1.48,2.92,5,557.0
7919,Volkswagen,2021.0,1.0,Mexico,ID.3,Suv,Hybrid,71373.0,330863.0,22.0,1.05,2.42,10.71,5,1928.0
7920,Porsche,2015.0,2.0,Australia,Macan,Suv,Electric,138870.0,381937.0,28.0,1.5,3.43,4.39,10,114.0
7921,BMW,2019.0,4.0,Australia,7 Series,Sedan,Petrol,92233.0,192692.0,16.0,1.696147868716686,3.077279029233132,4.469346287374731,3,70.0
7922,Volkswagen,2022.0,2.0,Canada,Passat,Sedan,Electric,57686.0,275526.0,72.0,1.34,2.51,3.76,8,981.0
7923,BMW,2022.0,7.0,Australia,i7,Sedan,Petrol,108369.0,450705.0,48.0,1.5180579540108818,3.02,4.271464810444855,7,205.0
7924,Toyota,2015.0,6.0,Japan,bZ4X,Suv,Electric,62179.0,204048.0,54.0,1.56,1.65,0.2,7,1859.0
7925,Porsche,2015.0,2.0,China,Macan,Suv,Hybrid,185040.0,148830.0,23.0,1.0925359571339213,6.32,3.56,9,29.0
7926,Mercedes-Benz,2024.0,10.0,UK,A-Class,Sedan,Petrol,48934.0,332008.0,54.0,1.93,1.34,5.26,6,869.0
7927,Tesla,2020.0,11.0,UK,Model S,Suv,Electric,56210.0,206939.0,4.0,1.83,1.15,4.82,5,1400.0
7928,Volkswagen,2023.0,3.0,China,Passat,Sedan,Diesel,59366.0,399901.0,81.0,1.16,6.07,3.41,7,2782.0
7929,Audi,2022.0,10.0,Japan,A3,Sedan,Petrol,85963.0,153825.0,35.0,1.42,1.7,-0.18,8,818.0
7930,Porsche,2024.0,1.0,Italy,Cayenne,Suv,Electric,96974.0,188714.0,27.0,1.82,1.29,3.58,4,170.0
7931,Tesla,2021.0,1.0,Canada,Model X Plaid,Suv,Electric,116362.0,250503.0,19.0,1.2,2.41,4.11,10,1414.0
7932,Tesla,2017.0,5.0,UK,Model Y,Suv,Electric,125613.0,85004.0,20.0,1.76,1.48,5.22,5,2380.0
7933,Ford,2024.0,4.0,UK,Expedition,Suv,Petrol,49492.0,151711.0,93.0,1.84,1.03,5.17,5,1976.0
7934,Tesla,2023.0,12.0,Brazil,Model X Plaid,Suv,Electric,95383.0,130924.0,31.0,1.27,3.01,10.55,5,2372.0
7935,Porsche,2015.0,11.0,Germany,Macan,Suv,Petrol,192195.0,395423.0,2.0,1.96,1.57,3.22,8,366.0
7936,Tesla,2023.0,6.0,Australia,Cybertruck,Suv,Electric,44477.0,277489.0,35.0,1.53,2.99,4.44,9,1280.0
7937,BMW,2022.0,6.0,USA,X1,Suv,Petrol,107104.0,255827.0,24.0,0.8874185533591543,2.9317537194328165,4.438209024742315,3,185.0
7938,Mercedes-Benz,2020.0,2.0,Mexico,CLA,Sedan,Hybrid,77538.0,195965.0,27.0,1.11,2.02,11.0,1,45.0
7939,Ford,2021.0,6.0,Spain,Escape,Suv,Hybrid,39847.0,272461.0,80.0,1.73,1.14,3.67,5,2806.0
7940,Volkswagen,2016.0,6.0,China,Polo,Sedan,Hybrid,39243.0,456270.0,67.0,1.05,5.98,3.65,4,2300.0
7941,Toyota,2024.0,11.0,China,Prius,Suv,Hybrid,32998.0,172749.0,71.0,1.18,6.22,3.59,6,2486.0
7942,Audi,2015.0,11.0,France,e-tron,Suv,Hybrid,89136.0,189830.0,48.0,1.88,1.87,3.26,7,116.0
7943,Mercedes-Benz,2019.0,2.0,USA,GLC,Suv,Hybrid,89588.0,464992.0,35.0,1.06,2.4971758181056742,4.39,5,154.0
7944,BMW,2017.0,1.0,France,3 Series,Suv,Petrol,105190.0,284561.0,229.0,1.8011915815469863,2.018239086675437,3.261082209769722,1,515.0
7946,Audi,2022.0,5.0,India,A4,Sedan,Diesel,70006.0,335746.0,52.0,0.97,7.13,6.66,6,1164.0
7947,Mercedes-Benz,2020.0,12.0,Spain,CLA,Sedan,Electric,91694.0,273702.0,22.0,1.75,1.55,3.71,8,1129.0
7948,Toyota,2020.0,4.0,Canada,Corolla,Sedan,Hybrid,34776.0,575239.0,55.0,1.39,2.15,3.84,2,2110.0
7949,Porsche,2015.0,2.0,India,Taycan,Suv,Electric,118113.0,230088.0,23.0,0.99,6.59,6.32,6,242.0
7950,Tesla,2015.0,11.0,France,Model 3,Suv,Electric,58525.0,26593.0,26.0,1.74,1.21,3.42,6,1386.0
7951,Toyota,2017.0,8.0,China,Corolla,Sedan,Petrol,35508.0,266021.0,81.0,1.01,5.75,3.69,2,1779.0
7952,Toyota,2018.0,7.0,USA,bZ4X,Suv,Petrol,21122.0,569697.0,57.0,0.9,2.54,4.57,10,1205.0
7953,BMW,2017.0,8.0,Brazil,5 Series,Suv,Petrol,101985.0,246292.0,225.0,1.1402727564271948,3.0519565775542685,10.67176691963042,10,453.0
7954,Toyota,2021.0,4.0,France,C-HR,Suv,Electric,56218.0,294379.0,23.0,1.8,1.32,3.26,7,115.0
7956,BMW,2020.0,7.0,Canada,5 Series,Suv,Electric,35153.0,250598.0,104.0,1.2255733602444836,2.125228185437694,3.722542654239344,9,630.0
7957,Ford,2017.0,4.0,France,Mustang Mach-E,Suv,Petrol,34232.0,548384.0,70.0,1.74,1.63,3.3,1,3208.0
7958,Audi,2021.0,7.0,Italy,Q7,Suv,Electric,80138.0,172547.0,25.0,1.76,1.15,3.31,7,914.0
7959,Ford,2015.0,8.0,Brazil,Bronco,Suv,Petrol,78382.0,582471.0,109.0,1.26,3.26,10.35,3,614.0
7960,Porsche,2019.0,9.0,UK,Panamera Sport,Sedan,Petrol,136211.0,103904.0,4.0,1.82,1.88,4.96,4,448.0
7961,Porsche,2024.0,9.0,Italy,Cayenne Coupe,Suv,Petrol,85341.0,276250.0,20.0,1.76,1.04,3.67,6,17.0
7963,Tesla,2021.0,7.0,Japan,Cybertruck,Suv,Electric,64007.0,15524.0,37.0,1.45,1.25,-0.01,8,780.0
7965,Mercedes-Benz,2024.0,7.0,Canada,GLS,Suv,Hybrid,60218.0,248966.0,51.0,1.37,1.94,4.22,6,1290.0
7966,Tesla,2023.0,7.0,UK,Model S Plaid,Suv,Electric,105028.0,139065.0,30.0,1.84,1.03,4.81,2,1793.0
7968,Toyota,2020.0,5.0,Canada,RAV4,Suv,Petrol,19558.0,432048.0,87.0,1.34,1.91,3.75,1,1774.0
7969,Porsche,2019.0,4.0,Germany,911,Sedan,Petrol,131182.0,246728.0,17.0,1.85,1.35,3.16,6,475.0
7971,Volkswagen,2016.0,12.0,Spain,Passat,Sedan,Diesel,45421.5,160997.0,76.0,1.68,1.68,3.37,9,2411.0
7972,Mercedes-Benz,2019.0,9.0,China,GLC,Suv,Diesel,40633.0,344747.0,29.0,1.03,5.59,3.46,1,773.0
7973,BMW,2023.0,10.0,Japan,X5,Sedan,Hybrid,60791.0,288765.0,288.0,1.5760158175122916,0.933712081910433,0.1240071487627063,4,625.0
7974,Volkswagen,2016.0,1.0,Germany,Arteon,Sedan,Hybrid,51524.0,150735.0,64.0,1.83,1.45,2.74,1,1461.0
7975,Toyota,2022.0,5.0,Australia,RAV4,Suv,Electric,33406.0,656929.0,56.0,1.59,2.93,4.37,6,1407.0
7976,Porsche,2021.0,9.0,Netherlands,GTS,Sedan,Petrol,125809.0,399371.0,11.0,2.05,2.03,3.25,3,216.0
7977,Toyota,2022.0,12.0,UK,Prius,Suv,Electric,84128.0,410517.0,53.0,1.95,1.86,2.95,10,182.0
7978,Ford,2018.0,7.0,Canada,Expedition,Suv,Hybrid,40632.0,749518.0,80.0,1.29,1.72,3.9,8,3234.0
7979,Volkswagen,2024.0,8.0,China,Polo,Sedan,Petrol,22225.0,390431.0,24.0,1.05,5.91,3.47,4,1098.0
7981,Tesla,2016.0,7.0,Germany,Model 3,Suv,Electric,68096.0,84804.0,14.0,1.84,1.7,3.24,6,433.0
7982,Porsche,2020.0,6.0,Brazil,Macan,Suv,Electric,160325.0,313151.0,27.0,1.2,3.01,10.79,1,172.0
7983,Tesla,2020.0,12.0,India,Model 3,Suv,Electric,51215.0,252726.0,30.0,1.07,7.33,6.25,4,974.0
7984,Toyota,2020.0,1.0,Australia,bZ4X,Suv,Hybrid,21063.0,125175.0,19.0,1.62,2.74,4.05,6,1776.0
7985,Mercedes-Benz,2023.0,9.0,Germany,EQE,Suv,Petrol,95445.0,239721.0,38.5,1.8,1.94,3.03,2,850.0
7986,Ford,2017.0,7.0,Italy,Edge,Suv,Electric,75925.0,253516.0,75.0,1.95,1.03,3.56,4,2156.0
7987,Audi,2022.0,11.0,Spain,Q3,Suv,Electric,96618.0,217514.0,29.0,1.73,0.85,3.3,9,962.0
7988,Mercedes-Benz,2023.0,7.0,Canada,EQS,Suv,Hybrid,112595.0,214031.0,37.0,1.3,2.275,3.92,2,1027.0
7989,Toyota,2024.0,7.0,Italy,Yaris,Sedan,Hybrid,82953.0,263720.0,41.0,1.87,1.23,3.24,10,1759.0
7990,Toyota,2017.0,12.0,India,Highlander,Suv,Hybrid,73113.0,276206.0,82.0,1.06,7.26,6.22,4,1078.0
7991,Ford,2017.0,9.0,UK,Edge,Suv,Electric,49324.0,531685.0,108.0,1.88,1.35,5.25,2,2923.0
7993,Toyota,2021.0,7.0,Canada,RAV4,Suv,Petrol,55273.0,430721.0,79.0,1.33,2.48,4.04,1,316.0
7994,Audi,2021.0,7.0,Netherlands,Q3,Suv,Petrol,78673.0,91936.0,22.0,2.05,2.32,3.49,5,284.0
7996,Ford,2023.0,12.0,Italy,Escape,Suv,Hybrid,46406.0,51640.0,43.0,1.76,1.12,3.37,7,871.0
7997,Tesla,2015.0,1.0,Germany,Model S Plaid,Suv,Electric,92607.5,223720.0,7.0,1.95,1.33,3.13,1,1537.0
7998,Porsche,2019.0,8.0,Netherlands,911,Sedan,Petrol,104709.0,110243.0,4.0,2.01,2.21,3.26,1,72.0
7999,BMW,2018.0,7.0,Australia,X1,Suv,Diesel,98965.0,417371.0,226.0,1.5236329655243313,3.314468482588936,4.11911286486404,2,551.0
8000,Porsche,2020.0,7.0,Italy,GTS,Sedan,Hybrid,61187.0,299979.0,7.0,1.85,0.71,3.21,5,243.0
8001,Toyota,2016.0,5.0,Netherlands,Camry,Sedan,Electric,27653.0,167427.0,97.0,1.98,1.78,3.7,5,1670.0
8002,Toyota,2018.0,10.0,India,Corolla,Sedan,Petrol,81524.0,681738.0,23.0,1.0,7.16,6.38,3,1214.0
8004,Toyota,2018.0,10.0,Australia,RAV4,Suv,Hybrid,47154.0,571050.0,52.0,1.54,2.84,4.52,6,2533.0
8005,BMW,2022.0,12.0,UK,5 Series,Suv,Electric,84589.0,347515.0,262.0,1.779759193881023,1.877090581018189,5.266425256295238,6,820.0
8006,Volkswagen,2018.0,6.0,UK,Taos,Suv,Electric,63163.0,393657.0,42.0,1.77,1.06,5.18,9,794.0
8007,BMW,2018.0,7.0,Australia,3 Series,Suv,Petrol,55085.0,469972.0,380.0,1.6841989042193153,3.2143266357349978,4.227029686287872,1,880.0
8008,Volkswagen,2017.0,5.0,Brazil,Taos,Suv,Electric,50066.5,528835.0,60.0,1.16,3.04,10.63,6,2724.0
8009,Audi,2021.0,2.0,Brazil,A6,Sedan,Electric,57018.0,154431.0,45.0,1.28,3.63,10.43,1,860.0
8010,BMW,2022.0,9.0,UK,7 Series,Sedan,Hybrid,49745.0,320590.0,364.0,1.8949533543057524,1.6962887758781398,4.903924978260839,3,958.0
8011,BMW,2020.0,6.0,India,i7,Sedan,Diesel,54782.0,155723.0,335.0,1.038088270062485,7.26190181260487,6.700189977162552,4,1066.0
8012,Porsche,2022.0,8.0,Germany,Panamera,Sedan,Hybrid,196714.0,100530.0,3.0,1.97,1.55,2.95,9,299.0
8013,Mercedes-Benz,2019.0,9.0,UK,A-Class,Sedan,Petrol,44443.0,509933.0,47.0,1.79,1.89,5.12,8,758.0
8014,BMW,2017.0,2.0,USA,i4,Suv,Petrol,95892.0,285652.0,286.0,1.041512467532257,2.7983803405183525,4.693453424200967,2,804.0
8015,Porsche,2021.0,1.0,Mexico,911,Sedan,Petrol,170444.0,303667.0,25.0,1.19,1.76,11.03,8,8.0
8016,Audi,2022.0,12.0,India,A3,Sedan,Diesel,71961.0,225004.0,37.0,1.13,6.85,6.35,1,131.0
8017,BMW,2021.0,1.0,Germany,X3,Suv,Petrol,49693.0,312678.0,227.0,1.9156560281992348,1.6755829526399442,2.756389163904521,7,592.0
8018,Toyota,2019.0,6.0,Canada,RAV4,Suv,Electric,25802.0,214935.0,15.0,1.36,2.7,3.76,1,1827.0
8019,Toyota,2017.0,3.0,China,Prius,Suv,Petrol,53868.0,124068.0,20.0,1.04,6.25,3.63,10,519.0
8020,Audi,2024.0,4.0,UK,A6,Sedan,Electric,109366.0,278895.0,43.0,1.94,2.2,3.38,2,610.0
8021,Audi,2018.0,5.0,Germany,Q3,Suv,Petrol,70107.0,328346.0,34.0,1.88,1.78,2.98,8,345.0
8022,Audi,2017.0,1.0,UK,e-tron,Suv,Petrol,36866.0,60720.0,41.0,1.77,0.83,3.53,7,348.0
8023,Volkswagen,2022.0,3.0,Mexico,Passat,Sedan,Diesel,37878.0,426650.0,31.0,1.11,2.23,10.89,4,142.0
8024,Porsche,2015.0,4.0,Brazil,Cayenne Coupe,Suv,Petrol,122568.0,213981.0,23.0,1.1963698404939982,3.49,10.7,10,464.0
8025,Ford,2019.0,3.0,USA,Mustang,Sedan,Electric,36766.0,85703.0,98.0,1.0,2.14,4.25,7,1722.0
8026,Volkswagen,2024.0,4.0,Australia,Polo,Sedan,Hybrid,43090.0,166450.0,26.0,1.56,3.39,4.07,3,1338.0
8027,Porsche,2020.0,8.0,Australia,Macan EV,Suv,Electric,107244.0,204312.0,16.0,1.61,3.47,4.06,7,332.0
8028,Mercedes-Benz,2017.0,6.0,France,A-Class,Sedan,Electric,125207.0,523930.0,18.0,1.87,1.3,3.75,9,301.0
8029,Tesla,2019.0,7.0,Japan,Model Y,Suv,Electric,47331.0,287706.0,26.0,1.52,1.52,-0.01,9,283.0
8030,Audi,2018.0,8.0,China,RS6,Sedan,Electric,46118.0,299981.0,29.0,1.19,5.93,3.67,2,1148.0
8031,Audi,2015.0,2.0,Italy,A3,Sedan,Hybrid,73127.0,107776.0,22.0,1.95,1.14,3.77,7,193.0
8032,Tesla,2017.0,2.0,India,Semi,Suv,Electric,79549.0,152695.0,9.0,0.99,6.98,6.52,6,2467.0
8033,Audi,2023.0,8.0,Brazil,A4,Sedan,Petrol,52972.0,216959.0,33.0,1.13,3.81,10.66,8,268.0
8034,BMW,2021.0,5.0,USA,3 Series,Suv,Petrol,108591.0,299836.0,160.0,0.9083185891469652,2.656631073707876,4.344239347736104,6,403.0
8035,Mercedes-Benz,2016.0,7.0,USA,EQS,Suv,Electric,84562.0,77635.0,33.0,1.06,2.16,4.59,6,541.0
8036,Audi,2020.0,9.0,UK,Q8,Suv,Diesel,32644.0,290270.0,14.0,1.81,1.78,3.48,3,759.0
8037,BMW,2021.0,10.0,USA,X7,Sedan,Diesel,64863.0,119202.0,262.0,0.9863942803828796,2.491594546741437,4.23852536224508,3,724.0
8038,BMW,2018.0,11.0,Australia,X1,Suv,Petrol,50696.0,305095.0,340.0,1.6001207142309417,3.02965972394562,4.095135976467733,7,898.0
8039,Tesla,2018.0,9.0,UK,Semi,Suv,Electric,102929.0,117708.0,13.0,1.81,1.33,5.04,7,1688.0
8040,Tesla,2016.0,7.0,Netherlands,Model S,Suv,Electric,124586.0,123237.0,8.0,2.09,2.46,3.22,7,324.0
8041,Volkswagen,2019.0,12.0,Spain,Golf,Sedan,Hybrid,47692.0,532503.0,75.0,1.67,1.41,3.58,7,1340.0
8042,Tesla,2022.0,2.0,Netherlands,Model X,Suv,Electric,117497.0,286017.0,18.0,2.06,2.06,3.6,8,1058.0
8043,Volkswagen,2018.0,7.0,China,Touareg,Suv,Electric,53837.0,533162.0,78.0,1.07,5.65,3.49,6,318.0
8044,Mercedes-Benz,2016.0,8.0,Spain,GLE,Suv,Hybrid,72846.0,324407.0,29.0,1.67,1.14,3.31,2,50.0
8045,Tesla,2016.0,9.0,Canada,Semi,Suv,Electric,82884.0,141746.0,31.0,1.28,1.85,4.1,4,506.0
8046,Ford,2021.0,3.0,Italy,Expedition,Suv,Petrol,79415.0,375960.0,46.0,1.82,0.65,3.36,5,3626.0
8047,Mercedes-Benz,2016.0,9.0,Australia,GLS,Suv,Petrol,57526.0,339396.0,5.0,1.69,3.01,4.29,2,358.0
8048,Toyota,2021.0,3.0,Spain,Land Cruiser,Suv,Electric,48971.0,52270.0,58.0,1.67,1.15,3.78,9,2968.0
8049,Toyota,2015.0,1.0,Italy,Camry,Sedan,Electric,33838.0,47417.0,30.0,1.86,0.53,3.56,5,1031.0
8050,Mercedes-Benz,2020.0,9.0,USA,GLE,Suv,Petrol,94522.0,251109.0,41.0,0.98,2.91,4.72,10,419.0
8051,Toyota,2015.0,8.0,India,C-HR,Suv,Hybrid,46783.0,150591.0,27.0,1.01,7.46,6.66,7,1204.0
8052,Mercedes-Benz,2021.0,5.0,Canada,CLA,Sedan,Electric,82702.0,248369.0,27.0,1.21,2.42,3.77,4,815.0
8053,Mercedes-Benz,2022.0,9.0,Spain,A-Class,Sedan,Hybrid,68223.0,573865.0,34.0,1.73,0.98,3.72,8,205.0
8054,Audi,2015.0,1.0,India,A6,Sedan,Diesel,95146.0,279099.0,46.0,1.14,7.17,6.71,9,926.0
8055,Mercedes-Benz,2015.0,4.0,Italy,GLC,Suv,Diesel,113897.0,135753.0,58.0,1.81,0.66,3.54,1,954.0
8056,Tesla,2022.0,12.0,Canada,Semi,Suv,Electric,67502.0,71590.0,5.0,1.32,2.24,3.74,9,962.0
8057,Tesla,2024.0,8.0,UK,Semi,Suv,Electric,78014.0,171848.0,33.0,1.76,1.12,4.85,4,1914.0
8058,Porsche,2016.0,7.0,Spain,Panamera Sport,Sedan,Electric,90828.0,332007.0,8.0,1.66,1.75,3.57,2,59.0
8059,Volkswagen,2018.0,12.0,UK,Touareg,Suv,Diesel,75414.0,518005.0,34.0,1.9,1.21,4.82,9,2347.0
8060,Porsche,2019.0,3.0,Italy,Taycan,Suv,Hybrid,157220.0,142157.0,5.0,1.87,1.17,3.3,3,262.0
8061,Mercedes-Benz,2024.0,9.0,France,C-Class,Sedan,Hybrid,49233.0,330194.0,46.0,1.73,1.75,3.37,3,912.0
8062,BMW,2019.0,4.0,France,X3,Suv,Petrol,101151.0,53626.0,338.0,1.8,2.0565013982994804,3.642505015675404,4,976.0
8063,Toyota,2024.0,2.0,China,Prius,Suv,Petrol,47331.0,641651.0,80.0,1.09,6.03,3.73,2,2182.0
8064,Volkswagen,2024.0,4.0,Australia,T-Roc,Suv,Hybrid,24405.0,454004.0,59.0,1.55,3.21,4.55,5,1303.0
8065,BMW,2023.0,10.0,UK,3 Series,Suv,Electric,52304.0,382255.0,195.5,1.848503538763773,1.502637093105192,5.046142330775815,10,370.0
8066,Volkswagen,2021.0,6.0,Germany,Polo,Sedan,Electric,50489.0,173955.0,42.0,1.86,1.55,2.89,5,918.0
8067,Audi,2019.0,6.0,Netherlands,e-tron,Suv,Diesel,114401.0,363182.0,5.0,2.06,1.92,3.32,8,38.0
8068,Tesla,2015.0,11.0,Brazil,Semi,Suv,Electric,100367.0,246718.0,27.0,1.18,3.85,10.74,3,1551.0
8069,Ford,2018.0,6.0,India,F-150,Suv,Hybrid,83269.0,658290.0,83.0,0.98,6.52,6.37,7,2053.0
8070,Porsche,2024.0,2.0,UK,Cayenne,Suv,Petrol,194001.0,166518.0,9.0,1.94,1.77,5.29,10,324.0
8071,Volkswagen,2015.0,10.0,Mexico,Golf,Sedan,Petrol,56152.0,115378.0,68.0,1.17,2.19,11.26,4,995.0
8073,Porsche,2017.0,3.0,Mexico,Panamera Sport,Sedan,Petrol,171147.0,181110.0,13.5,1.14,2.3,11.08,3,484.0
8074,Audi,2023.0,6.0,Japan,A4,Sedan,Electric,69101.0,407047.0,24.0,1.49,1.07,0.12,8,506.0
8075,Tesla,2018.0,11.0,Japan,Model 3,Suv,Electric,88593.0,98329.0,27.0,1.47,1.38,0.37,6,1788.0
8076,Audi,2022.0,11.0,Spain,A4,Sedan,Petrol,46369.0,78666.0,17.0,1.66,1.36,3.31,2,187.0
8077,Volkswagen,2017.0,11.0,Germany,Golf,Sedan,Electric,65963.0,96805.0,24.0,1.99,1.73,3.1,3,1740.0
8078,Audi,2022.0,11.0,Mexico,TT,Sedan,Petrol,65212.0,497557.0,30.0,1.03,2.46,11.23,9,661.0
8079,Tesla,2021.0,1.0,UK,Model S,Suv,Electric,49899.0,277729.0,26.0,1.91,1.58,4.98,3,2380.0
8080,Toyota,2015.0,4.0,Brazil,bZ4X,Suv,Petrol,57718.0,208562.0,49.0,1.12,3.1,10.65,6,1573.0
8081,Ford,2024.0,9.0,France,Bronco,Suv,Electric,34613.0,295546.0,93.0,1.85,1.55,3.67,8,1747.0
8082,Mercedes-Benz,2022.0,5.0,Netherlands,A-Class,Sedan,Hybrid,114042.0,147832.0,56.0,1.98,2.12,3.7,5,899.0
8083,BMW,2019.0,7.0,Japan,X5,Sedan,Electric,46781.0,353446.0,252.0,1.5619748891709269,1.6899602323899452,-0.0065876930151662,2,644.0
8084,Mercedes-Benz,2019.0,8.0,UK,GLC,Suv,Electric,124900.0,288613.0,5.0,1.82,1.05,5.03,5,586.0
8085,Volkswagen,2019.0,7.0,Brazil,Touareg,Suv,Diesel,32074.0,434478.0,40.0,1.19,3.34,10.54,6,1829.0
8086,Mercedes-Benz,2015.0,12.0,Mexico,E-Class,Sedan,Hybrid,97689.0,186375.0,40.0,1.1,1.98,11.03,10,750.0
8087,Audi,2024.0,8.0,India,RS6,Sedan,Petrol,77713.0,178998.0,24.0,1.15,6.73,6.74,3,132.0
8088,Ford,2016.0,4.0,China,F-150 Lightning,Suv,Petrol,35786.0,154656.0,11.0,1.02,5.67,3.35,4,1165.0
8090,Ford,2019.0,12.0,Netherlands,Mustang,Sedan,Hybrid,74056.0,719461.0,20.0,1.92,1.76,3.29,8,556.0
8091,Mercedes-Benz,2021.0,3.0,USA,E-Class,Sedan,Hybrid,83293.0,250246.0,19.0,0.98,2.27,4.59,7,83.0
8092,Tesla,2024.0,1.0,India,Model S Plaid,Suv,Electric,49071.0,191988.0,36.0,1.03,7.13,6.57,7,1147.0
8093,Mercedes-Benz,2024.0,8.0,Mexico,EQE,Suv,Petrol,51178.0,302042.0,41.0,1.06,2.28,11.2,4,439.0
8094,Ford,2016.0,10.0,UK,Ranger,Suv,Electric,50175.0,779970.0,67.0,1.87,1.09,5.2,5,2894.0
8095,Audi,2018.0,12.0,France,A4,Sedan,Petrol,42466.0,249514.0,49.0,1.84,1.61,3.56,8,1089.0
8096,Porsche,2016.0,12.0,Japan,Macan EV,Suv,Electric,154445.0,372338.0,15.0,1.41,1.62,0.38,8,210.0
8097,BMW,2016.0,1.0,Germany,X3,Suv,Hybrid,76798.0,197764.0,366.0,1.8503598117813904,1.9939484444671,3.025634666008558,7,1104.0
8098,Ford,2017.0,10.0,UK,Escape,Suv,Petrol,58566.0,397739.0,52.0,1.84,1.92,5.14,3,1210.0
8099,Toyota,2020.0,2.0,USA,Camry,Sedan,Petrol,59618.0,385051.0,53.0,1.05,2.14,4.65,6,194.0
8100,Mercedes-Benz,2021.0,4.0,China,EQS,Suv,Diesel,70626.0,263018.0,43.0,1.03,6.35,3.72,10,653.0
8101,Porsche,2023.0,1.0,Italy,Cayenne Coupe,Suv,Petrol,82064.0,297495.0,27.0,1.77,0.57,3.76,10,75.0
8102,Toyota,2024.0,1.0,Mexico,Land Cruiser,Suv,Electric,20134.0,132622.0,17.0,1.1,1.94,11.09,6,826.0
8103,Mercedes-Benz,2016.0,3.0,Brazil,EQS,Suv,Petrol,83193.0,559151.0,37.0,1.26,3.4,10.77,6,766.0
8104,Mercedes-Benz,2017.0,6.0,France,GLE,Suv,Electric,46285.0,333655.0,12.0,1.8,1.63,3.35,7,630.0
8105,Porsche,2024.0,12.0,Japan,911,Sedan,Electric,113934.0,376815.0,8.0,1.54,1.43,-0.02,7,185.0
8106,Ford,2024.0,8.0,UK,Mustang,Sedan,Hybrid,60198.0,546772.0,89.0,1.94,1.26,4.99,8,1937.0
8108,Toyota,2016.0,7.0,China,RAV4,Suv,Hybrid,78193.0,631679.0,24.0,1.08,6.24,3.31,4,2371.0
8109,BMW,2021.0,10.0,China,5 Series,Suv,Electric,70892.0,294255.0,320.0,1.0820793653979324,5.580233745661642,3.514706833742153,5,1099.0
8110,Porsche,2019.0,8.0,UK,Panamera Sport,Sedan,Petrol,84504.0,377307.0,18.0,1.94,1.51,5.2,7,215.0
8111,Ford,2020.0,12.0,China,Mustang,Sedan,Petrol,79384.0,381841.0,70.0,1.07,6.0,3.46,7,188.0
8112,BMW,2019.0,5.0,Japan,X5,Sedan,Electric,80349.0,288765.0,292.0,1.531708103134011,1.453427922256969,0.2613536692645846,9,977.0
8113,Toyota,2015.0,12.0,China,Corolla,Sedan,Hybrid,24522.0,143475.0,22.0,1.18,5.95,3.42,5,815.0
8115,Audi,2024.0,5.0,Netherlands,e-tron,Suv,Hybrid,104698.0,314521.0,26.0,2.08,1.9,3.38,7,384.0
8116,BMW,2021.0,7.0,Japan,i4,Suv,Petrol,40867.0,446456.0,158.0,1.432586885416286,1.556489841188322,0.195216178971367,7,426.0
8117,Porsche,2024.0,8.0,France,718,Sedan,Petrol,178743.0,132069.0,20.0,1.87,2.07,3.24,4,212.0
8118,Volkswagen,2022.0,2.0,Brazil,T-Roc,Suv,Electric,35663.0,192217.0,21.0,1.22,3.57,10.78,2,789.0
8119,BMW,2024.0,12.0,China,i7,Sedan,Diesel,118564.0,349155.0,172.0,1.1049512863264477,5.683404509853434,3.382545345775722,6,687.0
8120,Tesla,2024.0,7.0,Italy,Model Y,Suv,Electric,67672.0,254811.0,36.0,1.83,0.52,3.72,9,719.0
8121,Toyota,2021.0,11.0,Mexico,Camry,Sedan,Hybrid,29088.0,575134.0,16.0,1.1,1.84,10.77,2,328.0
8122,Mercedes-Benz,2017.0,12.0,Spain,S-Class,Sedan,Hybrid,84184.0,174283.0,64.0,1.79,1.45,3.68,8,1275.0
8123,Audi,2024.0,3.0,Brazil,A4,Sedan,Diesel,34390.0,260341.0,27.0,1.16,3.7,10.39,9,570.0
8124,Ford,2019.0,5.0,Netherlands,Escape,Suv,Hybrid,59378.0,186150.0,38.0,1.95,2.0,3.72,5,2365.0
8125,Toyota,2022.0,2.0,India,bZ4X,Suv,Petrol,43139.0,232027.0,64.0,1.09,6.96,6.58,9,2337.0
8126,Toyota,2018.0,8.0,Germany,Prius,Suv,Hybrid,51972.0,369074.0,89.0,1.81,1.99,2.93,6,1831.0
8127,Porsche,2021.0,10.0,France,718,Sedan,Electric,96326.0,197754.0,2.0,1.76,1.5,3.42,8,84.0
8128,Porsche,2018.0,4.0,India,Taycan,Suv,Petrol,133586.0,327037.0,15.0,0.97,7.02,6.47,6,400.0
8129,Tesla,2015.0,9.0,UK,Model X Plaid,Suv,Electric,116380.0,48801.0,18.0,1.5,1.47,-0.13,5,2369.0
8130,Mercedes-Benz,2017.0,11.0,Mexico,E-Class,Sedan,Petrol,78923.0,391111.0,57.0,1.18,1.93,11.19,5,867.0
8131,Mercedes-Benz,2024.0,11.0,USA,E-Class,Sedan,Petrol,92031.0,584288.0,27.0,1.06,2.06,4.44,8,892.0
8132,Ford,2021.0,6.0,Netherlands,Ranger,Suv,Electric,54967.0,723675.0,111.0,2.03,2.6,3.78,6,554.0
8133,Toyota,2018.0,6.0,UK,bZ4X,Suv,Petrol,48768.0,634952.0,50.0,1.9,1.16,4.98,4,631.0
8134,Ford,2018.0,5.0,China,Explorer,Suv,Hybrid,32715.0,426746.0,13.0,1.03,6.46,3.42,5,1759.0
8135,Mercedes-Benz,2016.0,1.0,Mexico,GLE,Suv,Hybrid,120600.0,526684.0,32.0,1.09,2.12,11.18,3,972.0
8136,Audi,2021.0,7.0,UK,Q3,Suv,Hybrid,57328.0,300954.0,42.0,1.77,1.29,5.01,10,404.0
8137,Audi,2021.0,1.0,Brazil,Q7,Suv,Electric,83110.0,368725.0,33.0,1.16,3.93,10.51,3,1114.0
8138,Porsche,2024.0,5.0,Mexico,Panamera,Sedan,Hybrid,134308.0,240453.0,7.0,1.13,2.37,11.21,4,217.0
8139,Porsche,2016.0,3.0,Canada,Taycan,Suv,Hybrid,84709.0,277292.0,3.0,1.35,2.14,4.19,1,74.0
8140,Volkswagen,2017.0,1.0,Italy,Passat,Sedan,Hybrid,73508.0,598954.0,36.0,1.77,0.57,3.42,4,2095.0
8141,Toyota,2020.0,1.0,Australia,Camry,Sedan,Petrol,44950.0,284809.0,97.0,1.5,3.32,4.37,9,737.0
8142,Porsche,2016.0,12.0,Brazil,GTS,Sedan,Petrol,112669.0,138680.0,17.0,1.17,3.42,10.51,6,241.0
8143,BMW,2016.0,6.0,Australia,iX,Sedan,Hybrid,70333.0,91139.0,37.0,1.5308725430548409,2.788630553240256,4.298742932853568,7,411.0
8144,Volkswagen,2017.0,9.0,France,ID.3,Suv,Electric,34054.0,332846.0,29.0,1.77,1.39,3.2,4,1549.0
8145,Porsche,2016.0,9.0,Canada,Macan,Suv,Hybrid,164417.0,181975.0,8.0,1.37,2.13,3.7,5,482.0
8146,Porsche,2017.0,3.0,China,Cayenne Coupe,Suv,Hybrid,120649.0,193431.0,2.0,1.15,5.61,3.8,9,408.0
8147,Tesla,2018.0,4.0,Canada,Cybertruck,Suv,Electric,97654.0,227968.0,13.0,1.23,2.09,4.13,9,1478.0
8148,BMW,2018.0,1.0,Canada,5 Series,Suv,Hybrid,45310.0,463440.0,183.0,1.204654387147165,2.018975630293762,4.206925186581673,8,421.0
8149,Volkswagen,2016.0,10.0,USA,ID.3,Suv,Hybrid,62366.0,165809.0,67.0,1.01,2.75,4.75,2,1961.0
8150,Porsche,2022.0,12.0,Netherlands,911,Sedan,Hybrid,78836.0,177864.0,16.0,2.0,2.54,3.78,8,212.0
8151,Mercedes-Benz,2018.0,7.0,Australia,A-Class,Sedan,Hybrid,80046.0,106117.0,63.0,1.6,3.11,4.09,2,683.0
8152,Mercedes-Benz,2015.0,10.0,Italy,EQS,Suv,Hybrid,48769.0,597578.0,12.0,1.9,1.39,3.35,5,39.0
8153,Ford,2017.0,11.0,Australia,Mustang Mach-E,Suv,Petrol,54344.0,687648.0,91.0,1.69,2.69,4.29,5,1433.0
8154,Tesla,2021.0,5.0,China,Model 3,Suv,Electric,122492.0,249719.0,23.0,1.04,6.39,3.76,4,2283.0
8155,Volkswagen,2017.0,9.0,China,Arteon,Sedan,Petrol,55228.0,352310.0,58.0,1.04,5.79,3.26,5,1429.0
8156,Audi,2015.0,6.0,Japan,Q7,Suv,Electric,42305.0,305988.0,5.0,1.48,0.77,0.09,5,480.0
8157,Ford,2020.0,5.0,UK,Explorer,Suv,Hybrid,39983.0,400260.0,13.0,1.88,1.69,4.77,3,819.0
8158,Porsche,2021.0,7.0,Brazil,718,Sedan,Electric,136545.0,233328.0,27.0,1.22,3.14,10.43,4,280.0
8159,Ford,2015.0,5.0,France,Bronco,Suv,Petrol,53231.0,440370.0,89.0,1.83,1.95,3.31,1,2621.0
8160,Volkswagen,2021.0,10.0,UK,ID.3,Suv,Electric,44289.0,87195.0,67.0,1.42,1.05,0.14,9,2003.0
8161,Volkswagen,2022.0,12.0,Australia,T-Roc,Suv,Petrol,48612.0,537025.0,65.0,1.62,2.66,4.38,4,1129.0
8162,Ford,2018.0,12.0,Italy,Mustang Mach-E,Suv,Hybrid,85090.0,526680.0,113.0,1.93,1.07,3.36,4,3964.0
8163,Porsche,2024.0,11.0,France,Macan EV,Suv,Electric,74074.0,257954.0,12.0,1.83,1.69,3.6,4,225.0
8164,Porsche,2019.0,11.0,Spain,Taycan,Suv,Petrol,169813.0,161134.0,7.0,1.83,1.36,3.23,3,437.0
8165,Audi,2017.0,10.0,Germany,Q5,Suv,Diesel,94358.0,521419.0,25.0,1.86,1.85,2.77,9,261.0
8166,BMW,2019.0,6.0,China,i7,Sedan,Hybrid,110069.0,270326.0,288.0,1.0939976536315874,6.41748584313199,3.374302703402852,9,791.0
8167,Mercedes-Benz,2017.0,8.0,Mexico,EQE,Suv,Diesel,87353.0,453452.0,26.0,1.13,2.09,11.03,2,804.0
8168,Tesla,2020.0,7.0,Mexico,Model S Plaid,Suv,Electric,123299.0,36497.0,17.0,1.11,1.7,11.26,3,2300.0
8170,Tesla,2021.0,11.0,China,Model S Plaid,Suv,Electric,121380.0,14716.0,13.0,1.04,6.15,3.52,1,2360.0
8171,Porsche,2015.0,10.0,Australia,Taycan,Suv,Electric,178198.0,263148.0,10.0,1.63,2.52,4.39,8,65.0
8172,BMW,2019.0,8.0,China,7 Series,Sedan,Diesel,86413.0,497126.0,123.0,1.0461339623435515,6.107736794878859,3.507613106609905,5,453.0
8173,Mercedes-Benz,2017.0,8.0,Netherlands,C-Class,Sedan,Diesel,62498.0,302851.0,37.0,1.92,2.53,3.42,9,148.0
8175,BMW,2021.0,7.0,Japan,X5,Sedan,Electric,82662.0,230775.0,267.0,1.577239156093015,1.1486106309545423,0.2332425629216422,9,641.0
8177,Porsche,2015.0,5.0,Brazil,Taycan,Suv,Electric,171922.0,215708.0,19.0,1.19,3.14,10.61,6,147.0
8178,Mercedes-Benz,2020.0,5.0,Brazil,S-Class,Sedan,Hybrid,126270.0,300220.0,34.0,1.25,3.91,10.54,7,470.0
8179,Toyota,2015.0,6.0,France,bZ4X,Suv,Hybrid,19953.0,681126.0,83.0,1.87,2.1,3.56,10,327.0
8180,Toyota,2020.0,12.0,China,Yaris,Sedan,Petrol,65965.0,281110.0,15.0,1.12,5.67,3.42,9,2498.0
8181,Toyota,2024.0,1.0,Germany,Corolla,Sedan,Petrol,22374.0,438766.0,96.0,1.85,1.79,2.83,2,1533.0
8182,Audi,2018.0,1.0,France,A4,Sedan,Diesel,97179.0,400084.0,23.0,1.81,2.08,3.53,9,1066.0
8183,Porsche,2015.0,10.0,UK,Cayenne Coupe,Suv,Hybrid,151722.0,222260.0,14.0,1.82,1.91,4.92,10,484.0
8184,Tesla,2015.0,3.0,India,Model 3,Suv,Electric,104987.0,249791.0,8.0,0.96,7.26,6.65,9,568.0
8185,Ford,2019.0,6.0,Japan,Mustang Mach-E,Suv,Petrol,87796.0,296276.0,17.0,1.45,1.31,0.39,4,2707.0
8186,Porsche,2020.0,3.0,Netherlands,Cayenne,Suv,Electric,123930.0,387626.0,19.0,1.99,2.27,3.22,8,323.0
8187,Volkswagen,2020.0,6.0,Italy,ID.3,Suv,Hybrid,51235.0,118352.0,68.0,1.94,0.68,3.29,8,277.0
8188,Audi,2023.0,11.0,Germany,Q5,Suv,Electric,104448.0,257700.0,13.0,1.92,2.13,3.23,6,912.0
8189,Audi,2022.0,12.0,UK,Q8,Suv,Hybrid,43376.0,140735.0,6.0,1.92,1.84,4.92,1,794.0
8190,BMW,2019.0,11.0,Australia,7 Series,Sedan,Hybrid,107833.0,137508.0,21.0,1.5336028415489729,2.9517676787372293,4.301965077905285,9,395.0
8191,Porsche,2016.0,6.0,Canada,Macan EV,Suv,Petrol,81163.0,122999.0,5.0,1.25,2.53,3.85,1,167.0
8192,Porsche,2021.0,3.0,Mexico,Cayenne Coupe,Suv,Petrol,115561.0,227773.0,9.0,1.11,1.59,11.12,2,409.0
8193,Toyota,2017.0,11.0,Japan,Corolla,Sedan,Petrol,24731.0,224598.0,38.0,1.6,1.17,0.06,2,2907.0
8194,Ford,2016.0,3.0,Spain,Bronco,Suv,Electric,84190.0,418118.0,41.0,1.74,1.02,3.57,7,3850.0
8195,Ford,2024.0,1.0,Australia,Bronco,Suv,Electric,68834.0,78426.0,47.0,1.6,2.73,4.18,10,629.0
8196,Volkswagen,2018.0,6.0,China,Passat,Sedan,Hybrid,20825.0,288738.0,78.0,1.02,6.1,3.29,9,2347.0
8197,Volkswagen,2019.0,8.0,Netherlands,T-Roc,Suv,Petrol,29247.0,106910.0,22.0,2.08,2.29,3.61,4,2257.0
8198,Porsche,2019.0,12.0,India,Macan EV,Suv,Electric,180349.0,240029.5,3.0,1.14,6.97,6.37,2,319.0
8199,BMW,2015.0,12.0,UK,3 Series,Suv,Diesel,54065.0,402513.0,177.0,1.8322191205201408,1.1392453711175952,5.0194524093651305,8,713.0
8200,Toyota,2018.0,7.0,China,Yaris,Sedan,Petrol,27139.0,211425.0,19.0,1.09,5.57,3.33,1,1564.0
8201,BMW,2019.0,2.0,India,X1,Suv,Electric,50804.0,430457.0,365.0,1.0023411367471813,6.557054721151254,6.36931224481592,6,1193.0
8202,Audi,2024.0,7.0,Spain,e-tron,Suv,Electric,36866.0,129090.0,44.0,1.67,1.04,3.68,4,238.0
8203,Mercedes-Benz,2019.0,4.0,UK,A-Class,Sedan,Petrol,89552.0,550815.0,61.0,1.82,1.4,4.71,5,102.0
8204,Ford,2015.0,8.0,Canada,Expedition,Suv,Petrol,38747.0,310785.0,15.0,1.38,2.26,4.28,9,2534.0
8205,Volkswagen,2022.0,12.0,UK,Polo,Sedan,Diesel,77846.0,556576.0,57.0,1.88,1.45,4.81,8,202.0
8206,Porsche,2024.0,5.0,China,Cayenne Coupe,Suv,Petrol,100560.0,351657.0,19.0,1.14,6.09,3.59,3,180.0
8207,Porsche,2019.0,5.0,Germany,GTS,Sedan,Hybrid,60489.0,382223.0,9.0,1.89,2.12,2.8,5,416.0
8208,Porsche,2016.0,5.0,Germany,Cayenne,Suv,Electric,114414.0,387369.0,29.0,1.85,2.13,2.82,4,98.0
8209,Volkswagen,2017.0,12.0,UK,Polo,Sedan,Electric,30144.0,278999.0,79.0,1.83,1.13,5.24,3,233.0
8211,Porsche,2023.0,6.0,Germany,Taycan,Suv,Hybrid,124724.0,354715.0,7.0,1.93,1.78,2.88,5,176.0
8212,Mercedes-Benz,2017.0,12.0,Australia,EQS,Suv,Diesel,114812.0,471341.0,37.0,1.63,3.25,4.47,3,1297.0
8213,Toyota,2022.0,8.0,UK,Corolla,Sedan,Electric,42931.0,96453.0,36.0,1.84,1.47,4.79,10,455.0
8214,Porsche,2022.0,7.0,Italy,Panamera,Sedan,Electric,109365.0,314216.0,18.0,1.77,0.62,3.24,7,160.0
8216,Volkswagen,2019.0,3.0,Germany,Golf,Sedan,Petrol,61724.0,514373.0,44.0,1.84,2.1,3.03,2,699.0
8217,Toyota,2017.0,4.0,Canada,Highlander,Suv,Electric,29065.0,64395.0,58.0,1.31,2.54,4.27,7,1609.0
8218,Porsche,2022.0,6.0,Japan,Cayenne,Suv,Hybrid,95149.0,240744.0,12.0,1.47,0.99,0.39,4,70.0
8219,Toyota,2017.0,2.0,Australia,Camry,Sedan,Electric,51584.0,420007.0,59.0,1.56,3.05,4.46,4,2882.0
8220,Audi,2019.0,6.0,Brazil,e-tron,Suv,Hybrid,38944.0,190289.0,20.0,1.2007234808688392,3.26,10.24,2,680.0
8221,Tesla,2021.0,12.0,Australia,Cybertruck,Suv,Electric,95774.0,167399.0,1.0,1.57,3.32,4.53,8,2304.0
8222,Toyota,2023.0,4.0,Netherlands,Camry,Sedan,Electric,61889.0,513399.0,43.0,1.96,2.14,3.7,4,685.0
8223,Porsche,2018.0,12.0,India,Taycan,Suv,Hybrid,192387.0,324534.0,14.0,0.97,7.15,6.32,7,241.0
8224,BMW,2019.0,7.0,Australia,7 Series,Sedan,Electric,46618.0,380763.0,285.0,1.6146875776246574,3.450061967050805,4.520364288162534,2,848.0
8225,Volkswagen,2023.0,3.0,Germany,Tiguan,Suv,Hybrid,50694.0,450711.0,25.0,1.96,1.66,3.09,5,740.0
8226,Tesla,2024.0,4.0,Germany,Model S Plaid,Suv,Electric,124837.0,265700.0,35.0,1.9,1.45,3.08,9,743.0
8227,Mercedes-Benz,2022.0,3.0,Spain,EQE,Suv,Petrol,59488.0,223416.0,41.0,1.78,1.53,3.74,1,581.0
8228,Volkswagen,2024.0,8.0,Germany,Taos,Suv,Electric,26162.0,339467.0,49.0,1.91,1.71,2.88,1,1194.0
8229,Audi,2020.0,4.0,UK,Q3,Suv,Electric,58137.0,348375.0,23.0,1.83,1.2,3.37,8,42.0
8231,Tesla,2015.0,12.0,UK,Model X,Suv,Electric,69126.0,131201.0,16.0,1.79,1.0,5.24,7,243.0
8232,Tesla,2021.0,11.0,France,Model S Plaid,Suv,Electric,94013.0,145265.0,35.0,1.85,1.68,3.38,1,814.0
8233,Volkswagen,2024.0,6.0,Spain,Touareg,Suv,Hybrid,28979.0,541514.0,20.0,1.77,1.09,3.53,3,2149.0
8234,Toyota,2023.0,10.0,Spain,Land Cruiser,Suv,Hybrid,72214.0,240284.0,51.0,1.68,1.48,3.76,9,1440.0
8235,Mercedes-Benz,2016.0,3.0,Italy,EQE,Suv,Diesel,126010.0,137119.0,39.0,1.95,0.78,3.44,2,381.0
8236,Volkswagen,2023.0,4.0,UK,Golf,Sedan,Electric,40746.0,309487.0,33.0,1.58,0.88,0.29,1,895.0
8237,Volkswagen,2024.0,3.0,Australia,Taos,Suv,Petrol,24262.0,524902.0,58.0,1.62,3.35,4.47,3,2752.0
8238,Porsche,2016.0,6.0,Canada,GTS,Sedan,Petrol,61883.0,243024.0,15.0,1.34,2.28,4.14,1,175.0
8239,Ford,2019.0,1.0,Netherlands,Explorer,Suv,Petrol,83740.0,73908.0,28.0,1.97,2.57,3.23,8,3690.0
8240,Porsche,2022.0,1.0,China,Panamera,Sedan,Petrol,75711.0,343625.0,15.0,1.0,6.0,3.65,2,176.0
8241,Toyota,2022.0,3.0,Australia,Land Cruiser,Suv,Petrol,64554.0,459091.0,22.0,1.67,3.09,4.03,7,1079.0
8242,Tesla,2024.0,10.0,Mexico,Model X Plaid,Suv,Electric,58992.0,221378.0,14.0,1.19,1.62,11.12,10,1677.0
8243,Porsche,2015.0,6.0,Netherlands,Cayenne Coupe,Suv,Electric,116548.0,95829.0,8.0,2.0,1.94,3.59,1,55.0
8244,Mercedes-Benz,2017.0,5.0,India,GLE,Suv,Diesel,85224.0,595753.0,56.0,0.95,7.21,6.41,5,144.0
8245,Audi,2018.0,7.0,China,A6,Sedan,Diesel,98150.0,450206.0,45.0,1.04,5.78,3.69,2,638.0
8246,Audi,2020.0,12.0,Brazil,Q5,Suv,Petrol,83616.0,300536.0,20.0,1.14,3.41,10.22,4,158.0
8247,Tesla,2022.0,1.0,France,Semi,Suv,Electric,98473.0,166454.0,24.0,1.81,1.3,3.45,5,1379.0
8249,Volkswagen,2016.0,11.0,France,ID.3,Suv,Diesel,43440.0,83834.0,19.0,1.85,1.48,3.2,10,1688.0
8250,Ford,2015.0,2.0,India,Escape,Suv,Hybrid,70467.0,130393.0,86.0,1.0,7.26,6.24,5,2609.0
8251,Ford,2018.0,8.0,Brazil,Expedition,Suv,Petrol,35765.0,382011.0,114.0,1.2,3.455,10.42,2,2474.0
8252,Mercedes-Benz,2024.0,9.0,Italy,GLS,Suv,Electric,39068.0,173673.0,53.0,1.78,0.84,3.72,2,208.0
8253,Toyota,2017.0,8.0,Canada,C-HR,Suv,Petrol,70817.0,642053.0,44.0,1.35,2.17,4.26,8,1568.0
8254,BMW,2024.0,7.0,Germany,5 Series,Suv,Electric,41080.0,348451.0,328.0,1.898709316068024,1.807411938717809,3.2245335148111054,9,967.0
8255,BMW,2015.0,7.0,Germany,3 Series,Suv,Petrol,46279.0,398594.0,306.0,1.9248475991827985,1.8435528611139889,3.2438832665787283,1,999.0
8256,Volkswagen,2015.0,10.0,Australia,Taos,Suv,Hybrid,33875.0,230565.0,27.0,1.64,3.25,4.0,4,2240.0
8257,Toyota,2020.0,8.0,UK,Prius,Suv,Hybrid,71108.0,566297.0,32.0,1.78,1.81,4.92,3,2161.0
8258,Tesla,2021.0,3.0,Netherlands,Model S,Suv,Electric,126164.0,40846.0,34.0,1.95,2.41,3.71,3,858.0
8259,Toyota,2016.0,9.0,China,Prius,Suv,Electric,39158.0,52977.0,52.0,1.08,6.36,3.69,4,2317.0
8260,Tesla,2024.0,9.0,Brazil,Model S,Suv,Electric,83639.0,43910.0,12.0,1.19,3.78,10.31,3,659.0
8261,Volkswagen,2020.0,7.0,Germany,Arteon,Sedan,Petrol,62274.0,179171.0,11.0,1.9,1.79,3.21,2,824.0
8262,BMW,2017.0,6.0,Canada,iX,Sedan,Diesel,109807.0,231143.0,157.0,1.2670416094741743,2.1942124472503,4.196949551462331,1,380.0
8263,Ford,2015.0,4.0,USA,Expedition,Suv,Petrol,31995.0,210024.0,27.0,0.9,2.505,4.36,4,2020.0
8264,Mercedes-Benz,2019.0,10.0,Canada,S-Class,Sedan,Electric,57255.0,285206.0,26.0,1.23,1.83,4.04,1,1119.0
8265,Porsche,2019.0,1.0,Mexico,GTS,Sedan,Electric,125392.0,209971.0,19.0,1.18,1.65,10.76,4,206.0
8266,Porsche,2023.0,6.0,Japan,Macan EV,Suv,Electric,193477.0,314037.0,14.0,1.44,0.88,-0.11,3,107.0
8267,Volkswagen,2017.0,8.0,Netherlands,Taos,Suv,Petrol,27708.0,308752.0,89.0,1.98,2.17,3.41,1,451.0
8268,Toyota,2023.0,10.0,Japan,Highlander,Suv,Electric,45126.0,396824.0,30.0,1.46,1.48,0.38,10,721.0
8269,Tesla,2024.0,12.0,China,Semi,Suv,Electric,113778.0,92440.0,11.0,1.07,6.47,3.75,8,1317.0
8270,Ford,2022.0,2.0,Japan,Bronco,Suv,Petrol,45093.0,636175.0,51.0,1.45,1.48,0.22,2,508.0
8272,Volkswagen,2020.0,6.0,China,ID.3,Suv,Diesel,43155.0,311094.0,26.0,1.18,6.44,3.46,9,2235.0
8273,Mercedes-Benz,2020.0,5.0,India,GLC,Suv,Hybrid,110449.0,441903.0,32.0,0.97,6.61,6.58,7,489.0
8274,Porsche,2019.0,9.0,Spain,911,Sedan,Petrol,79944.0,379459.0,26.0,1.83,0.81,3.67,10,210.0
8275,Mercedes-Benz,2017.0,6.0,Spain,EQS,Suv,Diesel,69243.0,239772.0,15.0,1.66,1.28,3.72,2,797.0
8276,Volkswagen,2023.0,6.0,UK,Arteon,Sedan,Hybrid,72741.0,325436.0,85.0,1.81,1.28,5.09,10,447.0
8277,BMW,2020.0,2.0,Germany,5 Series,Suv,Diesel,82204.0,132464.0,383.0,1.9387364451562976,1.4636238211916692,3.1768857292499577,6,978.0
8278,BMW,2021.0,11.0,USA,3 Series,Suv,Petrol,38159.0,200259.0,329.0,0.9937222756430368,2.6974714616692834,4.60808446305618,10,1013.0
8279,Ford,2020.0,8.0,Mexico,Ranger,Suv,Hybrid,26988.0,598041.0,51.0,1.15,1.79,10.7,2,1253.0
8280,Ford,2016.0,5.0,Spain,Mustang,Sedan,Hybrid,65491.0,444071.0,118.0,1.7,1.4,3.56,8,3199.0
8281,Mercedes-Benz,2023.0,6.0,Italy,S-Class,Sedan,Petrol,77629.0,164461.0,17.0,1.8,1.4,3.33,2,49.0
8282,Ford,2024.0,11.0,Netherlands,Explorer,Suv,Hybrid,28249.0,572462.0,22.0,2.08,2.26,3.27,10,1090.0
8283,Tesla,2015.0,7.0,Mexico,Model X,Suv,Electric,94004.0,134360.0,33.0,1.04,2.08,10.89,8,1830.0
8284,Ford,2024.0,11.0,Canada,Explorer,Suv,Electric,87858.0,546138.0,18.0,1.22,2.18,3.91,5,1558.0
8285,Porsche,2024.0,5.0,Mexico,Macan EV,Suv,Petrol,166087.0,253037.0,28.0,1.01,1.65,10.99,1,320.0
8286,Toyota,2020.0,11.0,USA,C-HR,Suv,Electric,80425.0,244762.0,17.0,0.99,2.49,4.22,9,1362.0
8287,Toyota,2015.0,12.0,India,Highlander,Suv,Electric,23700.0,424421.0,92.0,1.02,7.13,6.48,2,78.0
8288,Volkswagen,2018.0,2.0,UK,Arteon,Sedan,Diesel,20543.0,177878.0,38.0,1.9,1.81,4.82,7,366.0
8289,Ford,2020.0,5.0,Canada,F-150 Lightning,Suv,Hybrid,66277.0,218700.0,11.0,1.27,2.4,3.84,8,2911.0
8290,Mercedes-Benz,2015.0,6.0,USA,C-Class,Sedan,Hybrid,33424.0,207890.0,40.0,1.05,2.13,4.27,1,1043.0
8291,Mercedes-Benz,2021.0,5.0,Mexico,C-Class,Sedan,Hybrid,75137.0,450661.0,5.0,1.05,2.11,11.08,2,774.0
8292,Tesla,2022.0,1.0,India,Model X,Suv,Electric,47020.0,148533.0,19.0,0.95,7.32,6.39,5,2057.0
8293,Volkswagen,2019.0,1.0,France,T-Roc,Suv,Diesel,73107.0,386456.0,13.0,1.77,1.16,3.26,4,2259.0
8294,Volkswagen,2017.0,10.0,UK,Touareg,Suv,Electric,78174.0,47480.0,81.0,1.86,1.66,5.21,2,1235.0
8295,Audi,2015.0,10.0,Italy,A6,Sedan,Hybrid,64423.0,288609.0,50.0,1.75,1.02,3.53,1,780.0
8296,BMW,2019.0,8.0,UK,7 Series,Sedan,Petrol,41828.0,92317.0,359.0,1.7592900825439997,1.53,5.0554487413172255,10,1080.0
8297,Tesla,2021.0,12.0,USA,Model S,Suv,Electric,64541.0,262707.0,35.0,0.98,2.77,4.57,3,1637.0
8298,BMW,2017.0,10.0,China,X3,Suv,Petrol,91652.0,494503.0,213.0,1.17535312735235,6.035,3.6574752114444142,6,725.0
8300,Tesla,2021.0,2.0,Australia,Model 3,Suv,Electric,121134.0,297801.0,19.5,1.65,2.74,3.97,7,880.0
8301,Audi,2021.0,7.0,India,RS6,Sedan,Electric,86403.0,435031.0,30.0,1.03,6.54,6.34,8,1189.0
8302,Volkswagen,2020.0,6.0,USA,Touareg,Suv,Hybrid,51260.0,523247.0,77.0,0.95,2.2,4.64,4,1404.0
8303,BMW,2024.0,5.0,Japan,X3,Suv,Electric,88364.0,311176.0,132.0,1.509315428406459,1.5069654908839936,0.0757989222415967,3,411.0
8304,Volkswagen,2016.0,5.0,Australia,ID.3,Suv,Diesel,53516.0,291446.0,11.0,1.57,2.6,4.13,6,1321.0
8305,Porsche,2017.0,3.0,Spain,GTS,Sedan,Petrol,123499.0,334810.0,19.0,1.84,1.08,3.25,4,98.0
8306,Tesla,2021.0,1.0,Australia,Model X,Suv,Electric,111799.0,68347.0,12.0,1.69,2.8,4.21,2,270.0
8308,Volkswagen,2017.0,6.0,China,Passat,Sedan,Electric,24102.0,579474.0,70.0,1.02,6.2,3.41,1,2576.0
8309,Porsche,2020.0,7.0,UK,Cayenne,Suv,Electric,108450.0,308681.0,17.0,1.92,1.86,4.98,8,273.0
8310,Toyota,2022.0,11.0,Germany,Yaris,Sedan,Electric,21656.0,442201.0,65.0,1.9,1.61,3.02,6,1524.0
8313,BMW,2015.0,8.0,UK,X7,Sedan,Diesel,35893.0,327648.0,27.0,1.8961301020478487,1.6618391898493785,5.034670050422015,10,212.0
8314,Volkswagen,2015.0,6.0,Brazil,Tiguan,Suv,Electric,75879.0,173877.0,15.0,1.2,3.27,10.37,6,2744.0
8315,Audi,2021.0,12.0,India,TT,Sedan,Electric,76772.0,481047.0,9.0,1.14,6.91,6.72,10,302.0
8316,Toyota,2018.0,1.0,Germany,Corolla,Sedan,Electric,88977.0,662109.0,74.0,1.92,1.46,2.93,7,1589.0
8317,Porsche,2015.0,3.0,Spain,Taycan,Suv,Electric,152657.0,356073.0,11.0,1.65,0.83,3.27,10,44.0
8318,Toyota,2017.0,4.0,India,C-HR,Suv,Electric,40777.0,307903.0,92.0,1.11,7.28,6.44,3,287.0
8319,BMW,2019.0,3.0,Canada,X1,Suv,Petrol,49626.0,277369.0,37.0,1.2499092399699012,1.946978799072,4.243752748312622,5,226.0
8320,Volkswagen,2019.0,1.0,Brazil,Tiguan,Suv,Electric,30081.0,192793.0,81.0,1.21,3.36,10.75,6,2648.0
8323,Mercedes-Benz,2020.0,4.0,France,A-Class,Sedan,Petrol,63344.0,92888.0,47.0,1.84,1.51,3.4,8,32.0
8324,Volkswagen,2018.0,1.0,China,Tiguan,Suv,Petrol,68757.0,276515.0,60.0,1.18,5.59,3.49,1,323.0
8325,Ford,2017.0,10.0,USA,F-150,Suv,Electric,84686.0,558064.0,94.0,1.0,2.75,4.62,4,3719.0
8326,Ford,2019.0,1.0,Italy,Explorer,Suv,Petrol,33524.0,473949.0,45.0,1.9,1.01,3.6,9,363.0
8327,Audi,2017.0,12.0,Australia,e-tron,Suv,Hybrid,107305.0,510909.0,32.0,1.59,2.77,4.51,4,622.0
8328,Audi,2021.0,6.0,India,TT,Sedan,Diesel,100469.0,324945.0,15.0,0.95,6.88,6.78,3,416.0
8329,Volkswagen,2023.0,9.0,Netherlands,Arteon,Sedan,Petrol,77605.0,373510.0,78.0,1.96,2.0199999999999996,3.3,6,2626.0
8330,Toyota,2024.0,9.0,France,Yaris,Sedan,Petrol,51547.0,479808.0,70.0,1.88,1.3,3.48,9,623.0
8331,Ford,2023.0,10.0,UK,Bronco,Suv,Petrol,62666.5,131973.0,15.0,1.83,1.49,5.07,3,945.0
8332,Tesla,2022.0,6.0,India,Model S,Suv,Electric,113393.0,168533.0,36.0,1.04,7.29,6.44,1,1229.0
8333,Audi,2016.0,8.0,Canada,A6,Sedan,Hybrid,107627.0,306326.0,25.0,1.28,1.89,3.78,9,713.0
8334,Mercedes-Benz,2016.0,6.0,Australia,C-Class,Sedan,Electric,38842.0,329521.0,22.0,1.52,2.66,4.42,10,430.0
8335,Porsche,2019.0,11.0,Brazil,911,Sedan,Hybrid,159638.0,245580.0,9.0,1.23,3.88,10.6,2,379.0
8336,Tesla,2015.0,1.0,UK,Model Y,Suv,Electric,73107.0,297921.0,27.0,1.82,1.98,3.01,4,1077.0
8337,Toyota,2020.0,9.0,China,Land Cruiser,Suv,Electric,88234.0,355224.0,79.0,1.05,6.0,3.68,5,2316.0
8339,Mercedes-Benz,2021.0,3.0,China,GLC,Suv,Electric,87010.0,417223.0,40.0,1.02,6.07,3.24,2,962.0
8340,Porsche,2021.0,9.0,Japan,911,Sedan,Electric,194268.0,156203.0,17.0,1.5,1.24,-0.04,8,207.0
8341,Ford,2016.0,12.0,Brazil,Bronco,Suv,Electric,83654.0,393922.0,46.0,1.21,3.65,10.78,6,2980.0
8342,Mercedes-Benz,2015.0,3.0,Netherlands,GLS,Suv,Electric,53363.0,479122.0,34.0,2.06,1.8,3.3,1,307.0
8343,BMW,2020.0,9.0,Canada,X1,Suv,Electric,83785.0,446419.0,209.0,1.380510581335913,2.4545428740846824,3.76187432130156,8,753.0
8344,Tesla,2017.0,8.0,Australia,Model X,Suv,Electric,125466.0,176587.0,33.0,1.6,2.92,4.06,8,675.0
8345,BMW,2022.0,1.0,USA,X7,Sedan,Hybrid,54385.0,411087.0,283.0,1.06212539510264,2.853784921704667,4.345186278190227,10,881.0
8346,BMW,2020.0,3.0,Japan,7 Series,Sedan,Diesel,111427.0,390281.0,350.0,1.5928057694331028,1.2430245839576632,-0.0633501583380742,3,1075.0
8347,Volkswagen,2018.0,11.0,India,Tiguan,Suv,Electric,48396.0,507184.0,52.0,1.08,7.03,6.21,10,1294.0
8349,Mercedes-Benz,2020.0,9.0,India,GLS,Suv,Petrol,58349.0,286313.0,40.0,1.05,6.79,6.2,6,677.0
8350,BMW,2023.0,11.0,Germany,3 Series,Suv,Electric,62777.0,372926.0,49.0,1.839155597136709,2.2555236959549347,2.710939549605817,4,157.0
8351,Porsche,2022.0,6.0,China,718,Sedan,Hybrid,144381.0,378284.0,6.0,1.04,5.66,3.47,7,260.0
8352,Audi,2015.0,1.0,China,Q3,Suv,Petrol,82593.0,392459.0,31.0,1.03,5.67,3.71,10,838.0
8353,Ford,2017.0,6.0,France,Mustang Mach-E,Suv,Electric,60461.0,79230.0,96.0,1.9,1.82,3.44,2,1156.0
8354,Porsche,2019.0,3.0,Mexico,Cayenne Coupe,Suv,Petrol,159537.0,273626.0,3.0,1.1,1.58,11.0,10,454.0
8355,Toyota,2024.0,1.0,Canada,RAV4,Suv,Hybrid,63390.0,572495.0,58.5,1.34,2.49,4.25,9,1391.0
8358,Toyota,2018.0,3.0,UK,Corolla,Sedan,Hybrid,73397.0,269392.0,57.0,1.88,1.61,5.14,2,1847.0
8359,Ford,2020.0,5.0,Canada,Escape,Suv,Electric,83671.0,342931.0,90.0,1.39,2.41,3.91,2,2595.0
8360,Toyota,2023.0,6.0,UK,Supra,Sedan,Petrol,82781.0,185008.0,76.0,1.84,1.62,5.22,8,519.0
8361,Tesla,2023.0,2.0,Japan,Model 3,Suv,Electric,115449.0,23003.0,36.0,1.6,0.87,0.07,9,1360.0
8362,Porsche,2024.0,7.0,Japan,Macan EV,Suv,Electric,154046.0,119476.0,29.0,1.42,1.44,0.12,7,44.0
8363,Mercedes-Benz,2017.0,5.0,Germany,EQS,Suv,Hybrid,124875.0,133403.0,34.0,1.83,1.36,2.9,6,294.0
8364,Toyota,2015.0,5.0,Brazil,Yaris,Sedan,Hybrid,85996.0,508112.0,47.0,1.24,3.92,10.55,7,1308.0
8365,Volkswagen,2017.0,12.0,Mexico,ID.3,Suv,Diesel,45888.0,241408.0,21.0,1.04,2.36,10.92,2,349.0
8366,Mercedes-Benz,2015.0,3.0,USA,S-Class,Sedan,Electric,116212.0,224647.0,16.0,0.96,2.3,4.67,2,185.0
8367,Toyota,2017.0,9.0,China,C-HR,Suv,Hybrid,70662.0,348596.0,61.0,1.13,6.34,3.49,6,764.0
8368,Volkswagen,2015.0,10.0,India,T-Roc,Suv,Hybrid,33144.0,83655.0,84.0,0.97,7.44,6.69,6,497.0
8369,Ford,2020.0,3.0,USA,Bronco,Suv,Petrol,77758.0,232928.0,21.0,1.04,2.98,4.6,5,3251.0
8370,Ford,2017.0,2.0,UK,Edge,Suv,Petrol,65142.0,450323.0,16.0,1.79,1.98,5.01,4,3983.0
8371,Tesla,2015.0,7.0,Japan,Model X,Suv,Electric,60381.0,237213.0,2.0,1.41,1.23,0.21,7,1239.0
8372,Porsche,2015.0,10.0,Canada,Macan,Suv,Electric,121569.0,244539.0,3.0,1.34,1.77,4.18,5,269.0
8373,Audi,2023.0,11.0,Mexico,Q7,Suv,Hybrid,113467.0,153665.0,7.0,1.1,2.37,10.98,4,1033.0
8374,Ford,2023.0,6.0,France,Mustang,Sedan,Petrol,58679.0,740184.0,70.0,1.75,2.02,3.42,6,1903.0
8375,Porsche,2019.0,1.0,India,Macan EV,Suv,Electric,84877.0,323598.0,23.0,1.01,7.28,6.29,6,497.0
8376,Mercedes-Benz,2023.0,3.0,Netherlands,EQE,Suv,Hybrid,120533.0,266936.0,17.0,2.07,1.65,3.69,2,586.0
8378,Mercedes-Benz,2022.0,6.0,Italy,GLS,Suv,Electric,78336.0,214212.0,62.0,1.87,0.6,3.52,10,420.0
8379,Volkswagen,2019.0,1.0,China,T-Roc,Suv,Petrol,67459.0,299529.0,8.0,1.12,6.5,3.44,6,633.0
8380,Audi,2017.0,1.0,Germany,Q5,Suv,Electric,98648.0,490265.0,54.0,1.94,1.87,3.17,10,497.0
8381,BMW,2024.0,3.0,Germany,7 Series,Sedan,Hybrid,67363.0,53880.0,269.0,1.8564957487954048,1.4752217721058274,3.2200622127036,7,607.0
8382,Volkswagen,2015.0,7.0,USA,Tiguan,Suv,Petrol,61889.0,273263.0,75.0,0.98,2.505,4.62,2,636.0
8383,Tesla,2023.0,12.0,China,Model X Plaid,Suv,Electric,110936.0,268468.0,29.0,1.09,5.77,3.75,8,463.0
8384,Porsche,2021.0,3.0,Italy,Cayenne,Suv,Electric,64554.0,258095.0,7.0,1.75,0.66,3.66,2,121.0
8385,Volkswagen,2022.0,12.0,Mexico,Touareg,Suv,Diesel,56301.0,583239.0,68.0,1.08,2.24,11.0,7,2758.0
8386,Toyota,2023.0,6.0,China,RAV4,Suv,Petrol,26517.0,437219.0,98.0,1.12,6.35,3.8,10,910.0
8388,Tesla,2016.0,3.0,Italy,Model S Plaid,Suv,Electric,90830.0,261414.0,20.0,1.76,1.26,3.46,7,1529.0
8389,Porsche,2017.0,6.0,China,Taycan,Suv,Petrol,147452.0,358166.0,2.0,1.19,5.6,3.26,1,110.0
8391,Tesla,2020.0,3.0,USA,Model X Plaid,Suv,Electric,48366.0,189164.0,7.0,0.94,2.43,4.33,2,215.0
8392,Volkswagen,2022.0,8.0,India,T-Roc,Suv,Hybrid,30223.0,288838.0,84.0,1.14,7.28,6.41,10,2232.0
8393,Mercedes-Benz,2018.0,11.0,Spain,EQS,Suv,Electric,36881.0,239447.0,33.0,1.8,1.5,3.7,8,422.0
8394,Toyota,2024.0,8.0,Japan,Highlander,Suv,Petrol,25500.0,588813.0,71.0,1.53,0.83,0.18,8,145.0
8395,Volkswagen,2021.0,3.0,UK,T-Roc,Suv,Hybrid,36202.0,73112.0,70.0,1.89,1.95,5.23,8,845.0
8396,Tesla,2022.0,3.0,UK,Model 3,Suv,Electric,94929.0,76790.0,19.0,1.88,1.68,5.02,9,156.0
8397,Volkswagen,2021.0,1.0,France,T-Roc,Suv,Diesel,45882.0,428216.0,14.0,1.74,2.03,3.66,4,2001.0
8398,Toyota,2018.0,1.0,India,Camry,Sedan,Electric,73748.0,465542.0,88.0,1.09,7.02,6.79,10,2142.0
8399,Volkswagen,2020.0,4.0,Germany,Passat,Sedan,Petrol,79997.0,428618.0,80.0,1.83,2.1,3.19,1,437.0
8400,Tesla,2023.0,1.0,Australia,Model X Plaid,Suv,Electric,53945.0,79054.0,3.0,1.64,2.51,4.08,1,193.0
8401,Ford,2022.0,1.0,Mexico,Edge,Suv,Electric,63704.0,447708.0,42.0,1.12,2.08,10.9,8,1039.0
8402,Ford,2017.0,8.0,India,Explorer,Suv,Hybrid,44735.0,238324.0,33.0,1.02,7.23,6.35,8,2244.0
8403,Audi,2016.0,2.0,UK,A3,Sedan,Petrol,74211.0,95816.0,43.0,1.87,1.95,4.81,2,663.0
8404,BMW,2015.0,11.0,Brazil,i4,Suv,Hybrid,112239.0,170507.0,34.0,1.2651956425416162,3.37,10.627208412198469,1,446.0
8405,Audi,2023.0,9.0,UK,Q8,Suv,Diesel,35847.0,327086.0,29.0,1.83,1.26,4.86,5,1114.0
8406,Toyota,2019.0,9.0,USA,RAV4,Suv,Hybrid,19966.0,472543.0,64.0,1.05,2.12,4.55,1,130.0
8407,Toyota,2018.0,12.0,Japan,Highlander,Suv,Hybrid,42974.0,572451.0,81.0,1.44,1.17,0.15,5,1509.0
8408,Ford,2015.0,1.0,Netherlands,F-150 Lightning,Suv,Petrol,51748.0,416489.0,11.0,1.91,1.93,3.63,7,3272.0
8409,BMW,2015.0,9.0,USA,i4,Suv,Hybrid,75734.0,265657.0,362.0,0.8835674118210344,2.937228487236452,4.612731433380488,7,836.0
8410,Volkswagen,2023.0,9.0,Netherlands,Golf,Sedan,Hybrid,21585.0,535241.0,27.0,1.91,1.72,3.53,4,1556.0
8411,Ford,2018.0,8.0,Canada,Edge,Suv,Hybrid,77360.0,592806.0,107.0,1.26,1.98,4.22,3,2246.0
8412,Toyota,2018.0,11.0,Australia,Supra,Sedan,Petrol,61298.0,309854.0,91.0,1.52,2.51,4.07,10,922.0
8413,Ford,2016.0,7.0,Netherlands,F-150,Suv,Petrol,33457.0,792574.0,12.0,1.96,2.37,3.51,4,1288.0
8414,Ford,2022.0,3.0,Canada,Ranger,Suv,Petrol,40953.0,476931.0,99.0,1.24,2.26,4.2,1,147.0
8415,Porsche,2016.0,9.0,Mexico,Cayenne Coupe,Suv,Petrol,111149.0,223413.0,27.0,1.18,2.31,10.71,7,96.0
8417,Audi,2017.0,11.0,Canada,Q8,Suv,Hybrid,35776.0,525729.0,35.0,1.38,2.13,3.97,4,958.0
8418,Tesla,2022.0,8.0,China,Model 3,Suv,Electric,48590.0,36150.0,2.0,1.1,6.09,3.6,8,1658.0
8419,Toyota,2021.0,7.0,Australia,Highlander,Suv,Hybrid,84284.0,538661.0,70.0,1.68,3.11,4.01,1,1424.0
8420,Volkswagen,2016.0,3.0,Australia,Touareg,Suv,Petrol,21511.0,72745.0,56.0,1.58,3.12,4.27,2,1890.0
8421,Porsche,2024.0,7.0,Spain,Cayenne Coupe,Suv,Hybrid,65405.0,171117.0,6.0,1.73,1.26,3.66,8,231.0
8422,Mercedes-Benz,2023.0,2.0,Mexico,GLE,Suv,Diesel,46376.0,379271.0,23.0,1.18,2.45,11.08,9,87.0
8423,Tesla,2020.0,9.0,Japan,Model X Plaid,Suv,Electric,128711.0,61224.0,23.0,1.57,1.07,0.37,2,1436.0
8424,Tesla,2018.0,7.0,Australia,Model S Plaid,Suv,Electric,87671.0,126375.0,19.5,1.52,2.52,4.44,9,1199.0
8425,Mercedes-Benz,2021.0,2.0,Spain,EQS,Suv,Electric,121422.0,246634.0,42.0,1.8,0.99,3.7,9,69.0
8426,Toyota,2021.0,2.0,Italy,Supra,Sedan,Hybrid,39094.0,366301.0,13.0,1.85,0.92,3.7,9,617.0
8427,Audi,2023.0,3.0,China,Q7,Suv,Petrol,62242.0,519607.0,39.0,1.1,6.27,3.43,7,1016.0
8428,Audi,2024.0,7.0,UK,TT,Sedan,Petrol,78840.0,478708.0,52.0,1.83,1.73,5.03,1,784.0
8429,Audi,2018.0,5.0,USA,A3,Sedan,Hybrid,71961.0,96192.0,53.0,0.96,2.39,4.38,7,495.0
8430,Porsche,2015.0,8.0,Canada,Macan,Suv,Hybrid,115744.0,316082.0,2.0,1.36,1.81,3.96,3,272.0
8431,Ford,2023.0,6.0,USA,Escape,Suv,Electric,86271.0,660073.0,84.0,0.99,2.63,4.33,5,2321.0
8432,Volkswagen,2020.0,2.0,Brazil,ID.3,Suv,Hybrid,57691.0,97961.0,52.0,1.3,3.87,10.55,1,2481.0
8433,BMW,2016.0,9.0,Japan,X3,Suv,Diesel,37809.0,126208.0,57.0,1.5742408964526104,1.3531627905312829,0.3629828910690896,10,529.0
8434,Volkswagen,2015.0,4.0,Brazil,ID.3,Suv,Petrol,74433.0,331953.0,41.0,1.23,3.75,10.72,9,2333.0
8436,BMW,2019.0,1.0,Canada,X7,Sedan,Diesel,96497.0,438681.0,76.0,1.3936386855829443,2.5643582498396373,3.9839259440149344,7,369.0
8437,Tesla,2024.0,10.0,Japan,Model S Plaid,Suv,Electric,128354.0,270915.0,8.0,1.58,1.3,0.29,9,1277.0
8438,Volkswagen,2024.0,8.0,Mexico,Golf,Sedan,Petrol,37094.0,212045.0,39.0,1.08,1.75,10.91,2,796.0
8439,BMW,2024.0,1.0,Germany,i4,Suv,Petrol,78880.0,189133.0,356.0,1.9581019588549768,2.169969159647685,2.778391406294077,7,1122.0
8440,Audi,2023.0,4.0,USA,Q5,Suv,Hybrid,68310.0,66416.0,22.0,1.05,2.09,4.73,7,844.0
8441,Toyota,2021.0,4.0,Brazil,Land Cruiser,Suv,Hybrid,67332.0,571640.0,44.0,1.11,3.88,10.66,4,2253.0
8442,Ford,2018.0,9.0,Netherlands,F-150,Suv,Hybrid,24056.0,262475.0,37.0,1.97,2.48,3.39,9,86.0
8443,Ford,2019.0,7.0,Netherlands,F-150,Suv,Electric,45523.0,777178.0,88.0,1.93,2.08,3.6,3,316.0
8444,BMW,2024.0,12.0,Brazil,X7,Sedan,Hybrid,118597.0,367188.0,140.0,1.12503715844051,3.48152235151255,10.270384913377436,7,281.0
8445,Porsche,2016.0,4.0,Germany,Panamera Sport,Sedan,Hybrid,183484.0,361971.0,13.0,1.99,1.86,3.16,7,122.0
8446,Ford,2022.0,9.0,USA,Expedition,Suv,Hybrid,45406.0,719060.0,110.0,1.07,2.33,4.44,2,118.0
8447,Mercedes-Benz,2022.0,1.0,Mexico,GLS,Suv,Electric,120877.0,546520.0,63.0,1.08,1.63,11.19,3,1174.0
8448,Ford,2021.0,1.0,Brazil,F-150 Lightning,Suv,Hybrid,89881.0,121896.0,34.0,1.18,3.29,10.66,8,2879.0
8449,Audi,2017.0,5.0,USA,A6,Sedan,Diesel,38506.0,65278.0,24.0,0.93,2.17,4.56,5,899.0
8450,Tesla,2023.0,11.0,China,Semi,Suv,Electric,63506.0,38256.0,21.0,1.07,5.71,3.21,10,1503.0
8451,Toyota,2019.0,3.0,China,RAV4,Suv,Electric,87399.0,427553.0,37.0,1.14,5.68,3.63,5,1175.0
8452,Toyota,2017.0,2.0,Germany,Corolla,Sedan,Electric,89190.0,141239.0,64.0,1.98,1.72,2.99,10,1988.0
8453,Volkswagen,2019.0,4.0,Italy,Passat,Sedan,Hybrid,32730.0,466337.0,15.0,1.95,0.68,3.79,1,2489.0
8454,Mercedes-Benz,2019.0,6.0,Australia,S-Class,Sedan,Petrol,94686.0,383623.0,15.0,1.67,2.96,4.35,1,922.0
8455,Toyota,2017.0,10.0,Australia,Corolla,Sedan,Petrol,37028.0,519962.0,85.0,1.58,2.77,4.19,1,2363.0
8456,Tesla,2019.0,4.0,Germany,Model Y,Suv,Electric,45156.0,236573.0,20.0,1.88,2.07,3.22,6,1653.0
8457,Volkswagen,2015.0,10.0,Mexico,Polo,Sedan,Hybrid,76245.0,364580.0,42.0,1.11,1.51,11.24,5,1596.0
8459,Tesla,2023.0,5.0,Mexico,Model S Plaid,Suv,Electric,76745.0,281415.0,4.0,1.18,2.18,10.81,4,246.0
8460,Audi,2020.0,11.0,Brazil,Q8,Suv,Hybrid,35930.0,152009.0,35.0,1.25,3.17,10.27,6,947.0
8461,Tesla,2017.0,4.0,Spain,Model Y,Suv,Electric,67421.0,289350.0,39.0,1.75,0.91,3.36,5,1676.0
8462,Toyota,2019.0,2.0,Italy,C-HR,Suv,Petrol,67358.0,348596.0,15.0,1.87,1.48,3.46,9,2759.0
8463,Audi,2017.0,12.0,Mexico,Q5,Suv,Diesel,34046.0,504802.0,31.0,1.19,1.61,10.93,9,106.0
8464,Porsche,2021.0,5.0,USA,718,Sedan,Petrol,66178.0,228236.0,2.0,1.01,2.46,4.75,9,279.0
8465,Mercedes-Benz,2024.0,9.0,Canada,S-Class,Sedan,Electric,35028.0,180468.0,8.0,1.3,2.13,3.84,6,152.0
8467,Porsche,2018.0,11.0,UK,Macan EV,Suv,Petrol,71767.0,212876.0,14.0,1.84,1.16,4.78,1,478.0
8468,Porsche,2017.0,4.0,Canada,Panamera Sport,Sedan,Petrol,109455.0,389406.0,26.0,1.35,2.05,3.93,5,294.0
8469,Ford,2021.0,8.0,France,Mustang,Sedan,Petrol,62662.0,298951.0,105.0,1.75,1.72,3.5,9,2510.0
8470,Audi,2020.0,12.0,Italy,Q8,Suv,Petrol,76397.0,282376.0,53.0,1.79,0.51,3.24,4,216.0
8472,Audi,2018.0,8.0,UK,A6,Sedan,Petrol,89269.0,485530.0,47.0,1.82,1.77,4.86,7,427.0
8473,Porsche,2016.0,10.0,UK,Panamera Sport,Sedan,Electric,68428.0,127879.0,9.0,1.77,1.85,4.83,8,399.0
8475,Audi,2021.0,4.0,Mexico,Q5,Suv,Diesel,43794.0,183398.0,33.0,1.15,2.18,10.99,8,298.0
8476,Porsche,2023.0,1.0,Brazil,911,Sedan,Petrol,149704.0,276953.0,7.0,1.28,3.14,10.36,4,25.0
8477,Porsche,2021.0,5.0,Netherlands,Panamera,Sedan,Hybrid,108862.0,387601.0,4.0,2.05,2.32,3.5,1,90.0
8478,Toyota,2019.0,10.0,Netherlands,Camry,Sedan,Electric,76589.0,687049.0,79.0,1.99,2.04,3.52,2,1594.0
8479,Volkswagen,2018.0,5.0,Brazil,Touareg,Suv,Electric,33794.0,302222.0,86.0,1.22,3.98,10.76,1,2046.0
8480,Porsche,2017.0,5.0,Italy,Taycan,Suv,Petrol,166525.0,129438.0,4.0,1.76,0.51,3.68,3,317.0
8481,Audi,2023.0,1.0,Japan,Q3,Suv,Diesel,85472.0,65068.0,43.0,1.46,1.7,0.32,1,60.0
8482,Porsche,2023.0,12.0,Spain,GTS,Sedan,Petrol,114212.0,260096.0,14.0,1.68,1.3,3.39,1,298.0
8483,Mercedes-Benz,2024.0,8.0,UK,C-Class,Sedan,Petrol,37172.0,529829.0,45.0,1.85,1.61,5.21,6,865.0
8484,Tesla,2015.0,5.0,Spain,Model Y,Suv,Electric,51187.0,141655.0,20.0,1.82,1.52,3.36,6,662.0
8485,Audi,2020.0,11.0,USA,Q7,Suv,Petrol,43121.0,98816.0,53.0,0.98,2.86,4.23,8,650.0
8486,Volkswagen,2018.0,4.0,Canada,T-Roc,Suv,Hybrid,36571.0,171189.0,28.0,1.2,2.02,3.87,3,2056.0
8487,Toyota,2016.0,2.0,France,Supra,Sedan,Hybrid,87461.0,54930.0,63.0,1.82,1.89,3.22,4,2340.0
8488,Mercedes-Benz,2021.0,10.0,Spain,GLS,Suv,Hybrid,74259.0,193491.0,49.0,1.69,1.68,3.74,2,355.0
8489,Toyota,2018.0,7.0,Canada,Highlander,Suv,Electric,43121.0,442936.0,60.0,1.24,2.5,4.28,4,334.0
8490,Audi,2018.0,12.0,Canada,Q5,Suv,Diesel,91002.0,306349.0,37.0,1.39,1.95,4.19,3,845.0
8491,Volkswagen,2020.0,10.0,Japan,Tiguan,Suv,Diesel,53071.0,58006.0,41.0,1.4,1.65,0.32,6,2115.0
8492,Volkswagen,2016.0,11.0,Netherlands,T-Roc,Suv,Hybrid,28960.0,584158.0,81.0,1.93,1.71,3.49,5,2660.0
8493,BMW,2023.0,1.0,Brazil,i4,Suv,Hybrid,48386.0,313312.0,260.0,1.253860978728268,3.8275378955668735,10.64016862833684,10,615.0
8494,Toyota,2024.0,5.0,Germany,Corolla,Sedan,Hybrid,50556.0,44677.0,13.0,1.84,1.49,3.16,3,485.0
8495,Audi,2017.0,8.0,Italy,Q5,Suv,Petrol,73498.0,337432.0,42.0,1.81,0.77,3.29,1,937.0
8496,Volkswagen,2022.0,8.0,Canada,Golf,Sedan,Diesel,58887.0,322035.5,88.0,1.38,1.74,3.86,3,1447.0
8497,Toyota,2019.0,2.0,Netherlands,Corolla,Sedan,Hybrid,73779.0,536490.0,91.0,2.06,2.07,3.72,6,956.0
8498,BMW,2018.0,6.0,India,X5,Sedan,Petrol,36577.0,316294.0,81.0,1.0889902177804924,6.902980178765161,6.304114708991905,3,626.0
8499,Tesla,2018.0,3.0,Japan,Model 3,Suv,Electric,46296.0,204935.0,13.0,1.53,1.08,0.16,7,596.0
8500,Volkswagen,2017.0,12.0,UK,Polo,Sedan,Diesel,39615.0,80959.0,45.0,1.82,1.7,4.86,10,2771.0
8501,BMW,2021.0,9.0,UK,7 Series,Sedan,Diesel,96084.0,184563.0,197.0,1.7862876695391254,1.1811493495346803,5.10867071237899,8,430.0
8502,Mercedes-Benz,2020.0,7.0,France,GLE,Suv,Electric,97719.0,479606.0,56.0,1.9,1.64,3.7,5,421.0
8503,Mercedes-Benz,2023.0,11.0,Mexico,A-Class,Sedan,Electric,64000.0,379576.0,9.0,1.15,1.57,11.19,8,208.0
8504,Mercedes-Benz,2021.0,5.0,Canada,GLE,Suv,Hybrid,102871.0,345895.0,28.0,1.33,2.31,4.26,3,432.0
8506,Mercedes-Benz,2024.0,11.0,China,GLC,Suv,Hybrid,123640.0,432107.0,54.0,1.16,6.28,3.21,4,731.0
8507,Audi,2017.0,3.0,China,e-tron,Suv,Electric,98390.0,513037.0,51.0,1.13,5.83,3.22,6,421.0
8508,Porsche,2024.0,10.0,China,Taycan,Suv,Hybrid,170328.0,180072.0,16.0,1.03,6.43,3.51,3,133.0
8509,Ford,2018.0,10.0,Netherlands,Bronco,Suv,Electric,69011.0,378146.0,38.0,2.02,2.18,3.58,5,2096.0
8510,Ford,2021.0,11.0,India,F-150,Suv,Electric,62707.0,501892.0,37.0,0.96,7.34,6.72,5,2897.0
8511,Tesla,2019.0,6.0,Brazil,Model S Plaid,Suv,Electric,105627.0,201487.0,19.0,1.23,3.521366414690997,10.3,10,159.0
8512,BMW,2023.0,10.0,Canada,iX,Sedan,Electric,93565.0,464021.0,378.0,1.3523596382755394,1.9857835555258705,3.821933854651652,7,928.0
8513,Ford,2020.0,9.0,Brazil,Ranger,Suv,Electric,22333.0,313222.0,68.0,1.1,3.64,10.26,6,1108.0
8515,Ford,2021.0,10.0,Germany,Ranger,Suv,Hybrid,39412.0,737777.0,48.0,1.81,1.56,3.13,1,3066.0
8516,BMW,2022.0,1.0,China,i4,Suv,Hybrid,72425.0,267364.0,169.0,1.073588150260417,5.702480560165237,3.774844088071628,7,719.0
8517,Toyota,2017.0,10.0,UK,RAV4,Suv,Petrol,83328.0,159101.0,13.0,1.77,1.35,4.94,10,1783.0
8518,Porsche,2021.0,3.0,France,Panamera,Sedan,Hybrid,83963.0,356878.0,9.0,1.88,1.99,3.31,10,117.0
8519,Volkswagen,2015.0,10.0,India,Arteon,Sedan,Petrol,49855.0,482198.0,18.0,1.11,6.98,6.28,9,2405.0
8520,Volkswagen,2022.0,1.0,USA,Golf,Sedan,Electric,43345.0,353295.0,87.0,0.89,2.82,4.34,2,2298.0
8521,Porsche,2015.0,4.0,India,Macan EV,Suv,Petrol,175659.0,145344.0,20.0,0.98,6.62,6.76,4,99.0
8523,Volkswagen,2020.0,5.0,China,Arteon,Sedan,Electric,69377.0,391972.0,52.0,1.1,6.29,3.68,7,672.0
8524,BMW,2020.0,6.0,USA,i4,Suv,Electric,45313.0,354606.0,33.0,0.9965423757497202,2.493814040456929,4.432589283273388,3,530.0
8525,Tesla,2018.0,11.0,Canada,Semi,Suv,Electric,78956.0,156257.0,5.0,1.24,2.3,4.24,8,1874.0
8526,Tesla,2017.0,10.0,China,Model S,Suv,Electric,54189.0,246222.0,35.0,1.11,6.49,3.25,7,1776.0
8527,Tesla,2021.0,5.0,Italy,Model X,Suv,Electric,40075.0,296441.0,24.0,1.81,0.6,3.62,8,1074.0
8528,BMW,2021.0,12.0,Brazil,X5,Sedan,Diesel,82315.0,482015.0,367.0,1.1363649934414202,3.832442640800422,10.327403466406963,2,1156.0
8529,Audi,2016.0,3.0,Netherlands,A6,Sedan,Electric,50908.0,306326.0,38.0,1.94,1.83,3.75,6,686.0
8530,Tesla,2015.0,3.0,China,Model X Plaid,Suv,Electric,48748.0,225736.0,23.0,1.01,5.58,3.56,6,914.0
8531,Audi,2017.0,4.0,Japan,Q8,Suv,Electric,74677.0,256106.0,6.0,1.55,1.65,-0.03,9,1149.0
8532,Audi,2019.0,6.0,France,A6,Sedan,Petrol,96619.0,478430.0,27.0,1.85,1.85,3.75,7,464.0
8533,Toyota,2016.0,11.0,UK,Land Cruiser,Suv,Hybrid,69089.0,543763.0,75.0,1.77,1.9,4.76,5,2469.0
8534,Tesla,2024.0,6.0,Spain,Model X,Suv,Electric,89884.0,121114.0,18.0,1.72,1.46,3.66,3,1074.0
8535,Volkswagen,2021.0,5.0,France,Touareg,Suv,Diesel,22145.0,467735.0,21.0,1.83,1.8,3.42,9,1680.0
8536,Porsche,2018.0,11.0,Italy,911,Sedan,Petrol,95434.0,305173.0,15.0,1.8,0.55,3.73,1,307.0
8537,Porsche,2021.0,5.0,UK,GTS,Sedan,Hybrid,75106.0,390378.0,3.0,1.77,1.54,5.17,1,221.0
8538,Mercedes-Benz,2024.0,8.0,USA,EQS,Suv,Electric,127796.0,488661.0,44.0,0.96,2.87,4.37,5,759.0
8539,BMW,2023.0,4.0,Canada,i7,Sedan,Hybrid,50511.0,113879.0,113.0,1.3384322683388263,2.003275147567596,3.760627486606388,8,309.0
8540,Toyota,2019.0,9.0,Germany,Prius,Suv,Electric,87725.0,180671.0,27.0,1.8,1.54,3.26,4,1999.0
8541,Toyota,2020.0,3.0,Netherlands,Highlander,Suv,Petrol,65355.0,332710.0,36.0,1.92,2.05,3.75,3,1284.0
8542,BMW,2020.0,7.0,USA,X7,Sedan,Petrol,98656.0,229845.0,112.0,1.0114172954533396,2.5006242680704176,4.676709326694449,3,479.0
8543,Porsche,2021.0,10.0,Brazil,GTS,Sedan,Hybrid,72323.0,241616.0,17.0,1.21,3.46,10.55,6,229.0
8544,Porsche,2021.0,8.0,UK,Panamera Sport,Sedan,Petrol,153507.0,233110.0,18.0,1.82,1.525,4.89,6,283.0
8545,Porsche,2018.0,10.0,India,Panamera,Sedan,Hybrid,156785.0,330332.0,13.0,1.0,6.53,6.58,2,91.0
8546,Toyota,2022.0,7.0,Germany,Corolla,Sedan,Electric,31537.0,392363.0,69.0,2.0,1.67,3.21,8,2045.0
8547,Volkswagen,2022.0,10.0,Japan,Passat,Sedan,Petrol,79260.0,469885.0,16.0,1.4,0.96,0.38,7,2049.0
8548,Porsche,2019.0,2.0,Italy,GTS,Sedan,Petrol,75591.0,345703.0,9.0,1.81,0.91,3.41,9,284.0
8550,Tesla,2016.0,9.0,Australia,Model X Plaid,Suv,Electric,101209.0,42669.0,19.0,1.53,2.54,4.15,7,447.0
8551,Volkswagen,2016.0,8.0,Mexico,Touareg,Suv,Electric,62714.0,442612.0,35.0,1.08,2.34,11.07,9,2120.0
8552,Audi,2019.0,9.0,China,A3,Sedan,Diesel,34530.0,65280.0,25.0,1.11,6.37,3.51,2,1130.0
8554,Porsche,2019.0,6.0,Japan,Macan,Suv,Petrol,164360.0,240586.0,12.0,1.44,1.64,0.37,7,484.0
8555,Ford,2018.0,3.0,Italy,Ranger,Suv,Electric,22151.0,398756.0,89.0,1.91,0.99,3.7,9,3709.0
8556,Mercedes-Benz,2018.0,3.0,China,A-Class,Sedan,Hybrid,100717.0,227925.0,10.0,1.1,6.33,3.79,3,368.0
8557,Porsche,2018.0,12.0,Australia,Panamera Sport,Sedan,Electric,121645.0,160049.0,5.0,1.7,3.42,3.98,8,204.0
8558,BMW,2024.0,3.0,Australia,3 Series,Suv,Petrol,105610.0,230388.0,362.0,1.5648667506230751,3.150877369047194,4.269774671930801,10,1022.0
8559,Audi,2017.0,4.0,UK,Q7,Suv,Hybrid,106479.0,197786.0,17.0,1.79,1.81,5.19,5,1128.0
8560,Porsche,2016.0,8.0,Mexico,911,Sedan,Electric,70285.0,265718.0,28.0,1.06,1.59,11.13,1,58.0
8561,Tesla,2017.0,11.0,Spain,Semi,Suv,Electric,60334.0,104717.0,11.0,1.7,1.69,3.58,5,1487.0
8562,Volkswagen,2015.0,9.0,Brazil,Polo,Sedan,Petrol,30704.0,69223.0,73.0,1.25,3.25,10.6,4,1595.0
8563,Volkswagen,2024.0,3.0,Japan,Golf,Sedan,Petrol,75425.0,498402.0,23.0,1.4952097798379917,1.56,0.12,10,78.0
8564,Volkswagen,2019.0,3.0,Australia,Touareg,Suv,Diesel,77424.0,233689.0,66.0,1.56,3.0,4.03,3,2121.0
8565,Volkswagen,2021.0,5.0,Canada,ID.3,Suv,Petrol,71163.0,380793.0,69.0,1.36,2.21,4.19,5,2182.0
8566,BMW,2022.0,6.0,India,iX,Sedan,Diesel,116463.0,480147.0,25.0,1.0947946110932187,7.112573468344819,6.724219156079807,4,244.0
8567,Mercedes-Benz,2021.0,12.0,Germany,EQE,Suv,Hybrid,74000.0,447756.0,31.0,1.92,1.53,3.19,9,957.0
8568,BMW,2023.0,4.0,USA,X5,Sedan,Petrol,74133.0,126411.0,46.0,1.0624345096949084,2.7460448792654235,4.550021259058296,1,122.0
8569,Volkswagen,2024.0,7.0,UK,Touareg,Suv,Electric,58918.0,434265.0,80.0,1.09,1.4849999999999999,3.59,5,2548.0
8570,Audi,2019.0,3.0,China,A6,Sedan,Hybrid,34732.0,457163.0,34.0,1.17,6.46,3.65,2,663.0
8571,Toyota,2021.0,3.0,Spain,Camry,Sedan,Petrol,36992.0,198605.0,65.0,1.72,0.85,3.56,1,1882.0
8572,Volkswagen,2021.0,11.0,Australia,Taos,Suv,Electric,26570.0,415641.0,30.0,1.61,3.11,4.47,10,2369.0
8573,Toyota,2023.0,10.0,Netherlands,Supra,Sedan,Hybrid,32570.0,505062.0,85.0,2.0,1.92,3.49,5,1642.0
8574,Audi,2019.0,2.0,China,Q8,Suv,Petrol,113743.0,506012.0,5.0,1.05,5.61,3.22,6,929.0
8576,Tesla,2023.0,2.0,Spain,Model S Plaid,Suv,Electric,116939.0,66642.0,37.0,1.75,1.61,3.43,3,1992.0
8577,BMW,2017.0,10.0,China,X5,Sedan,Electric,98772.0,385834.0,149.0,1.1300402184796308,5.7160381825096,3.571752772938698,2,406.0
8578,Porsche,2019.0,12.0,UK,Cayenne Coupe,Suv,Hybrid,71566.0,202869.0,11.0,2.03,1.78,3.54,7,284.0
8579,Porsche,2024.0,1.0,Germany,Cayenne,Suv,Electric,115460.0,379933.0,10.0,1.9,1.38,3.04,6,499.0
8580,Mercedes-Benz,2019.0,11.0,Canada,A-Class,Sedan,Petrol,97420.0,290359.0,58.0,1.38,2.23,4.11,2,1101.0
8581,Ford,2015.0,5.0,USA,Bronco,Suv,Hybrid,46155.0,85090.0,101.0,1.04,2.77,4.68,1,3740.0
8582,Audi,2018.0,9.0,Netherlands,TT,Sedan,Hybrid,85850.0,211013.0,42.0,1.97,2.5,3.37,10,1170.0
8583,Audi,2022.0,12.0,Mexico,Q8,Suv,Electric,92765.0,422225.0,57.0,1.03,2.33,11.27,5,966.0
8587,BMW,2018.0,3.0,India,i4,Suv,Diesel,38956.0,223501.0,170.0,1.029308556464254,7.013989489159811,6.670191807644686,1,457.0
8588,Tesla,2020.0,6.0,Japan,Semi,Suv,Electric,81846.0,69726.0,18.0,1.51,1.3,0.39,4,716.0
8589,BMW,2017.0,9.0,Australia,7 Series,Sedan,Hybrid,58488.0,180193.0,139.0,1.5791940945324912,3.134582417550304,4.428748495769536,3,426.0
8590,Ford,2024.0,6.0,Brazil,Mustang Mach-E,Suv,Petrol,31098.0,483604.0,54.0,1.2,3.85,10.43,7,300.0
8591,BMW,2024.0,6.0,China,X1,Suv,Petrol,103694.0,459861.0,103.0,1.041137452439111,6.124663568854264,3.4291637837917377,6,527.0
8592,BMW,2022.0,9.0,Germany,X5,Sedan,Electric,102567.0,249271.0,178.0,1.978534342215395,1.883041560969692,2.9528547303554986,2,554.0
8593,Toyota,2023.0,12.0,Canada,Supra,Sedan,Petrol,24621.0,419751.0,98.0,1.26,2.14,4.02,3,2477.0
8594,Ford,2021.0,3.0,Brazil,Explorer,Suv,Petrol,58861.0,537015.0,30.0,1.19,3.63,10.31,9,2801.0
8595,Mercedes-Benz,2024.0,4.0,Germany,GLE,Suv,Hybrid,107142.0,396821.0,50.0,1.91,2.14,3.07,6,69.0
8596,Toyota,2024.0,8.0,Netherlands,Camry,Sedan,Petrol,64948.0,342553.0,93.0,2.01,2.1,3.62,8,2500.0
8597,Mercedes-Benz,2017.0,7.0,Netherlands,GLC,Suv,Diesel,122366.0,374923.0,22.5,1.98,1.65,3.22,1,474.0
8598,Audi,2017.0,2.0,Canada,Q3,Suv,Petrol,74146.0,300440.0,54.0,1.31,2.49,3.88,10,1069.0
8599,Volkswagen,2022.0,7.0,Brazil,Tiguan,Suv,Electric,32477.0,400288.0,26.0,1.27,3.1,10.23,10,1827.0
8600,Ford,2023.0,2.0,Mexico,Mustang Mach-E,Suv,Petrol,26296.0,301223.0,34.0,1.06,2.45,10.96,3,1307.0
8601,Volkswagen,2018.0,1.0,Brazil,Passat,Sedan,Hybrid,75783.0,179852.0,59.0,1.19,3.84,10.74,2,1907.0
8602,Tesla,2020.0,9.0,Italy,Model Y,Suv,Electric,81653.0,224888.0,9.0,1.85,0.65,3.26,5,1486.0
8603,Volkswagen,2016.0,2.0,Spain,Arteon,Sedan,Electric,61314.0,580601.0,14.0,1.84,1.67,3.64,7,1111.0
8604,Ford,2021.0,1.0,Netherlands,Explorer,Suv,Hybrid,40963.0,259753.0,116.0,1.93,1.66,3.67,1,3135.0
8605,Volkswagen,2024.0,2.0,USA,ID.3,Suv,Hybrid,57519.0,105840.0,47.0,0.92,2.55,4.65,7,2026.0
8606,Tesla,2018.0,1.0,India,Model S Plaid,Suv,Electric,113145.0,274930.0,9.0,1.08,6.58,6.27,3,1481.0
8607,Volkswagen,2017.0,5.0,India,T-Roc,Suv,Electric,41223.0,444010.0,58.0,0.96,6.8,6.44,7,885.0
8608,Tesla,2015.0,5.0,Brazil,Semi,Suv,Electric,47985.0,206486.0,22.0,1.19,3.61,10.54,6,2161.0
8609,BMW,2024.0,4.0,UK,X3,Suv,Hybrid,76798.0,490041.0,340.0,1.8295711198091484,1.9823786169086064,4.767223341300832,9,894.0
8610,Audi,2016.0,8.0,Japan,e-tron,Suv,Hybrid,56269.0,483995.0,22.0,1.45,1.35,0.4,6,164.0
8611,Porsche,2024.0,2.0,Netherlands,Macan EV,Suv,Hybrid,95240.0,291334.0,5.0,1.93,2.13,3.23,7,97.0
8612,Ford,2018.0,11.0,Spain,Expedition,Suv,Petrol,26935.0,463673.0,76.0,1.69,1.5,3.55,7,3834.0
8613,Mercedes-Benz,2021.0,6.0,Italy,GLE,Suv,Electric,100705.0,486740.0,22.0,1.8,0.92,3.45,8,654.0
8614,Porsche,2019.0,2.0,UK,Taycan,Suv,Hybrid,118803.0,124825.0,15.0,1.91,1.75,5.21,7,460.0
8615,Mercedes-Benz,2018.0,7.0,Australia,EQE,Suv,Electric,97183.0,321354.0,5.0,1.6,2.98,4.28,1,1049.0
8616,Toyota,2020.0,3.0,France,Corolla,Sedan,Electric,87340.0,406777.0,64.0,1.76,1.8,3.24,4,597.0
8617,Volkswagen,2021.0,10.0,UK,Golf,Sedan,Diesel,63674.0,163766.0,55.0,1.74,1.81,3.79,6,1973.0
8618,Ford,2020.0,8.0,Japan,F-150,Suv,Petrol,32469.0,765543.0,72.0,1.58,1.65,0.38,10,688.0
8619,Tesla,2015.0,8.0,Germany,Model X,Suv,Electric,128178.0,54511.0,37.0,1.88,1.94,3.23,2,1320.0
8620,Toyota,2016.0,10.0,Spain,RAV4,Suv,Petrol,32806.0,420865.0,10.0,1.8,1.21,3.32,2,2153.0
8621,Mercedes-Benz,2020.0,3.0,Brazil,GLC,Suv,Diesel,105736.0,553042.0,39.0,1.15,3.27,10.32,10,251.0
8622,Porsche,2021.0,9.0,Mexico,Cayenne Coupe,Suv,Petrol,154287.0,339800.0,9.0,1.09,1.84,10.88,1,50.0
8623,Toyota,2024.0,7.0,USA,Supra,Sedan,Electric,71656.0,681077.0,89.0,0.91,2.34,4.35,8,399.0
8624,Tesla,2018.0,9.0,USA,Model S Plaid,Suv,Electric,110844.0,134545.0,5.0,1.07,2.16,4.73,5,324.0
8625,Toyota,2016.0,3.0,Canada,Corolla,Sedan,Electric,40967.0,585079.0,68.0,1.3,2.49,4.0,7,548.0
8626,Porsche,2018.0,11.0,Brazil,Panamera Sport,Sedan,Electric,181104.0,312822.0,20.0,1.22,3.1,10.32,6,395.0
8627,Ford,2022.0,12.0,Spain,F-150,Suv,Petrol,40792.0,390211.5,69.0,1.67,1.78,3.66,2,2118.0
8628,BMW,2018.0,4.0,China,X3,Suv,Diesel,91398.0,93539.0,130.0,1.1788188605066503,5.782496065972852,3.411830234960181,4,559.0
8629,Audi,2022.0,7.0,Netherlands,Q8,Suv,Petrol,114230.0,429606.0,49.0,2.09,2.47,3.59,9,694.0
8631,Tesla,2019.0,12.0,France,Cybertruck,Suv,Electric,121324.0,52484.0,11.0,1.85,1.26,3.63,6,2489.0
8632,Audi,2016.0,4.0,Brazil,TT,Sedan,Diesel,44223.0,279019.0,33.0,1.14,3.84,10.55,7,515.0
8633,BMW,2023.0,8.0,Brazil,i4,Suv,Diesel,99757.0,348254.0,264.0,1.253998710619722,3.1270605126518847,10.513345956032882,1,845.0
8634,Ford,2017.0,12.0,Brazil,Escape,Suv,Electric,68975.0,656910.0,85.0,1.13,3.37,10.75,3,2284.0
8635,Audi,2017.0,11.0,Brazil,Q7,Suv,Petrol,42198.0,181166.0,47.0,1.18,3.84,10.51,1,749.0
8636,Ford,2016.0,8.0,UK,Ranger,Suv,Hybrid,43248.0,201288.0,92.0,1.87,1.57,4.82,3,1489.0
8637,Toyota,2022.0,9.0,Italy,Prius,Suv,Hybrid,87268.0,281120.0,44.0,1.93,0.92,3.77,3,1977.0
8638,Tesla,2021.0,12.0,USA,Cybertruck,Suv,Electric,73821.0,47989.0,39.0,1.05,2.72,4.33,2,732.0
8639,Mercedes-Benz,2017.0,7.0,China,E-Class,Sedan,Hybrid,109536.0,249526.0,29.0,1.12,5.69,3.24,3,523.0
8641,Porsche,2016.0,12.0,USA,718,Sedan,Petrol,186190.0,280602.0,11.0,0.96,2.97,4.73,5,216.0
8642,Toyota,2020.0,11.0,Canada,RAV4,Suv,Electric,37007.0,124454.0,83.0,1.39,2.05,4.29,9,1264.0
8643,Mercedes-Benz,2023.0,9.0,Italy,EQS,Suv,Hybrid,107552.0,182187.0,46.0,1.79,1.13,3.65,8,318.0
8644,Audi,2018.0,6.0,Netherlands,Q7,Suv,Hybrid,62543.0,386949.0,16.0,2.05,2.17,3.54,7,302.0
8645,Volkswagen,2023.0,4.0,Mexico,Polo,Sedan,Diesel,57769.0,149036.0,88.0,1.0,2.29,10.79,4,2237.0
8646,Volkswagen,2019.0,9.0,India,Polo,Sedan,Hybrid,39281.0,377768.0,26.0,1.02,6.6,6.37,6,139.0
8647,Audi,2016.0,5.0,India,Q5,Suv,Hybrid,92164.0,357941.0,10.0,1.02,7.14,6.69,10,211.0
8648,Toyota,2022.0,10.0,Spain,Corolla,Sedan,Petrol,19736.0,265316.0,71.0,1.72,1.6,3.75,8,430.0
8649,Mercedes-Benz,2022.0,11.0,Italy,A-Class,Sedan,Diesel,101365.0,548742.0,31.0,1.85,1.43,3.51,8,644.0
8650,Ford,2017.0,11.0,USA,Mustang Mach-E,Suv,Hybrid,53634.0,187852.0,67.0,0.9,2.41,4.42,9,3136.0
8651,Ford,2023.0,11.0,USA,Mustang,Sedan,Petrol,55901.0,406142.0,27.0,0.91,2.0,4.45,9,2986.0
8652,BMW,2020.0,5.0,Brazil,7 Series,Sedan,Diesel,54880.0,286824.0,88.0,1.1924011607288263,3.58339179476612,10.440510850058184,9,457.0
8653,Toyota,2016.0,2.0,UK,Yaris,Sedan,Hybrid,80376.0,518592.0,29.0,1.86,1.45,4.8,2,1864.0
8654,Tesla,2015.0,1.0,Italy,Cybertruck,Suv,Electric,91658.0,153209.0,15.0,1.86,0.83,3.52,10,2310.0
8655,Porsche,2018.0,5.0,Mexico,Cayenne,Suv,Electric,153838.0,251928.0,16.0,1.03,1.67,10.92,9,324.0
8656,Volkswagen,2024.0,4.0,China,T-Roc,Suv,Hybrid,47089.0,179056.0,54.0,1.02,5.89,3.33,2,291.0
8657,Volkswagen,2015.0,4.0,Brazil,Taos,Suv,Electric,26902.0,537233.0,44.0,1.13,3.28,10.52,3,2770.0
8659,Audi,2015.0,11.0,Italy,Q7,Suv,Hybrid,83051.0,129642.0,49.0,1.8,0.64,3.49,10,1124.0
8660,Porsche,2021.0,8.0,Japan,Cayenne,Suv,Electric,102055.0,244224.0,10.0,1.55,1.44,0.18,9,217.0
8661,Tesla,2015.0,11.0,Germany,Model S Plaid,Suv,Electric,123143.0,52246.0,13.0,1.9,1.53,2.79,7,881.0
8662,Mercedes-Benz,2023.0,11.0,Canada,GLC,Suv,Hybrid,54963.0,319585.0,34.0,1.34,1.97,3.8,6,295.0
8663,Audi,2020.0,1.0,Brazil,A6,Sedan,Hybrid,79590.0,470058.0,43.0,1.11,3.59,10.6,3,173.0
8664,Ford,2016.0,2.0,India,Mustang Mach-E,Suv,Electric,94955.0,646253.0,79.0,1.12,6.86,6.35,1,513.0
8665,Mercedes-Benz,2022.0,8.0,Italy,E-Class,Sedan,Electric,121520.0,481481.0,50.0,1.88,1.13,3.58,4,796.0
8666,Mercedes-Benz,2016.0,5.0,Germany,E-Class,Sedan,Petrol,85281.0,215454.0,12.0,1.915,1.94,2.92,4,920.0
8667,Audi,2016.0,2.0,Australia,e-tron,Suv,Electric,71980.0,316981.0,55.0,1.6,3.1,4.27,10,104.0
8668,Ford,2015.0,5.0,Mexico,Edge,Suv,Petrol,90608.0,761222.0,88.0,1.16,1.68,11.0,10,1727.0
8669,Mercedes-Benz,2021.0,1.0,UK,EQE,Suv,Electric,47432.0,361527.0,60.0,1.78,1.84,4.7,1,521.0
8670,Volkswagen,2024.0,4.0,Netherlands,Touareg,Suv,Hybrid,40164.0,120114.0,60.0,1.98,2.13,3.58,2,1035.0
8671,Audi,2017.0,6.0,Germany,Q7,Suv,Electric,80691.0,507833.0,21.0,1.95,1.31,2.7,9,987.0
8672,BMW,2019.0,5.0,India,i7,Sedan,Diesel,49645.0,453964.0,258.0,1.050836054691628,6.929656812738935,6.723638150290761,7,739.0
8673,Audi,2016.0,2.0,Germany,Q8,Suv,Electric,71998.0,534488.0,40.0,1.95,1.43,2.82,1,199.0
8674,Toyota,2015.0,2.0,Brazil,Prius,Suv,Petrol,60877.0,698668.0,56.0,1.19,3.79,10.68,5,2812.0
8675,Ford,2015.0,6.0,Canada,Escape,Suv,Electric,25778.0,431557.0,49.0,1.28,2.26,4.11,9,3255.0
8676,Porsche,2018.0,8.0,USA,GTS,Sedan,Electric,103243.0,370334.0,17.0,0.96,2.92,4.3,7,394.0
8677,Mercedes-Benz,2023.0,4.0,Japan,GLS,Suv,Electric,85819.0,347447.0,9.0,1.49,1.32,-0.09,2,913.0
8678,Volkswagen,2020.0,11.0,Australia,T-Roc,Suv,Diesel,49529.0,358843.0,32.0,1.52,2.58,3.97,10,648.0
8679,BMW,2018.0,10.0,China,X7,Sedan,Hybrid,98851.0,375897.0,220.0,1.09,6.140874744803215,3.3091280506394867,10,173.0
8681,Audi,2017.0,12.0,UK,A4,Sedan,Electric,108741.0,411246.0,10.0,1.51,1.49,0.3,4,228.0
8682,Volkswagen,2022.0,2.0,Australia,Tiguan,Suv,Diesel,25773.0,575183.0,52.0,1.52,2.71,4.03,10,1895.0
8683,Audi,2017.0,7.0,France,A4,Sedan,Petrol,32948.0,266588.0,26.0,1.88,1.57,3.35,7,1186.0
8684,Ford,2021.0,5.0,UK,Escape,Suv,Hybrid,44578.0,361454.0,107.0,1.83,1.24,4.99,3,1539.0
8685,Toyota,2018.0,1.0,Netherlands,Highlander,Suv,Petrol,33733.0,629480.0,20.0,1.98,1.81,3.56,9,1907.0
8686,BMW,2023.0,2.0,Australia,X1,Suv,Petrol,113545.0,266916.0,75.0,1.6006834541709716,2.7063337184057925,4.168561916628845,7,375.0
8687,Toyota,2020.0,5.0,China,Camry,Sedan,Electric,69271.0,146682.0,11.0,1.16,6.44,3.57,9,1808.0
8688,Tesla,2018.0,2.0,India,Model X,Suv,Electric,125132.0,51577.0,1.0,1.07,6.96,6.62,10,219.0
8689,Tesla,2020.0,8.0,UK,Model X,Suv,Electric,86999.0,148499.0,14.0,1.88,1.45,5.02,5,2274.0
8690,Tesla,2020.0,6.0,UK,Model S Plaid,Suv,Electric,110208.0,43475.0,3.0,1.78,1.77,5.16,6,422.0
8691,Mercedes-Benz,2022.0,2.0,UK,GLE,Suv,Hybrid,60050.0,573114.0,8.0,1.86,1.06,5.24,8,791.0
8693,Tesla,2024.0,1.0,China,Model X,Suv,Electric,76110.0,71621.0,27.0,1.13,6.44,3.42,9,634.0
8694,Porsche,2024.0,8.0,USA,Cayenne,Suv,Hybrid,128553.0,326330.0,7.0,1.02,2.26,4.77,2,125.0
8695,Ford,2016.0,1.0,Netherlands,F-150,Suv,Electric,67476.0,183943.0,97.0,1.98,1.77,3.76,8,1168.0
8696,Porsche,2023.0,2.0,Italy,Cayenne,Suv,Electric,95749.0,383554.0,19.0,1.81,0.88,3.63,3,250.0
8697,Volkswagen,2021.0,2.0,Germany,Passat,Sedan,Electric,32485.0,52620.0,54.0,1.88,1.73,3.04,9,2284.0
8698,BMW,2020.0,10.0,Japan,X5,Sedan,Diesel,86880.0,369186.0,64.0,1.51,0.7502260114639737,-0.1562588987792579,9,194.0
8699,Tesla,2023.0,12.0,Japan,Model Y,Suv,Electric,80798.0,284765.0,36.0,1.47,1.29,-0.03,6,1762.0
8700,BMW,2016.0,4.0,UK,5 Series,Suv,Diesel,61950.0,101012.0,386.0,1.865518673176232,1.2871379580845757,5.175712651420303,9,931.0
8701,Toyota,2024.0,11.0,Germany,Yaris,Sedan,Petrol,51727.0,104483.0,52.0,1.99,1.98,3.17,5,290.0
8702,Mercedes-Benz,2018.0,11.0,Germany,A-Class,Sedan,Hybrid,58983.0,386162.0,57.0,1.85,1.91,2.94,10,1298.0
8703,Volkswagen,2015.0,8.0,France,T-Roc,Suv,Hybrid,29263.0,551832.0,35.0,1.71,2.03,3.66,1,1312.0
8705,Toyota,2022.0,7.0,Germany,Prius,Suv,Hybrid,43330.0,248448.0,65.0,1.81,1.55,2.73,9,441.0
8706,Mercedes-Benz,2017.0,4.0,UK,A-Class,Sedan,Electric,127072.0,452920.0,60.0,1.83,1.69,3.32,10,995.0
8707,Porsche,2021.0,7.0,Italy,Macan EV,Suv,Hybrid,118774.0,330666.0,7.0,1.85,1.29,3.63,2,367.0
8708,Mercedes-Benz,2017.0,10.0,USA,GLC,Suv,Electric,90858.0,208488.0,9.0,1.01,2.55,4.4,2,569.0
8709,Tesla,2024.0,5.0,USA,Semi,Suv,Electric,122215.0,22546.0,31.0,0.99,2.22,4.48,2,448.0
8710,Toyota,2019.0,12.0,Australia,Prius,Suv,Petrol,46405.0,343539.0,69.0,1.59,2.52,4.03,8,819.0
8711,Audi,2019.0,2.0,Australia,Q8,Suv,Petrol,113612.0,201669.0,16.0,1.56,2.88,4.33,7,772.0
8712,Mercedes-Benz,2019.0,12.0,Italy,GLC,Suv,Electric,38369.0,350585.0,9.0,1.91,1.27,3.59,2,1215.0
8713,Volkswagen,2020.0,10.0,Canada,ID.3,Suv,Petrol,46183.0,347919.0,64.0,1.2,1.91,3.94,2,1049.0
8714,Mercedes-Benz,2017.0,1.0,Germany,GLS,Suv,Diesel,64505.0,218430.0,7.0,1.89,1.75,2.9,7,1064.0
8715,BMW,2019.0,10.0,USA,3 Series,Suv,Electric,46357.0,124231.0,178.0,0.9017816335338706,2.7295082286523966,4.659307739394666,5,895.0
8716,Toyota,2023.0,3.0,Japan,Land Cruiser,Suv,Petrol,82090.0,641899.0,81.0,1.58,1.52,-0.03,3,569.0
8717,Toyota,2016.0,9.0,China,Highlander,Suv,Electric,49849.5,321557.0,66.0,1.16,5.58,3.25,7,154.0
8719,Tesla,2018.0,9.0,France,Model S,Suv,Electric,127576.0,24390.0,20.0,1.72,2.08,3.69,9,2356.0
8720,Ford,2015.0,7.0,France,F-150 Lightning,Suv,Petrol,25081.0,190641.0,79.0,1.87,1.43,3.59,7,1645.0
8722,Porsche,2023.0,10.0,Canada,718,Sedan,Hybrid,162141.0,123574.0,3.0,1.37,2.6,4.16,7,388.0
8723,Porsche,2017.0,11.0,France,Macan,Suv,Hybrid,147619.0,212125.0,27.0,1.78,1.98,3.74,7,418.0
8724,Mercedes-Benz,2016.0,9.0,Germany,E-Class,Sedan,Hybrid,89426.0,473827.0,29.0,1.92,1.95,3.24,9,1146.0
8725,Volkswagen,2017.0,5.0,Italy,Tiguan,Suv,Petrol,53190.0,208112.0,57.0,1.94,1.31,3.54,9,1252.0
8726,Tesla,2021.0,3.0,Germany,Model S Plaid,Suv,Electric,73323.0,68968.0,36.0,1.95,1.64,2.87,1,1873.0
8727,Mercedes-Benz,2023.0,1.0,Spain,CLA,Sedan,Diesel,65270.0,296681.0,20.0,1.69,1.49,3.51,7,230.0
8729,Toyota,2023.0,12.0,India,Yaris,Sedan,Hybrid,33635.0,530709.0,13.0,0.98,7.34,6.7,9,2503.0
8730,Audi,2015.0,3.0,Spain,Q3,Suv,Petrol,92579.0,425891.0,14.0,1.79,1.66,3.5,6,571.0
8731,Porsche,2016.0,8.0,India,Panamera,Sedan,Hybrid,142914.0,386192.0,24.0,1.03,6.64,6.48,5,176.0
8732,Audi,2023.0,10.0,Japan,A4,Sedan,Diesel,33343.0,92839.0,35.0,1.52,0.74,0.03,9,180.0
8733,Porsche,2019.0,2.0,Italy,GTS,Sedan,Hybrid,88774.0,223545.0,16.0,1.89,0.7,3.48,10,209.0
8734,Mercedes-Benz,2016.0,2.0,Netherlands,S-Class,Sedan,Hybrid,67961.0,483218.0,38.0,1.9,2.25,3.34,9,420.0
8735,Tesla,2020.0,10.0,USA,Model Y,Suv,Electric,92371.0,66976.0,18.0,0.99,2.09,4.22,10,2186.0
8736,Audi,2018.0,3.0,Japan,e-tron,Suv,Electric,70539.0,251918.0,50.0,1.47,0.96,0.25,5,409.0
8738,Porsche,2015.0,2.0,Germany,Macan,Suv,Electric,196369.0,94351.0,12.0,1.85,1.34,2.86,8,83.0
8739,Porsche,2020.0,4.0,India,Cayenne Coupe,Suv,Electric,127103.0,99829.0,2.0,1.02,6.92,6.23,2,110.0
8740,Volkswagen,2023.0,4.0,China,ID.3,Suv,Electric,53770.0,576674.0,67.0,1.02,6.11,3.71,8,1595.0
8741,Porsche,2018.0,2.0,USA,Panamera,Sedan,Hybrid,147354.0,334925.0,2.0,1.02,2.87,4.4,7,227.0
8742,Tesla,2021.0,6.0,USA,Model Y,Suv,Electric,48293.0,178171.0,32.0,0.97,2.63,4.78,2,482.0
8743,Ford,2018.0,7.0,Australia,F-150 Lightning,Suv,Hybrid,33099.0,505454.0,34.0,1.65,2.61,4.15,10,2844.0
8744,Volkswagen,2020.0,1.0,UK,Taos,Suv,Hybrid,44424.0,414137.0,22.0,1.88,1.39,4.87,6,369.0
8745,Audi,2015.0,3.0,Spain,Q7,Suv,Petrol,39260.0,379645.0,53.0,1.74,1.06,3.74,10,128.0
8746,BMW,2017.0,5.0,Japan,X1,Suv,Diesel,83128.0,119093.0,191.0,1.560791701510504,1.41395263250659,0.293520876630518,8,512.0
8747,Volkswagen,2024.0,4.0,Mexico,Passat,Sedan,Petrol,39012.0,350390.0,42.0,1.01,2.42,11.14,1,619.0
8748,Volkswagen,2016.0,9.0,Italy,Golf,Sedan,Hybrid,47442.0,207764.0,15.0,1.93,1.05,3.65,3,669.0
8749,Volkswagen,2016.0,6.0,France,ID.3,Suv,Diesel,45250.0,439258.0,71.0,1.87,1.79,3.35,3,1108.0
8752,BMW,2018.0,8.0,India,3 Series,Suv,Electric,74516.0,477991.0,11.0,0.9869042038712756,7.306201279793061,6.648955814230195,8,142.0
8753,Toyota,2015.0,3.0,India,Yaris,Sedan,Petrol,74221.0,383778.0,43.0,1.01,6.66,6.52,10,2897.0
8754,Porsche,2016.0,8.0,India,Cayenne,Suv,Electric,70860.0,181074.0,25.0,1.03,7.5,6.3,3,329.0
8755,Ford,2015.0,6.0,France,Mustang,Sedan,Electric,92992.0,620942.0,36.0,1.87,1.4,3.65,7,2881.0
8756,Porsche,2018.0,4.0,Italy,718,Sedan,Petrol,145911.0,231228.0,24.0,1.84,1.17,3.4,3,81.0
8757,BMW,2015.0,8.0,Canada,X3,Suv,Diesel,59648.0,275757.0,220.0,1.321581018558689,2.280172369227333,4.020161528036127,9,724.0
8759,Mercedes-Benz,2019.0,4.0,USA,E-Class,Sedan,Hybrid,124288.0,298291.5,11.0,0.91,2.55,4.5,1,522.0
8760,Toyota,2021.0,9.0,UK,Corolla,Sedan,Hybrid,67922.0,493308.0,56.0,1.87,1.525,5.17,1,2610.0
8761,Volkswagen,2015.0,6.0,USA,Touareg,Suv,Diesel,29998.0,473639.0,83.0,0.93,2.57,4.22,2,505.0
8762,Tesla,2016.0,5.0,Brazil,Cybertruck,Suv,Electric,99874.0,288429.0,28.0,1.18,3.42,10.26,8,2014.0
8763,Volkswagen,2016.0,5.0,Canada,Touareg,Suv,Diesel,31377.0,591900.0,52.0,1.32,1.87,4.22,10,565.0
8764,Audi,2019.0,7.0,Italy,A6,Sedan,Diesel,106234.0,306326.0,36.0,1.87,0.54,3.51,8,690.0
8765,Ford,2023.0,9.0,France,Explorer,Suv,Petrol,69663.0,799564.0,61.0,1.76,2.02,3.21,6,3254.0
8766,Audi,2020.0,3.0,Spain,e-tron,Suv,Hybrid,56675.0,287918.0,9.0,1.75,0.91,3.31,4,72.0
8767,Volkswagen,2018.0,1.0,Brazil,Arteon,Sedan,Electric,21016.0,298030.0,67.0,1.2,3.08,10.37,10,2691.0
8768,Audi,2021.0,7.0,Canada,Q7,Suv,Diesel,76938.0,359144.0,29.0,1.33,1.88,3.99,7,725.0
8769,Ford,2023.0,6.0,Japan,Explorer,Suv,Hybrid,70051.0,646039.0,76.0,1.49,1.03,0.28,2,853.0
8771,Audi,2015.0,8.0,Japan,TT,Sedan,Petrol,61866.0,86192.0,36.0,1.57,1.5,0.19,5,165.0
8772,Porsche,2024.0,12.0,UK,Cayenne Coupe,Suv,Hybrid,191141.0,334291.0,20.0,1.76,1.7,4.87,1,145.0
8773,Toyota,2015.0,5.0,Canada,RAV4,Suv,Electric,20758.0,72008.0,35.0,1.34,2.28,4.08,8,1905.0
8774,Porsche,2019.0,7.0,Canada,Panamera,Sedan,Hybrid,108523.0,177482.0,20.0,1.31,2.62,4.16,8,298.0
8775,BMW,2019.0,8.0,UK,5 Series,Suv,Hybrid,64320.0,444093.0,195.5,1.8579970759431712,1.2598035810641597,5.080403421859767,2,620.0
8776,Porsche,2015.0,11.0,Canada,Macan EV,Suv,Petrol,175262.0,378166.0,21.0,1.33,2.26,4.2,1,498.0
8777,Tesla,2018.0,6.0,Spain,Model X Plaid,Suv,Electric,56735.0,270377.0,28.0,1.67,0.92,3.28,9,1981.0
8778,Tesla,2019.0,12.0,Germany,Model 3,Suv,Electric,69530.0,240808.0,8.0,1.92,1.36,3.03,8,886.0
8779,Mercedes-Benz,2024.0,6.0,Germany,EQS,Suv,Hybrid,46214.0,400416.0,23.0,1.99,2.19,2.84,8,43.0
8780,Tesla,2017.0,10.0,Spain,Cybertruck,Suv,Electric,74809.0,121793.0,12.0,1.68,0.87,3.59,1,2496.0
8781,Volkswagen,2023.0,7.0,Spain,Passat,Sedan,Petrol,56687.0,143808.0,59.0,1.73,1.04,3.39,9,1919.0
8782,BMW,2016.0,3.0,UK,X5,Sedan,Electric,50989.0,288765.0,202.0,1.8178059582097403,1.9004180571633305,5.079860874363961,9,651.0
8783,Mercedes-Benz,2018.0,9.0,China,CLA,Sedan,Petrol,121065.0,256122.0,22.0,1.14,5.96,3.41,5,660.0
8784,Tesla,2019.0,8.0,Japan,Model X Plaid,Suv,Electric,104189.0,249127.0,24.0,1.59,1.21,0.3,1,2183.0
8785,Ford,2016.0,5.0,India,Mustang Mach-E,Suv,Electric,84231.0,760186.0,116.0,1.04,7.11,6.55,9,2153.0
8786,Ford,2024.0,4.0,Germany,Bronco,Suv,Petrol,73750.0,617522.0,77.0,1.97,2.28,3.14,10,1915.0
8787,Porsche,2022.0,4.0,Germany,911,Sedan,Petrol,121546.0,362806.0,13.0,1.96,1.31,3.28,5,140.0
8788,Tesla,2016.0,3.0,Netherlands,Cybertruck,Suv,Electric,104412.0,118562.0,32.0,1.96,1.7,3.6,6,93.0
8789,Tesla,2018.0,2.0,Canada,Model S,Suv,Electric,99222.0,249236.0,12.0,1.2850000000000001,2.27,4.01,4,1030.0
8790,Ford,2024.0,11.0,India,F-150 Lightning,Suv,Hybrid,59048.0,688854.0,117.0,1.04,6.79,6.66,8,1458.0
8792,Ford,2023.0,7.0,China,Mustang Mach-E,Suv,Petrol,71439.0,188176.0,67.0,1.18,6.33,3.57,5,2061.0
8794,Porsche,2017.0,3.0,France,GTS,Sedan,Hybrid,96556.0,174765.0,12.0,1.72,2.04,3.45,1,125.0
8795,Volkswagen,2016.0,8.0,China,Touareg,Suv,Hybrid,66165.0,229637.0,48.0,1.17,5.7,3.68,1,2172.0
8796,Porsche,2016.0,2.0,Italy,Macan,Suv,Electric,138078.0,265408.0,12.0,1.93,0.55,3.26,9,87.0
8797,Volkswagen,2019.0,5.0,Australia,Taos,Suv,Hybrid,79484.0,398145.0,74.0,1.63,2.72,4.12,9,1824.0
8798,Mercedes-Benz,2018.0,11.0,India,CLA,Sedan,Hybrid,102263.0,109351.0,16.0,1.0,7.24,6.21,8,1143.0
8799,Volkswagen,2018.0,12.0,China,ID.3,Suv,Petrol,44316.0,314606.0,10.0,1.05,5.67,3.37,10,1147.0
8800,BMW,2024.0,10.0,UK,i4,Suv,Electric,64813.0,126425.0,177.0,1.8509591196609056,1.9670352752561464,4.731001232994776,1,570.0
8801,Toyota,2019.0,6.0,China,RAV4,Suv,Petrol,85293.0,292586.0,11.0,1.02,6.39,3.63,6,132.0
8802,BMW,2022.0,10.0,Japan,3 Series,Suv,Diesel,40209.0,288441.0,175.0,1.580231602098198,1.3275580800840634,0.1505885871538601,9,806.0
8803,Tesla,2015.0,10.0,France,Semi,Suv,Electric,108905.0,60231.0,15.0,1.75,1.93,3.4,3,106.0
8804,Porsche,2019.0,9.0,France,Panamera Sport,Sedan,Hybrid,131779.0,244935.0,12.0,1.8,1.45,3.46,8,56.0
8805,Volkswagen,2017.0,2.0,Canada,Arteon,Sedan,Petrol,33996.0,506303.0,36.0,1.39,2.59,4.18,8,1320.0
8806,Toyota,2018.0,1.0,Spain,Land Cruiser,Suv,Petrol,65468.0,650902.0,97.0,1.83,1.61,3.41,9,745.0
8807,Mercedes-Benz,2021.0,7.0,Spain,EQS,Suv,Petrol,97646.0,485188.0,32.0,1.74,1.05,3.62,10,826.0
8808,Audi,2023.0,2.0,Japan,Q3,Suv,Petrol,65267.0,92252.0,33.0,1.51,1.64,0.24,5,809.0
8809,Volkswagen,2017.0,11.0,China,Polo,Sedan,Hybrid,40093.0,237025.0,28.0,1.13,5.53,3.79,3,412.0
8810,Toyota,2022.0,10.0,UK,Prius,Suv,Hybrid,39156.0,222281.0,88.0,1.08,7.0,6.77,4,477.0
8811,Mercedes-Benz,2017.0,1.0,UK,EQS,Suv,Diesel,90470.0,511208.0,7.0,1.79,1.89,4.71,9,322.0
8812,Audi,2016.0,8.0,UK,Q7,Suv,Diesel,80570.0,426839.0,14.0,1.92,1.65,5.24,7,807.0
8813,Ford,2015.0,9.0,Germany,Expedition,Suv,Hybrid,42485.0,324180.0,11.0,1.81,1.49,2.78,2,1065.0
8814,BMW,2017.0,8.0,Canada,iX,Sedan,Diesel,76081.0,265757.0,339.0,1.2003130210382946,2.655060511484989,4.192718969530136,5,879.0
8815,Volkswagen,2022.0,1.0,Netherlands,Arteon,Sedan,Electric,75481.0,266786.0,33.0,2.09,1.74,3.27,7,2484.0
8817,Porsche,2020.0,3.0,USA,GTS,Sedan,Electric,155181.0,227009.0,18.0,1.06,2.37,4.76,3,299.0
8818,Volkswagen,2024.0,6.0,Germany,Arteon,Sedan,Electric,40871.0,218399.0,78.0,1.84,1.7,2.71,9,2450.0
8819,Audi,2016.0,3.0,Netherlands,Q8,Suv,Petrol,69305.0,396222.0,7.0,1.99,2.38,3.35,3,1034.0
8820,Volkswagen,2019.0,10.0,China,Touareg,Suv,Petrol,29752.0,74183.0,21.0,1.03,6.25,3.3,5,735.0
8821,Ford,2018.0,7.0,Italy,Bronco,Suv,Hybrid,80331.0,747575.0,97.0,1.84,1.34,3.31,5,2001.0
8822,Tesla,2019.0,7.0,USA,Model S,Suv,Electric,62422.0,92115.0,39.0,0.94,2.42,4.79,6,838.0
8824,Toyota,2021.0,2.0,Mexico,Highlander,Suv,Electric,60398.0,163170.0,54.0,1.09,2.3,10.89,7,1141.0
8825,Toyota,2015.0,8.0,Spain,Camry,Sedan,Hybrid,30667.0,645911.0,32.0,1.74,1.61,3.26,1,770.0
8826,Mercedes-Benz,2024.0,2.0,France,A-Class,Sedan,Petrol,97200.0,251986.0,53.0,1.78,1.67,3.65,5,397.0
8827,Mercedes-Benz,2022.0,2.0,UK,GLS,Suv,Diesel,111995.0,266346.0,12.0,1.88,1.24,4.88,8,271.0
8828,Mercedes-Benz,2015.0,11.0,Canada,GLS,Suv,Petrol,87812.0,294900.0,59.0,1.22,2.5,4.27,4,1140.0
8829,Tesla,2018.0,4.0,Canada,Model S Plaid,Suv,Electric,60963.0,231007.0,23.0,1.26,2.24,4.18,5,108.0
8830,Audi,2018.0,11.0,Canada,Q7,Suv,Diesel,101116.0,107083.0,11.0,1.3,2.29,4.01,4,1173.0
8831,Audi,2022.0,8.0,USA,TT,Sedan,Diesel,54355.0,460562.0,42.0,1.01,2.71,4.45,2,1178.0
8832,BMW,2021.0,12.0,China,X7,Sedan,Electric,40606.0,65734.0,220.0,1.06965109340466,5.937474922023729,3.742495216696249,8,790.0
8833,Ford,2019.0,12.0,Japan,Edge,Suv,Hybrid,94256.0,594868.0,88.0,1.49,1.32,0.15,7,3058.0
8834,Audi,2024.0,4.0,Italy,Q8,Suv,Hybrid,106090.0,147483.0,37.0,1.84,0.96,3.26,3,1102.0
8835,Mercedes-Benz,2021.0,5.0,India,GLE,Suv,Electric,117629.0,444514.0,39.0,1.11,7.19,6.3,5,133.0
8836,Volkswagen,2018.0,1.0,Australia,Polo,Sedan,Diesel,33511.0,200345.0,11.0,1.53,2.92,4.03,10,490.0
8837,Audi,2015.0,11.0,Brazil,e-tron,Suv,Petrol,108513.0,72944.0,50.0,1.22,3.85,10.28,3,290.0
8838,Ford,2022.0,9.0,UK,F-150,Suv,Petrol,51941.0,179233.0,77.0,1.73,1.19,3.74,6,235.0
8839,Ford,2021.0,6.0,France,Explorer,Suv,Electric,25270.0,673506.0,65.0,1.87,1.97,3.73,10,290.0
8840,Porsche,2015.0,2.0,France,Panamera Sport,Sedan,Petrol,189397.0,108198.0,18.0,1.86,1.52,3.68,4,436.0
8841,Audi,2017.0,5.0,Australia,A6,Sedan,Electric,48908.0,375001.0,41.0,1.59,3.1,4.36,5,319.0
8842,Toyota,2022.0,11.0,Spain,Yaris,Sedan,Electric,39373.0,85730.0,35.0,1.8,1.3,3.63,4,323.0
8843,Porsche,2021.0,7.0,Australia,Cayenne,Suv,Petrol,92566.0,184111.0,21.0,1.68,2.71,4.37,8,123.0
8845,Audi,2019.0,10.0,Mexico,e-tron,Suv,Electric,61885.0,263166.0,9.0,1.09,1.93,11.02,1,68.0
8846,Porsche,2024.0,10.0,Italy,Panamera,Sedan,Petrol,198534.0,173736.0,19.0,1.81,0.71,3.55,1,348.0
8847,BMW,2015.0,9.0,USA,X3,Suv,Hybrid,119577.0,252918.0,301.0,0.9390446285603384,2.6170665161178013,4.26830303608596,1,678.0
8848,Mercedes-Benz,2023.0,7.0,Japan,GLS,Suv,Electric,77668.0,565900.0,14.0,1.42,0.96,-0.18,2,318.0
8849,Ford,2024.0,3.0,Germany,F-150 Lightning,Suv,Electric,43602.0,363232.0,81.0,1.87,2.13,3.1,1,1618.0
8850,Tesla,2021.0,11.0,Canada,Model X Plaid,Suv,Electric,83548.0,27788.0,4.0,1.29,2.64,4.25,7,1011.0
8851,Toyota,2016.0,5.0,Mexico,RAV4,Suv,Electric,21503.0,469794.0,19.0,1.14,2.15,10.72,2,2544.0
8853,Porsche,2015.0,5.0,Canada,Panamera Sport,Sedan,Petrol,176436.0,184424.0,13.0,1.25,2.34,3.97,9,397.0
8854,Tesla,2021.0,8.0,USA,Semi,Suv,Electric,71402.0,63032.0,9.0,0.95,2.6,4.22,4,1300.0
8855,Tesla,2021.0,3.0,Canada,Model X,Suv,Electric,113729.0,146114.0,9.0,1.31,2.42,3.87,8,2279.0
8856,Tesla,2023.0,2.0,Spain,Semi,Suv,Electric,46584.0,32237.0,19.5,1.72,1.36,3.56,6,2242.0
8857,BMW,2016.0,3.0,France,X1,Suv,Diesel,38114.0,486946.0,246.0,1.82,1.2229206784653877,3.7331954481592393,2,968.0
8858,Volkswagen,2019.0,10.0,Spain,Golf,Sedan,Hybrid,20970.0,355224.0,36.0,1.83,1.22,3.59,9,180.0
8887,Ford,2022.0,11.0,USA,Explorer,Suv,Electric,87904.0,99609.0,67.0,0.87,2.06,4.22,6,2143.0
8894,Porsche,2024.0,3.0,UK,Cayenne Coupe,Suv,Petrol,122347.0,167113.0,14.0,1.93,1.84,4.81,8,337.0
8899,BMW,2015.0,4.0,USA,X7,Sedan,Diesel,48029.0,159321.0,217.0,0.9497009468794748,2.173201869910016,4.460310989542784,7,622.0
8901,BMW,2018.0,12.0,Australia,X3,Suv,Petrol,98752.0,486670.0,343.0,1.5873228379537534,3.450459170575296,4.2989733757935165,1,1116.0
8920,Audi,2021.0,11.0,Netherlands,Q5,Suv,Hybrid,105836.0,506283.0,36.0,2.07,2.34,3.6,4,923.0
8927,BMW,2018.0,7.0,Australia,X1,Suv,Diesel,98965.0,417371.0,226.0,1.5236329655243313,3.314468482588936,4.11911286486404,2,551.0
8932,Ford,2015.0,7.0,Netherlands,Expedition,Suv,Hybrid,39414.0,258870.0,54.0,2.08,2.59,3.77,3,2342.0
8951,Audi,2019.0,4.0,Brazil,Q3,Suv,Electric,61460.0,541361.0,13.0,1.3,3.09,10.64,1,716.0
8956,Porsche,2019.0,11.0,China,Panamera Sport,Sedan,Hybrid,193397.0,107322.0,24.0,1.14,5.88,3.38,9,446.0
8957,Audi,2017.0,8.0,Canada,Q8,Suv,Electric,56952.0,337819.0,12.0,1.31,2.03,4.05,1,944.0
8963,Toyota,2016.0,9.0,Brazil,Corolla,Sedan,Electric,62914.0,288666.0,16.0,1.27,3.59,10.37,3,1233.0
8987,Volkswagen,2016.0,11.0,Germany,Golf,Sedan,Hybrid,24688.0,218548.0,88.0,1.97,1.72,2.79,2,1374.0
