brand,year,month,country,model,segment,engine_type,price_usd,marketing_spend_usd,dealership_count,fuel_price_usd,gdp_growth_percent,interest_rate_percent,competition_index,units_sold
Toyota,2024,10,Spain,Supra,Sedan,Hybrid,34573,474614,20.0,1.66,1.43,3.37,9,1192
Tesla,2018,12,Spain,Model 3,Electric,Electric,49727,75488,11.0,1.79,1.13,3.24,7,197
Toyota,2015,6,India,Corolla,Sedan,Electric,58338,538524,54.0,0.97,7.4,6.32,4,1800
Tesla,2021,1,Germany,Model X,Electric,Electric,119258,50449,5.0,1.94,1.46,2.77,1,
Toyota,2016,3,,C-HR,SUV,PETROL,76745,246108,30.0,1.94,1.98,2.81,4,1320
Toyota,2018,8,Italy,Yaris,Sedan,Hybrid,60218,616677,37.0,1.82,1.36,3.32,1,2117
Volkswagen,2022,7,Italy,Golf,Sedan,Hybrid,68198,155186,8.0,1.78,0.62,3.62,3,1486
BMW,2017,12,Brazil,X5,Sedan,Electric,40730,414271,398.0,1.2078982584750677,3.0653563407989424,10.389174202698364,2,1096
Mercedes-Benz,2024,12,UK,A-Class,Sedan,Electric,126209,349404,34.0,1.81,1.15,5.04,3,534
Volkswagen,2018,12,Australia,Arteon,Sedan,Hybrid,44620,175221,45.0,1.69,3.33,4.54,4,909
Porsche,2022,1,Italy,Cayenne,SUV,Petrol,90507,160508,28.0,1.78,1.35,3.33,8,245
Tesla,2023,5,Netherlands,Model Y LR,Electric,Electric,57587,53904,39.0,1.96,1.76,3.21,10,854
Tesla,2015,8,Germany,Model S Plaid,Electric,,126124,234877,,1.92,1.61,3.07,6,218
Volkswagen,2021,60,India,Polo,Sedan,Hybrid,32790,416608,11.0,1.05,7.44,6.77,2,600
Volkswagen,2018,5,Japan,Polo,Sedan,,30749,595985,30.0,1.42,1.64,0.13,5,2759
Audi,2021,4,Mexico,A6,Sedan,Hybrid,87794,525761,30.0,1.05,2.15,10.76,10,569
Mercedes-Benz,2023,9,Canada,GLS,SUV,Hybrid,103831,257004,43.0,1.31,1.89,4.12,7,
BMW,2020,12,India,iX,Electric,Petrol,100425,430791,200.0,1.146235567352459,6.573081562027015,6.573405958770348,6,827
Volkswagen,2018,6,India,Arteon,Sedan,Hybrid,77354,530350,69.0,0.99,7.37,6.61,7,1963
Toyota,2020,9,Netherlands,Prius,Hybrid,,40740,496842,83.0,2.1,,3.72,6,2235
Porsche,2018,2,Australia,Taycan,Electric,Electric,104777,131030,22.0,1.54,3.08,4.47,3,error
Mercedes-Benz,2024,12,Italy,S-Class,sedan,Diesel,128965,207175,57.0,1.77,0.86,3.64,6,1001
Porsche,2023,4,Germany,Macan EV,Electric,Petrol,176336,288601,2.0,1.9,2.27,3.25,7,472
Volkswagen,2017,3,USA,Polo,Sedan,DIESEL,,246261,46.0,0.93,,4.34,9,2416
Volkswagen,2019,8,Japan,T-Roc,SUV,Electric,29886,307783,41.0,1.46,1.53,0.27,8,154
Porsche,2020,9,Spain,718,SEDAN,Hybrid,151484,288757,12.0,1.66,1.04,3.68,2,113
Mercedes-Benz,2015,5,Spain,S-Class,Sedan,Diesel,107568,93451,39.0,1.82,0.84,3.23,8,172
Toyota,2015,5,India,Prius,Hybrid,Petrol,69347,440823,94.0,1.12,7.31,6.43,1,1295
Audi,2024,10,Italy,e-tron,Electric,Hybrid,84130,470966,12.0,1.79,1.18,3.3,6,1029
Porsche,2019,9,Canada,Cayenne,SUV,Petrol,175058,396232,,1.2,2.14,4.24,7,255
Porsche,2018,3,France,Cayenne Coupe,SUV,Petrol,151135,303978,15.0,1.8,1.95,3.39,4,299
Porsche,2022,9,Japan,Panamera,Sedan,Hybrid,146264,137119,10.0,1.56,,0.32,7,321
Mercedes-Benz,2017,3,Canada,S-Class,Sedan,Hybrid,57702,324033,29.0,1.21,1.76,3.79,9,1282
Toyota,2018,6,Canada,RAV4,SUV,Electric,23860,347728,79.0,1.33,2.41,4.19,2,229
Audi,2015,8,Brazil,A4,Sedan,Hybrid,61176,86343,57.0,,3.66,10.42,9,55
Mercedes-Benz,2022,8,Netherlands,CLA,Sedan,Petrol,63773,212241,36.0,1.93,1.76,3.69,10,86
Audi,2021,5,Japan,Q3,SUV,Diesel,49867,410758,8.0,1.51,1.27,0.35,1,695
BMW,2019,11,Australia,i7,SUV,Electric,42371,323541,319.0,1.6939819704323988,3.2080725777960453,3.962350696577481,5,730
Audi,2021,8,Spain,RS6,Sedan,petrol,,349509,56.0,1.85,1.72,3.36,2,405
FORD,2023,1,Australia,Escape,SUV,Hybrid,40218,281742,99.0,1.58,2.9,4.04,2,3057
Tesla,2023,1,France,Cybertruck,Electric,Electric,113945,108838,23.0,1.78,1.82,3.52,6,1950
Toyota,2024,5,France,RAV4,SUV,Petrol,79979,318291,40.0,1.8,1.32,3.34,9,1830
Mercedes-Benz,2020,2,France,GLE,SUV,Diesel,119147,235656,59.0,1.75,1.93,3.71,4,
Ford,2015,2,Brazil,Escape,SUV,PETROL,28449,286360,112.0,1.22,3.67,10.24,2,3456
Volkswagen,2019,10,USA,T-Roc,S U V,Petrol,48612,432808,51.0,1.02,2.48,4.78,3,410
Tesla,2018,12,Canada,Model X,Electric,Electric,105733,141468,21.0,1.4,2.51,4.1,9,1746
Ford,2020,2,,Explorer,,Electric,81822,666265,46.0,1.44,1.68,0.3,10,1836
Audi,2022,4,Netherlands,Q7,SUV,Electric,85793,504602,26.0,1.91,1.99,3.46,1,389
Mercedes-Benz,2021,9,Japan,S-Class,Sedan,Petrol,113143,182921,,1.45,1.05,0.19,10,1051
Ford,2024,12,Italy,Edge,SUV,Petrol,73194,757297,106.0,1.85,1.42,3.69,10,2932
Ford,2019,11,India,Ranger,SUV,Hybrid,65583,705106,43.0,0.98,,6.22,7,64
Porsche,2021,6,USA,Macan,SUV,Electric,151332,274733,9.0,1.01,2.71,4.55,6,283
Mercedes-Benz,2023,2,Germany,GLC,SUV,Diesel,67966,422486,21.0,2.0,2.29,2.79,3,123
BMW,2018,11,USA,iX,Sedan,Diesel,,327721,126.0,0.9913430092765712,2.152539042914261,4.545773016100088,2,634
Ford,2024,12,Italy,Mustang Mach-E,Electric,Electric,31683,659270,40.0,1.89,0.99,3.35,10,3450
BMW,2018,10,Brazil,5 Series,SUV,Hybrid,70081,164881,141.0,1.2130266367178415,3.8721239089441513,10.759270969490167,9,529
Ford,2021,8,Mexico,Ranger,SUV,Hybrid,39098,255537,41.0,1.0,1.63,10.83,10,384
Volkswagen,2024,7,Germany,Touareg,SUV,Electric,26032,418015,80.0,1.93,2.16,2.73,3,534
Tesla,2021,11,Germany,Model 3 LR,Electric,Electric,,164233,3.0,1.93,,3.02,9,1428
Tesla,2017,12,USA,Semi,Electric,Electrc,98133,270271,,0.97,2.63,4.61,7,50
Volkswagen,2015,6,Italy,Tiguan,SUV,Hybrid,32970,416504,25.0,1.93,1.17,3.62,4,1678
Tesla,2016,3,China,Model 3,Electrc,Electric,122387,270067,39.0,1.09,6.32,3.45,7,1024
Tesla,2016,3,Netherlands,Model S Plaid,,Electric,41819,208731,34.0,,1.8,3.55,5,1892
Toyota,2024,6,Netherlands,C-HR,SUV,Electric,28655,386833,87.0,1.92,2.03,3.68,8,989
Porsche,2019,5,Mexico,Cayenne,SUV,Hybrid,162668,164301,22.0,1.03,1.75,10.82,6,416
Tesla,2020,9,Australia,Model X Plaid,Electric,Electric,51446,221093,10.0,1.52,2.88,4.27,7,446
Volkswagen,2015,2,UK,Touareg,SUV,Hybrid,69042,306054,54.0,1.8,1.15,5.08,2,554
Tesla,2019,9,France,Model 3,Electric,electric,110992,17624,18.0,1.73,2.06,3.54,7,1480
Toyota,2015,7,Mexico,Camry,Sedan,Hybrid,32362,618173,73.0,1.03,1.51,10.87,9,124
Tesla,2024,7,Brazil,Semi,Electric,Electric,124647,123810,38.0,1.18,3.66,10.21,3,2316
Audi,2024,8,France,RS6,Sedan,Diesel,58938,58529,40.0,1.8,,3.42,8,335
Toyota,2022,10,Canada,Yaris,Sedan,Hybrid,32294,112812,61.0,1.21,2.3,4.21,7,285
Tesla,2023,3,Germany,Semi,Electric,Electric,68430,173600,14.0,1.91,1.68,2.99,9,2278
Tesla,2018,1,France,Cybertruck,Electric,Electric,102532,195473,31.0,1.79,1.53,3.29,1,621
Audi,2016,7,Italy,A4,Sedan,Electric,114904,341713,6.0,1.91,0.77,3.22,5,711
BMW,2024,12,France,7 Series,SUV,Diesel,84646,277966,282.0,1.8800037283696207,1.1109958286584805,3.282131378041284,7,736
BMW,2021,8,Australia,7 Series,Electrc,Electric,106466,"$78,885",329.0,1.686151465120713,3.2764129607419967,4.15448212415181,1,749
Toyota,2024,12,Italy,RAV4,SUV,Hybrid,88008,236854,32.0,1.83,1.04,3.66,1,1482
Mercedes-Benz,2023,4,UK,E-Class,Sedan,Hybrid,121226,69737,38.0,1.78,1.54,4.89,3,1027
Audi,2022,8,Mexico,RS6,Sedan,Petrol,84387,211579,12.0,1.08,2.16,11.08,6,501
BMW,2017,11,China,5 Series,Electric,Electric,118434,442704,64.0,1.0984555712896071,5.680976952709489,3.7126310560217473,4,216
Audi,2016,4,Germany,e-tron,Electric,Petrol,89579,498760,11.0,1.9,1.41,2.78,1,289
Volkswagen,2017,4,US,Golf,Sedan,Electric,33396,112409,76.0,0.97,2.28,4.46,10,1632
Ford,2016,7,China,Escape,SUV,Petrol,94629,72852,36.0,,6.36,3.45,7,330
Porsche,2017,2,,Cayenne Coupe,SUV,Electric,65739,290476,28.0,1.51,2.97,3.98,8,389
Ford,2021,9,Japan,Edge,SUV,Petrol,94785,328113,114.0,1.49,1.4,-0.1,5,1505
TESLA,2019,5,USA,Model X,Electric,Electric,56053,103000,33.0,0.97,2.72,4.67,5,898
Ford,2018,5,India,Mustang Mach-E,Electric,Petrol,50313,548051,72.0,1.13,6.95,6.7,1,1242
Mercedes-Benz,2024,9,Spain,E-Class,Sedan,Diesel,84415,75034,19.0,1.8,1.43,3.53,3,608
Porsche,2019,2,Canada,GTS,Sedan,Hybrid,173555,131216,25.0,1.32,2.34,3.87,8,486
Tesla,2018,12,China,Model S Plaid,Electric,Electric,43237,98727,27.0,1.09,5.8,3.23,6,363
Toyota,2024,6,Australia,Prius,Hybrid,Hybrid,20897,648648,27.0,1.63,2.9,4.45,1,2658
Ford,2021,3,Japan,Ranger,SUV,Hybrid,83132,668788,100.0,1.44,1.5,-0.18,2,1173
BMW,2022,6,Germany,X5,Electric,Diesel,56650,357481,168.0,1.903783541056568,1.718770524892073,2.9298831169496986,3,753
Mercedes-Benz,2015,2,China,EQS,Electric,Electric,82135,363928,23.0,1.04,6.23,3.72,5,397
Mercedes-Benz,2020,2,USA,E-Class,Sedan,Electric,43722,178470,32.0,0.96,2.8,4.64,9,574
Porsche,2016,5,USA,Macan,SUV,Electric,132946,329849,17.0,0.92,2.5,4.56,4,6
Mercedes-Benz,2017,35,Germany,E-Class,Sedan,Diesel,127865,596915,38.0,1.86,1.62,2.95,9,237
BMW,2022,2,UK,X5,Sedan,Diesel,77674,,308.0,,1.8772005408131085,4.935467064453581,10,925
Toyota,2016,6,France,Camry,Sedan,Petrol,46545,,78.0,1.87,1.81,3.39,4,1370
Toyota,2015,4,China,Camry,Sedan,Electric,67481,284663,88.0,1.09,5.68,3.74,3,2536
Audi,2017,3,Canada,e-tron,Electric,Electric,44280,242186,40.0,1.38,2.12,4.03,9,287
Tesla,2019,7,UK,Model S,Electric,,93409,17890,25.0,,1.49,4.81,2,1692
BMW,2024,8,Australia,i4,Electric,Petrol,35901,,38.0,1.6593074581952354,3.4208478478156867,4.319990188712443,6,207
BMW,2016,12,UK,3 Series,SUV,Diesel,111382,321189,225.0,1.895143901677672,1.822537242923169,5.269879947975155,4,
Porsche,2024,1,Canada,718,Sedan,Hybrid,180532,364148,6.0,1.37,1.98,3.76,1,359
Audi,2019,8,France,A3,Sedan,Electric,112599,539722,39.0,1.73,1.31,3.78,10,1058
Ford,2021,10,India,Ranger,SUV,Hybrid,86771,134381,58.0,1.13,7.05,6.52,2,360
Tesla,2017,7,China,Model S Plaid,Electric,Electric,85554,175060,33.0,1.12,6.36,3.5,4,1863
Tesla,2019,12,Australia,Cybertruck,Electric,Electric,45655,129131,21.0,1.7,3.01,4.53,1,190
Audi,2018,2,Mexico,Q7,SUV,Hybrid,111299,259754,55.0,1.09,1.98,11.1,7,991
Toyota,2024,7,India,Land Cruiser,SUV,Electric,75165,442871,61.0,1.01,,6.42,1,2057
Mercedes-Benz,2024,1,Canada,A-Class,Sedan,Diesel,46398,523920,35.0,1.35,1.94,4.15,9,883
Porsche,2018,8,USA,911,Sedan,Electric,103122,377731,10.0,0.96,2.73,4.65,6,116
Tesla,2024,4,Brasil,Semi,Electric,Electric,127640,281404,26.0,1.18,3.75,10.4,5,75
Volkswagen,2024,9,Japan,Tiguan,SUV,diesel,63429,419935,15.0,1.45,1.31,0.23,8,2199
Frod,2022,7,Germany,Bronco,,Hybrid,64010,485765,112.0,1.9,1.34,2.95,5,3689
BMW,2023,11,BRAZIL,  3 Series  ,SUV,Diesel,53557,219357,187.0,1.107344272500164,3.007664032649225,10.331441285461114,1,599
Toyota,2023,1,Mexico,Supra,Sedan,Electric,49228,311484,55.0,1.02,2.32,11.18,7,2452
Mercedes-Benz,2015,5,Mexico,GLS,SUV,Electric,116528,102302,9.0,1.11,1.71,11.1,4,1108
Toyota,2018,12,China,RAV4,SUV,Petrol,40251,531571,14.0,1.07,6.31,3.46,9,185
Porsche,2024,1,Italy,Cayenne Coupe,SUV,Petrol,186996,254634,14.0,1.87,0.9,3.59,7,438
Mercedes-Benz,2019,12,USA,GLC,SUV,Hybrid,93080,282042,30.0,0.91,2.56,4.71,8,442
Volkswagen,2019,3,Spain,Tiguan,SUV,Hybrid,40374,446682,27.0,1.67,0.86,3.44,7,646
Audi,2017,6,Spain,A3,Sedan,Diesel,80811,429365,26.0,1.68,0.89,3.32,3,514
Tesla,2015,7,Netherlands,Model S,Electric,Electric,71390,193098,36.0,2.07,2.5,3.24,6,2173
Audi,2019,6,Brazil,RS6,Sedan,Electric,82730,548862,56.0,1.19,3.35,10.79,7,1160
Teslla,2020,3,Brazil,Model S Plaid,Electric,Electric,104594,166602,33.0,1.23,3.54,10.23,6,1282
Tesla,2021,8,Mexico,Model S Plaid,Electric,Electric,106689,275741,30.0,1.2,,11.0,1,2342
Mercedes-Benz,2020,3,Japan,E-Class,Sedan,Hybrid,61949,404570,22.0,1.42,1.43,-0.18,2,322
Tesla,2020,2,France,Model S,electric,Electric,51762,25825,16.0,1.87,1.79,3.66,3,167
AUDI,2022,2,France,A6,Sedan,Petrol,49304,196613,10.0,1.88,1.86,3.3,10,95
Volkswagen,2020,7,China,Tiguan,SUV,Petrol,58026,70636,16.0,1.1,6.08,3.21,1,843
Volkswagen,2022,4,China,Polo,Sedan,Petrol,74560,503424,88.0,1.08,6.46,3.38,5,1635
Audi,2019,5,Australia,A3,Sedan,Electric,38001,423164,42.0,,3.06,4.0,2,87
Volkswagen,2023,10,Spain,Tiguan,SUV,petrol,20428,126200,79.0,1.83,1.78,3.73,4,1335
Porsche,2024,4,Brazil,911,Sedan,Hybrid,110075,227919,27.0,1.18,3.78,10.47,2,28
Volkswagen,2023,2,Mexico,Arteon,Sedan,Petrol,50742,483672,87.0,1.14,1.52,11.07,6,1030
Ford,2019,4,China,Mustang Mach-E,Electric,Petrol,89472,51850,98.0,1.14,6.31,3.25,10,3428
Mercedes-Benz,2024,8,Canada,E-Class,Sedan,Diesel,125369,347849,,1.22,1.83,3.93,2,714
Ford,2021,12,Brazil,Mustang Mach-E,Electric,Electric,52510,322029,114.0,1.28,3.84,10.53,8,2814
Tesla,2020,9,Netherlands,Model 3 LR,Electric,Electric,121873,72511,25.0,2.01,1.68,3.21,4,
Volkswagen,2023,1,China,ID.3,Electric,Hybrid,25909,460988,57.0,1.1,5.56,3.57,5,1779
Tesla,2024,2,Mexico,Model 3,Electric,Electric,56067,242092,17.0,1.03,1.54,11.18,4,2294
Mercedes-Benz,2021,2,India,CLA,Sedan,Diesel,57799,256865,55.0,1.1,7.33,6.54,5,269
Ford,2015,9,Italy,Escape,SUV,Electric,48684,258677,109.0,1.8,0.73,3.79,6,1942
Ford,2024,11,Spain,F-150 Lightning,Electric,Electric,81599,74148,30.0,1.83,1.25,3.38,8,3828
Mercedes-Benz,2020,4,Brazil,GLS,SUV,Hybrid,50717,465282,25.0,1.24,3.05,10.44,9,928
Audi,2015,7,Germany,TT,Sedan,Hybrid,58440,437341,56.0,1.99,1.57,2.84,3,1133
BMW,2023,6,Brasil,X3,Sedan,Electric,100681,245413,103.0,1.122144118665263,3.380400548970409,10.786080197106395,3,235
Porsche,2019,7,China,Taycan,Electric,Hybrid,198950,345106,20.0,,6.11,3.23,2,483
Ford,2023,3,Germany,Edge,SUV,Petrol,79304,595903,111.0,1.85,1.71,2.88,1,924
Toyota,2015,6,Germany,bZ4X,electric,Hybrid,82919,571761,16.0,1.99,2.12,3.18,6,784
Porsche,2016,11,France,Macan EV,Electric,Hybrid,186926,276896,6.0,1.88,1.86,3.59,2,246
Mercedes-Benz,2021,6,Brazil,EQS,Electric,Hybrid,95967,436958,43.0,1.13,3.09,10.46,3,430
BMW,2021,3,Germany,X1,SUV,Diesel,74449,,58.0,1.8711345432929896,1.6892956140419766,2.87321624206242,2,542
Ford,2022,6,Netherlands,Explorer,SUV,Electric,48692,66499,106.0,1.94,,3.73,8,646
Toyota,2021,8,USA,Yaris,Sedan,Hybrid,22182,79499,43.0,0.93,2.93,4.55,10,625
Ford,2024,3,UK,F-150,SUV,Hybrid,39508,436642,49.0,1.83,,4.79,10,1933
Volkswagen,2022,6,Mexico,Golf,Sedan,Electric,66121,150354,48.0,1.05,1.71,10.85,1,1136
Audi,2022,10,Italy,A3,Sedan,Diesel,36863,161663,57.0,1.87,1.2,3.31,2,529
Toyota,2024,6,Mexico,Corolla,,Hybrid,21933,456622,41.0,1.11,2.36,10.92,10,2318
Toyota,2022,10,Netherlands,Supra,Sedan,Hybrid,49906,,49.0,2.04,2.49,3.58,5,1646
PORSCHE,2022,1,China,Macan,SUV,Petrol,114954,150581,15.0,1.02,6.16,3.46,9,392
Porsche,2016,4,Netherlands,Cayenne,SUV,Electric,194205,340006,11.0,,2.2,3.59,6,76
Ford,2023,4,Spain,F-150 Lightning,Electric,Petrol,43817,111829,71.0,1.73,1.52,3.53,7,1963
Ford,2018,4,France,Ranger,SUV,Petrol,34932,687534,,1.84,1.27,3.61,2,3890
Ford,2020,1,Brazil,Mustang,Sedan,Hybrid,77452,725736,24.0,1.1,3.65,10.68,5,2781
BMW,2017,10,,5 Series,SUV,Electric,118886,186066,106.0,0.9789789744182448,7.408265885966654,6.343737134400183,3,357
Mercedes-Benz,2018,10,UK,GLS,SUV,Hybrid,41830,410032,29.0,1.87,1.68,4.74,9,539
Audi,2017,2,India,Q3,SUV,Petrol,103172,503801,26.0,1.11,6.66,6.21,3,1018
Ford,2017,6,India,Explorer,SUV,Hybrid,84439,451622,55.0,0.98,6.5,6.22,4,1523
BMW,2015,1,USA,7 Series,Electric,Hybrid,60186,305230,312.0,0.9253628615582612,,4.284014458531991,5,922
Audi,2019,10,Italy,A4,Sedan,,55629,530168,24.0,1.77,0.78,3.27,4,29
Mercedes-Benz,2023,3,France,EQE,Electric,Diesel,81045,290953,62.0,,1.62,3.64,10,294
Ford,2022,11,Italy,Expedition,SUV,Electric,91463,464411,31.0,1.89,1.02,3.79,1,1920
Volkswagen,2021,4,Netherlands,Passat,Sedan,Diesel,27961,285638,26.0,2.08,2.02,3.79,7,1399
Mercedes-Benz,2018,8,Italy,CLA,Sedan,Electric,79002,362766,42.0,1.89,0.75,3.21,7,901
Audo,2023,6,Italy,Q3,SUV,Diesel,56050,146054,40.0,1.77,1.15,3.45,1,829
Audi,2015,5,USA,RS6,Sedan,Electric,59505,540100,21.0,0.95,2.53,4.57,2,897
Audi,2022,7,India,A3,Sedan,Diesel,113377,403473,44.0,1.08,7.26,6.66,4,95
Audi,2017,4,Mexico,RS6,Sedan,Petrol,108515,143453,19.0,1.03,1.87,10.71,6,1171
Porsche,2015,5,Brazil,Macan,SUV,Electric,129100,237718,14.0,1.21,3.92,10.39,9,118
Mercedes-Benz,2019,4,Brazil,E-Class,Sedan,Petrol,113990,514968,23.0,1.11,3.47,10.29,1,569
Volkswagen,2024,2,Netherlands,Passat,Sedan,Diesel,35200,137174,24.0,2.06,2.19,3.66,3,2755
Volkswagen,2024,7,,Taos,SUV,Diesel,24769,207409,30.0,1.76,1.42,3.34,10,2038
Ford,2020,8,Brazil,Edge,SUV,Hybrid,44887,296790,66.0,1.27,3.73,10.69,9,2546
Tesla,2016,12,Mexico,Model X Plaid,Electric,Electric,124922,129629,23.0,1.15,1.82,11.1,10,2216
BMW,2017,2,Canada,3 Series,Sedan,Electric,63369,274522,153.0,1.309845332941224,1.8564370426710863,3.850145738898757,5,532
Mercedes-Benz,2022,12,,EQE,Electric,Hybrid,116444,431465,61.0,1.66,0.99,3.47,1,944
Porsche,2019,8,Germany,Panamera,Sedan,PETROL,70112,84806,25.0,1.87,1.58,2.81,1,196
Toyota,2018,3,USA,bZ4X,Electric,,25970,566162,50.0,1.03,2.74,4.57,4,1005
Tesla,2021,8,Netherlands,Model X Plaid,Electric,Electric,128320,166765,8.0,1.97,1.92,3.37,1,2151
Tesla,2019,12,China,Model 3,Electric,Electric,125786,104910,19.0,1.02,6.4,3.5,2,1773
Ford,2016,3,Canada,Bronco,SUV,Hybrid,68316,401858,34.0,1.27,,4.23,4,2786
Mercedes-Benz,2018,9,USA,E-Class,Sedan,DIESEL,93265,240386,48.0,0.93,2.07,4.67,10,537
TESLA,2024,1,China,Semi,Electric,Electric,127992,293628,13.0,1.04,6.1,3.49,8,899
Toyota,2023,9,Canada,RAV4,SUV,Petrol,45355,69594,74.0,1.25,2.42,4.05,6,2792
Porsche,2015,11,France,718,Sedan,Electric,125284,375286,29.0,1.87,1.97,3.29,10,99
BMW,2015,12,,7 Series,Electric,Diesel,39321,308916,115.0,1.2203784776132027,2.440904056152072,3.889762089837584,4,367
BMW,2018,5,FRANCE,i4,SUV,Electric,95973,395072,71.0,1.7835161551569858,1.886345014415552,3.253646601387356,1,536
Audi,2022,9,UK,Q7,SUV,Electric,113749,457955,12.0,1.77,1.04,4.85,9,24
Mercedes-Benz,2021,5,Mexico,GLC,SUV,Petrol,101543,389404,23.0,1.19,2.1,11.22,8,367
Porsche,2023,9,France,Macan EV,Electric,Electric,161671,,18.0,1.81,1.39,3.4,8,8
Tesla,2021,3,Germnay,Model 3 LR,Electric,Electric,129090,200121,39.0,2.0,1.7,2.85,1,1224
Mercedes-Benz,2023,8,France,GLS,SUV,Hybrid,40018,535796,20.0,1.78,2.04,3.61,1,779
BMW,2018,3,USA,X5,Sedan,Electric,47615,343459,38.0,0.930175661963354,,4.498349103535431,4,225
Audi,2019,7,UK,e-tron,Electric,Hybrid,57237,59234,49.0,1.86,1.63,5.0,1,121
Mercedes-Benz,2018,10,Spain,GLE,SUV,Electric,65574,392137,60.0,1.71,1.31,3.47,5,1251
Ford,2019,6,Germany,Mustang,Sedan,Hybrid,56353,158973,59.0,1.99,1.8,2.73,8,695
Ford,2016,10,France,Ranger,SUV,Electric,92616,148614,93.0,1.7,1.95,3.7,10,2326
Ford,2015,3,Australia,Mustang Mach-E,Electric,Electric,28900,733958,13.0,1.52,3.36,4.1,8,1737
Toyota,2022,8,China,Yaris,Sedan,Hybrid,82652,150680,66.0,1.16,5.77,3.64,9,2328
Ford,2021,3,Italy,Bronco,SUV,Electric,62715,576279,52.0,1.89,0.59,3.55,9,1451
Volkswagen,2024,10,UK,Arteon,Sedan,Electric,25575,491093,,1.78,1.76,5.14,2,676
Audi,2016,10,Spain,Q5,SUV,Electric,102640,330823,15.0,1.74,1.16,3.71,6,754
Ford,2016,11,Japan,Ranger,SUV,Petrol,65384,478750,73.0,1.53,1.59,0.35,4,1251
Porsche,2024,5,Spain,718,Sedan,Hybrid,103373,188151,8.0,1.8,0.87,3.44,8,426
Volkswagen,2018,7,India,Taos,SUV,Petrol,58349,555445,82.0,1.14,7.46,6.23,10,215
Porsche,2021,11,India,911,Sedan,Petrol,170709,,26.0,1.07,7.33,6.63,6,362
Tesla,2020,12,USA,Model Y,Electric,Electric,100331,53311,9.0,0.91,2.67,4.5,7,2201
Tesla,2020,7,Brazil,Model X,,Electric,66318,143256,,1.3,3.31,10.52,2,1834
Toyota,2023,12,,RAV4,,Hybrid,48438,,85.0,1.91,1.06,3.66,9,
Ford,2022,2,Australia,Mustang Mach-E,Electric,Hybrid,71200,665023,40.0,1.63,2.7,4.33,4,1568
Audi,2015,8,Japan,Q7,SUV,Electric,37013,355395,47.0,1.47,0.9,0.32,6,903
Toyota,2023,4,Australia,RAV4,SUV,Hybrid,50159,,24.0,1.63,2.83,4.2,6,897
Tesla,2016,10,Australia,Cybertruck,Electric,Electric,126632,240713,28.0,1.54,2.61,4.42,6,178
Audi,2018,9,Japan,A3,Sedan,Diesel,76989,352826,36.0,1.5,,0.3,2,
Audi,2023,5,Spain,Q7,SUV,Petrol,45339,417936,27.0,1.69,1.11,3.56,3,545
Porsche,2023,11,Australia,GTS,Sedan,Hybrid,63463,113749,14.0,1.53,2.91,4.02,2,135
Audi,2017,1,Canada,A6,Sedan,Diesel,74439,369992,39.0,1.33,1.84,3.79,1,359
BMW,2021,12,Canada,X1,Electrc,Hybrid,117844,441897,332.0,1.3042919277442944,2.643701592820221,4.276081362643268,9,738
Porsche,2017,1,Germany,Macan,SUV,Electric,75229,382368,17.0,1.91,1.33,3.28,6,326
Mercedes-Benz,2019,2,Brazil,GLC,SUV,Electric,106071,446815,45.0,1.22,3.64,10.22,7,630
Mercedes-Benz,2024,7,France,GLC,SUV,Petrol,75828,324931,55.0,1.88,1.59,3.35,6,923
Tesla,2017,10,Australia,Model 3,Electric,Electric,101547,75103,26.0,1.7,3.18,4.24,6,1953
Ford,2018,8,USA,Escape,SUV,Hybrid,53377,364081,56.0,1.07,2.41,4.77,5,2799
Porsche,2021,10,Brazil,Panamera Sport,Sedan,Petrol,152331,374979,17.0,1.3,3.41,10.25,2,414
Porshe,2015,6,Brazil,718,Sedan,Electric,103573,329082,9.0,,3.22,10.61,1,69
Porsche,2015,2,Italy,Taycan,Electric,Petrol,134693,379511,11.0,1.79,0.8,3.27,7,493
Toyota,2023,10,USA,RAV4,SUV,Petrol,86427,468604,34.0,0.99,2.63,4.58,8,1618
BMW,2023,3,France,X7,SUV,Hybrd,44121,314080,164.0,1.815094835575176,1.6857755812734634,3.764138144854975,6,742
Audi,2022,11,Australia,Q5,SUV,Electric,32095,194790,,1.6,3.28,4.25,2,721
Volkswagen,2024,2,UK,Polo,Sedan,Diesel,72641,183908,56.0,1.8,1.75,4.92,5,1057
Tesla,2022,5,Japan,Model X Plaid,Electric,Electric,42213,,13.0,1.44,1.5,0.31,5,796
Volkswagen,2018,10,Italy,Golf,Sedan,Diesel,71233,509039,35.0,1.77,1.01,3.48,9,170
Volkswagen,2016,7,Canada,Taos,,Petrol,72772,,56.0,1.29,1.83,4.29,2,1425
Toyota,2018,7,USA,Highlander,SUV,Hybrid,74410,699522,86.0,1.02,2.66,4.45,1,2267
BMW,2023,1,Canada,5 Series,Electric,Electric,71444,173777,123.0,1.323569448040243,2.383248028289646,3.998304858405057,2,697
Audo,2023,4,Japan,TT,Sedan,Diesel,82774,415711,45.0,1.48,1.36,-0.07,2,929
Mercedes-Benz,2020,9,Germany,E-Class,Sedan,Petrol,97733,83677,24.0,1.89,1.36,2.71,7,817
BMW,2022,6,China,3 Series,Sedan,Electric,70315,421780,94.0,1.1394031481990536,6.377373071927956,3.6444611706525225,2,559
Volkswagen,2023,1,Netherlands,Arteon,Sedan,Diesel,43959,355599,27.0,2.05,2.22,3.34,6,1221
Porsche,2020,3,India,Cayenne Coupe,SUV,Electric,118647,82048,22.0,1.11,6.6,6.78,5,209
Ford,2021,5,China,Bronco,SUV,Petrol,80447,,62.0,1.07,6.22,3.48,4,3753
Ford,2018,11,Germany,Ranger,SUV,Electric,59717,699296,104.0,1.86,1.68,2.71,10,2325
Mercedes-Benz,2020,2,Australia,GLS,SUV,Petrol,111745,244598,31.0,1.69,2.86,4.43,6,1106
Toyota,2015,11,UK,Highlander,SUV,Electric,21510,333750,33.0,1.83,1.1,4.95,3,2686
Audi,2017,9,India,Q7,suv,Hybrid,72588,449976,34.0,1.08,7.14,6.61,10,1073
Toyota,2018,7,Canada,Highlander,SUV,Petrol,72814,259222,62.0,1.4,2.64,3.9,3,339
Volkswagen,2024,4,India,ID.3,Electric,Diesel,36149,193262,62.0,1.11,7.46,6.71,4,2044
Tesla,2022,7,UK,Model X,Electric,Electric,127045,206668,39.0,1.77,1.9,4.82,3,1102
Tesla,2016,1,U.S.A,Cybertruck,Electric,Electric,54641,260601,21.0,1.07,2.37,4.52,1,1773
Volkswagen,2020,6,India,Passat,Sedan,Electric,38768,450060,70.0,1.12,7.02,6.51,3,695
BMW,2017,9,Canada,X5,Sedan,Petrol,37716,453602,140.0,1.2509341244092105,2.388134706086542,3.962561874433235,8,327
Audi,2016,6,Spain,A3,Sedan,Petrol,51946,232586,53.0,1.66,1.54,3.49,10,697
Mercedes-Benz,2016,9,Canada,EQS,Electric,Electric,56795,581527,5.0,1.27,1.9,4.27,4,1146
Tesla,2019,8,Japan,Semi,Electric,Electric,88103,229671,1.0,1.43,,0.27,1,1256
Tesla,2019,9,Netherlands,Model Y LR,Electric,Electric,52196,107920,27.0,2.07,1.93,3.34,7,2082
Audi,2022,2,Germany,A3,Sedan,Hybrid,45993,64184,36.0,1.87,1.41,2.83,10,1106
Mercedes-Benz,2022,10,Australia,C-Class,Sedan,Diesel,97907,281564,33.0,1.59,2.69,4.42,7,82
Porsche,2023,1,Spain,Macan EV,Electric,Hybrid,107378,318362,20.0,1.82,0.92,3.23,10,138
Toyata,2024,3,India,Highlander,SUV,Hybrid,19214,518303,67.0,0.98,7.29,6.38,3,575
Audi,2017,10,Netherlands,  Q5  ,SUV,Electric,108360,504324,32.0,1.95,2.4,3.33,8,277
Tesla,2023,10,Canada,Semi,Electric,Electric,54198,204389,16.0,1.32,2.62,3.92,2,1173
Toyota,2019,4,,Corolla,Sedan,Petrol,40936,,11.0,1.39,2.49,3.82,7,2660
B M W,2015,6,Australia,i4,SUV,Diesel,118791,443052,339.0,,2.9626229567393163,4.470963503245028,5,751
Ford,2023,5,Italy,Mustang Mach-E,Electric,Petrol,26668,,96.0,1.9,1.34,3.43,3,3411
Mercedes-Benz,2018,3,Canada,C-Class,Sedan,Petrol,83934,259055,8.0,1.38,2.29,3.87,10,816
Tesla,2015,6,Brasil,Model 3,Electric,Electric,65153,112024,9.0,1.15,,10.69,4,1375
Toyota,2023,5,CANADA,Land Cruiser,SUV,Hybrid,30436,83564,81.0,1.34,1.89,4.29,8,514
Audi,2015,6,Netherlands,Q5,SUV,Diesel,74949,472463,,2.01,2.51,3.55,10,530
Ford,2017,12,Germany,Ranger,SUV,Petrol,48127,87168,61.0,1.84,1.37,3.19,6,
Mercedes-Benz,2022,11,UK,E-Class,Sedan,Electric,108832,321453,52.0,1.8,1.34,5.19,9,757
Toyota,2024,8,Canada,C-HR,SUV,Petrol,83510,684366,30.0,1.2,2.38,3.95,6,618
Toyota,2023,4,USA,Highlander,SUV,Petrol,88485,273561,51.0,1.04,2.65,4.77,6,1976
Toyata,2018,5,France,RAV4,SUV,Petrol,62980,615993,,1.8,1.88,3.45,9,2435
Audi,2019,11,Germany,e-tron,Electric,Diesel,108917,70649,45.0,1.81,1.34,2.96,2,79
Ford,2015,6,China,Expedition,SUV,Hybrid,39136,570280,71.0,1.18,6.01,3.69,1,
Audi,2016,7,India,e-tron,Electric,Petrol,1525284,368855,17.0,0.95,6.51,6.21,3,79
Toyota,2024,2,China,Land Cruiser,SUV,Electrc,31469,158743,48.0,1.01,6.34,3.79,6,
Mercedes-Benz,2022,2,UK,A-Class,Sedan,Diesel,105621,507079,,1.94,1.19,5.02,1,69
Audi,2023,10,USA,Q3,SUV,Electric,35677,213693,34.0,0.93,2.55,4.67,1,870
BMW,2023,11,Brazil,X7,SUV,Electric,,474315,393.0,,3.519081785136218,10.48750912657784,1,896
Porsche,2024,8,Mexico,Cayenne,SUV,Hybrid,,287538,3.0,1.07,1.91,10.91,6,89
BMW,2021,5,India,3 Series,Sedan,Electric,83291,215637,267.0,1.1329728780440895,7.440458584352914,6.772357146201553,3,899
Mercedes-Benz,2016,5,UK,S-Class,Sedan,Hybrid,57588,567890,59.0,1.83,1.35,4.93,1,745
BMW,2023,6,Japan,i4,suv,Electric,39633,251798,219.0,1.5589622607083298,1.5920465551771132,0.1786831755983577,1,677
Mercedes-Benz,2022,1,UK,C-Class,Sedan,Electric,108926,566239,46.0,1.79,1.24,5.21,1,219
Tesla,2019,4,China,Model Y LR,Electric,Electric,84035,112649,13.0,1.15,6.11,3.3,1,959
Ford,2020,10,Mexico,Escape,SUV,Electric,40185,624677,118.0,1.06,2.18,11.25,5,3383
Porsche,2022,1,Netherlands,Taycan,Electric,Hybrid,116691,386478,8.0,1.97,1.64,3.4,10,176
Mercedes-Benz,2021,4,India,EQS,Electric,Electric,105775,142106,32.0,1.13,6.59,6.49,3,469
PORSCHE,2019,3,Australia,911,Sedan,Hybrid,143275,339052,15.0,1.59,3.34,3.99,8,
Audi,2022,7,Germany,A4,Sedan,Electric,88333,289038,52.0,1.96,1.59,3.22,3,415
Tesla,2023,9,India,Model X Plaid,Electric,Electric,99238,139370,23.0,1.01,7.25,6.31,7,1924
Toyota,2023,5,China,Highlander,SUV,Electric,52132,465463,91.0,1.14,6.3,3.79,9,1720
Tesla,2022,12,Australia,Model Y LR,Electric,Electric,85493,107308,18.0,1.68,2.83,3.99,8,441
Volkswagen,2021,11,Italy,Polo,Sedan,Hybrid,79352,376077,11.0,1.85,0.73,3.4,10,1433
Toyota,2024,8,Italy,Camry,Sedan,Hybrid,68758,94371,42.0,1.78,0.76,3.3,4,1330
Volkswagen,2023,5,China,Polo,Sedan,Electric,76107,509143,39.0,1.15,6.41,3.43,4,636
Audi,2015,7,Mexico,A6,Sedan,Hybrid,52985,249030,38.0,1.07,1.75,10.9,8,533
Ford,2015,3,Brazil,Bronco,SUV,Hybrid,72527,746023,12.0,1.24,3.7,10.55,2,876
BMW,2019,7,France,i4,Sedan,Petrol,106576,345901,129.0,1.8855504566390424,2.0691026301408115,3.730271530978056,7,539
Tesla,2016,12,Australia,Model X Plaid,electric,Electric,58677,123591,33.0,1.6,,4.51,7,396
Ford,2024,8,Italy,Escape,SUV,Electric,69130,584452,,,,3.21,7,2621
Audi,2015,5,Italy,Q3,SUV,Diesel,44926,118398,4.0,1.81,0.86,3.26,5,762
Audi,2024,8,Canada,Q3,SUV,Diesel,67319,259690,,1.4,,4.22,9,115
Ford,2021,5,India,Ranger,SUV,Electric,91688,760805,108.0,1.03,6.71,6.74,2,856
Mercedes-Benz,2021,12,,E-Class,,Petrol,38814,130725,41.0,1.27,1.74,4.14,6,1107
Volkswagen,2019,10,Italy,ID.3,Electric,Petrol,67939,440252,76.0,1.87,1.25,3.43,8,1907
Ford,2017,11,Japan,F-150,SUV,Electric,67112,249687,111.0,1.53,0.85,-0.12,10,1745
Toyota,2023,1,USA,Prius,Hybrid,Petrol,18331,462161,88.0,1.05,2.36,4.77,2,2033
Mercedes-Benz,2020,4,Italy,A-Class,Sedan,Petrol,87960,414796,58.0,1.92,0.83,3.21,2,531
BMW,2024,7,Germany,i4,SUV,Petrol,35946,455881,398.0,1.867599031370307,2.095792669436101,3.23400320509054,2,871
Mercedes-Benz,2016,12,France,GLC,SUV,Electric,42559,185322,47.0,1.72,,3.45,4,
Mercedes-Benz,2016,3,UK,EQE,Electric,Electric,52156,551830,15.0,1.79,1.52,4.86,3,386
Ford,2021,9,UK,F-150,SUV,Hybrid,56044,518927,83.0,1.78,1.35,4.79,9,977
Volkswagen,2019,12,,T-Roc,SUV,Hybrid,38292,484697,50.0,0.99,2.28,4.69,6,1801
Audi,2022,3,Germany,A6,Sedan,Diesel,78522,483763,51.0,1.83,1.72,3.05,9,100
Audi,2017,1,UK,A4,Sedan,Electric,,206105,16.0,1.75,1.41,5.3,9,
BMW,2023,11,Germany,X7,SUV,Hybrid,113812,300449,146.0,1.8561366431031947,1.496097712738393,3.066468042645461,7,570
Audi,2021,4,Japan,e-tron,Electric,Petrol,62555,74370,21.0,1.41,0.73,0.04,10,1068
Mercedes-Benz,2022,1,Brazil,EQE,Electric,Diesel,76419,478603,36.0,1.22,3.26,10.22,4,425
Ford,2021,3,Brazil,Bronco,SUV,Electric,45613,611326,44.0,1.25,3.44,10.47,8,
BMW,2024,8,India,3 Series,Sedan,Electric,57706,487043,235.0,1.0408754669119922,6.609736198677504,6.528775693384215,3,737
Porsche,2021,1,India,GTS,Sedan,Petrol,102486,226669,6.0,1.12,7.47,6.64,10,460
Toyota,2017,4,Mexico,bZ4X,Electric,Hybrid,81415,183582,26.0,1.08,1.76,10.82,7,2328
Mercedes-Benz,2024,7,Italy,A-Class,Sedan,Hybrid,98268,103820,,1.94,1.31,3.69,10,1093
Toyota,2020,6,India,Supra,Sedan,Hybrid,54887,641528,56.0,0.96,7.13,6.56,7,514
Porshe,2021,6,France,GTS,Sedan,Electrc,99383,376092,24.0,,1.54,3.69,2,442
Ford,2020,6,Brazil,Escape,SUV,Electric,41104,708258,68.0,1.24,3.77,10.64,8,1945
Tesla,2015,9,India,Model Y,Electric,Electric,108135,208554,11.0,1.09,7.42,6.75,2,1678
Audi,2020,5,GERMANY,e-tron,Electric,Diesel,44581,375343,53.0,1.85,2.11,2.77,4,821
Ford,2021,2,USA,Escape,SUV,Petrol,35831,367527,106.0,1.05,2.59,4.59,4,3533
Ford,2024,2,India,Ranger,SUV,Electric,48814,654142,82.0,1.15,6.73,6.37,7,1943
Tesla,2024,12,Netherlands,Model X,Electric,Electric,72432,37121,32.0,1.93,2.05,3.35,3,1718
Ford,2015,11,China,Expedition,SUV,Hybrid,56856,772293,31.0,1.11,6.09,3.4,9,180
Toyota,2019,8,UK,Land Cruiser,SUV,Hybrid,88567,397918,31.0,1.75,,4.97,6,615
Ford,2019,12,Brazil,Mustang Mach-E,Electric,hybrid,75636,787124,24.0,1.1,3.52,10.71,2,2570
Ford,2019,11,China,Edge,SUV,Hybrd,87829,615581,18.0,1.16,5.9,3.47,4,3658
Tesla,2015,10,australia,Model X Plaid,Electric,Electric,111662,62803,23.0,1.59,2.81,4.43,3,104
Mercedes-Benz,2016,9,Japan,E-Class,Sedan,Diesel,,298737,25.0,1.51,1.23,-0.1,7,525
Porsche,2016,1,India,GTS,Sedan,Hybrid,73858,128079,24.0,0.96,7.32,6.31,2,281
Volkswagen,2016,12,China,Polo,Sedan,Hybrid,71943,133547,70.0,1.01,5.52,3.8,9,343
Toyota,2023,6,Australia,Land Cruiser,SUV,Petrol,82417,69870,28.0,1.51,3.21,4.12,8,2268
Tesla,2024,1,Italy,Model X Plaid,Electric,Electric,55468,232576,38.0,1.81,0.93,3.45,2,921
Audi,2018,8,Netherlands,Q8,SUV,diesel,57248,378924,30.0,1.91,2.25,3.77,1,450
BMW,2017,2,Brazil,X5,SUV,Hybrid,35798,441670,25.0,1.2221961977701985,3.2280797719489325,10.327226903944936,6,151
BMW,2015,1,India,X1,Sedan,Hybrid,41221,216969,88.0,1.102057964624427,6.519192276823056,6.35588792524702,1,492
Toyota,2016,4,Japan,Supra,Sedan,Petrol,89913,144833,95.0,1.44,1.67,-0.09,7,
Mercedes-Benz,2021,2,Italy,C-Class,Sedan,Hybrid,120569,579637,44.0,1.85,1.03,3.32,8,1092
Tesla,2016,8,Canada,Model Y LR,Electric,Electric,83560,140004,3.0,1.38,2.21,3.84,8,360
Toyota,2015,8,China,Prius,Hybrid,Hybrid,78510,488012,16.0,1.03,6.36,3.27,9,665
Toyota,2017,6,Italy,Corolla,Sedan,Petrol,75333,637030,70.0,1.83,1.37,3.65,4,905
Toyota,2016,5,Germany,Land Cruiser,SUV,Electric,85032,427268,85.0,1.81,2.2,3.0,2,591
Ford,2024,12,Australia,Explorer,SUV,Hybrid,49604,565897,30.0,1.52,2.71,4.05,9,2233
Volkswagen,2015,6,UK,ID.3,Electric,Petrol,77983,545123,10.0,,1.33,5.01,5,1367
Audi,2019,12,Italy,TT,Sedan,Electric,96826,411734,39.0,1.81,0.77,3.44,3,201
Porsche,2023,9,Canada,Panamera Sport,Sedan,Electric,98065,301934,20.0,1.27,2.58,4.04,2,428
Porsche,2022,9,Italy,Cayenne Coupe,SUV,Petrol,93193,238672,5.0,1.82,1.41,3.47,10,53
Volkswagen,2021,12,UK,ID.4,Electric,Petrol,45170,50440,20.0,1.89,1.8,4.84,9,2613
Ford,2022,3,Brazil,Expedition,SUV,Electric,,"$576,001",17.0,1.17,3.7,10.79,5,2901
Toyoda,2022,2,UK,C-HR,SUV,Hybrid,35274,427677,91.0,1.77,1.86,5.26,3,1445
Porsche,2022,2,Canada,Macan,SUV,Petrol,168497,180075,5.0,1.25,2.62,4.25,8,268
Toyota,2016,1,Australia,bZ4X,Electric,Electric,75164,668073,30.0,1.7,,4.32,7,1870
BMW,2022,2,Australia,i4,Sedan,Electric,66728,156311,266.0,1.5559867793891886,3.2145959227000622,4.346118426030639,1,904
Porsche,2023,6,UK,Cayenne Coupe,SUV,Hybrid,70663,342118,5.0,1.92,1.71,5.19,2,188
Audi,2018,8,Japan,TT,Sedan,Electric,43319,95790,49.0,,1.56,0.07,5,30
Ford,2019,6,UK,Mustang Mach-E,Electric,Hybrid,28547,748749,38.0,1.83,1.92,4.99,9,3555
Porsche,2021,6,UK,Panamera,,Hybrid,152749,348526,23.0,1.82,1.16,5.25,9,321
FORD,2018,7,Australia,Explorer,SUV,Electric,31107,229738,48.0,1.51,2.72,4.35,9,3177
Ford,2021,9,France,Escape,SUV,Petrol,77700,537162,60.0,1.78,1.97,3.49,5,1658
Volkswagen,2017,5,USA,Taos,SUV,Electric,42159,517974,22.0,0.95,2.44,4.35,3,142
BMW,2020,1,Brazil,X3,SUV,Hybrid,63229,108655,358.0,1.2780516106035604,3.5273996221226764,10.631612173421496,9,749
Tesla,2023,9,Brazil,Model X Plaid,Electric,Electric,65050,80243,27.0,1.22,3.64,10.26,1,512
Ford,2023,6,Canada,Mustang Mach-E,Electric,petrol,61964,634370,14.0,1.32,1.8,3.87,2,377
Mercedes-Benz,2024,10,Australia,EQS,Electric,Diesel,34490,290279,41.0,1.63,3.15,4.04,8,733
Volkswagen,2017,7,Australia,ID.4,Electric,Hybrid,27491,370192,58.0,1.62,2.52,4.1,3,791
Ford,2017,8,Spain,Mustang Mach-E,Electric,Petrol,94224,651178,44.0,1.66,1.24,3.72,10,3145
Mercedes-Benz,2021,2,Canada,EQE,Electric,Hybrid,,131045,23.0,1.22,2.67,4.22,9,1165
Ford,2024,8,MEXICO,Explorer,SUV,Hybrid,52169,760398,36.0,1.01,2.41,11.09,3,1007
Audi,2022,9,India,Q5,SUV,Electric,70497,438539,22.0,0.98,6.55,6.57,5,766
Volkswagen,2023,2,Canada,Taos,SUV,Petrol,74155,165861,56.0,1.29,2.43,4.29,1,1848
Audi,2020,8,Netherlands,RS6,Sedan,Hybrid,53987,92814,46.0,1.95,2.16,3.35,2,100
Mercedes-Benz,2024,7,Japan,C-Class,Sedan,Petrol,64646,221667,18.0,1.53,0.96,0.01,6,185
Audi,2018,6,Mexico,RS6,Sedan,Hybrid,52629,242459,48.0,1.13,1.7,11.03,8,1096
Ford,2023,9,USA,Explorer,SUV,Petrol,57209,433518,27.0,,2.03,4.22,6,746
Ford,2023,8,India,Expedition,SUV,Hybrid,82077,601463,108.0,1.12,7.03,6.21,9,613
Volkswagen,2022,9,Japan,Arteon,Sedan,Diesel,66357,313233,82.0,1.49,1.59,0.15,6,1246
BMW,2017,6,JAPAN,iX,,Electric,47254,355761,163.0,1.5272820822527562,0.8078914269933044,-0.1811424885879594,7,389
Tesla,2023,2,USA,Model S Plaid,Electric,Electric,68774,157024,14.0,1.05,2.36,4.58,1,2485
Tesla,2023,10,Australia,Model Y,Electric,Electric,47598,179588,39.0,1.53,3.05,3.97,8,1412
BMW,2016,4,India,i4,Electric,Diesel,62281,398951,137.0,1.105105523339002,7.064841133262616,6.239425183657011,9,
Volkswagen,2015,10,Germany,Arteon,Sedan,Diesel,66235,177792,75.0,1.86,2.1,3.17,5,88
Audi,2022,7,UK,Q8,SUV,Electric,56745,128821,48.0,1.82,1.81,5.09,7,1006
Volkswagen,2023,12,UK,Polo,Sedan,Diesel,21797,71931,54.0,1.92,1.04,5.0,8,2375
BMW,2020,7,India,7 Series,SUV,Electric,78894,311578,368.0,1.0044290274459926,7.299415878968979,6.616817882512656,7,1150
FORD,2016,10,China,Expedition,SUV,Petrol,37719,757862,58.0,1.17,5.79,3.72,3,
Mercedes-Benz,2015,5,USA,GLS,SUV,Diesel,77023,351929,55.0,0.99,2.37,4.5,1,634
Telsla,2017,11,Brazil,Model S,Electric,Electric,123783,76203,17.0,1.16,3.32,10.59,8,2399
Audi,2019,10,Netherlands,A4,Sedan,Hybrid,67914,391326,28.0,1.9,1.9,3.45,5,412
BMW,2021,8,India,7 Series,Electric,Hybrid,91759,333816,306.0,1.0583801894756717,,6.311079757303172,6,876
Porsche,2022,7,Spain,GTS,Sedan,Petrol,75254,356661,11.0,1.71,1.29,3.29,4,120
BMW,2024,1,France,i4,Electric,Petrol,86415,378082,291.0,1.7695143048477964,1.5503709362581852,3.653697997337148,4,666
BMW,2023,7,Germany,7 Series,Sedan,Hybrid,75205,91115,148.0,1.8427022732621343,2.0259799099852955,3.190671197914167,10,309
Ford,2020,2,Brazil,Edge,S U V,Petrol,93377,144405,118.0,1.19,3.22,10.77,3,1898
BMW,2015,11,India,i7,Sedan,Electric,69159,160084,323.0,1.09656030895325,7.005852692951829,6.70442181680672,10,994
Volkswagen,2023,8,Australia,Passat,Sedan,Electric,64415,178790,76.0,1.54,2.91,4.47,9,1153
Audi,2022,8,Germany,RS6,Sedan,Diesel,95819,230339,,1.94,1.93,2.79,5,1130
Porsche,2019,6,Australia,GTS,Sedan,Electric,68387,165257,10.0,1.51,2.81,4.2,3,96
Mercedes-Benz,2021,11,Netherlands,EQE,Electric,Petrol,124730,280820,44.0,1.94,2.23,3.47,3,
Ford,2019,12,Japan,Escape,SUV,Electric,27914,263038,14.0,1.57,1.33,0.26,9,601
BMW,2019,9,USA,5 Series,Electric,Petrol,88634,276024,252.0,0.9436619061013696,2.8766507618282007,4.797800602576348,4,663
Toyota,2021,3,Netherlands,Yaris,Sedan,Petrol,,437025,42.0,1.96,2.19,3.67,2,556
Porsche,2017,7,USA,Macan,SUV,Hybrid,121289,160473,9.0,0.95,2.59,4.21,7,155
Ford,2019,12,France,Bronco,SUV,Hybrid,64543,86116,55.0,1.74,1.7,3.2,10,2228
Mercedes-Benz,2017,6,,GLS,SUV,Diesel,50635,106391,47.0,0.95,2.69,4.43,3,271
Ford,2019,6,Netherlands,Mustang,Sedan,Hybrid,,506880,10.0,2.02,1.83,3.63,8,3300
Mercedes-Benz,2023,2,USA,E-Class,Sedan,Hybrid,53732,166354,29.0,0.96,2.58,4.42,5,311
Tesla,2017,8,Mexico,Model 3 LR,Electric,Electric,99305,116074,28.0,1.13,,11.18,2,1581
Tesla,2024,4,Mexico,Model Y LR,Electric,Electric,84117,43377,4.0,1.17,1.66,10.8,4,1960
Porsche,2023,7,UK,Panamera,Sedan,Petrol,163900,176615,5.0,,1.85,4.81,2,427
Ford,2024,11,Australia,Ranger,SUV,Hybrid,60259,686324,100.0,1.52,2.81,3.98,10,3768
Volkswagen,2018,9,Spain,Tiguan,SUV,Petrol,40494,317720,83.0,1.8,1.67,3.33,2,2543
Volkswagen,2019,8,Spain,T-Roc,SUV,Electric,59865,151547,45.0,1.8,1.26,3.44,9,1556
Ford,2021,4,Germany,F-150,SUV,Petrol,43264,,97.0,1.91,1.39,3.23,2,2593
Toyota,2024,4,Brazil,bZ4X,Electric,Electric,75173,630908,75.0,1.22,3.85,10.57,3,488
Volkswagen,2018,4,Mexico,Golf,Sedan,Diesel,42480,475533,86.0,1.12,1.91,11.18,7,
Volkswagen,2024,9,Netherlands,T-Roc,SUV,,65601,414645,10.0,2.06,2.41,3.29,9,700
Tesla,2015,8,China,Model Y LR,Electric,Electric,70865,190943,8.0,1.15,5.79,3.22,2,396
Toyata,2018,8,Mexico,RAV4,SUV,Hybrid,65701,44148,22.0,1.08,1.77,10.79,7,708
Mercedes-Benz,2017,11,China,C-Class,Sedan,Petrol,68997,557213,40.0,1.18,5.77,3.42,3,709
Toyota,2015,1,Germany,C-HR,SUV,Hybrid,53200,148185,70.0,1.84,1.59,2.72,9,2068
BMW,2018,5,France,i7,Electric,Electric,92174,496242,0.0,1.7767782442746425,1.3322126951468174,3.739744743964741,4,543
Porsche,2017,6,,Macan,SUV,Electric,70587,107280,15.0,1.88,1.08,3.59,9,256
Toyota,2023,5,,bZ4X,Electric,Petrol,19273,87585,24.0,1.08,6.9,6.4,10,211
BMW,2017,12,India,i4,SUV,Diesel,96868,451634,116.0,0.9631389717908732,6.898005292954503,6.381749437299916,8,455
Mercedes-Benz,2022,3,France,C-Class,Sedan,Petrol,100110,266857,57.0,1.79,1.54,3.24,3,747
Tesla,2018,10,Brazil,Model X Plaid,Electric,Electric,125770,223260,29.0,1.21,3.07,10.68,4,625
Toyota,2023,7,Spain,RAV4,SUV,,65374,285787,72.0,1.65,0.82,3.77,4,800
Ford,2024,4,China,Ranger,SUV,Hybrid,90231,698108,55.0,1.16,6.02,3.49,10,1815
Mercedes-Benz,2021,7,Spain,EQS,Electric,Hybrid,92883,278651,16.0,1.73,1.31,3.64,10,1250
Porsche,2017,12,Brazil,Cayenne,SUV,Hybrid,,330755,22.0,1.19,3.7,10.58,10,430
Ford,2022,9,Australia,Mustang Mach-E,Electric,Petrol,86526,582386,72.0,1.66,2.65,4.22,3,1339
Mercedes-Benz,2016,4,Brazil,GLE,SUV,Petrol,79417,561584,24.0,1.15,3.01,10.25,10,615
Volkswagen,2021,12,Germany,Passat,Sedan,Petrol,72345,383305,80.0,1.89,1.81,3.26,4,1916
BMW,2017,7,Brazil,i4,SUV,Electric,,171225,271.0,1.2012283725680488,3.432497878330132,10.387089679851156,7,738
Audi,2018,12,UK,A4,Sedan,Petrol,105718,176181,35.0,1.85,1.29,4.95,7,926
BMW,2024,7,USA,3 Series,Sedan,Hybrid,62241,403972,198.0,0.9785289269415152,2.035942273796742,4.479358810879476,8,508
Porsche,2022,10,Brazil,Panamera,Sedan,Petrol,195429,266125,4.0,1.11,3.6,10.67,7,288
Audi,2017,2,USA,A6,Sedan,Diesel,74043,71164,7.0,0.99,2.54,4.64,3,322
Audi,2021,1,Brazil,Q3,SUV,Petrol,75589,468195,5.0,1.24,3.47,10.25,9,335
Tesla,2015,3,China,Model Y LR,Electric,Electric,53458,92855,9.0,1.16,5.96,3.4,6,1365
Volkswagen,2018,10,USA,Touareg,,Diesel,65298,427440,40.0,0.99,2.16,4.65,2,1091
Ford,2020,3,India,Expedition,SUV,Petrol,93356,208839,68.0,0.96,6.89,6.44,4,2999
Mercedes-Benz,2021,5,Germany,EQS,Electric,Petrol,107351,375205,51.0,1.83,2.1,3.01,8,982
Ford,2022,11,Spain,F-150 Lightning,Electric,Electric,34818,335158,19.0,1.74,1.54,3.49,8,3121
Volkswagen,2023,10,USA,T-Roc,SUV,HYBRID,61548,326631,82.0,0.88,2.52,4.65,8,1090
Toyota,2022,7,Netherlands,Land Cruiser,SUV,Petrol,33912,527562,,2.07,1.77,3.2,4,1686
Tesla,2024,12,USA,Model 3,Electric,Electric,103131,143680,5.0,1.01,2.25,4.24,9,479
Tesla,2020,10,Japan,Model Y,Electric,Electric,,223703,38.0,1.52,0.76,0.39,5,968
BMW,2024,1,India,i7,Sedan,hybrid,63132,327267,26.0,1.039947968490108,6.771949726128631,6.655638957450778,1,267
Ford,2016,4,Netherlands,Explorer,SUV,Hybrid,28871,386535,75.0,2.03,1.76,3.62,10,209
Toyota,2015,10,UK,bZ4X,Electric,Hybrid,29560,545967,15.0,1.79,1.94,5.11,10,2529
AUDI,2022,7,Japan,A4,Sedan,Petrol,69687,192226,53.0,1.53,1.2,-0.0,8,476
Audo,2022,5,,Q7,S U V,Electric,67869,408376,4.0,1.1,7.28,6.6,4,391
Volkswagen,2016,10,Spain,Passat,Sedan,Hybrid,21482,113205,36.0,1.77,1.25,3.32,4,1749
Ford,2021,1,Netherlands,Bronco,SUV,,40885,525992,113.0,2.05,1.81,3.74,7,3072
Ford,2018,10,India,Bronco,SUV,Petrol,57684,119507,25.0,1.14,7.24,6.72,1,3888
Toyota,2016,10,Japan,Highlander,SUV,Hybrid,58764,156313,54.0,1.41,1.26,-0.05,10,2758
BMW,2015,3,India,7 Series,Sedan,Diesel,40037,306306,274.0,0.9668213612229996,7.118218063316261,6.2606736056736745,1,762
Audi,2023,6,UK,A4,Sedan,Petrol,100256,325408,15.0,1.85,1.37,5.12,7,659
BMW,2016,8,Brazil,i7,SUV,Electric,75745,249618,289.0,1.1650660661526528,3.1959828624191453,10.227136373346324,4,1004
Audi,2020,5,Mexico,e-tron,Electric,Diesel,50781,537822,57.0,1.14,2.44,10.87,4,107
Audi,2023,9,Germany,A4,Sedan,Diesel,112265,283136,48.0,1.82,2.27,3.19,3,845
Toyota,2016,12,Mexico,C-HR,SUV,Electric,22629,625661,21.0,1.1,2.06,11.0,9,242
Mercedes-Benz,2015,3,USA,E-Class,Sedan,petrol,50459,331375,55.0,1.04,2.6,4.37,5,46
Tesla,2024,1,Japan,Semi,Electric,Electric,120101,242370,13.0,1.48,1.27,0.21,1,561
Porsche,2017,11,Canada,911,Sedan,Hybrid,164580,274927,8.0,1.24,1.75,3.73,2,90
Mercedes-Benz,2021,9,India,GLE,SUV,Electric,53812,458601,16.0,1.14,,6.72,8,754
Porsche,2018,2,China,Panamera Sport,Sedan,Hybrid,197391,175913,0.0,1.14,6.23,3.55,5,486
Mercedes-Benz,2022,6,Italy,EQE,Electric,Hybrid,80953,554010,17.0,1.93,1.26,3.5,9,204
Tesla,2018,10,France,Cybertruck,Electric,Electric,96558,277344,37.0,1.87,1.11,3.26,8,1670
PORSCHE,2017,6,Spain,Panamera Sport,Sedan,,105820,209666,28.0,1.76,,3.35,10,82
Ford,2020,9,,Explorer,SUV,Electric,78192,348083,57.0,1.05,1.8,10.97,7,630
Volkswagen,2022,1,Canada,Golf,Sedan,Petrol,,405463,51.0,1.33,2.12,3.71,9,202
Toyota,2024,9,Netherlands,bZ4X,Electric,Petrol,68434,60557,90.0,1.94,1.85,3.79,6,2320
Tesla,2019,10,Australia,Model Y,Electric,electric,58194,223272,32.0,1.62,2.81,4.46,6,837
Ford,2022,7,USA,Mustang Mach-E,Electric,Hybrid,37711,365859,46.0,1.07,2.75,4.42,8,3161
Toyota,2015,10,Canada,Corolla,Sedan,Electric,89051,228310,57.0,1.28,1.71,4.24,4,2242
BMW,2022,2,Australia,i4,Sedan,Diesel,56398,191835,123.0,1.6757259972710317,3.065731963995791,4.110216962101653,9,246
BMW,2024,4,Japan,7 Series,Electric,Petrol,102087,,94.0,1.4969392574260094,0.7817253457467782,0.0749803849171938,9,256
Audi,2023,7,Japan,A6,Sedan,,102001,521201,39.0,1.58,0.95,0.08,6,291
PORSCHE,2017,12,Italy,Taycan,Electric,Hybrid,189859,,25.0,1.87,1.42,3.24,2,421
Porsche,2016,2,Canada,Cayenne,SUV,Hybrid,78239,196282,19.0,1.26,2.57,4.07,6,16
Volkswagen,2019,11,Spain,Taos,SUV,Electric,42212,290337,64.0,1.83,1.63,3.29,3,1036
Ford,2019,8,Spain,Ranger,SUV,Petrol,47514,179790,61.0,1.82,1.45,3.3,10,494
Porsche,2018,6,Netherlands,Macan EV,Electric,Electric,190847,166057,19.0,1.94,1.83,3.44,7,363
Toyota,2018,10,UK,Supra,Sedan,Petrol,74935,145145,32.0,1.88,1.43,4.82,5,2365
Mercedes-Benz,2016,11,Canada,A-Class,Sedan,Petrol,107887,507234,15.0,1.3,2.36,4.23,6,1168
Mercedes-Benz,2016,8,Australia,E-Class,Sedan,Petrol,116365,198377,27.0,1.64,3.16,4.16,9,1135
Audi,2021,8,Germany,Q3,SUV,Hybrid,88997,503400,24.0,1.81,1.31,2.9,8,709
BMW,2020,11,Canada,X3,Electric,Hybrid,45785,79992,195.0,1.3005132152926886,2.464809800902996,3.8049031763562473,6,542
Porsche,2017,5,India,Cayenne,SUV,Hybrid,161353,94078,16.0,1.12,6.88,6.39,10,289
Porsche,2021,8,Australia,Taycan,Electric,Petrol,135781,119161,20.0,1.62,3.01,4.01,4,73
Audi,2024,6,Netherlands,Q5,SUV,Electric,101647,505310,31.0,1.95,1.71,3.54,2,838
Volkswagen,2021,6,China,ID.4,Electric,Electric,20645,195092,65.0,1.0,5.69,3.24,1,2444
Audi,2024,9,UK,RS6,Sedan,Electric,,510592,51.0,1.8,1.41,5.03,9,558
Porshe,2022,5,Australia,Taycan,Electric,Hybrid,156528,372573,7.0,1.52,3.45,4.17,2,411
Audi,2023,12,Brazil,A3,Sedan,Electric,107328,83191,15.0,1.29,,10.58,9,581
Porsche,2017,3,Spain,718,Sedan,Petrol,80829,218957,27.0,1.71,1.16,3.29,1,497
BMW,2023,2,France,X1,Sedan,Electric,107095,352259,268.0,1.7373134048102612,1.345957728384508,3.296408823955733,10,924
Toyota,2020,7,Spain,bZ4X,Electric,,54391,437079,10.0,1.76,1.01,3.41,1,331
Tesla,2015,11,Italy,Semi,Electric,Electric,55981,46864,23.0,1.83,1.19,3.38,8,1280
Mercedes-Benz,2016,9,UK,EQS,Electric,Diesel,46850,270294,62.0,1.82,,5.23,6,429
Ford,2016,6,Australia,Explorer,SUV,Hybrid,43572,119667,59.0,1.55,2.86,4.54,8,1774
BMW,2022,3,UK,X1,Sedan,Diesel,111290,273177,110.0,1.8310205389055128,1.8034827432968847,5.257536832179112,6,277
Ford,2022,3,Australia,F-150,,Hybrid,57137,775971,18.0,1.61,3.47,4.22,2,1104
Audi,2017,9,Australia,Q3,SUV,Petrol,99474,390878,52.0,1.59,3.39,4.47,2,549
Mercedes-Benz,2022,3,USA,A-Class,Sedan,Diesel,89756,299173,7.0,1.01,2.81,4.61,4,429
Toyota,2021,4,Brazil,bZ4X,Electric,,82090,383410,41.0,1.26,3.24,10.26,4,798
Ford,2017,6,,F-150 Lightning,Electric,Electric,43394,476496,67.0,0.99,2.7,4.5,6,1360
Mercedes-Benz,2024,7,Netherlands,EQE,Electric,Hybrid,98930,90607,7.0,2.03,2.3,3.32,5,521
BMW,2017,1,Australia,7 Series,Electric,Electric,97894,408320,78.0,1.5096285671956708,2.7999191115069846,4.395915919238962,1,457
Toyota,2017,6,Brazil,Land Cruiser,SUV,Hybrid,48026,187637,75.0,1.14,3.5,10.57,9,1843
Porsche,2016,6,UK,Panamera Sport,Sedan,Hybrid,90986,315179,21.0,1.93,1.94,5.11,1,243
Ford,2016,1,China,Mustang Mach-E,electric,Hybrid,48729,289815,20.0,1.06,5.92,3.24,10,259
Toyota,2023,3,Spain,Camry,Sedan,Electric,82403,175978,47.0,1.69,1.59,3.23,3,969
Mercedes-Benz,2021,7,USA,GLS,SUV,Hybrid,113953,565161,16.0,0.89,2.93,4.24,9,496
BMW,2016,8,Canada,7 Series,Sedan,Petrol,45345,274866,398.0,1.3269342546507883,2.684110319036498,4.100751999282176,8,916
Ford,2015,2,Germany,Explorer,SUV,Electric,40477,191607,93.0,1.84,1.41,2.8,8,3841
Toyota,2015,9,Australia,bZ4X,Electric,Hybrid,42061,271629,14.0,1.51,2.69,4.45,1,401
Porsche,2019,1,Germany,Panamera Sport,Sedan,Petrol,61951,,3.0,1.88,1.97,3.24,9,24
BMW,2019,1,China,i7,Electric,Diesel,49327,215250,396.0,1.1403933754515407,6.298295178966775,3.589978358466659,10,1066
Ford,2021,8,China,F-150 Lightning,Electric,Electric,67063,406803,71.0,1.01,5.66,3.56,5,1197
Ford,2017,4,Brazil,F-150 Lightning,Electric,,51635,399678,93.0,1.21,3.18,10.36,4,2199
Tesla,2024,9,Brazil,Semi,Electric,Electric,103609,84414,13.0,1.12,3.42,10.55,5,2244
Toyota,2017,11,Italy,Yaris,,Electric,51504,625294,24.0,1.78,0.5,3.39,6,355
Tesla,2023,2,Netherlands,Semi,Electric,Electric,61481,187031,16.0,2.05,2.07,3.49,6,1599
Tesla,2015,4,France,Semi,Electric,Electric,123331,83958,,1.85,1.42,3.79,10,1276
Toyota,2018,10,UK,Prius,Hybrid,Electric,54964,65926,95.0,1.77,1.6,5.23,9,294
Ford,2021,12,France,F-150 Lightning,Electric,Petrol,79638,527872,44.0,1.73,1.9,3.66,2,547
Mercedes-Benz,2015,7,Mexico,EQE,Electric,Hybrid,36561,316375,25.0,1.15,1.51,11.03,1,1198
Toyota,2022,4,UK,Land Cruiser,SUV,Electric,84276,91338,20.0,1.9,1.49,4.84,10,2963
Volkswagen,2015,1,India,T-Roc,SUV,Diesel,72399,346919,43.0,,6.74,6.72,1,2276
Ford,2017,11,Brazil,Bronco,SUV,Petrol,56130,162527,79.0,1.16,3.86,10.41,8,1337
Toyota,2023,12,India,Supra,Sedan,Hybrid,52121,413163,73.0,1.03,6.58,6.24,2,189
BMW,2023,11,India,7 Series,Electric,Electric,72394,154843,155.0,0.991415161842171,6.831564699067194,6.713018120971961,9,521
Toyota,2020,12,Germany,Supra,SEDAN,Petrol,25225,329958,97.0,1.94,2.04,2.72,4,1169
Mercedes-Benz,2019,11,Spain,GLE,SUV,Hybrid,110459,117795,51.0,1.74,1.18,3.58,1,1185
Tesla,2019,12,Germany,Model 3,Electric,Electric,101993,,23.0,1.83,2.03,2.74,9,455
Audi,2018,7,Brazil,Q8,SUV,Petrol,,240235,37.0,1.11,3.74,10.69,8,-103
Volkswagen,2017,11,Italy,Golf,,Electric,55923,295068,46.0,1.86,1.49,3.74,1,773
Mercedes-Benz,2023,1,FRANCE,EQS,Electric,Electric,40739,285703,61.0,1.85,1.19,3.71,9,943
Audi,2015,5,Japan,RS6,Sedan,Electric,113277,530118,21.0,1.52,1.55,-0.07,10,1065
BMW,2016,9,France,i4,SUV,Diesel,61081,399880,279.0,1.8458346975098896,1.658642396450425,3.4059004119035947,9,848
Toyota,2018,11,Italy,RAV4,SUV,Hybrid,41174,602311,44.0,1.77,0.68,3.45,8,2256
Ford,2023,9,Germany,Mustang,Sedan,Electric,80651,686065,69.0,1.83,1.98,3.17,5,2166
Audi,2019,8,USA,Q7,SUV,Diesel,71231,85263,32.0,0.95,2.04,4.4,5,467
Toyota,2022,8,Germany,  C-HR  ,SUV,Petrol,73553,268962,72.0,1.92,2.23,3.03,2,50
Volkswagen,2023,4,Brazil,Arteon,Sedan,Electric,44445,333480,42.0,1.19,,10.48,4,1973
BMW,2018,3,Australia,X5,SUV,Petrol,68139,322869,33.0,1.5354857538939417,3.2764474464997244,4.343697102608643,3,459
Toyota,2024,9,Italy,RAV4,SUV,Hybrid,69638,324616,,1.84,1.13,3.27,7,1956
Ford,2023,11,Netherlands,Mustang,Sedan,Hybrid,62108,685640,111.0,1.97,2.2,3.39,1,3608
Tesla,2019,12,Mexico,Semi,Electric,Electric,109624,283453,36.0,1.05,1.53,11.13,4,2352
Tesla,2021,1,China,Model Y,Electric,Electric,106203,147967,14.0,1.12,6.18,3.78,1,728
Mercedes-Benz,2024,1,Italy,CLA,Sedan,Hybrid,127565,282001,31.0,1.89,1.48,3.34,1,757
Mercedes-Benz,2023,7,Canada,S-Class,Sedan,Diesel,69037,172800,51.0,1.24,1.89,4.24,6,574
Audi,2019,9,Netherlands,A4,Sedan,Diesel,106260,178025,8.0,1.91,1.78,3.42,2,904
Tesla,2020,10,Spain,Model X Plaid,Electric,Electric,83853,297897,16.0,1.82,0.91,3.28,3,1496
Tesla,2017,6,Canada,Cybertruck,Electric,Electrc,86227,280320,17.0,1.24,1.81,4.08,4,1133
Ford,2016,11,India,Ranger,SUV,Hybrid,33839,377582,111.0,1.0,6.7,6.63,4,3269
Audi,2016,3,Canada,A3,Sedan,Hybrid,57086,70279,12.0,1.29,2.02,3.76,1,485
Toyota,2016,2,Netherlands,bZ4X,Electric,Petrol,29250,"$165,415",66.0,2.01,2.49,3.56,10,2974
Volkswagen,2024,11,France,ID.4,Electric,Hybrid,71006,282456,58.0,1.86,1.71,3.54,9,1734
Ford,2018,2,UK,F-150,SUV,Petrol,67578,786964,102.0,1.91,1.42,5.29,7,3203
Audi,2019,10,Canada,A3,Sedan,Hybrid,100777,120139,53.0,1.37,,3.98,7,550
BMW,2015,12,India,X3,SUV,Hybrid,53100,414543,76.0,1.0826094383606846,7.466845499799286,6.334576089971027,1,320
Ford,2024,9,Canada,Mustang Mach-E,Electric,Electric,79956,604653,,,2.05,3.92,4,62
Toyota,2021,11,Italy,Land Cruiser,SUV,Petrol,53774,58343,40.0,1.91,1.02,3.32,3,1591
Ford,2022,1,UK,Mustang,Sedan,Petrol,94785,716550,19.0,1.83,1.79,5.1,6,2324
BMW,2024,3,China,3 Series,Electric,Electric,101972,445460,350.0,1.0021675302960598,6.3955232284962005,3.433521007240498,5,780
Tesla,2022,6,China,Model Y,Electric,Electric,111115,236765,4.0,1.1,5.81,3.22,1,227
Ford,2022,7,Mexico,Escape,SUV,Hybrid,76659,759523,58.0,1.13,1.9,10.88,1,1961
Volkswagen,2015,1,Brazil,Arteon,Sedan,Petrol,65853,147188,57.0,1.16,3.36,10.3,2,2065
Volkswagen,2020,12,Brazil,ID.4,Electric,Hybrid,34172,490362,69.0,1.12,3.87,10.28,9,601
Porsche,2023,5,China,911,Sedan,Hybrid,189928,118320,17.0,1.04,6.38,3.62,9,160
Volkswagen,2016,11,UK,Passat,Sedan,Diesel,26321,435175,10.0,1.81,1.96,5.12,9,168
Ford,2022,3,Netherlands,Bronco,SUV,Petrol,47432,124049,114.0,1.94,2.28,3.74,6,381
Porsche,2021,6,Germany,Taycan,Electric,Petrol,132462,181840,3.0,2.0,1.97,3.24,6,
BMW,2024,7,Brazil,i7,Sedan,Hybrid,73367,462289,215.0,1.2458689588175993,3.23041666211735,10.200884293251788,4,596
Volkswagen,2020,8,Netherlands,ID.3,Electric,Diesel,65388,210209,61.0,1.98,1.74,3.42,4,589
Volkswagen,2023,10,Netherlands,Tiguan,SUV,Hybrid,65907,448338,27.0,2.04,2.47,3.63,9,952
Volkswagen,2023,2,Netherlands,Polo,Sedan,Hybrid,20193,484885,27.0,1.95,1.94,3.66,8,865
Audi,2024,12,Netherlands,Q5,SUV,HYBRID,68041,246730,49.0,1.98,2.33,3.65,8,277
Ford,2017,10,Canada,Expedition,SUV,Hybrid,36038,742912,,1.26,2.64,3.76,7,1288
Tesla,2016,5,Brazil,Model X Plaid,Electric,Electric,125244,43548,9.0,1.15,3.88,10.78,5,251
Audi,2016,11,Germany,A6,Sedan,Electric,59875,,21.0,1.96,2.25,3.05,2,76
Mercedes-Benz,2020,1,USA,GLC,SUV,Hybrid,69588,492993,31.0,0.91,2.18,4.77,6,1133
Toyota,2017,8,Italy,bZ4X,electric,Hybrid,89861,593373,60.0,1.79,1.18,3.76,2,620
Volkswagen,2020,4,India,ID.3,Electric,Electric,40003,588046,17.0,1.01,6.57,6.6,9,1688
Porshe,2024,8,China,911,Sedan,Hybrid,91762,157043,19.0,1.06,5.93,3.51,7,34
Audi,2017,6,Brasil,Q3,SUV,Hybrid,86245,127205,14.0,1.18,3.24,10.34,4,259
BMW,2023,2,India,i7,Electric,Hybrid,48798,96015,393.0,1.057832255335051,6.807289964926286,6.681815538699598,10,1153
Porsche,2015,1,France,Panamera Sport,Sedan,,110670,105064,28.0,1.85,1.85,3.34,5,296
Ford,2016,8,Japan,Mustang Mach-E,Electric,Electric,59213,440063,89.0,1.5,0.79,0.2,4,853
Porsche,2021,6,Italy,911,Sedan,Electric,105844,137369,19.0,1.76,0.98,3.33,5,330
Mercedes-Benz,2018,9,,GLE,SUV,Petrol,124919,316592,24.0,1.11,7.0,6.39,10,1000
Porsche,2017,9,Germany,Taycan,Electric,Petrol,129742,363469,7.0,1.87,2.01,2.74,5,228
BMW,2021,2,Australia,i7,Sedan,Petrol,90512,96233,263.0,1.5156912762684531,2.770832251262074,4.213382852423382,4,705
Tesla,2020,2,Australia,Cybertruck,Electric,Electric,75292,252055,36.0,1.57,2.77,4.08,1,614
Ford,2015,7,UK,Ranger,SUV,Hybrid,82916,141015,14.0,1.84,1.23,4.7,4,281
Toyota,2016,3,Mexico,bZ4X,Electric,Petrol,38132,183570,33.0,1.07,2.1,10.98,8,946
Audi,2020,11,Japan,A4,Sedan,Electric,40707,486694,31.0,1.58,0.76,0.03,5,473
Audi,2020,10,Germany,TT,Sedan,Electric,87487,,23.0,1.83,2.29,2.86,3,72
Tesla,2017,2,,Model X Plaid,Electric,Electric,121275,120292,21.0,,1.91,3.72,9,37
Porsche,2021,7,China,Panamera Sport,Sedan,Petrol,111464,117371,8.0,1.2,5.77,3.2,8,385
Mercedes-Benz,2024,2,Brazil,EQS,Electric,Electric,57037,79624,11.0,1.2,3.2,10.42,6,952
Audi,2015,1,USA,Q8,SUV,Petrol,88888,319331,16.0,1.03,2.47,4.38,3,897
Volkswagen,2021,6,Brazil,Tiguan,SUV,Electric,,72797,67.0,1.29,3.6,10.5,4,1927
Mercedes-Benz,2018,6,Mexico,CLA,Sedan,Petrol,44616,347243,22.0,1.03,2.17,11.22,3,80
BMW,2016,4,Canada,i7,Sedan,Diesel,36301,142837,69.0,1.3187321582417078,2.378669956672565,3.917151994502719,1,595
BMW,2017,4,Brazil,X5,SUV,Hybrid,73871,470661,209.0,,3.034670266726484,10.549684101050094,4,525
Ford,2024,6,Canada,Edge,SUV,Electric,69354,469015,77.0,1.32,2.57,3.79,1,3556
Tesla,2018,12,Japan,Model S Plaid,Electric,Electric,,14639,2.0,1.47,1.69,0.01,3,1388
Ford,2016,3,France,Explorer,SUV,Electric,82607,339130,10.0,1.82,2.03,3.22,8,714
Tesla,2024,11,UK,Model X,Electric,Electric,71949,135382,5.0,1.79,,4.76,3,407
Tesla,2015,12,Germany,Model 3 LR,Electric,Electric,52644,137180,8.0,1.99,1.79,2.91,10,1001
Ford,2018,10,France,Escape,SUV,Petrol,76017,104125,94.0,1.82,1.93,3.4,6,133
Ford,2022,9,India,Explorer,SUV,Electric,71529,246264,61.0,0.98,7.29,6.71,4,3259
Volkswagen,2017,2,UK,Golf,Sedan,Hybrid,30727,334334,65.0,1.91,1.75,5.22,2,675
Porsche,2022,9,Mexico,Macan EV,Electric,Hybrid,177591,179690,6.0,1.05,1.79,11.27,10,192
BMW,2021,6,Germany,3 Series,SUV,Petrol,,398984,377.0,1.853848646189876,1.8326172664550235,2.8454823021808378,4,1008
Tesla,2019,11,Canada,Model X Plaid,,Electric,41829,192842,13.0,1.28,1.75,3.83,7,1848
Tesla,2019,2,Germany,Model S,Electric,Electric,86166,58883,6.0,1.96,1.35,3.22,5,1423
Porsche,2021,1,UK,Cayenne,SUV,Hybrid,154066,120553,19.0,1.9,1.15,4.94,10,300
Tesla,2019,10,India,Model S Plaid,Electric,Electric,52195,120106,1.0,1.11,7.32,6.58,3,1518
Toyota,2017,6,Spain,Land Cruiser,SUV,Electric,66350,105302,69.0,1.83,1.27,3.45,1,1854
Volkswagen,2017,11,Australia,Taos,SUV,petrol,67462,291845,24.0,1.57,2.52,4.28,3,2592
Mercedes-Benz,2021,10,Japan,GLE,SUV,Diesel,45222,166066,62.0,1.5,1.27,0.15,10,244
Tesla,2020,10,Australia,Model 3 LR,Electric,Electric,77261,103583,22.0,1.56,2.76,4.49,1,989
Ford,2015,7,Australia,Bronco,SUV,Petrol,90273,238395,44.0,1.69,3.06,4.05,8,497
Ford,2015,6,Australia,Edge,SUV,Hybrid,56474,144577,65.0,1.54,,4.17,5,2986
Mercedes-Benz,2020,1,Brazil,CLA,Sedan,Electric,70089,299288,27.0,1.17,3.53,10.69,5,490
Ford,2015,8,France,Ranger,SUV,Hybrid,59916,373993,110.0,1.76,1.46,3.48,6,2605
Teslla,2024,7,India,Model 3,Electric,Electrc,54747,245355,11.0,0.97,7.43,6.59,7,
Toyota,2017,10,Italy,Land Cruiser,SUV,Electric,43604,177401,51.0,1.87,1.0,3.74,3,663
Toyota,2017,9,Japan,Land Cruiser,SUV,Electric,64961,139231,65.0,1.42,0.82,0.34,8,2564
Tesla,2022,6,Germany,Semi,Electric,Electric,95785,20188,19.0,1.93,2.01,3.22,6,2215
Audi,2018,10,France,A4,Sedan,Petrol,97325,210585,8.0,1.74,1.85,3.33,9,567
Audi,2022,1,China,RS6,Sedan,ELECTRIC,89372,183203,52.0,1.17,6.31,3.43,3,525
Tesla,2020,3,Brazil,Semi,Electric,Electric,123500,294956,18.0,1.27,3.83,10.33,10,1425
Audi,2024,10,Canada,TT,Sedan,Electric,73129,398641,7.0,1.22,2.04,3.91,7,
Toyota,2024,8,Spain,Yaris,Sedan,Hybrid,30032,406877,30.0,1.7,1.74,3.67,7,1927
Volkswagen,2019,9,Spain,Polo,Sedan,DIESEL,53027,359425,,1.7,1.11,3.52,8,2323
Mercedes-Benz,2016,12,UK,A-Class,Sedan,Hybrd,89580,537545,14.0,1.89,1.66,4.95,7,785
Audi,2023,4,China,Q3,SUV,Diesel,74683,99390,38.0,1.16,5.91,3.58,5,201
Tesla,2024,3,Germany,Model 3 LR,Electric,Electric,100331,30367,33.0,1.92,1.36,3.06,1,2157
Tesla,2018,6,USA,Model 3,Electric,Electric,112777,153647,23.0,0.97,2.31,4.23,6,2072
Tesla,2015,10,Australia,Model X,Electric,Electric,122673,36397,27.0,,3.45,4.17,2,1690
BMW,2017,5,UK,iX,Sedan,Hybrid,111946,194615,276.0,1.896173495040729,1.9650269106665128,4.774578334091327,4,903
Toyota,2016,5,Netherlands,bZ4X,Electric,Petrol,20101,444530,37.0,2.04,2.5,3.28,1,2240
Porsche,2021,5,Netherlands,Taycan,Electric,Petrol,136063,234154,12.0,1.93,2.16,3.63,9,374
Tesla,2024,3,France,Model Y,Electric,Electric,101285,51117,14.0,1.84,2.04,3.46,1,823
Toyota,2020,11,Brazil,C-HR,SUV,Electric,35350,248065,27.0,1.23,3.65,10.57,6,2338
Audi,2023,8,Brazil,Q7,SUV,Hybrid,55204,536064,13.0,1.3,3.24,10.76,3,622
Toyota,2015,4,Mexico,bZ4X,Electric,,75576,119366,21.0,1.17,2.32,11.03,10,2846
Porsche,2015,8,Brazil,Taycan,Electric,Electric,124423,200287,,1.21,3.12,10.69,9,419
Mercedes-Benz,2017,1,Spain,CLA,Sedan,Hybrid,74274,365324,6.0,1.83,1.25,3.69,6,64
Ford,2024,11,Canada,Expedition,SUV,Hybrid,43268,636453,48.0,1.35,2.3,3.95,9,70
Audi,2022,6,USA,A4,Sedan,,34027,544309,42.0,0.93,,4.51,1,633
Mercedes-Benz,2015,11,Canada,EQE,Electric,Petrol,104048,563881,44.0,1.29,1.74,4.25,6,581
Tesla,2023,9,Canada,Model 3,Electric,Electric,97844,266420,11.0,1.28,2.36,3.72,8,2085
Audi,2019,12,France,TT,Sedan,,61983,311729,46.0,1.84,2.09,3.47,4,682
Volkswagen,2024,9,UK,Passat,Sedan,Petrol,23320,371779,73.0,1.9,1.52,4.86,6,1290
Volkswagen,2022,5,USA,Taos,SUV,Electric,57320,597760,28.0,0.87,2.41,4.29,6,415
Porsche,2019,5,Italy,GTS,SEDAN,petrol,94039,368929,29.0,1.88,0.61,3.33,10,182
Audi,2020,2,India,A3,Sedan,Hybrid,50620,522921,4.0,,6.58,6.37,6,663
Toyota,2016,7,USA,RAV4,SUV,Hybrid,85059,582226,67.0,0.99,2.14,4.26,1,453
Toyota,2022,3,India,bZ4X,Electric,Hybrid,23843,585251,99.0,0.96,6.56,6.67,4,1756
BMW,2018,1,China,i4,Electric,Petrol,90432,398216,381.0,1.0054191985006968,,3.59535436514609,9,1195
Ford,2022,8,Italy,Escape,SUV,Petrol,38961,229939,13.0,1.94,1.49,3.39,4,2782
Toyota,2018,4,UK,C-HR,SUV,Electric,49433,341375,83.0,,1.89,5.13,10,1665
Audi,2018,10,Brazil,Q8,Suv,Electric,91746,265639,20.0,1.23,3.83,10.79,6,918
Volkswagen,2022,5,Netherlands,Touareg,SUV,Diesel,20885,411612,27.0,2.09,1.75,3.79,10,1604
Tesla,2017,3,France,Semi,Electric,Electric,89845,277750,20.0,,1.46,3.51,6,752
Tesla,2022,11,Brazil,Model X Plaid,Electric,Electric,102569,65271,13.0,1.25,3.33,10.37,9,
Volkswagen,2020,10,UK,ID.3,Electric,Hybrid,38649,423867,14.0,1.86,1.86,5.24,3,440
BMW,2023,1,Australia,7 Series,Sedan,Petrol,118286,242537,78.0,1.696816693839859,3.12750546321837,4.474206268511804,4,421
BMW,2017,1,Germany,X5,Sedan,Diesel,119573,452681,,1.910409436170396,1.924148907849134,2.945646991314744,8,67
Ford,2017,1,Mexico,Ranger,SUV,Hybrid,48760,101979,45.0,1.11,2.27,10.78,5,1190
Tesla,2016,10,Germany,Model 3,Electric,Electric,97098,71546,37.0,1.97,2.18,2.9,2,1617
BMW,2016,5,Germany,X3,SUV,Electric,59162,334965,155.0,1.9973260245917688,1.341572859050392,2.789005920577253,5,542
Mercedes-Benz,2016,9,Spain,S-Class,Sedan,Diesel,73912,184046,16.0,1.66,1.44,3.36,10,68
Audi,2019,10,Japan,A4,Sedan,Petrol,86736,84327,55.0,1.44,1.45,0.18,7,192
Toyota,2023,5,Italy,Corolla,Sedan,Hybrid,26802,320608,94.0,1.78,1.14,3.57,7,1527
Mercedes-Benz,2016,8,,GLE,SUV,Electric,98618,380890,41.0,1.96,2.18,3.46,5,893
Toyota,2017,7,Germany,Land Cruiser,SUV,Hybrid,52750,295087,57.0,1.91,2.03,2.91,1,2043
bmw,2016,8,France,i4,,Electric,42853,104362,235.0,1.7833131656964585,1.865546750515861,3.20000698085322,3,666
Audi,2017,10,China,A4,Sedan,Electric,94345,431391,25.0,1.04,,3.74,6,906
Porsche,2021,6,Netherlands,911,Sedan,Petrol,?,334588,13.0,1.94,2.28,3.65,3,492
Mercedes-Benz,2016,3,,CLA,Sedan,Electric,117429,254100,60.0,1.11,5.76,3.54,9,914
Tesla,2017,11,Germany,Model Y LR,Electric,Electric,76082,135609,14.0,1.96,1.43,3.28,2,1756
Mercedes-Benz,2024,12,Brazil,CLA,Sedan,Petrol,58203,538486,58.0,1.15,3.23,10.45,2,400
Porsche,2022,7,Mexico,Macan,S U V,Petrol,167888,363280,22.0,1.05,2.17,10.99,2,290
FORD,2021,3,UK,Ranger,SUV,Electric,78032,378583,56.0,1.87,1.15,4.99,2,3480
Volkswagen,2018,3,Brazil,Taos,SUV,Electric,63714,112964,53.0,1.28,3.33,10.38,5,2764
BMW,2016,9,India,X1,Sedan,Petrol,42465,,255.0,0.9870660359057428,7.093221570107384,6.735381498883792,5,775
Toyota,2018,6,Japan,bZ4X,Electric,Petrol,,84119,10.0,1.59,1.58,-0.06,2,517
FORD,2018,9,Germany,Ranger,SUV,Hybrid,42723,269830,45.0,1.92,2.04,3.01,2,2585
Tesla,2021,10,Italy,Model 3,Electric,electric,107317,172452,38.0,1.8,1.37,3.37,4,592
Volkswagen,2019,2,Spain,Taos,SUV,Hybrid,72890,579870,80.0,1.68,1.43,3.47,1,335
Mercedes-Benz,2017,4,Netherlands,GLS,SUV,Hybrid,125502,250256,7.0,1.93,1.99,3.77,2,
Mercedes-Benz,2018,4,Spain,C-Class,Sedan,Petrol,110695,116405,39.0,1.69,0.92,3.79,1,613
Toyota,2015,7,India,Land Cruiser,SUV,Hybrid,65142,502187,87.0,1.15,7.45,6.24,7,582
Audi,2018,12,USA,A3,Sedan,Hybrid,107494,277582,19.0,1.05,2.68,4.39,5,184
Porsche,2020,12,USA,Macan,SUV,Petrol,169456,304163,4.0,0.97,2.87,4.62,1,312
Audo,2017,8,Netherlands,A4,Sedan,Diesel,53625,360147,53.0,1.98,2.1,3.47,4,131
Porsche,2023,4,France,718,Sedan,Hybrid,155170,226108,5.0,1.78,1.54,3.67,4,249
Tesla,2023,2,Spain,Model Y,Electric,Electric,102037,248022,28.0,1.7,1.68,3.28,7,1117
Ford,2022,9,Italy,Mustang Mach-E,Electric,Electric,93956,472058,63.0,1.91,0.64,3.53,4,3870
TESLA,2022,3,Canada,Model Y,Electric,Electric,70417,244101,35.0,1.38,2.55,3.76,3,1976
Toyota,2018,5,France,bZ4X,Electric,Electric,86780,298737,57.0,1.9,1.7,3.79,6,1097
Ford,2019,1,USA,Mustang Mach-E,Electric,Petrol,62663,757110,37.0,1.03,2.98,4.31,4,1791
Volkswagen,2015,12,USA,Golf,Sedan,Electric,21668,551405,81.0,0.95,2.38,4.49,5,2405
Porsche,2016,11,France,911,,Petrol,160487,336350,23.0,1.8,1.15,3.6,9,
Bmw,2018,9,Australia,X7,Sedan,Petrol,77137,484044,52.0,1.5564944852740008,3.375883083517057,4.273456731641605,8,243
Volkswagen,2022,2,Frnce,Polo,Sedan,Electric,35736,349934,71.0,1.88,1.38,3.65,9,2629
Tesla,2016,10,Germany,Model 3,Electric,Electric,111423,173668,32.0,2.0,1.84,3.16,8,412
Mercedes-Benz,2019,7,Australia,EQS,Electric,Electric,33658,142589,9.0,1.55,2.79,4.04,8,1294
Audi,2021,10,Australia,RS6,Sedan,Electric,56657,170860,48.0,1.6,2.74,4.18,5,821
Audi,2022,3,Japan,Q5,SUV,Hybrid,103915,505228,15.0,1.51,1.41,0.38,4,1000
BMW,2017,5,Canada,3 Series,Sedan,Hybrid,51374,219330,330.0,1.2819809779392577,2.485651618080232,3.771001714554032,2,1096
Mercedes-Benz,2024,12,Brazil,C-Class,Sedan,Petrol,110241,293135,32.0,,3.71,10.36,9,676
Porsche,2024,1,Mexico,Cayenne,SUV,Petrol,163818,121972,7.0,1.05,1.51,11.1,2,67
Toyota,2023,1,Netherlands,Corolla,Sedan,Electric,69932,326011,81.0,2.09,2.01,3.5,9,2001
Ford,2024,4,Italy,Mustang Mach-E,Electric,Petrol,46320,642460,88.0,1.82,0.9,3.8,8,3299
Volkswagen,2018,10,India,Arteon,Sedan,Hybrid,57934,448223,75.0,1.14,6.61,6.76,2,1038
Toyota,2021,2,Mexico,C-HR,SUV,Hybrid,36126,157490,79.0,1.1,2.3,10.8,7,998
Tesla,2015,5,Mexico,Model S Plaid,Electric,Electric,62229,244203,7.0,1.14,1.84,10.99,1,43
PORSCHE,2019,2,France,718,Sedan,Hybrid,177346,359636,21.0,1.72,1.3,3.73,4,104
Mercedes-Benz,2020,11,Italy,S-Class,Sedan,Petrol,110171,285209,18.0,1.86,1.4,3.7,6,316
Toyota,2016,8,Mexico,Yaris,Sedan,Petrol,45747,160224,33.0,1.11,2.35,10.71,10,2133
Mercedes-Benz,2019,1,Canada,E-Class,Sedan,Diesel,70398,554324,50.0,1.21,2.69,3.98,7,666
Toyota,2024,11,,  Camry  ,sedan,Hybrid,75340,206565,15.0,1.33,2.52,3.78,9,1233
Volkswagen,2019,6,India,Arteon,Sedan,Electric,60060,435764,59.0,,7.43,6.31,10,1832
Ford,2015,9,UK,Escape,SUV,Petrol,31165,605212,55.0,1.87,1.74,4.82,10,
Mercedes-Benz,2021,12,Japan,CLA,Sedan,Hybrid,,521962,10.0,1.43,1.06,0.17,6,1088
Volkswagen,2015,8,UK,Arteon,Sedan,hybrid,59445,57289,9.0,1.84,1.17,5.25,5,2225
BMW,2020,9,UK,X1,Sedan,Petrol,89962,327510,,1.948431602964663,1.919391973214417,4.998178089743498,10,282
BMW,2023,10,Australia,X1,SUV,Diesel,52558,327483,176.0,1.5243772186673896,2.7726240007335337,4.198129460915211,4,545
Volkswagen,2023,10,Spain,Polo,Sedan,Diesel,43350,181619,69.0,1.83,1.01,3.68,8,1804
Audi,2020,7,Italy,Q3,SUV,Diesel,41591,90326,45.0,1.94,0.84,3.45,10,591
Tesla,2015,10,India,Model 3,Electric,Electric,51358,219007,27.0,1.01,7.44,6.64,10,1734
Ford,2017,4,Canada,F-150 Lightning,Electric,Electric,48015,597783,75.0,1.31,1.76,3.84,8,3327
PORSCHE,2024,7,Mexico,Panamera Sport,Sedan,Petrol,162527,273712,20.0,1.03,2.37,11.22,7,433
Volkswagen,2019,11,Germny,T-Roc,SUV,Electric,79989,467950,35.0,1.94,1.94,3.29,2,93
Audi,2024,6,Germany,A4,Sedan,Hybrid,51041,133071,37.0,1.92,2.02,2.91,6,1082
Porsche,2016,4,,Panamera,Sedan,Electric,100081,272268,13.0,1.11,6.75,6.31,4,156
Toyoda,2022,7,Canada,bZ4X,Electric,Electric,65204,341356,65.0,1.38,2.13,3.83,2,756
Toyota,2020,11,Japan,RAV4,S U V,Petrol,47250,579942,26.0,1.6,1.65,-0.2,10,215
Tesla,2017,1,China,Model 3,Electric,Electric,47645,16731,22.0,1.1,5.58,3.64,3,584
Tesla,2015,7,Japan,Model Y LR,Electric,Electric,51904,184504,38.0,1.44,1.59,0.28,8,2446
Volkswagen,2020,12,Italy,Taos,SUV,Petrol,62184,319692,9.0,1.91,1.4,3.51,1,825
Volkswagen,2018,8,Germny,Tiguan,SUV,Petrol,68312,521388,71.0,1.83,1.81,3.14,4,883
Ford,2018,9,Germany,Bronco,SUV,Hybrid,76008,306264,52.0,1.98,1.89,2.76,2,366
Audi,2018,1,UK,TT,Sedan,Electric,73602,403893,12.0,1.85,1.08,4.81,10,786
Tesla,2022,3,Italy,  Model S Plaid  ,Electric,Electric,127370,129370,9.0,1.86,1.15,3.47,9,
Mercedes-Benz,2019,1,Brazil,GLE,SUV,,36240,109185,7.0,1.15,3.51,10.52,2,448
BMW,2020,12,Germany,X1,Electric,Petrol,119078,352240,101.0,1.8517559963200032,1.3343885211152184,3.245592241247269,10,307
Volkswagen,2021,5,Netherlands,ID.4,Electric,Petrol,47646,380553,81.0,2.05,2.49,3.45,4,2498
Mercedes-Benz,2017,7,France,EQE,Electric,Petrol,44169,536967,29.0,1.83,1.76,3.47,3,515
Mercedes-Benz,2016,5,Japan,GLS,,Diesel,92347,261667,20.0,1.54,1.05,0.05,8,155
Toyota,2024,12,France,Supra,Sedan,Hybrid,82375,159653,51.0,1.75,1.61,3.7,9,1784
Audi,2022,2,,Q5,SUV,Electric,92361,228078,9.0,1.17,5.71,3.52,8,628
Ford,2022,1,USA,Explorer,SUV,Electric,28798,665737,28.0,0.89,2.64,4.65,9,2089
Porsche,2020,9,China,Panamera Sport,Sedan,Petrol,115993,398227,25.0,1.19,6.37,3.67,4,487
BMW,2021,11,Brazil,X5,Electric,Diesel,50896,173711,299.0,1.2092860632155693,3.704871010043382,10.690276885209352,10,668
Audi,2021,6,Australia,Q7,SUV,Hybrid,72118,219186,13.0,1.68,3.33,4.32,1,306
Audi,2019,10,Japan,TT,Sedan,Electric,48368,148254,42.0,1.48,1.16,-0.11,9,434
Mercedes-Benz,2019,9,Canada,GLC,SUV,Diesel,81462,224815,63.0,1.35,,3.87,4,869
Ford,2017,2,India,Bronco,SUV,Hybrid,41605,329059,16.0,1.15,7.26,6.67,2,487
Ford,2024,12,China,Ranger,SUV,Petrol,37611,615877,83.0,1.11,6.47,3.73,10,2059
Ford,2024,9,Canada,Ranger,SUV,Petrol,55783,695413,78.0,1.33,1.77,3.87,9,2562
Volkswagen,2017,2,Mexico,T-Roc,SUV,Diesel,68669,274276,69.0,1.11,2.22,10.98,1,854
Porsche,2019,4,India,Taycan,Electric,Hybrid,70119,259747,15.0,,,6.73,10,208
Toyota,2018,10,Australia,Camry,Sedan,Hybrid,48242,"$646,258",42.0,,2.96,4.53,8,2814
Toyota,2018,3,Canada,C-HR,SUV,Petrol,51592,591986,88.0,1.32,1.86,3.87,6,195
Tesla,2020,11,Mexico,Model Y,Electric,Electric,81653,66747,4.0,1.06,2.24,10.89,1,2361
Toyota,2023,1,Australia,Highlander,SUV,Hybrid,24986,432706,99.0,1.57,,4.43,7,2836
BMW,2023,3,,iX,Electric,Diesel,61957,277436,38.0,1.8415361869481832,1.4342383186960608,3.6709381862668806,4,
Volkswagen,2019,5,Japan,Tiguan,SUV,Hybrid,55915,284998,70.0,1.57,1.37,0.32,10,1653
Toyota,2019,6,India,Land Cruiser,SUV,Petrol,54314,678296,72.0,1.02,7.41,6.38,8,791
Ford,2019,4,China,Mustang Mach-E,Electric,PETROL,65681,"$82,231",52.0,1.17,6.49,3.69,7,1596
Toyota,2016,9,Japan,Prius,Hybrid,Hybrid,19643,402923,37.0,1.51,1.26,-0.06,6,1535
Ford,2023,9,Spain,Bronco,SUV,Electric,33313,762259,29.0,1.77,0.88,3.75,3,1711
BMW,2020,11,India,X5,Sedan,Diesel,112362,380511,75.0,1.0881875476204932,7.1451727904094495,6.304619857402995,10,495
Tesla,2018,6,Italy,Semi,Electric,Electric,55217,247503,20.0,1.78,1.23,3.74,10,224
Toyota,2022,2,Germany,bZ4X,Electric,Hybrid,80494,385396,92.0,1.82,2.03,3.14,3,2542
Tesla,2017,12,Canada,Model X Plaid,Electric,Electric,84007,247406,33.0,1.25,1.95,4.13,4,1820
Toyata,2020,5,Japan,C-HR,SUV,Electric,50043,692347,70.0,1.46,0.82,0.08,8,2291
Porsche,2017,4,Mexico,911,Sedan,Hybrid,83558,221395,4.0,1.02,1.55,10.93,3,433
Toyota,2017,10,Canada,Supra,Sedan,Petrol,62918,499200,38.0,1.35,2.25,4.22,10,2454
Mercedes-Benz,2017,6,UK,A-Class,Sedan,Hybrid,103763,70984,17.0,1.94,1.88,5.02,3,643
Mercedes-Benz,2023,5,Brazil,CLA,Sedan,Electric,62999,123114,0.0,1.22,3.13,10.32,7,415
Mercedes-Benz,2018,11,India,CLA,Sedan,Diesel,36927,277560,61.0,1.12,7.09,6.5,1,35
Ford,2017,11,Netherlands,Explorer,SUV,Hybrid,36802,706591,95.0,1.99,1.97,3.53,3,614
Mercedes-Benz,2016,8,Italy,GLC,SUV,Petrol,42075,69002,57.0,1.81,0.71,3.64,5,322
Volkswagen,2016,4,Australia,Polo,Sedan,Petrol,70020,358667,54.0,1.62,3.15,4.15,9,194
Mercedes-Benz,2017,6,India,CLA,Sedan,Diesel,89864,325878,,1.02,6.75,6.75,9,613
BMW,2038,9,India,X5,Sedan,Petrol,,319579,380.0,1.141586824211354,6.947673425410418,6.280564910541365,10,1149
BMW,2018,12,Canada,X3,SUV,Petrol,66875,308470,213.0,1.239619526551948,1.956530062444248,4.092504760884445,9,434
Porsche,2024,5,UK,GTS,Sedan,Electric,174904,259675,9.0,1.85,1.44,4.7,1,323
Toyota,2020,9,China,Yaris,Sedan,Hybrid,71056,351732,65.0,1.11,6.06,3.24,9,364
Porsche,2019,4,Netherlands,Cayenne Coupe,S U V,Electric,65676,354460,2.0,2.1,2.4,3.72,9,80
Toyota,2018,4,Germany,bZ4X,Electric,Petrol,62540,565173,40.0,1.82,2.12,2.83,6,1191
Toyota,2023,2,India,RAV4,SUV,Electric,63138,86092,21.0,1.06,6.9,6.68,3,1760
Ford,2021,2,Canada,Edge,SUV,Hybrid,68413,641172,64.0,1.34,2.21,3.74,4,1227
Mercedes-Benz,2023,11,Japan,CLA,Sedan,Electric,66100,299859,45.0,1.4,1.56,0.32,5,671
Porshe,2020,5,Italy,Cayenne Coupe,SUV,Hybrid,198420,329392,25.0,1.9,1.3,3.79,10,470
Mercedes-Benz,2022,12,Australia,E-Class,Sedan,Hybrid,53738,116977,45.0,1.51,3.45,4.39,3,865
Audi,2022,7,Italy,A6,Sedan,Hybrid,35263,268724,24.0,1.95,1.47,3.51,6,783
Toyota,2017,1,,Land Cruiser,SUV,Electric,30166,606130,93.0,1.12,7.44,6.38,2,2336
AUDI,2021,11,UK,Q3,SUV,Electric,101323,158820,21.0,1.76,1.75,4.83,7,1046
BMW,2024,10,UK,X7,Electric,Electric,118123,378634,264.0,1.875911539378348,1.2842740929275167,4.780297017799816,9,912
Toyota,2016,6,India,bZ4X,Electric,Hybrid,23549,69634,19.0,0.99,7.2,6.54,5,50
Toyota,2023,3,France,Supra,Sedan,Hybrid,24605,150604,0.0,1.83,1.76,3.4,10,
Frod,2022,10,,Mustang Mach-E,Electric,Electric,94800,431085,71.0,1.75,1.52,3.5,9,1184
Audi,2015,3,China,Q3,SUV,Hybrid,34762,303907,20.0,1.14,6.25,3.32,7,231
Audi,2018,7,Netherlands,Q8,SUV,Electric,107121,446016,53.0,1.92,2.12,3.71,6,275
Mercedes-Benz,2022,3,Canada,A-Class,Sedan,Electric,107131,374579,9.0,1.35,1.73,4.15,10,1161
Toyota,2018,5,Japan,bZ4X,Electric,Hybrid,78464,661476,82.0,1.59,1.51,0.35,6,1096
Mercedes-Benz,2024,8,Japan,E-Class,Sedan,diesel,81084,229155,50.0,1.54,1.09,0.32,6,301
Mercedes-Benz,2015,8,Spain,E-Class,Sedan,Electric,118951,166192,49.0,1.66,1.6,3.8,4,386
Toyota,2023,8,USA,C-HR,SUV,Hybrid,69863,575337,22.0,1.02,2.25,4.3,5,1486
Ford,2022,1,Germany,Mustang,Sedan,Petrol,82281,275966,80.0,1.86,1.78,2.98,3,2453
Volkswagen,2015,3,UK,ID.3,Electric,Petrol,39280,157413,18.0,1.85,1.75,4.86,6,2050
Tesla,2018,11,China,Model 3,Electric,Electric,129365,289596,33.0,1.01,5.52,3.7,10,687
Tesla,2020,3,USA,Model S,Electric,Electric,94359,224551,14.0,0.94,2.06,4.56,10,1181
Mercedes-Benz,2019,1,Australia,CLA,Sedan,Diesel,41025,321650,23.0,1.62,3.3,4.03,7,741
Toyota,2021,11,Mexico,RAV4,,Hybrid,41583,310195,30.0,1.1,2.0,11.3,3,2938
Volkswagen,2020,11,Canada,Passat,Sedan,Hybrid,25748,130334,61.0,1.3,1.87,3.81,4,851
Porsche,2015,7,Mexico,Cayenne Coupe,SUV,Petrol,76261,205790,11.0,,2.36,10.82,5,235
Volkswagen,2019,10,India,Touareg,SUV,Diesel,22725,305908,71.0,1.14,7.03,6.62,8,914
Mercedes-Benz,2017,5,Germany,GLS,SUV,Diesel,62418,255794,8.0,1.89,1.34,3.09,5,1286
Tesla,2018,6,Canada,Model X,Electric,Electric,106125,119704,39.0,1.4,2.52,4.1,3,1667
BMW,2020,7,China,3 Series,Sedan,Diesel,60625,492765,323.0,1.0397431363068346,6.486886936600517,3.6633468615779945,2,954
Porsche,2023,7,Italy,Cayenne,SUV,Petrol,72403,312009,,1.77,1.09,3.57,6,273
Audi,2015,5,USA,Q7,SUV,Hybrid,,362544,8.0,0.97,,4.35,5,529
Volkswagen,2023,7,USA,Passat,SEDAN,Petrol,23131,357728,42.0,1.01,2.96,4.47,2,1036
Audi,2020,2,France,A3,Sedan,Diesel,69346,132795,34.0,1.74,1.16,3.72,2,802
Porsche,2023,3,Germany,Taycan,Electric,Petrol,97192,226294,24.0,2.0,1.71,3.18,7,427
Audi,2016,7,Germny,TT,Sedan,Electric,76815,152804,27.0,1.97,2.2,2.86,8,611
Volkswagen,2024,6,Netherlands,Passat,Sedan,Diesel,67218,450825,60.0,2.06,1.83,3.51,3,1068
Toyota,2019,6,Germany,Highlander,SUV,Electric,78739,79871,63.0,1.86,2.28,3.18,4,-198
Tesla,2019,7,Spain,Model X Plaid,Electric,Electric,83941,260916,36.0,1.77,0.82,3.26,4,1300
Mercedes-Benz,2020,9,Italy,CLA,Sedan,Diesel,83938,169616,32.0,1.86,1.09,3.26,9,1040
Porsche,2021,3,China,Panamera,Sedan,Hybrid,182566,83583,21.0,1.13,6.07,3.64,9,385
BMW,2023,6,Japan,  5 Series  ,SUV,Hybrid,63060,176683,86.0,1.5605171359159626,0.8080257541306913,0.0033163896032509,2,256
Volkswagen,2020,11,Netherlands,Golf,Sedan,Petrol,23268,162478,20.0,,2.22,3.68,3,57
Porsche,2022,3,France,Macan,SUV,Hybrid,196771,346033,6.0,1.89,1.52,3.8,9,262
Mercedes-Benz,2023,6,Spain,GLC,SUV,Diesel,63054,569246,15.0,1.71,1.47,3.35,3,868
Porsche,2016,2,Mexico,GTS,sedan,Electric,193549,264859,13.0,1.17,1.7,11.1,1,125
Audi,2015,2,India,A6,Sedan,electric,52723,,41.0,1.01,7.38,6.47,9,575
Volkswagen,2021,11,Mexico,Touareg,SUV,Electric,61710,368114,87.0,1.11,1.92,11.25,8,1186
Tesla,2017,4,USA,Model S Plaid,Electric,ELECTRIC,45967,282030,15.0,1.03,2.65,4.73,6,2355
Volkswagen,2015,5,China,Golf,Sedan,Electric,,,76.0,1.14,5.62,3.77,4,756
Mercedes-Benz,2021,10,Brazil,GLC,SUV,Electric,121171,404482,51.0,1.27,3.96,10.69,1,491
Porsche,2015,7,Australia,911,SEDAN,Hybrd,167177,347339,16.0,1.67,2.8,4.46,10,265
Audi,2022,6,Netherlands,Q5,SUV,,111173,491660,34.0,2.03,2.47,3.67,4,782
Tesla,2016,9,UK,Cybertruck,Electric,Electric,120642,189910,17.0,1.85,1.4,5.2,3,1569
Toyota,2023,7,China,Camry,Sedan,Petrol,38269,103521,52.0,1.05,5.55,3.44,8,1790
TESLA,2020,12,Mexico,Model S,Electric,Electric,73915,251507,36.0,1.03,2.23,10.93,5,1244
Audi,2020,8,Japan,Q3,SUV,Electric,70145,147346,38.0,1.5,0.8,-0.08,4,609
Volkswagen,2019,10,Japan,ID.3,Electric,Electric,25437,310013,75.0,1.6,1.61,-0.06,7,2064
Mercedes-Benz,2022,10,France,GLE,SUV,Diesel,40055,486670,18.0,1.85,1.9,3.54,8,886
BMW,2020,1,India,i4,Electric,Electric,111276,291422,231.0,1.0466814871946293,6.962675605065393,6.788592426897611,4,789
Tesla,2018,1,UK,Model Y LR,Electric,,42144,126663,12.0,1.78,,4.84,4,681
BMW,2017,11,UK,X7,Sedan,Electric,66973,131515,332.0,1.9028745324443472,1.098395649713397,5.096181631820803,7,737
Tesla,2021,3,USA,Model X,Electric,Electric,62039,167625,4.0,1.03,,4.43,1,1343
Porsche,2018,7,Spain,Macan EV,Electric,Petrol,166294,195619,20.0,1.82,1.09,3.45,6,41
Tesla,2021,4,India,Model 3,Electric,Electric,125297,230695,7.0,1.08,6.71,6.67,7,142
Toyota,2020,8,Spain,Prius,Hybrid,Electric,28975,311277,81.0,1.78,1.5,3.24,5,2674
Audi,2017,12,Germany,e-tron,Electric,Electric,59063,121111,30.0,1.8,1.41,2.95,9,900
Audi,2017,11,India,A4,Sedan,Petrol,63120,120877,54.0,1.1,6.5,6.66,9,905
Audi,2016,3,Italy,Q7,SUV,Hybrid,105836,399698,52.0,1.94,1.47,3.58,7,856
Tesla,2015,7,Germany,Model X,Electric,Electric,84892,84653,9.0,1.91,1.37,2.74,7,1387
Tesla,2019,4,Mexico,Model Y LR,Electric,Electric,56912,62546,4.0,1.17,2.08,10.86,6,2141
Ford,2024,9,Germany,F-150 Lightning,Electric,Hybrid,52984,101156,22.0,1.88,1.6,3.3,5,930
Ford,2019,5,USA,Edge,SUV,Hybrid,26430,738966,112.0,0.92,2.12,4.66,8,1496
Mercedes-Benz,2024,9,China,GLS,SUV,Petrol,92781,360714,29.0,1.14,6.04,3.62,4,569
Porsche,2022,8,Mexico,911,sedan,Electric,141778,325036,20.0,1.01,2.45,10.95,6,478
Mercedes-Benz,2017,2,USA,CLA,Sedan,Hybrid,37421,570824,55.0,0.9,2.08,4.3,5,399
Ford,2020,3,Germany,Bronco,SUV,Electric,82126,357550,98.0,1.82,1.43,3.15,8,186
Audi,2017,12,USA,e-tron,Electric,Electric,107155,73262,15.0,0.91,2.62,4.52,7,383
Porsche,2023,8,Japan,Macan,SUV,Hybrid,186517,129782,15.0,1.48,1.58,0.36,4,85
Volkswagen,2018,7,India,Tiguan,SUV,Petrol,74233,128014,,1.12,7.44,6.68,7,
Porsche,2021,7,Netherlands,Macan EV,Electric,Hybrid,161661,386519,13.0,1.9,1.81,3.62,6,360
Audi,2019,7,China,A6,Sedan,Petrol,80439,76082,56.0,1.03,5.84,3.29,2,852
Mercedes-Benz,2023,4,Australia,EQE,Electric,Diesel,92472,144890,62.0,1.55,2.57,4.33,1,683
Ford,2021,12,Australia,Explorer,SUV,Hybrid,68928,667133,90.0,1.68,3.07,3.97,3,1909
Porsche,2016,10,Mexico,Cayenne Coupe,SUV,Petrol,67468,156101,21.0,1.04,2.31,10.72,10,139
Ford,2020,7,Italy,Explorer,SUV,Petrol,78158,327961,110.0,1.85,0.5,3.62,4,2099
BMW,2023,6,Australia,3 Series,Electric,Hybrid,92608,460616,114.0,1.5305718278368663,2.7372267917359947,4.011069483572243,5,551
BMW,2024,3,Canada,iX,Electric,Electric,113282,363732,393.0,1.2011011598320842,1.906992578438427,4.009943577067587,1,1129
Tesla,2021,11,India,Model Y LR,Electric,Electric,120638,170662,27.0,1.07,7.33,6.7,1,1560
Volkswagen,2022,6,Australia,Polo,Sedan,Electric,79781,133612,52.0,1.54,2.95,4.05,2,627
Volkswagen,2024,5,Australia,Golf,Sedan,Petrol,64254,152296,68.0,1.56,3.27,4.47,10,1794
BMW,2017,6,China,7 Series,SUV,Diesel,61655,246314,310.0,1.195796223034962,5.726028997816,3.5842856253055064,8,1066
Tesla,2015,9,,Semi,Electric,Electric,39283,169144,16.0,1.59,1.22,0.19,10,778
Volkswagen,2016,3,UK,Polo,Sedan,Electric,40344,,37.0,1.88,1.41,5.16,6,2011
Ford,2019,8,Germany,Explorer,SUV,petrol,77825,449605,96.0,1.82,2.1,2.89,1,1203
Porsche,2015,10,France,Cayenne,SUV,Hybrid,66871,86598,28.0,1.79,1.55,3.77,9,129
Volkswagen,2020,9,India,Tiguan,SUV,Petrol,67916,362245,44.0,0.98,6.54,6.27,7,1867
PORSCHE,2017,12,China,Cayenne,SUV,Electric,141558,87541,26.0,1.18,,3.36,9,178
Mercedes-Benz,2024,10,Canada,S-Class,Sedan,Petrol,125044,192839,36.0,1.24,2.4,3.74,10,637
Mercedes-Benz,2022,8,China,EQE,Electric,Hybrid,,,31.0,1.06,5.71,3.2,4,
Porsche,2021,12,Brazil,718,Sedan,Petrol,106295,267940,20.0,1.23,3.4,10.8,8,16
Mercedes-Benz,2019,6,Canada,E-Class,Sedan,Hybrid,90565,68771,48.0,1.27,2.37,4.03,2,434
Volkswagen,2016,9,France,Passat,Sedan,Electric,20800,363323,60.0,1.85,1.17,3.2,10,2215
BMW,2019,12,Canada,X1,Sedan,Petrol,71547,281226,380.0,1.3341464623811667,1.960286857566003,4.244317018423498,5,1087
Porsche,2018,9,Germany,Cayenne Coupe,SUV,Petrol,141583,,27.0,1.92,1.72,2.73,3,250
Audi,2015,1,Canada,A6,Sedan,Diesel,101764,,12.0,1.32,2.04,3.73,6,419
Audi,2017,5,USA,RS6,Sedan,Petrol,112999,519845,18.0,1.05,2.18,4.68,8,620
BMW,2021,6,Canada,X7,SUV,Hybrid,35215,,114.0,1.2315909645670695,2.6150900684070435,4.019817320347684,9,288
Tesla,2021,6,France,Model X,Electric,Electric,85087,238722,2.0,1.77,2.05,3.5,5,1828
Audi,2021,1,USA,RS6,Sedan,Electric,45812,199724,12.0,0.93,2.06,4.25,2,954
Porsche,2021,3,France,Cayenne Coupe,SUV,Electric,167826,192512,19.0,1.81,2.07,3.74,6,171
Telsla,2016,8,Canada,Model Y,Electric,Electric,73316,144165,7.0,1.24,2.43,3.83,6,998
BMW,2017,2,UK,X5,Sedan,Diesel,50689,,39.0,1.8815690609206075,1.651232977041492,4.763955818184795,6,406
Mercedes-Benz,2022,1,Germany,S-Class,Sedan,Diesel,74743,149369,47.0,1.84,1.94,2.82,7,705
Tesla,2017,7,Brazil,Model X,Electric,Electric,,23473,28.0,1.29,3.83,10.49,8,1831
Mercedes-Benz,2017,3,Australia,CLA,Sedan,Diesel,103040,81754,29.0,1.63,3.08,4.51,2,680
Volkswagen,2024,4,Japan,ID.4,Electric,Electric,72721,252592,43.0,1.53,1.46,-0.01,10,2723
BMW,2024,2,France,X5,SUV,Electric,84630,448167,308.0,1.749742854517526,,3.4585325141970835,9,862
Volkswagen,2016,3,Mexico,Polo,Sedan,Hybrid,79658,282520,47.0,1.16,1.69,11.24,5,1899
Porsche,2016,4,Mexico,Panamera,Sedan,Electric,78337,377579,4.0,1.17,1.89,10.76,3,
Porsche,2024,5,Brazil,911,Sedan,Electric,139310,202288,19.0,1.12,3.39,10.78,6,162
Audi,2023,10,Spain,TT,Sedan,Hybrid,108598,313778,42.0,1.7,1.07,3.78,5,148
Porsche,2015,12,USA,Cayenne,SUV,Hybrid,178713,287797,6.0,0.89,2.87,4.24,2,281
Mercedes-Benz,2022,6,Brazil,EQS,Electric,Hybrid,61192,220646,22.0,1.24,3.23,10.2,10,948
Mercedes-Benz,2018,8,,GLC,SUV,Electric,65369,230893,51.0,1.6,2.51,4.43,5,86
Audi,2017,3,China,e-tron,Electric,Hybrid,37512,328154,9.0,1.14,5.67,3.54,5,44
BMW,2016,6,China,5 Series,SUV,Electric,69493,211323,311.0,1.0057565352626678,5.903482866212397,3.2804091370703845,4,967
Toyota,2022,6,Brazil,bZ4X,Electric,Hybrid,22769,341928,76.0,1.18,3.27,10.34,5,515
Volkswagen,2022,5,Spain,Arteon,Sedan,Electric,56091,262144,31.0,1.83,1.02,3.59,10,504
Tesla,2024,8,US,Model S Plaid,Electric,Electric,50395,78590,27.0,1.04,2.76,4.64,2,1454
BMW,2019,2,Canada,5 Series,Sedan,electric,114436,354169,309.0,1.2044247103057997,2.458263195929023,3.714752149875281,1,730
Porsche,2023,8,U.S.A,GTS,Sedan,Hybrid,104637,108710,3.0,1.01,2.35,4.53,3,222
Audi,2018,5,Australia,RS6,Sedan,Electric,51436,238777,11.0,1.62,2.96,4.55,3,615
Volkswagen,2015,8,Italy,ID.3,Electric,Electric,31655,102293,76.0,1.88,0.65,3.62,8,2298
Mercedes-Benz,2018,10,France,GLE,SUV,Electric,105386,386490,46.0,1.7,1.41,3.58,3,43
Porsche,2020,1,Netherlands,911,Sedan,Petrol,191301,333948,26.0,1.92,1.92,3.39,7,105
Porsche,2024,7,Brazil,Macan EV,Electric,Petrol,85275,231922,13.0,1.29,3.83,10.6,6,187
Toyota,2016,7,Brazil,Yaris,Sedan,Hybrid,38174,309308,13.0,1.14,3.78,10.56,8,749
Tesla,2020,10,Japan,Model Y LR,Electric,Electric,44910,289924,,1.44,1.47,0.05,2,757
Mercedes-Benz,2020,2,UK,GLC,SUV,Petrol,74627,100443,11.0,1.85,1.24,4.82,6,1091
Porsche,2018,1,China,GTS,Sedan,Electric,87733,309158,21.0,1.09,5.89,3.72,7,498
Volkswagen,2018,6,Netherlands,Tiguan,,Petrol,,60241,82.0,2.0,2.06,3.25,5,2547
Tesla,2015,7,Australia,Model S Plaid,Electric,Electric,62606,206716,24.0,1.57,3.38,4.36,10,442
Porsche,2024,5,Spain,Macan EV,,Hybrid,114145,279705,20.0,1.83,1.01,3.5,5,294
Audi,2016,7,Germany,A4,Sedan,Hybrid,102478,171642,54.0,1.87,2.26,3.2,9,1146
Audi,2017,1,India,A6,Sedan,Hybrid,34903,184228,19.0,0.98,7.15,6.25,5,1092
BMW,2015,8,USA,3 Series,Electric,Petrol,87982,449594,178.0,1.034758076844259,2.607905214090704,4.385623630717669,2,495
Volkswagen,2018,3,France,Passat,Sedan,Hybrid,40745,323502,25.0,1.76,1.34,3.24,3,482
Ford,2015,4,Japan,Mustang Mach-E,Electric,Electric,29682,518760,98.0,1.51,1.4,0.12,5,2661
Mercedes-Benz,2018,6,Mexico,GLE,SUV,Hybrid,49253,227566,35.0,1.03,2.24,11.09,3,1039
Volkswagen,2021,2,Canada,Arteon,Sedan,Petrol,21447,238367,47.0,1.39,2.21,3.79,3,1819
Volkswagen,2016,3,France,Arteon,Sedan,Electric,64004,493444,29.0,1.8,1.87,3.71,4,2097
Tesla,2017,3,UK,Model S Plaid,Electric,Electric,124252,201391,1.0,1.95,1.91,5.09,4,685
Mercedes-Benz,2018,5,India,E-Class,Sedan,Petrol,93493,410192,21.0,1.09,7.47,6.35,2,39
Volkswagen,2017,6,Italy,Taos,SUV,diesel,25147,254825,82.0,1.79,0.82,3.59,3,1288
Toyota,2017,3,CHINA,Yaris,Sedan,Hybrid,65756,358178,76.0,1.05,5.62,3.63,7,2885
Volkswagen,2021,3,Canada,Touareg,SUV,Hybrid,23761,95167,59.0,1.34,1.89,4.22,4,1780
Volkswagen,2018,8,Japan,ID.3,Electric,Petrol,38074,562402,25.0,1.6,0.73,0.13,6,2577
Tesla,2015,11,USA,Model X Plaid,Electric,Electric,48429,266407,19.0,0.98,2.41,4.42,2,1113
Audi,2020,5,UK,A6,Sedan,Electric,52136,319765,40.0,1.84,1.86,5.22,7,548
Ford,2015,1,France,Mustang Mach-E,Electric,Petrol,58104,750547,10.0,1.77,1.89,3.24,3,2250
BMW,2017,12,China,X5,SUV,Electric,49271,488744,356.0,1.1405081003069617,6.261037790250783,3.770463624638803,3,967
Audi,2021,4,Australia,Q7,SUV,Petrol,39248,513410,28.0,1.54,3.13,4.35,8,447
Toyota,2019,5,Spain,Supra,Sedan,Electric,59020,466513,60.0,,1.35,3.27,4,2367
Ford,2016,8,Canada,Explorer,SUV,Electric,78958,101024,58.0,1.22,2.62,4.28,2,178
Ford,2018,2,India,Explorer,SUV,Petrol,77143,336694,99.0,1.06,6.71,6.67,7,894
Ford,2022,1,Italy,F-150,SUV,Petrol,71001,676919,90.0,1.76,1.22,3.56,10,2401
Toyota,2016,3,Canada,Land Cruiser,Suv,Electric,81964,182225,68.0,1.33,2.65,4.06,5,446
Toyota,2024,12,China,RAV4,SUV,Electric,74218,184395,88.0,1.06,6.28,3.57,9,206
BMW,2022,4,India,X7,Electric,Electric,47861,140925,125.0,,6.957699605159294,6.325329634403098,1,669
Audi,2015,10,Spain,Q8,SUV,Petrol,65400,288595,42.0,1.84,1.07,3.41,5,1053
Audi,2019,8,China,A6,Sedan,Hybrid,52206,544182,55.0,1.14,6.2,3.68,4,683
BMW,2018,6,France,7 Series,Electric,Petrol,87248,183851,33.0,1.789482473364691,1.632113485265316,3.264303206803865,1,477
Ford,2015,1,Japan,F-150 Lightning,Electric,Hybrid,68133,493138,51.0,1.41,,0.13,7,2545
Mercedes-Benz,2017,1,Japan,E-Class,Sedan,Hybrid,54995,563004,59.0,1.53,0.72,-0.0,7,1020
Volkswagen,2016,7,Canada,T-Roc,SUV,Diesel,50500,487329,70.0,1.39,2.02,4.1,6,961
Volkswagen,2016,12,China,Passat,Sedan,Petrol,62321,315578,68.0,1.15,,3.78,1,1890
Tesla,2015,2,India,Model S,Electrc,Electric,82770,226331,19.0,1.15,6.97,6.71,8,921
Tesla,2021,1,Japan,Cybertruck,Electric,Electric,79735,290704,19.0,1.54,1.07,0.18,3,1614
FORD,2020,1,Japan,Edge,SUV,Hybrid,66814,224827,118.0,1.58,1.32,-0.05,9,316
Volkswagen,2022,6,Australia,Tiguan,SUV,Hybrid,46852,,42.0,1.66,2.87,3.99,6,44
Audi,2024,5,China,A4,Sedan,Hybrd,86865,382413,49.0,1.14,5.95,3.57,1,906
Ford,2017,10,Netherlands,Mustang Mach-E,Electric,Petrol,67330,792711,37.0,1.92,2.56,3.38,2,2737
Porsche,2023,2,USA,GTS,Sedan,Petrol,,216152,13.0,0.97,2.01,4.61,6,380
Volkswagen,2017,8,UK,Tiguan,SUV,Hybrid,72998,94418,63.0,1.75,1.75,5.08,7,285
Mercedes-Benz,2022,6,USA,CLA,Sedan,Diesel,55404,493033,56.0,0.91,2.42,4.79,4,638
B M W,2023,11,USA,X7,Sedan,Electric,105456,261027,397.0,0.9944827283131992,2.19583308413427,4.284481769335605,4,-402
BMW,2022,10,Canada,X3,Electric,Diesel,52883,414633,334.0,1.3368466053024315,,3.75860326840383,8,712
Volkswagen,2020,4,Netherlands,Passat,Sedan,Diesel,53171,275895,54.0,2.09,1.88,3.75,3,1827
Tesla,2016,6,Netherlands,Semi,Electric,Electric,122936,137611,33.0,1.91,1.71,3.29,4,1254
BMW,2020,1,UK,i4,Sedan,Hybrid,51576,262909,368.0,1.900792380719357,1.2922182304618977,5.246462096986349,10,1073
BMW,2015,9,UK,X7,Electric,Diesel,75581,221635,295.0,1.7921324378011334,1.5923503285933622,5.247418007370015,2,848
Mercedes-Benz,2017,1,UK,EQS,Electric,HYBRID,56491,152723,36.0,1.88,1.63,4.77,9,391
BMW,2022,1,China,3 Series,Electric,Electric,96607,184479,,1.158628574799348,6.343649664051823,3.7887155174984697,1,579
Tesla,2023,10,Australia,Model S,Electric,electric,112520,210277,5.0,1.66,3.2,4.0,1,1237
BMW,2021,5,France,X3,SUV,Diesel,81121,431923,73.0,1.861624075912884,1.2612212872540045,3.757818591405544,4,368
Ford,2015,2,Spain,Mustang Mach-E,Electric,Hybrid,66973,291563,100.0,1.8,1.09,3.46,5,821
Toyota,2022,10,India,Supra,Sedan,Petrol,59768,581987,83.0,1.1,7.46,6.21,3,1045
BMW,2016,5,UK,i4,SUV,Diesel,102684,76505,30.0,1.8768727377743373,1.926194068431782,4.837206067762165,2,336
Ford,2030,1,China,Bronco,SUV,PETROL,77066,637458,103.0,1.0,6.25,3.23,4,3819
Audo,2019,3,France,Q3,SUV,Diesel,114302,541691,38.0,,1.59,3.61,9,541
Mercedes-Benz,2020,11,Mexico,C-Class,Sedan,Hybrid,36860,382748,57.0,,1.95,10.98,2,1160
Mercedes-Benz,2024,4,USA,EQS,Electric,Hybrid,,380304,16.0,0.94,2.35,4.48,1,462
BMW,2018,8,UK,X7,Sedaan,,108779,188266,194.0,1.9158789329717687,1.7266709920703232,4.88285065723168,2,827
BMW,2024,8,France,  X1  ,Sedan,Electric,74867,417508,244.0,1.898827872244233,1.433001913058198,3.601692173118914,6,951
Audi,2023,9,USA,TT,Sedan,Petrol,91202,320072,4.0,1.03,2.92,4.76,4,315
Mercedes-Benz,2018,2,Italy,GLC,SUV,Petrol,80854,81637,64.0,1.81,0.65,3.6,7,510
Porsche,2022,12,Netherlands,718,Sedan,,185699,225823,3.0,1.98,2.03,3.34,4,104
Tesla,2021,4,Netherlands,Cybertruck,Electric,Electric,100944,274567,6.0,1.96,1.85,3.35,5,465
Mercedes-Benz,2021,9,Japan,EQS,Electric,Diesel,80824,517262,41.0,,1.69,-0.06,2,892
Toyata,2019,1,,Highlander,SUV,Electric,64919,359303,72.0,1.19,3.2,10.4,7,2567
Ford,2020,1,Japan,Mustang,Sedan,Hybrid,29029,"$733,693",79.0,1.42,1.55,0.24,3,2693
Porsche,2023,6,Australlia,GTS,Sedan,,130498,110324,22.0,,2.78,4.01,6,34
Audi,2022,11,UK,RS6,Sedan,Diesel,,260773,46.0,1.83,1.55,4.73,4,663
Mercedes-Benz,2020,3,Spain,GLC,SUV,Electric,128748,363021,46.0,1.71,0.89,3.79,3,436
Porsche,2023,11,Australia,GTS,Sedan,electric,146002,273238,12.0,1.57,2.98,3.96,4,469
Ford,2021,9,Australia,Explorer,SUV,Electric,52395,144942,14.0,1.66,3.39,4.04,6,1357
Ford,2024,8,Netherlands,F-150 Lightning,Electric,Hybrid,78283,555043,87.0,1.9,2.27,3.61,5,645
Tesla,2015,10,UK,Model Y LR,Electrc,Electric,41624,274120,35.0,1.81,1.78,4.73,2,569
Porsche,2015,6,Australlia,Macan EV,Electric,Petrol,67351,329101,5.0,1.54,3.14,4.47,3,14
Porsche,2021,11,UK,911,Sedan,Hybrid,172416,179128,2.0,1.83,1.11,5.23,8,45
Volkswagen,2016,8,Japan,Passat,Sedan,Petrol,49274,201300,49.0,1.45,1.37,-0.19,4,455
Toyota,2021,9,Japan,Corolla,,Petrol,,157239,57.0,1.57,1.2,-0.12,6,178
Audi,2020,2,Mexico,Q5,SUV,Hybrid,,360157,14.0,1.13,2.37,11.15,9,227
Ford,2017,12,Spain,Mustang Mach-E,Electric,Electric,22704,290726,116.0,1.67,0.85,3.5,2,3534
Porsche,2015,1,India,718,Sedan,Petrol,106260,377998,19.0,1.13,7.06,6.47,8,220
Tesla,2023,7,Mexico,Model S,Electric,Electric,60246,185925,36.0,1.17,1.5,10.89,1,2377
Volkswagen,2019,5,Germany,Taos,SUV,Electric,25164,351949,17.0,1.91,2.08,2.94,5,87
Volkswagen,2016,3,China,Passat,Sedan,Electric,29644,429490,8.0,1.16,6.05,3.36,3,1999
Mercedes-Benz,2015,7,Germany,S-Class,Sedan,Diesel,80705,152766,21.0,1.83,1.5,3.28,5,223
Toyoda,2021,9,UK,Prius,Hybrid,Electric,27778,475015,98.0,1.9,1.46,4.81,7,
Audi,2016,1,Spain,Q7,SUV,Hybrid,42550,305554,32.0,1.79,1.37,3.21,8,626
Volkswagen,2021,5,Canada,Taos,SUV,Diesel,61620,302080,29.0,1.36,1.97,4.07,8,1220
Tesla,2024,3,France,Semi,Electric,Electric,64061,90794,32.0,1.72,1.68,3.58,8,1804
Porsche,2021,9,China,718,Sedan,Electric,148454,132431,3.0,1.11,6.04,3.54,10,
Mercedes-Benz,2024,6,Germany,EQE,Electric,Petrol,111476,481595,17.0,1.83,2.1,2.91,1,936
Tesla,2021,10,India,Semi,Electric,,111014,290882,20.0,0.96,7.18,6.65,7,443
Volkswagen,2017,8,UK,Touareg,SUV,Hybrd,27044,563107,71.0,1.83,1.08,4.71,10,1118
Mercedes-Benz,2023,8,Japan,GLE,SUV,Hybrid,33380,599708,53.0,1.43,1.21,-0.02,8,1027
Ford,2020,10,USA,Edge,SUV,Hybrid,60067,653031,65.0,0.96,2.61,4.22,9,2461
Ford,2020,4,JAPAN,F-150,SUV,Electric,33047,594710,31.0,1.6,1.07,0.35,7,3545
Ford,2017,1,Brazil,F-150,SUV,Electric,76010,92038,44.0,1.11,3.97,10.39,1,596
Toyota,2018,3,Mexico,Yaris,Sedan,Petrol,79591,149686,91.0,1.19,1.53,11.08,1,1825
Tesla,2016,12,Netherlands,Model 3,Electric,Electric,93052,276685,14.0,2.03,2.25,3.6,9,1746
Toyota,2019,12,Netherlands,Supra,Sedan,Petrol,42083,267049,78.0,1.96,1.64,3.73,6,1773
Tesla,2021,5,Italy,Model 3,Electric,Electric,60186,284194,19.0,1.88,0.51,3.23,8,1063
Toyota,2015,2,Australia,bZ4X,Electric,Petrol,30991,169395,91.0,1.61,2.55,4.31,7,2796
Porsche,2020,2,Brazil,Macan,SUV,Hybrid,78064,377253,11.0,1.2,,10.51,8,354
Tesla,2024,12,China,Model 3,Electric,Electric,115506,93275,25.0,1.06,6.12,3.3,8,1488
Volkswagen,2024,6,UK,ID.4,Electric,Hybrid,75454,64507,9.0,1.9,1.68,5.28,1,546
Ford,2023,4,India,Escape,SUV,Petrol,36044,761502,68.0,1.13,7.15,6.38,9,2850
Toyota,2024,10,Spain,Yaris,Sedan,Petrol,45545,407784,42.0,1.76,1.05,3.33,4,628
Mercedes-Benz,2021,11,Germany,S-Class,Sedan,Petrol,49563,182492,39.0,1.93,1.81,2.8,10,562
Ford,2015,5,France,Edge,SUV,Electric,76175,441943,99.0,1.73,1.29,3.44,9,3023
Porsche,2023,7,Italy,Cayenne,SUV,Petrol,74545,323941,24.0,1.8,1.08,3.5,2,418
Porsche,2020,9,China,GTS,Sedan,Hybrid,174593,174520,28.0,1.07,5.85,3.45,10,289
Tesla,2018,8,UK,Model 3,Electric,Electric,57411,168138,17.0,1.88,1.14,4.92,5,1404
Audi,2021,10,China,Q5,SUV,Petrol,82074,155561,53.0,1.2,6.49,3.72,4,1099
Tesla,2023,1,Spain,Model Y,Electric,Electric,123894,71697,15.0,1.73,1.04,3.8,10,844
Toyota,2023,10,India,Highlander,,Hybrid,,479155,31.0,1.04,7.03,6.36,6,1814
Volkswagen,2021,1,Brazil,ID.4,Electric,Electric,78262,567991,89.0,1.21,3.61,10.44,5,319
AUDI,2018,7,Canada,Q7,SUV,Electric,113871,273545,31.0,1.2,2.24,4.01,3,634
Volkswagen,2022,6,,Polo,Sedan,Diesel,39132,511005,,1.21,3.66,10.44,2,1144
Toyota,2019,4,UK,Prius,Hybrid,Hybrid,24239,232914,14.0,1.86,1.04,4.88,5,2355
Ford,2022,8,Japan,Edge,SUV,Petrol,73883,106916,82.0,1.54,1.53,-0.18,10,3227
Ford,2017,2,France,Bronco,SUV,Electric,34650,433346,84.0,1.87,1.23,3.68,1,1306
Audi,2023,8,Netherlands,A3,Sedan,Diesel,44190,231747,50.0,1.98,1.75,3.28,7,62
Audi,2019,10,Spain,Q7,SUV,Diesel,74743,119713,15.0,1.84,1.19,3.7,3,793
Volkswagen,2023,7,Australia,Arteon,Sedan,Hybrid,22485,427376,74.0,1.56,2.7,4.33,10,400
Tesla,2017,9,Australia,Semi,Electric,Electric,110855,242060,4.0,1.54,2.71,3.97,4,2061
BMW,2021,9,Australia,i7,Sedan,Hybrid,84036,416378,284.0,1.5475088261748655,2.8885581012703456,4.219216173573519,1,1016
Audi,2024,11,Brazil,Q8,SUV,Diesel,56104,205221,46.0,1.26,3.56,10.35,10,368
BMW,2023,10,France,X1,Electric,Electric,67574,171544,263.0,1.848718783235312,2.050531052586204,3.5603906399290137,4,713
Mercedes-Benz,2015,7,Spain,GLC,SUV,Diesel,43084,579677,58.0,1.74,1.62,3.51,1,366
Mercedes-Benz,2023,1,Canada,A-Class,Sedan,Hybrid,75926,410634,61.0,1.29,2.52,3.88,2,101
Ford,2020,1,France,Ranger,SUV,Petrol,59840,57293,21.0,1.87,1.49,3.23,8,3166
Ford,2023,3,India,Edge,SUV,Electric,54198,101006,76.0,1.07,6.79,6.44,2,3749
Volkswagen,2019,7,Japan,Taos,SUV,Diesel,44465,337508,68.0,1.42,0.99,0.16,9,1684
Mercedes-Benz,2022,9,UK,GLE,SUV,Diesal,88940,96318,10.0,1.91,1.33,5.15,5,1298
Mercedes-Benz,2015,7,Mexico,EQS,Electric,Electric,121631,509816,22.0,1.11,1.53,11.28,7,1030
Mercedes-Benz,2024,7,Spain,E-Class,Sedan,Hybrid,116653,521304,6.0,1.82,1.17,3.45,8,800
Porsche,2022,5,Australia,Macan EV,Electric,Petrol,193660,,17.0,1.51,2.72,4.4,3,319
Ford,2022,10,Japan,Ranger,SUV,Hybrid,62290,680432,19.0,1.44,1.67,0.24,7,1709
Mercedes-Benz,2015,4,USA,GLE,SUV,Diesel,100978,473270,60.0,0.88,2.8,4.64,1,282
Toyota,2020,2,Germany,Corolla,Sedan,Hybrid,26878,210075,94.0,1.95,2.08,3.22,4,2480
Porsche,2015,3,Brazil,Panamera Sport,Sedan,Electric,160752,"$89,690",5.0,1.29,3.23,10.68,3,252
Volkswagen,2019,8,Mexico,T-Roc,SUV,Hybrid,73117,188844,14.0,1.11,1.89,11.07,10,
Mercedes-Benz,2022,5,France,GLS,SUV,Hybrid,36198,520019,46.0,1.76,1.79,3.68,10,359
Audi,2024,1,Brazil,Q8,SUV,Electric,48698,313992,22.0,1.21,3.23,10.23,5,639
Porsche,2022,6,Canada,Cayenne,SUV,Hybrid,153813,335366,17.0,1.39,2.68,3.87,4,171
Tesla,2020,9,France,Model 3 LR,Electric,Electric,66661,150288,,1.89,1.76,3.46,3,1089
Mercedes-Benz,2016,4,France,C-Class,Sedan,,72111,466294,36.0,1.86,1.53,3.64,7,
Toyota,2023,8,China,RAV4,SUV,petrol,75590,300355,24.0,1.17,6.42,3.27,9,569
Porsche,2024,12,India,Taycan,Electric,Hybrid,65269,181373,15.0,1.15,7.04,6.39,8,41
Mercedes-Benz,2015,10,Australia,CLA,Sedan,Hybrid,98064,503480,19.0,1.55,3.34,4.48,8,-23
Volkswagen,2017,12,China,Tiguan,SUV,Electric,56653,492497,52.0,1.02,6.46,3.26,1,1777
BMW,2023,3,Germany,i7,Electric,Electric,71483,220824,89.0,1.8167001433397336,2.053378185258942,2.9257557513185493,10,543
Audi,2021,4,Germany,Q7,SUV,Electric,49606,289181,56.0,2.0,2.2,2.9,9,930
Mercedes-Benz,2024,10,UK,EQS,Electric,Diesel,117269,349739,50.0,1.85,1.35,4.93,7,199
Porsche,2023,3,Canada,Macan,SUV,Petrol,99252,104583,19.0,1.32,1.77,4.07,5,42
Porsche,2020,11,,Macan,SUV,Electric,145804,131754,4.0,1.76,1.22,3.73,9,101
Audi,2020,8,Germany,RS6,Sedan,Electric,74036,486090,15.0,1.87,2.24,2.96,3,521
Porsche,2022,10,Japan,Panamera,sedan,Petrol,173012,241940,12.0,1.5,1.07,0.32,6,439
Porsche,2021,7,Germany,Taycan,Electric,Petrol,63206,225823,11.0,1.93,1.86,3.09,3,315
Mercedes-Benz,2023,9,Canada,C-Class,Sedan,Diesel,84614,318053,18.0,1.25,1.89,4.03,7,923
Tesla,2016,4,Japan,Model Y,Electric,Electric,81232,178171,28.0,1.53,1.44,-0.12,3,-185
Porsche,2024,2,Japan,Cayenne Coupe,SUV,Petrol,122877,374033,2.0,1.47,1.18,0.18,4,494
Porsche,2016,3,Spain,911,Sedan,Electric,106614,182057,4.0,1.77,1.49,3.57,2,441
Mercedes-Benz,2022,2,Netherlands,E-Class,Sedan,Hybrid,37529,570401,23.0,1.91,1.71,3.7,8,586
Ford,2032,9,Australia,Mustang,Sedan,Hybrid,92475,469888,99.0,,3.16,4.49,5,3103
BMW,2020,11,Canada,i4,Electric,Petrol,66186,83635,395.0,1.2526225139821685,1.7361603805247623,3.881877013567197,8,905
Toyota,2024,6,Spain,bZ4X,Electric,Hybrid,52519,79607,65.0,1.66,1.0,3.68,8,1765
Toyota,2022,10,Australia,Supra,Sedan,PETROL,26942,662911,40.0,1.67,3.02,4.08,5,2153
Mercedes-Benz,2023,7,Brazil,A-Class,Sedan,Diesel,126332,546802,21.0,1.19,4.0,10.35,4,1048
BMW,2022,6,USA,3 Series,Sedan,Hybrid,110986,296060,310.0,1.0489654700855298,2.7751328233611146,4.763699364938513,8,644
Mercedes-Benz,2016,9,Germany,CLA,Sedan,Diesel,35188,,39.0,1.89,1.9,3.19,4,1160
Toyota,2022,1,,C-HR,SUV,Electric,85107,487829,84.0,1.01,7.04,6.78,2,849
Ford,2016,2,Canada,Bronco,SUV,ELECTRIC,58382,396113,31.0,1.26,1.73,4.18,1,1189
Porsche,2016,3,Netherlands,911,Sedan,Electric,123778,202467,28.0,1.99,2.25,3.32,3,486
Audi,2020,9,Spain,Q5,SUV,Petrol,96068,363129,29.0,1.82,1.04,3.65,4,939
Volkswagen,2024,5,Canada,ID.4,Electric,Diesel,61525,140915,53.0,1.27,2.63,3.74,2,1745
Tesla,2017,3,Netherlands,Model 3,Electric,Electric,62357,252925,24.0,2.05,2.47,3.68,2,591
Audi,2015,10,USA,TT,Sedan,Diesel,56706,287102,5.0,1.03,2.32,4.71,9,950
Volkswagen,2022,5,Brazil,T-Roc,SUV,Hybrid,50285,55160,74.0,1.13,3.08,10.31,7,1356
Mercedes-Benz,2017,12,Australia,A-Class,Sedan,Electric,75503,513157,14.0,1.51,2.95,4.09,8,51
Audi,2018,8,Mexico,RS6,Sedan,Petrol,34785,294061,,1.08,2.1,10.97,8,1016
Audi,2015,11,USA,Q5,SUV,Hybrid,113042,174809,42.0,0.91,2.33,4.47,6,187
Tesla,2015,12,India,Model 3 LR,Electric,Electric,79431,213044,25.0,1.13,7.12,6.53,6,319
Toyota,2021,1,China,Yaris,Sedan,Electric,39125,462178,47.0,1.09,5.92,3.29,6,1804
Toyota,2019,9,China,Yaris,Sedan,Petrol,65636,637296,26.0,1.19,,3.39,3,1475
BMW,2021,4,Japan,X3,SUV,Petrol,112713,139044,100.0,1.5821854368987684,1.3847311725538791,-0.1024298363930652,6,527
Audi,2015,4,Mexico,Q7,SUV,Petrol,92200,301819,36.0,1.0,1.9,10.93,1,1079
Ford,2018,9,India,Edge,SUV,Hybrd,66848,149759,55.0,1.15,7.4,6.43,8,2878
Ford,2017,9,UK,F-150,SUV,Hybrid,65923,310380,119.0,1.8,1.85,4.84,4,602
Toyota,2018,3,Italy,Corolla,Sedan,Electric,51125,215091,50.0,1.94,1.26,3.51,10,2318
Volkswagen,2017,12,Brazil,ID.4,Electric,Petrol,35835,465092,65.0,1.2,3.7,10.57,2,1665
Toyota,2018,4,Australia,RAV4,SUV,Electric,61865,405651,68.0,1.7,3.35,4.54,10,2691
Volkswagen,2020,10,Brazil,ID.3,Electric,Hybrid,43911,180247,52.0,1.21,3.33,10.73,4,212
Ford,2020,4,Netherlands,F-150,SUV,Hybrid,51840,735942,31.0,1.97,2.17,3.31,4,1942
Toyota,2016,11,France,Highlander,SUV,Petrol,46119,456920,95.0,1.77,1.22,3.22,4,552
Toyota,2021,4,Australia,Highlander,SUV,Electric,40409,378356,19.0,1.55,2.93,4.4,9,259
Toyota,2019,10,Canada,Corolla,Sedan,Electric,26534,210626,90.0,1.22,1.84,3.93,4,1473
BMW,2019,9,UK,X1,SUV,Electric,,346956,395.0,1.7783943979521988,1.100637478523533,4.843924467653567,3,1088
Audi,2021,6,Japan,Q7,SUV,Electric,56657,266143,14.0,1.56,1.42,-0.04,3,149
Porsche,2020,12,Japan,Cayenne Coupe,SUV,Electric,132418,263512,23.0,1.54,,-0.16,7,381
Volkswagen,2023,8,Netherlands,ID.3,Electric,Electric,28197,218632,76.0,2.01,1.73,3.38,1,198
Porsche,2018,6,Mexico,Panamera Sport,Sedan,Petrol,97309,134312,9.0,1.02,2.39,10.83,5,483
Ford,2019,5,Germany,F-150 Lightning,Electric,,22343,564425,,1.87,1.83,3.04,8,3872
Tesla,2021,11,UK,Cybertruck,Electric,Electric,40705,16268,35.0,1.88,2.0,4.8,1,283
Ford,2015,9,USA,Edge,SUV,Petrol,88852,284748,119.0,0.96,2.69,4.21,5,3083
Audi,2021,12,China,Q5,SUV,Electric,77171,525522,37.0,1.19,6.15,3.7,5,983
Tesla,2020,4,Mexico,Model S Plaid,Electric,Electric,81113,286770,6.0,1.06,2.16,10.96,3,1132
Tesla,2024,10,Mexico,Model Y LR,Electric,Electric,53509,177329,26.0,1.02,1.54,10.73,10,1328
Audi,2020,3,Netherlands,Q3,SUV,Petrol,44232,215665,26.0,2.02,2.37,3.33,4,973
Porshe,2024,5,Japan,Cayenne Coupe,SUV,Hybrid,92470,216636,24.0,1.6,0.72,0.09,1,178
Tesla,2016,10,Germany,Model S,Electric,Electric,62653,275574,27.0,1.89,1.75,3.26,8,2301
Audi,2021,4,UK,Q3,SUV,Electric,57893,503447,35.0,1.77,1.89,5.3,8,271
Volkswagen,2024,10,Italy,Taos,SUV,Electric,70072,377615,27.0,1.76,1.08,3.5,3,2523
Volkswagen,2017,7,Brazil,ID.3,Electric,Petrol,,204139,55.0,1.13,3.18,10.3,4,2364
Audi,2017,8,Canada,A3,Sedan,HYBRID,62518,442087,12.0,1.35,2.1,4.21,8,75
Tesla,2023,8,Canada,Model X,Electric,Electric,58764,87304,7.0,1.23,2.32,4.1,2,169
Tesla,2015,8,Netherlands,Model 3,Electric,Electric,6704072,105807,11.0,,1.96,3.52,2,
Audi,2015,11,Netherlands,e-tron,Electrc,Diesel,92916,511036,17.0,2.09,1.75,3.61,8,437
Volkswagen,2024,5,Netherlands,ID.3,Electric,Hybrid,29336,514776,,1.93,2.48,3.47,3,347
Volkswagen,2015,5,Brazil,Arteon,Sedan,Diesel,22519,557380,78.0,1.26,3.59,10.56,9,576
Porsche,2015,7,India,718,Sedan,Petrol,139811,140773,29.0,0.99,6.97,6.35,9,443
Volkswagen,2024,10,USA,Golf,sedan,Hybrid,31411,80896,53.0,0.93,2.9,4.53,5,2308
Toyota,2024,5,Italy,bZ4X,Electric,Petrol,36035,430026,58.0,1.79,1.23,3.7,5,2541
Ford,2021,6,Italy,Escape,SUV,Electric,66296,122471,101.0,1.85,1.16,3.8,3,1413
Volkswagen,2018,10,Germany,Golf,Sedan,Petrol,73582,174509,38.0,1.88,2.03,3.21,4,269
Audi,2016,1,Canada,Q3,SUV,Electric,70107,,5.0,1.3,1.77,4.14,1,85
Ford,2020,7,France,F-150 Lightning,Electric,Electric,61793,376216,92.0,1.73,1.97,3.64,2,2606
Volkswagen,2022,9,India,T-Roc,SUV,Petrol,4668325,226792,88.0,1.06,6.76,6.74,3,1102
Volkswagen,2021,3,Australia,T-Roc,SUV,Electric,37026,457766,57.0,1.62,3.48,4.5,2,2219
Ford,2024,7,Canada,Edge,SUV,Petrol,79768,193393,65.0,1.36,2.39,4.17,2,3081
Porsche,2015,2,USA,GTS,Sedan,Electric,124171,203263,12.0,0.95,2.4,4.57,7,327
Porsche,2024,1,Germany,GTS,Sedan,Petrol,146178,345773,24.0,1.82,1.69,3.03,8,466
Mercedes-Benz,2018,9,Japan,E-Class,Sedan,Electric,8610912,,9.0,1.47,1.23,0.03,10,904
BMW,2021,2,Japan,iX,Sedan,Diesel,63307,74099,78.0,1.5087076434685291,0.7676683619000015,0.2247010583378612,4,221
Ford,2015,4,Australia,Edge,SUV,Hybrid,36792,618266,95.0,1.52,2.87,3.96,8,2339
Mercedes-Benz,2018,9,France,E-Class,Sedan,Petrol,115253,258535,40.0,1.71,1.75,3.78,7,664
Mercedes-Benz,2018,3,,EQE,Electric,Hybrid,7984882,529906,13.0,1.89,1.18,5.28,7,182
Toyota,2021,11,USA,Prius,Hybrid,Hybrid,65908,390664,14.0,1.07,2.79,4.29,7,2860
AUDI,2018,5,USA,e-tron,Electric,Diesel,54056,101941,22.0,0.94,2.19,4.65,10,61
Porsche,2017,10,Netherlands,Cayenne Coupe,,Hybrid,137604,235451,,1.94,1.71,3.76,5,126
Audi,2023,9,Brazil,Q3,SUV,Electric,32965,533121,,1.15,3.13,10.44,7,961
Ford,2016,7,Australia,F-150,SUV,Electric,35030,530429,33.0,1.51,3.12,4.34,2,548
Audi,2024,1,India,TT,Sedan,Diesel,107592,409259,51.0,1.07,,6.57,7,395
PORSCHE,2015,10,China,Taycan,Electric,Hybrid,72534,276982,11.0,1.01,5.71,3.58,3,
Audi,2016,8,France,A6,Sedan,Electric,80903,412352,45.0,1.83,1.54,3.31,1,195
Tesla,2022,2,Netherlands,Model Y,Electric,Electric,115778,170475,29.0,2.08,2.35,3.41,2,777
Tesla,2017,2,Mexico,Cybertruck,Electric,Electric,129765,212298,31.0,1.14,2.41,11.03,7,1010
Ford,2022,7,Germany,Edge,SUV,Petrol,75141,629539,93.0,1.96,1.46,3.05,4,1775
Volkswagen,2017,1,Canada,Taos,SUV,Petrol,37138,81630,39.0,1.33,2.55,4.26,4,449
Mercedes-Benz,2020,7,India,S-Class,Sedan,Hybrid,105645,488847,17.0,1.09,7.0,6.75,3,1247
BMW,2016,4,Australia,7 Series,Sedan,Petrol,85210,286824,309.0,1.515715699431004,2.850626931209181,3.96992186527482,1,865
Ford,2016,9,Brazil,F-150,SUV,Electric,34054,500477,53.0,1.28,3.57,10.24,6,2062
Mercedes-Benz,2016,1,UK,GLE,SUV,Diesel,78368,387184,30.0,1.9,1.78,4.71,3,54
BMW,2024,8,UK,X1,Sedan,Diesel,97766,193029,111.0,1.9261741518397857,1.7527166395576412,4.795163063175845,5,499
Volkswagen,2019,1,USA,T-Roc,SUV,HYBRID,51091,70440,85.0,0.95,2.91,4.69,7,
Volkswagen,2015,2,Germany,Touareg,SUV,Diesel,74500,260437,65.0,1.94,1.98,2.74,1,426
Porsche,2024,2,Brazil,Cayenne Coupe,SUV,Hybrid,195685,334583,2.0,1.17,3.47,10.42,5,437
Ford,2022,5,,Edge,SUV,Petrol,57606,599223,68.0,1.84,1.46,4.71,5,3881
Porsche,2015,7,Japan,Panamera,Sedan,Electric,114903,185365,22.0,1.49,1.56,0.07,10,17
Audi,2019,11,Canada,A4,Sedan,Diesel,63873,363513,27.0,1.22,2.26,3.85,4,481
Tesla,2024,12,India,Model X,Electric,Electric,114565,138855,7.0,0.99,6.77,6.68,8,2388
Porsche,2022,1,Canada,Taycan,Electric,,76594,372732,3.0,1.37,2.63,3.76,2,54
Mercedes-Benz,2016,9,,EQE,Electrc,Petrol,118281,191434,38.0,1.05,2.67,4.39,4,69
BMW,2015,10,China,7 Series,Sedan,Petrol,115846,164919,25.0,1.0103647073644857,5.981140101854818,3.519553659530952,5,359
Audi,2019,1,Netherlands,e-tron,Electric,,58657,264470,57.0,1.96,2.14,3.26,8,203
Volkswagen,2019,4,Mexico,Tiguan,SUV,Petrol,22633,115495,42.0,1.19,1.68,10.77,2,961
Ford,2021,1,France,Mustang Mach-E,Electric,Petrol,28112,403278,54.0,1.79,1.96,3.61,2,70
Toyota,2016,10,GERMANY,RAV4,SUV,Petrol,28671,325924,77.0,1.87,1.46,2.85,7,1403
Toyota,2018,2,China,RAV4,SUV,Electric,23846,627227,62.0,1.13,5.65,3.8,2,2854
BMW,2023,6,Germany,5 Series,Electric,Electric,46962,,26.0,1.877896378980484,1.5884054378187458,3.276681291244556,6,396
Volkswagen,2021,5,Japan,T-Roc,SUV,Diesel,36416,456133,33.0,1.56,0.9,-0.06,9,2029
AUDI,2015,12,Mexico,e-tron,Electric,Hybrid,35111,509312,11.0,1.01,1.77,10.74,7,670
Mercedes-Benz,2020,12,USA,EQE,Electrc,Petrol,35365,373969,37.0,1.02,2.43,4.59,4,300
Toyota,2024,1,Canada,Land Cruiser,SUV,Electric,87520,263679,68.0,1.32,2.46,4.22,8,1708
Audo,2021,8,Australlia,TT,Sedan,Petrol,51764,264809,4.0,1.57,2.65,4.47,5,1057
Toyota,2016,12,Brazil,C-HR,SUV,Petrol,64400,159288,33.0,1.18,3.33,10.54,5,2669
Mercedes-Benz,2021,9,Italy,A-Class,Sedan,Diesel,51832,130446,63.0,1.86,1.39,3.73,7,1131
Volkswagen,2020,7,France,Arteon,Sedan,Petrol,77741,449316,12.0,1.87,1.58,3.8,6,104
BMW,2017,2,France,X3,Sedan,Electric,35390,451954,360.0,1.7081457604637942,1.2160726405069164,3.227601585213052,2,1007
Mercedes-Benz,2022,7,Italy,CLA,Sedan,Diesel,50288,523958,29.0,1.92,0.67,3.43,2,530
Mercedes-Benz,2016,10,Germany,CLA,Sedan,Petrol,37768,76770,38.0,1.81,1.84,3.2,2,995
Ford,2015,6,Canada,Mustang,Sedan,Electric,71569,373585,94.0,1.37,1.87,4.22,7,3753
TESLA,2024,11,India,Model Y LR,Electric,Electric,116258,41221,23.0,1.04,7.25,6.55,3,1824
BMW,2015,8,Japan,X7,Sedan,Diesel,96861,465685,81.0,1.5951704158925069,1.3374299014982065,0.2356548002335969,3,451
BMW,2016,2,Australia,X7,SUV,Hybrid,44190,495527,252.0,1.6476067232852742,2.546965966775055,4.049770021253647,6,632
Volkswagen,2022,11,Canada,Tiguan,SUV,Diesel,56411,474401,10.0,1.36,2.69,3.86,3,752
Ford,2015,4,France,Bronco,SUV,Hybrid,37183,175157,52.0,1.71,1.28,3.27,5,3172
BMW,2019,1,India,5 Series,Sedan,Hybrid,46516,395876,183.0,1.051672109383256,7.0422372054918485,6.554208614275264,10,496
Tesla,2022,2,India,Model 3 LR,Electric,Electric,97635,49960,9.0,1.06,7.2,6.31,3,2254
Porsche,2020,1,UK,GTS,Sedan,Electric,,397754,14.0,1.93,1.39,4.91,9,499
Toyota,2016,2,Mexico,Yaris,Sedan,Hybrid,52783,225434,74.0,1.15,1.5,11.11,7,2663
Tesla,2023,10,Japan,Model S,Electric,Electric,79512,288127,24.0,1.47,1.39,-0.08,5,555
Mercedes-Benz,2015,10,USA,EQS,Electric,Hybrid,97652,103257,,0.95,2.18,4.32,1,
Audi,2019,12,Australia,Q3,SUV,diesel,74882,166403,26.0,1.54,3.03,4.15,4,1054
Toyota,2020,2,Canada,RAV4,SUV,Electric,57286,259298,95.0,1.28,2.68,4.12,3,2543
Toyota,2024,12,India,RAV4,SUV,Hybrid,73512,577184,56.0,1.09,6.83,6.29,2,2739
BMW,2024,3,Germany,X1,SUV,Hybrid,79306,317956,220.0,1.9613122295722896,2.1729458358764084,3.139334931845737,9,525
Audi,2020,10,Australia,TT,Sedan,Hybrid,101095,189061,27.0,1.5,2.5,4.06,2,299
Ford,2018,8,France,Explorer,SUV,Hybrid,51401,599640,64.0,1.88,1.94,3.22,9,2531
Ford,2022,5,France,Mustang Mach-E,Electric,Electric,54344,162020,99.0,1.88,1.98,3.24,9,2479
Ford,2021,10,Germany,Edge,SUV,Hybrid,23335,650087,83.0,1.88,2.11,3.26,1,2618
Tesla,2024,6,Netherlands,Model 3 LR,Electric,Electric,55774,92607,36.0,1.92,1.77,3.49,7,483
Toyota,2016,5,Netherlands,Yaris,Sedaan,Hybrid,,230916,71.0,2.04,1.83,3.38,10,677
BMW,2015,5,India,3 Series,Suv,Petrol,82645,369248,322.0,1.015038012844939,6.758133432701127,6.594041998724776,5,827
Toyota,2024,11,Spain,RAV4,SUV,Petrol,42760,597859,17.0,1.71,1.28,3.7,3,2580
Mercedes-Benz,2024,10,Brazil,E-Class,Sedan,Electric,124089,403642,24.0,1.14,3.19,10.62,9,364
BMW,2019,12,Brazil,X3,Electric,Diesel,70693,418946,20.0,,3.822103160600226,10.428252004504538,10,429
BMW,2022,5,India,3 Series,Sedan,Petrol,42130,487480,11.0,0.989934756431672,6.956069984217036,6.671105576835808,4,435
BMW,2022,3,Japan,X3,SUV,Electric,76203,239826,245.0,1.4170694929987535,0.9158210274968432,0.1737342854914001,6,none
Tesla,2021,6,Netherlands,Cybertruck,Electric,Electric,83265,291931,32.0,2.04,1.98,3.76,3,1021
Porsche,2020,2,Canada,Macan EV,Electric,Hybrid,86398,109153,4.0,1.23,1.73,3.87,3,385
Audi,2017,3,Germany,Q7,SUV,Petrol,97785,299579,50.0,1.88,1.71,2.76,6,663
Tesla,2020,5,France,Model 3 LR,Electric,Electric,84361,184637,2.0,1.83,1.82,3.32,9,111
Toyota,2016,6,Mexico,Camry,Sedan,Hybrid,47465,227074,18.0,1.13,2.45,11.04,4,1463
Porsche,2024,7,Netherlands,911,Sedan,Hybrid,109134,189228,29.0,2.02,2.11,3.55,10,360
BMW,2017,9,Germany,i7,SUV,Diesel,105411,469543,62.0,1.898759119272878,1.861277197569496,3.1625803079727364,8,179
Audi,2016,4,Italy,Q8,SUV,Diesel,60633,386624,17.0,1.89,1.21,3.51,6,307
Porsche,2015,2,France,911,Sedan,Hybrid,75416,120433,7.0,1.86,1.38,3.77,5,397
Ford,2024,4,Mexico,Ranger,SUV,Petrol,83781,65396,56.0,1.2,2.38,10.86,5,1474
Tesla,2018,5,India,Model S Plaid,Electric,Electric,108975,129489,16.0,1.01,6.95,6.76,3,2417
Toyota,2020,10,Australia,Highlander,SUV,Petrol,46270,146797,49.0,1.53,3.28,4.09,5,2327
BMW,2020,2,USA,5 Series,SUV,Electric,54773,,251.0,0.982459363175582,2.465205612283718,4.236085405560472,2,982
Tesla,2019,8,USA,Model X,Electric,Electric,76203,220544,4.0,0.93,2.11,4.75,5,1896
Toyota,2021,4,Italy,Yaris,Sedan,Hybrid,23323,357251,36.0,1.82,1.16,3.33,4,1280
Volkswagen,2023,4,Spain,T-Roc,SUV,Electric,60954,50831,33.0,1.75,1.13,3.62,5,1466
Audi,2018,3,India,Q3,SUV,Hybrid,112965,123560,22.0,0.96,6.57,6.29,5,395
Ford,2020,11,Italy,Bronco,SUV,Hybrid,24235,572493,50.0,1.79,1.41,3.43,7,3630
Volkswagen,2016,5,Italy,Passat,Sedan,Hybrid,73138,398895,70.0,1.79,0.52,3.62,1,1819
Ford,2016,8,Australia,Edge,SUV,Electric,94469,514377,42.0,1.67,2.65,4.23,6,3400
Porsche,2018,5,Spain,Macan,SUV,Petrol,67315,376838,2.0,1.78,1.25,3.26,10,469
Toyota,2018,10,France,  C-HR  ,SUV,Electric,83990,262528,49.0,1.88,1.46,3.49,8,2703
Ford,2023,1,USA,Ranger,SUV,Petrol,60988,356616,108.0,0.97,2.61,4.79,4,2019
Tesla,2020,1,Spain,Semi,,Electric,103564,,19.0,1.67,1.36,3.38,6,1441
Tesla,2019,5,Netherlands,Cybertruck,Electric,Electric,114677,,11.0,1.92,1.84,3.61,10,1890
Audi,2019,10,,Q8,SUV,Hybrid,55457,388343,4.0,2.01,1.87,3.39,5,911
Mercedes-Benz,2021,10,Netherlands,E-Class,Sedan,Petrol,126155,84077,13.0,2.03,2.17,3.76,1,37
Porsche,2021,1,USA,Macan,SUV,,118096,117974,9.0,1.0,2.87,4.78,3,255
Audi,2019,4,Canada,RS6,Sedan,Diesel,111174,192888,27.0,,,4.07,5,1080
Tesla,2024,9,Netherlands,Semi,Electric,Electric,121033,72131,27.0,1.9,2.34,3.5,4,1854
Ford,2017,8,australia,Mustang,Sedan,Hybrid,87557,167924,101.0,1.59,2.98,4.25,6,726
Mercedes-Benz,2017,11,Mexico,EQS,Electric,Electric,95809,583229,47.0,1.11,2.02,10.77,5,1203
Tesla,2018,10,India,Model S,Electric,Electric,85068,90513,39.0,1.05,7.24,6.62,5,1247
Ford,2019,3,India,Explorer,SUV,Electric,82805,516127,20.0,0.98,6.68,6.32,6,123
Porsche,2023,12,Frnce,911,Sedan,Petrol,,350255,26.0,1.89,1.18,3.78,9,369
Tesla,2019,3,Mexico,Model X,,Electric,95843,159223,12.0,1.03,2.41,10.7,3,1620
BMW,2020,2,Australia,i7,Electric,Diesel,85906,135936,381.0,1.6549307062362364,2.796535581287656,4.15982193784751,5,802
Mercedes-Benz,2018,2,India,A-Class,Sedan,Diesel,96428,423006,5.0,1.08,7.38,6.74,5,1280
Ford,2020,6,UK,Ranger,SUV,Hybrid,69127,499595,30.0,1.76,1.99,4.96,3,1227
Porsche,2017,4,China,Cayenne,SUV,Petrol,198054,319683,24.0,1.05,5.98,3.77,3,57
Audi,2018,11,Germany,Q7,SUV,Hybrd,107586,529598,45.0,1.8,1.53,2.82,7,1088
Mercedes-Benz,2016,4,USA,A-Class,Sedan,Petrol,68848,310688,48.0,0.91,2.71,4.21,3,
Toyota,2024,4,Netherlands,Land Cruiser,SUV,Electric,50581,442855,84.0,1.99,2.3,3.67,3,582
Audi,2017,4,Italy,A6,Sedan,Electric,103210,390639,19.0,1.88,1.21,3.64,9,681
Mercedes-Benz,2016,7,Mexico,EQS,Electric,Hybrid,39796,90577,12.0,1.17,2.43,11.0,2,763
Audi,2024,2,Japan,TT,Sedan,Electric,80021,172550,18.0,1.56,1.12,-0.03,7,598
BMW,2017,11,Japan,X3,Sedan,,81751,211297,118.0,1.431230519473238,1.1087341710980962,-0.184768186603793,7,355
Porsche,2024,7,Netherlands,911,Sedan,Electric,75315,307499,21.0,2.01,2.34,3.53,3,159
Toyota,2016,5,Germany,Prius,Hybrid,Petrol,24878,168041,86.0,1.97,1.93,2.81,6,1734
Mercedes-Benz,2023,6,Canada,GLE,SUV,Hybrid,59140,191066,64.0,1.23,2.28,4.26,8,272
Tesla,2024,7,UK,Cybertruck,Electric,Electric,75204,115864,12.0,1.86,1.27,4.89,8,241
Porsche,2022,8,India,Macan,SUV,Petrol,101930,131398,3.0,1.09,6.59,6.61,6,289
Tesla,2024,2,Australlia,Model 3,Electric,Electric,99334,132768,5.0,1.56,2.71,4.26,7,1695
BMW,2019,4,China,i4,Electric,Electric,77543,446659,182.0,1.1510083857492557,6.418926533639555,3.351344612104017,7,797
Volkswagen,2019,2,Japan,Passat,Sedan,Hybrid,53892,581320,68.0,1.54,0.84,0.09,4,989
Tesla,2017,11,Germany,Semi,Electric,Electric,105603,71226,19.0,1.96,1.85,3.26,10,2451
BMW,2018,12,France,iX,Electric,Petrol,118255,245889,335.0,1.8318707844411568,1.5614774646247342,3.582320886084968,6,1069
Mercedes-Benz,2018,11,India,CLA,Sedan,Electric,57049,561007,60.0,1.05,7.27,6.25,6,942
Tesla,2019,8,Germany,Model X,Electric,Electric,56537,30458,15.0,1.91,1.86,3.06,8,1325
Toyota,2017,7,UK,Yaris,Sedan,Hybrid,,234341,57.0,1.86,1.07,4.75,4,2528
Volkswagen,2021,3,Brazil,Golf,Sedan,Diesel,55137,322497,53.0,1.18,3.85,10.61,10,1406
Ford,2021,2,Netherlands,F-150 Lightning,Electric,Hybrid,80664,708127,89.0,2.0,2.56,3.54,6,1964
Toyota,2015,9,Canada,Camry,Sedan,Electric,72656,616002,35.0,1.26,1.95,3.76,6,330
Toyota,2023,11,Australia,Supra,Sedan,Petrol,53930,554549,50.0,1.59,2.79,4.01,3,2950
Ford,2024,10,Germany,Explorer,SUV,Petrol,42858,731733,55.0,1.91,2.28,3.17,5,
Volkswagen,2024,4,China,Passat,Sedan,Hybrid,34309,95964,16.0,1.09,5.9,3.74,4,1693
Tesla,2016,3,India,Model S,Electric,Electric,122333,111193,22.0,1.14,7.48,6.39,7,1560
Volkswagen,2023,8,Germany,Arteon,Sedan,Diesel,77586,572317,8.0,1.98,1.35,3.21,7,972
Tesla,2020,12,India,Model Y LR,Electric,Electric,118157,261614,22.0,1.12,7.35,6.77,9,2279
Porsche,2015,4,Italy,911,Sedan,Hybrid,143952,133938,2.0,1.81,1.43,3.76,4,149
Volkswagen,2019,10,India,Golf,Sedan,Petrol,43009,561806,25.0,1.11,7.34,6.63,5,429
Mercedes-Benz,2021,8,Germany,E-Class,Sedan,Diesel,88215,557216,63.0,1.93,1.76,3.27,9,711
Volkswagen,2020,4,France,ID.3,Electric,Electric,36542,129210,84.0,1.85,,3.32,4,528
Tesla,2015,10,India,Semi,Electric,Electric,94525,246943,14.0,1.07,7.06,6.24,1,1644
Mercedes-Benz,2016,4,Spain,EQS,Electric,Hybrid,38040,524263,32.0,1.83,1.04,3.49,9,355
Porsche,2020,7,Netherlands,Panamera,Sedan,Petrol,63990,397948,10.0,1.95,2.05,3.6,4,438
Toyota,2018,8,USA,Camry,Sedan,Electric,74699,88788,46.0,1.01,2.79,4.45,1,1045
Toyota,2020,11,China,C-HR,SUV,Petrol,54849,41664,43.0,1.09,5.92,3.67,2,379
Toyota,2018,8,India,Yaris,Sedan,Petrol,80576,65705,23.0,0.95,6.85,6.71,4,1001
Audi,2022,7,Germany,Q5,SUV,Diesel,45109,502561,16.0,1.8,2.15,2.98,6,362
Tesla,2015,6,Spain,Model S,Electric,Electric,122277,85008,29.0,,1.56,3.28,4,179
Mercedes-Benz,2016,9,China,EQS,Electric,Hybrid,85076,551829,55.0,1.11,5.59,3.55,3,183
Porsche,2023,4,UK,GTS,Sedan,Electric,77493,88229,18.0,1.81,1.44,4.87,4,
Toyota,2023,12,India,Supra,Sedan,Electric,43813,407865,47.0,0.96,6.57,6.34,9,548
Porsche,2016,7,UK,911,Sedan,Hybrid,91938,121703,,1.83,1.26,5.03,1,460
Toyota,2021,7,Spain,Prius,Hybrid,Petrol,65759,108475,34.0,1.68,0.94,3.46,7,66
Volkswagen,2016,1,India,Tiguan,SUV,Diesel,36067,,,0.99,6.87,6.58,10,1249
B M W,2024,4,USA,X5,Sedan,Hybrid,69924,395932,205.0,0.9383744332077372,2.5412665786761104,4.777795202315397,9,667
Tesla,2015,12,Italy,Cybertruck,Electric,Electric,90083,126035,32.0,1.78,0.7,3.49,3,165
Mercedes-Benz,2019,11,USA,GLS,SUV,Electric,116707,319502,9.0,0.91,2.42,4.73,1,723
Tesla,2015,7,China,Model Y LR,Electric,Electric,126181,105928,30.0,1.19,5.72,3.57,5,1342
Ford,2017,12,Canada,Mustang,Sedan,Electric,93090,738375,,1.33,2.01,3.71,9,1684
Mercedes-Benz,2023,11,Japan,CLA,Sedan,Hybrid,62517,106687,5.0,1.6,1.54,0.14,2,
Ford,2019,9,Netherlands,Explorer,SUV,Electric,26285,92320,46.0,2.1,2.12,3.31,5,835
Toyota,2023,6,Mexico,Camry,Sedan,Petrol,88747,245764,26.0,1.11,1.97,11.24,2,1239
Porsche,2021,10,India,Macan,SUV,Electric,143159,90360,17.0,1.07,7.39,6.52,9,157
Toyota,2024,1,Canada,Highlander,SUV,Electric,73789,603917,47.0,1.21,1.76,4.02,1,2020
Tesla,2024,11,Australia,Model Y LR,Electric,Electric,64120,73791,35.0,1.62,3.32,4.39,5,2466
Mercedes-Benz,2018,5,Australia,C-Class,Sedan,Diesel,62261,267370,56.0,1.55,2.77,4.02,2,978
Ford,2023,9,Canada,Bronco,SUV,Electric,62618,107691,14.0,1.4,2.09,3.88,5,3107
Volkswagen,2019,1,Spain,Tiguan,SUV,Hybrid,49219,65436,57.0,1.81,1.4,3.57,3,725
Tesla,2024,8,Germany,Model 3 LR,Electric,,117312,206507,8.0,1.81,1.35,3.07,3,209
Mercedes-Benz,2022,6,Germany,S-Class,Sedan,Diesal,118217,222990,44.0,1.87,1.69,2.86,1,441
Ford,2020,10,Canada,Explorer,SUV,Electric,37698,212325,16.0,1.34,1.99,3.8,9,3082
Volkswagen,2022,9,Canada,Golf,Sedan,,37085,156699,30.0,1.23,2.51,4.2,9,1256
Porsche,2024,8,Mexico,Cayenne,SUV,Electric,172098,162618,8.0,1.14,2.49,10.9,1,130
Tesla,2016,1,USA,Model S Plaid,Electric,Electrc,48630,272170,16.0,0.92,2.35,4.7,9,2451
Tesla,2018,1,Brazil,Model Y,Electric,Electric,98429,237033,13.0,1.22,3.26,10.35,6,386
Audi,2024,7,Brazil,A6,Sedan,Petrol,,103126,25.0,1.27,3.9,10.52,4,35
BMW,2017,10,UK,i4,Electric,Electric,97874,248110,225.0,1.7627281818573286,1.8556960938375395,5.012867413426154,4,482
Volkswagen,2015,8,USA,Touareg,SUV,Hybrid,,484610,30.0,1.05,2.69,4.62,7,1884
Toyota,2019,12,Netherlands,bZ4X,Electric,Electric,,404229,55.0,1.95,1.86,3.21,6,989
Porsche,2015,8,China,911,Sedan,Petrol,89093,210805,3.0,1.11,5.98,3.6,4,294
BMW,2015,12,USA,X5,SUV,Hybrid,83665,422454,150.0,0.9312507241573224,2.8139702695060187,4.569131662938607,2,553
Toyota,2020,3,India,Yaris,Sedan,Petrol,85441,571206,75.0,0.99,7.11,6.35,10,2371
Mercedes-Benz,2019,3,UK,C-Class,Sedan,Hybrid,74087,439418,61.0,1.87,1.44,5.18,8,361
Volkswagen,2015,11,Australia,Golf,Sedan,Petrol,54092,377158,28.0,1.58,3.22,4.46,2,202
Mercedes-Benz,2019,10,Spain,GLE,SUV,Hybrid,125937,179040,58.0,1.78,1.72,3.58,5,1215
Porsche,2017,12,Germany,Cayenne,SUV,Petrol,173621,350324,8.0,1.94,1.93,3.29,5,232
Ford,2016,4,UK,Edge,SUV,Electric,90534,582497,10.0,1.89,1.02,4.88,1,1181
Tesla,2020,4,Australia,Semi,Electric,Electric,53401,45758,11.0,1.58,3.25,3.96,6,2382
Volkswagen,2018,12,UK,Polo,Sedan,Electric,37662,285818,31.0,1.88,1.35,5.06,3,650
Audi,2021,7,Australia,e-tron,Electric,Hybrid,44416,463856,19.0,1.57,3.42,4.21,2,973
Tesla,2020,9,India,Model 3,Electric,Electric,44641,125637,12.0,1.08,7.1,6.55,9,623
Ford,2018,9,India,Explorer,SUV,Hybrid,48256,794378,117.0,1.15,6.84,6.76,2,3206
Mercedes-Benz,2016,7,Spain,CLA,Sedan,Electric,99884,,21.0,1.72,1.55,3.59,3,1295
Mercedes-Benz,2019,8,Canada,  GLC  ,,Electric,125470,99239,16.0,1.23,2.32,4.03,2,465
Ford,2016,11,USA,Edge,SUV,Hybrid,40664,176067,76.0,0.95,2.72,4.51,3,1969
Volkswagen,2017,11,Italy,Taos,SUV,Hybrid,44534,47330,30.0,,1.26,3.54,4,1416
Ford,2023,7,Germany,Ranger,SUV,Electric,65097,762478,24.0,1.86,1.34,2.85,9,2895
Audi,2021,7,USA,Q7,SUV,Hybrid,52232,202060,35.0,0.93,2.49,4.63,10,661
Ford,2019,1,USA,Ranger,SUV,Petrol,30973,605552,30.0,,2.53,4.54,4,2345
BMW,2021,12,India,5 Series,SUV,Electric,99604,123606,,1.1002750172058091,7.110225149477642,6.281212449366612,7,754
Tesla,2020,12,France,Model X,Electric,Electric,79409,169868,20.0,1.85,1.37,3.3,10,2013
Tesla,2022,6,India,Model S Plaid,Electric,Electric,81119,273674,12.0,1.11,6.97,6.74,7,1892
BMW,2023,1,Germany,X3,Electric,Petrol,41937,394572,237.0,1.8557519744829103,1.6587155254170134,3.182662324607703,6,588
Ford,2015,11,Germany,Bronco,SUV,Petrol,40139,406642,67.0,1.87,2.25,3.0,2,2938
Tesla,2022,4,China,Model X Plaid,Electric,Electric,61400,84876,38.0,1.03,5.82,3.69,1,N/A
Audi,2020,8,Germany,Q8,SUV,Hybrid,57674,360334,13.0,1.99,1.78,2.98,7,506
Toyota,2015,4,Australia,Land Cruiser,SUV,Petrol,82614,183553,67.0,1.58,2.53,4.45,7,2648
BMW,2020,5,Brazil,5 Series,Sedan,Hybrid,117821,58177,281.0,1.2529055589309437,3.407584208573817,10.696511353263782,3,654
Ford,2023,5,Spain,Escape,SUV,Electric,79721,588564,33.0,1.81,,3.66,6,1235
Toyota,2020,8,France,C-HR,SUV,Electric,77580,372572,44.0,1.72,1.92,3.55,7,525
BMW,2018,2,Japan,  i7  ,SUV,DIESEL,90421,239607,233.0,1.568542380432111,1.060233918800428,-0.0377640281692846,3,591
Porsche,2023,4,UK,Panamera Sport,Sedan,Hybrid,199143,212053,7.0,1.91,1.39,5.11,6,472
Ford,2020,2,Germany,Ranger,,Hybrid,58220,249983,119.0,1.98,1.95,3.09,9,2503
Porsche,2019,11,China,Panamera Sport,Sedan,Hybrid,193397,107322,24.0,1.14,5.88,3.38,9,446
Audi,2015,11,Japan,A4,Sedan,Diesel,43376,338512,8.0,,0.73,0.11,10,258
Ford,2020,1,Australia,Edge,SUV,Petrol,,614230,10.0,1.61,3.33,4.27,3,1971
Ford,2021,4,France,F-150 Lightning,Electric,Electric,54096,,90.0,1.77,1.19,3.57,10,2999
Toyota,2018,4,Australia,Corolla,Sedan,Electric,35458,385343,26.0,1.52,3.02,4.39,10,879
Toyota,2019,7,USA,Yaris,Sedan,Hybrid,57003,270401,31.0,1.03,2.38,4.58,2,2032
Audi,2015,3,Netherlands,Q8,SUV,Hybrid,63848,113982,17.0,2.02,2.41,3.28,8,136
Ford,2019,2,China,Mustang Mach-E,Electric,Electric,75823,570385,106.0,1.17,5.89,3.67,8,369
Volkswagen,2017,5,Netherlands,Golf,Sedan,Petrol,25633,571969,16.0,,1.73,3.3,6,2779
Tesla,2016,10,Australia,Model S,Electric,Electric,53815,53312,20.0,1.52,3.25,4.09,8,1829
Porsche,2022,12,Canada,Macan EV,Electric,Hybrid,92487,259035,11.0,1.26,2.6,3.93,2,123
Porsche,2024,12,U.S.A,Cayenne Coupe,SUV,Hybrid,131538,186578,8.0,0.97,2.3,4.48,10,64
Ford,2023,2,Brazil,Mustang,Sedan,Electric,40215,704813,95.0,1.11,3.32,10.52,8,277
Audi,2022,2,China,A3,Sedan,Petrol,62299,490311,6.0,1.01,6.16,3.61,5,1185
Porsche,2022,7,USA,GTS,Sedan,Hybrid,112314,108573,14.0,0.94,2.1,4.37,6,403
Tesla,2018,12,Australia,Cybertruck,Electric,Electric,72549,169604,17.0,1.7,2.54,4.36,2,490
Porsche,2022,4,France,718,Sedan,Petrol,115510,343460,28.0,1.75,1.18,3.6,5,7
BMW,2023,4,UK,5 Series,Electric,Diesel,65232,400514,135.0,1.8237052687447524,1.0311340828845117,5.091000095225531,10,319
BMW,2018,8,India,i7,Electric,Diesel,57504,304043,21.0,1.0364153765888393,6.724615611843852,6.423300214302508,3,387
Porsche,2020,11,Italy,Cayenne,SUV,Petrol,162558,230047,22.0,1.8,0.82,3.49,3,414
Porsche,2023,5,Spain,Macan,SUV,Hybrid,132992,337450,9.0,1.83,1.11,3.79,10,39
Porsche,2021,3,Canada,Macan,SUV,Hybrid,missing,215594,,1.35,2.22,3.94,6,14
Mercedes-Benz,2018,12,Germany,A-Class,Sedan,,110958,501623,63.0,1.83,1.75,3.15,10,662
Porsche,2021,10,UK,GTS,Sedan,Electric,105532,387441,16.0,1.8,1.38,4.7,9,8
Audi,2023,3,UK,Q8,SUV,,91971,393570,56.0,1.95,1.55,5.06,1,272
Porsche,2022,4,India,911,Sedan,Electric,72454,91220,26.0,1.12,6.87,6.47,1,160
Volkswagen,2016,9,Brazil,T-Roc,SUV,Petrol,45831,427941,54.0,1.2,3.76,10.76,5,570
Mercedes-Benz,2023,7,China,C-Class,Sedan,Diesel,81639,186157,29.0,,6.27,3.34,6,1018
Mercedes-Benz,2021,5,Canada,GLE,SUV,Petrol,89823,119120,62.0,1.34,2.35,3.85,1,243
Volkswagen,2022,7,Japan,ID.3,Electric,Hybrid,33211,235636,10.0,1.4,1.47,0.3,2,909
BMW,2021,1,Canada,iX,Electric,Electric,109694,258137,148.0,1.2164343334952856,1.965046428325004,3.712566976618548,8,410
Toyota,2024,5,Germany,bZ4X,Electric,Electric,69158,612674,97.0,1.82,1.63,2.95,10,2859
Tesla,2021,2,Brazil,Model 3,Electric,Electric,42680,116469,11.0,1.25,3.39,10.41,8,400
BMW,2023,7,Germany,X5,SUV,Petrol,74346,70045,235.0,1.95215700972338,1.4195942459383015,3.127946872333797,7,773
Ford,2015,6,India,Bronco,SUV,,32200,340201,106.0,1.05,7.31,6.74,3,2620
Ford,2018,2,USA,Expedition,SUV,Hybrid,91955,771463,46.0,0.89,2.72,4.59,3,2739
BMW,2017,4,UK,7 Series,Electric,Diesel,79439,484352,11.0,1.86724596640336,1.9472833396118152,4.792010841869648,7,420
Ford,2024,4,France,Mustang,Sedan,Hybrid,,129491,38.0,1.86,1.85,3.62,1,717
Bmw,2022,9,France,5 Series,Electric,Hybrid,64831,107939,84.0,1.8005440780184958,1.401377874164142,3.648565628105751,2,450
TOYOTA,2021,3,Spain,Supra,Sedan,Electric,20190,599474,,1.73,1.75,3.54,5,2059
BMW,2018,6,USA,X7,SUV,Electric,94470,153475,268.0,0.8853724150552327,2.522576599336745,4.379739406772324,9,733
Ford,2021,4,Australia,Expedition,SUV,Electric,82493,223984,,1.66,3.31,4.0,8,1754
Tesla,2016,10,UK,Model 3,Electric,Electrc,102935,270738,9.0,1.77,1.43,4.93,7,1522
BMW,2020,11,Germany,i4,Electric,Electric,116418,261655,323.0,1.808173723253296,,2.8153734112852025,9,654
BMW,2019,1,UK,i7,Electric,Petrol,64265,356259,31.0,1.7671316499192862,1.2741606665598058,4.747651621393392,6,231
BMW,2017,10,,7 Series,Electric,Diesel,40033,349479,390.0,1.935302677155449,2.230948695506978,3.1137160506189367,10,1118
Volkswagen,2019,10,Spain,Taos,SUV,Electric,75048,571188,74.0,1.74,1.18,3.46,4,1859
Mercedes-Benz,2023,2,USA,S-Class,Sedan,Electric,77476,364878,44.0,1.01,2.93,4.8,2,889
Telsla,2016,8,India,Model 3 LR,electric,Electric,122538,67838,29.0,1.12,6.87,6.47,7,888
Tesla,2019,11,Brazil,Model Y LR,Electric,Electric,112758,57072,18.0,1.23,3.62,10.48,3,277
BMW,2024,4,Canada,5 Series,Electric,Hybrid,49175,304817,264.0,1.3818065041331282,1.83156768512726,4.129494978809253,6,918
Ford,2020,8,UK,Mustang,Sedan,Hybrid,89137,235744,,1.8,1.37,5.28,10,1856
Mercedes-Benz,2018,10,Spain,GLS,SUV,Diesel,82052,93502,9.0,1.76,1.37,3.73,5,754
Tesla,2015,3,Mexico,Model 3,Electric,Electric,59416,225157,6.0,1.03,2.29,11.28,9,2059
Volkswagen,2019,12,India,Taos,SUV,Electric,42391,593554,89.0,1.01,7.39,6.23,9,2001
Audi,2023,7,UK,Q3,SUV,Diesel,50851,494712,24.0,1.91,1.83,4.81,4,699
Audi,2024,4,Italy,Q3,SUV,Electric,64269,113954,8.0,1.89,0.75,3.49,4,202
Volkswagen,2017,6,Canada,Taos,SUV,Petrol,52963,235405,74.0,1.31,2.34,3.8,10,988
Toyota,2021,8,India,C-HR,SUV,Petrol,49999,124740,,0.97,7.38,6.69,2,1730
Tesla,2017,8,,Semi,Electric,Electric,69078,57658,20.0,1.05,6.77,6.78,3,911
Tesla,2019,10,,Model 3,Electric,Electric,116234,132081,9.0,1.8,1.66,3.78,9,1370
TESLA,2020,3,Germany,Model Y,Electric,Electric,56866,286229,35.0,1.85,1.86,3.17,8,111
Audi,2021,11,France,e-tron,Electric,Petrol,65504,407767,53.0,1.83,1.57,3.67,9,806
BMW,2024,8,Brazil,7 Series,SUV,Electric,84768,257383,130.0,1.148386336063106,3.071775806226513,10.60957033273404,6,451
BMW,2016,9,Brazil,X1,SUV,Hybrid,114079,89041,73.0,1.2924894589884222,3.363629602379294,10.783069249632575,10,396
BMW,2020,5,India,7 Series,Sedan,Electric,109462,352666,197.0,1.1401857189005098,7.254264973347023,6.751055859287245,1,744
Mercedes-Benz,2022,6,Mexico,C-Class,Sedan,Diesel,50327,242383,30.0,1.01,1.98,10.86,9,670
Audi,2024,6,Japan,Q5,,Hybrid,83287,191494,6.0,1.54,1.58,0.38,10,1096
Volkswagen,2018,3,Brazil,T-Roc,SUV,Electric,69708,298404,45.0,1.27,3.24,10.64,9,1513
Toyota,2023,12,Canada,C-HR,SUV,Hybrid,24901,286278,48.0,1.28,2.69,3.83,9,1665
Porsche,2021,2,China,Cayenne,SUV,Hybrid,187638,293572,12.0,1.18,6.19,3.28,4,210
Toyota,2020,10,Japan,Prius,Hybrid,Electric,46956,479130,94.0,1.53,0.71,0.26,4,
Porsche,2023,5,UK,Cayenne Coupe,SUV,Hybrid,173951,254673,11.0,1.87,1.17,5.22,5,46
Volkswagen,2022,1,Brazil,Touareg,SUV,Hybrid,25612,193443,11.0,1.15,3.16,10.3,8,233
Ford,2016,9,Germny,Escape,SUV,Electric,64144,716665,64.0,1.92,1.9,3.09,9,2420
Volkswagen,2024,3,Australia,ID.3,Electric,Diesel,40880,270548,85.0,1.6,3.09,4.5,8,1214
Mercedes-Benz,2022,12,UK,E-Class,Sedan,Petrol,72137,186767,54.0,1.81,1.83,4.7,7,451
Mercedes-Benz,2020,10,BRAZIL,A-Class,Sedan,Diesel,101045,308045,8.0,1.23,3.47,10.76,6,566
Toyota,2020,11,Germany,Yaris,Sedan,Electric,55979,404501,18.0,1.82,1.93,3.16,1,2000
BMW,2021,2,India,5 Series,SUV,Electric,110163,485497,394.0,1.099087894836866,7.037106541818548,6.552104670812527,8,1237
Mercedes-Benz,2018,6,UK,GLE,SUV,Diesel,59802,293290,63.0,1.94,1.52,4.81,2,106
Ford,2021,11,Australia,Ranger,SUV,Electric,32607,440483,11.0,1.52,2.87,4.33,3,2533
Ford,2019,12,Canada,Escape,,Electric,52840,616250,105.0,1.32,1.96,3.9,7,1136
Volkswagen,2024,10,Brazil,Polo,Sedan,Diesel,71934,262110,39.0,1.26,3.12,10.49,5,1002
Audi,2019,1,Netherlands,Q5,SUV,Electric,83744,373976,42.0,1.96,1.92,3.46,2,
Mercedes-Benz,2016,2,Mexico,CLA,,Petrol,92371,485446,20.0,1.11,2.19,10.89,8,997
Toyota,2019,1,Italy,C-HR,SUV,Hybrid,46494,472965,84.0,1.77,1.22,3.42,10,2385
Tesla,2021,4,China,Model Y,Electric,Electric,47439,189793,14.0,1.03,5.51,3.79,1,1583
Ford,2018,3,Germany,Ranger,SUV,Hybrid,24105,303277,19.0,1.9,2.26,3.13,1,261
Ford,2022,11,Italy,Bronco,SUV,Hybrid,33114,568705,35.0,1.89,1.21,3.65,3,3106
BMW,2017,8,UK,iX,Sedan,Hybrid,71993,81556,240.0,1.9462594180994488,1.2601577909620512,5.138492578988438,2,766
Porsche,2016,11,Australia,GTS,Sedan,Electric,184710,293456,25.0,1.54,2.88,3.96,5,47
Mercedes-Benz,2023,4,Australia,EQS,Electric,Electric,105764,175966,55.0,1.67,3.08,4.47,3,557
Volkswagen,2023,9,UK,Polo,Sedan,Electric,46564,465793,18.0,1.76,1.03,4.73,1,2597
Mercedes-Benz,2021,4,France,A-Class,Sedan,,80188,240384,11.0,1.73,2.05,3.38,5,325
Teslla,2023,8,Germany,Model 3,Electric,Electric,104630,291368,32.0,1.81,1.62,2.72,8,117
BMW,2023,1,Brazil,X1,SUV,Electric,61478,331366,33.0,1.1374087497115046,3.279979093660284,10.661695759915162,7,360
Toyota,2017,4,Netherlands,Prius,Hybrid,Petrol,85978,78688,76.0,2.05,2.55,3.35,5,2193
Mercedes-Benz,2021,11,India,S-Class,Sedan,Hybrid,39288,471832,30.0,1.04,7.23,6.61,3,822
Volkswagen,2023,11,USA,ID.3,Electric,Hybrid,32538,127382,51.0,1.0,2.62,4.47,2,169
Tesla,2015,1,Canada,Semi,Electric,Electric,76376,33162,25.0,1.3,2.31,4.0,2,274
Mercedes-Benz,2021,10,Canada,EQE,Electric,Petrol,72495,185427,37.0,1.33,2.21,3.79,5,274
Porsche,2016,10,China,718,Sedan,Petrol,90895,81882,12.0,1.15,6.48,3.6,4,425
Tesla,2015,12,Mexico,Model Y,Electric,Electric,67403,213791,20.0,1.07,1.91,11.24,1,#N/A
Volkswagen,2017,4,Netherlands,T-Roc,SUV,Hybrid,35391,260503,65.0,2.0,2.09,3.78,8,2537
BMW,2017,7,India,iX,Electric,Diesel,96822,227169,302.0,1.0004873888688042,7.247470938133756,6.222009921734359,2,941
PORSCHE,2020,1,China,Panamera,Sedan,Electric,188775,331891,19.0,1.02,5.77,3.45,6,454
Mercedes-Benz,2018,2,Italy,GLE,SUV,Diesel,113647,208269,37.0,1.8,0.98,3.39,3,293
Tesla,2018,9,Japan,Model S Plaid,Electric,Electric,59202,155894,37.0,1.43,1.12,-0.2,7,1441
Tesla,2018,2,Japan,Model 3 LR,electric,Electric,124063,110099,8.0,1.45,1.16,0.05,3,2356
Toyota,2018,10,France,Supra,Sedan,Electric,20755,615801,77.0,1.89,2.08,3.5,6,734
Porsche,2015,8,USA,GTS,Sedan,Petrol,92511,99120,29.0,0.98,2.52,4.63,2,435
Mercedes-Benz,2023,6,Canada,S-Class,Sedan,Electric,,315031,38.0,1.38,2.02,3.75,8,698
Volkswagen,2023,3,France,T-Roc,SUV,Electric,26200,234605,87.0,1.9,1.66,3.41,2,416
Porsche,2023,9,Netherlands,GTS,Sedan,,183144,133015,9.0,2.1,1.7,3.38,7,76
Tesla,2019,11,China,Cybertruck,Electric,Electric,102103,27573,32.0,1.13,5.64,3.37,9,136
Mercedes-Benz,2023,8,UK,GLE,SUV,Electric,70560,212693,23.0,1.95,1.64,5.13,5,1278
Audi,2021,9,Italy,Q3,SUV,Electric,95778,430179,37.0,1.87,0.83,3.73,2,948
Mercedes-Benz,2016,3,Spain,EQS,Electric,Diesel,123804,340886,26.0,1.69,1.19,3.4,1,1137
Audi,2018,8,USA,A3,Sedan,Hybrid,74964,137846,56.0,1.04,2.11,4.5,6,461
BMW,2023,1,,i7,SUV,Hybrid,63379,104633,91.0,1.807885362273701,2.287668007996647,3.266435603811968,5,466
Porsche,2024,12,Canada,Taycan,Electric,Petrol,179306,264845,26.0,1.21,2.65,3.74,3,390
Porsche,2016,6,China,718,Sedan,Electric,62147,176465,26.0,1.1,6.04,3.74,8,380
Mercedes-Benz,2021,9,France,E-Class,Sedan,DIESEL,119093,314211,57.0,1.83,1.77,3.68,9,769
Porsche,2021,7,India,Macan EV,Electric,Hybrid,92842,169857,21.0,1.07,6.51,6.6,10,271
Porsche,2016,2,India,Cayenne,SUV,Electric,89120,276101,9.0,1.1,6.59,6.35,3,77
Audi,2020,6,Australia,RS6,Sedan,Hybrid,76089,392975,16.0,1.55,3.36,4.05,1,535
Ford,2016,6,Mexico,Ranger,SUV,Petrol,80197,223362,41.0,1.02,2.31,11.18,10,445
Porsche,2016,1,France,GTS,Sedan,Electric,,178188,9.0,1.86,2.0,3.57,7,255
Toyota,2022,8,China,Land Cruiser,SUV,Petrol,89823,684338,46.0,1.16,6.26,3.38,7,788
Mercedes-Benz,2022,2,Australia,E-Class,Sedan,Electric,108843,473563,46.0,1.63,2.89,4.03,2,1256
Porsche,2021,7,,Panamera Sport,,Electric,67709,382680,6.0,1.84,1.72,3.14,10,191
Bmw,2023,3,China,i7,Electric,Diesel,50540,348276,355.0,1.00610004998781,5.786541252128284,3.5544999563414064,5,1177
Toyota,2021,4,UK,Highlander,SUV,Petrole,48271,634091,17.0,1.81,1.83,4.89,9,2528
Audi,2016,2,Spain,Q7,SUV,Petrol,71783,412902,25.0,1.83,1.56,3.67,4,274
Audi,2023,3,Japan,RS6,Sedan,Electric,46447,296814,48.0,1.42,1.22,0.01,5,347
Mercedes-Benz,2019,12,Germany,CLA,Sedan,Petrol,123120,532120,13.0,1.92,1.66,2.87,6,241
Volkswagen,2015,2,Brazil,ID.3,Electric,Diesel,70547,499223,82.0,1.19,3.5,10.32,3,2765
Audi,2015,10,China,Q7,SUV,Petrol,94392,424752,22.0,1.11,5.86,3.21,3,635
Audi,2020,3,India,A4,Sedan,Hybrid,111366,490383,35.0,1.06,7.27,6.64,1,543
Ford,2019,10,Spain,Explorer,SUV,Electric,47944,372364,91.0,1.67,1.09,3.63,7,778
Porsche,2020,10,UK,718,Sedan,Electric,120388,91548,14.0,1.92,1.67,5.01,3,242
Mercedes-Benz,2019,3,australia,EQE,Electric,Diesel,53797,206235,19.0,1.62,2.96,4.39,4,100
Volkswagen,2024,12,Canada,Polo,Sedan,Diesel,,462750,46.0,1.26,1.99,4.1,10,
Porsche,2016,7,Spain,GTS,Sedan,Petrol,90049,340590,21.0,1.77,0.92,3.33,4,387
Ford,2020,9,UK,Explorer,SUV,Hybrid,37348,326114,31.0,1.94,1.42,5.17,8,
Volkswagen,2016,6,Germany,Golf,Sedan,Electric,50484,550227,11.0,1.95,2.24,2.78,4,370
Ford,2021,4,Canada,Mustang,Sedan,Petrol,66785,772286,84.0,1.23,2.69,3.92,4,1808
BMW,2021,10,CHINA,5 Series,Electric,Electric,54023,208272,83.0,1.1878135397025793,6.3747016726842,3.517362280416328,6,475
AUDI,2024,10,Mexico,A4,Sedan,Petrol,46658,326616,29.0,1.13,1.51,11.29,2,72
Tesla,2023,4,Australia,Cybertruck,Electric,Electric,,158286,38.0,1.67,3.5,4.04,10,1352
Porsche,2021,6,Brazil,Cayenne,SUV,Hybrid,102851,227367,19.0,,3.56,10.37,1,440
Mercedes-Benz,2015,1,australia,E-Class,Sedan,Petrol,108979,579903,12.0,1.57,2.98,4.18,3,558
Porsche,2024,5,Brazil,Panamera Sport,Sedan,Electrc,,106485,11.0,1.11,3.78,10.64,9,382
Volkswagen,2023,11,Canada,T-Roc,SUV,Diesel,64808,440595,61.0,1.32,2.31,3.71,5,2534
Porsche,2015,9,GERMANY,Taycan,Electric,Electric,185410,321581,25.0,1.84,2.28,3.15,10,391
Volkswagen,2018,12,Australia,Arteon,Sedan,Petrol,32484,565528,19.0,1.56,2.62,4.34,9,2498
Mercedes-Benz,2021,8,Netherlands,A-Class,Sedan,,120983,595427,17.0,1.98,2.27,3.49,6,474
BMW,2021,10,UK,iX,Electric,Electric,107227,422684,79.0,1.8235068844583064,1.398663027772313,4.787824395297349,9,380
Toyota,2021,4,Mexico,Corolla,Sedan,Petrol,21370,,49.0,1.07,2.23,10.81,4,558
Porsche,2018,6,Australia,Cayenne Coupe,SUV,,146148,326043,14.0,1.67,2.56,4.5,8,235
Tesla,2017,1,FRANCE,Model S Plaid,Electrc,Electric,101567,21111,12.0,1.74,1.52,3.78,6,2276
Tesla,2015,4,China,Model X Plaid,Electric,Electric,40973,209515,21.0,1.16,6.0,3.33,7,2193
Porsche,2024,6,USA,Macan EV,electric,Electric,,379621,22.0,0.9,2.67,4.52,10,285
Mercedes-Benz,2019,8,Japan,EQS,Electric,Hybrid,91783,108401,62.0,,1.49,0.22,3,936
Toyota,2024,8,Netherlands,Highlander,SUV,Hybrid,47488,226298,34.0,1.91,2.57,3.41,1,2403
Toyota,2020,4,Spain,Camry,Sedan,Electric,27173,629105,79.0,1.7,1.05,3.49,5,2988
Tesla,2020,4,Japan,Semi,Electric,Electric,,275641,20.0,1.4,0.92,0.35,10,37
Ford,2015,12,India,Explorer,SUV,Hybrid,37834,316899,21.0,1.04,6.88,6.2,3,2016
BMW,2023,2,UK,i7,SEDAN,Diesel,87116,247286,318.0,1.809447561541724,1.3012652607600004,5.059014490578655,2,816
BMW,2021,7,China,X7,Electric,Diesel,68672,63440,51.0,,6.454051027258722,3.563704780670528,8,187
Mercedes-Benz,2017,5,Brazil,CLA,Sedan,Petrol,127063,292866,25.0,1.19,3.05,10.62,2,84
Ford,2024,12,Netherlands,Ranger,SUV,Electric,42331,719852,117.0,2.06,2.57,3.37,3,2735
Audi,2016,7,China,Q8,SUV,Petrol,50204,182642,34.0,1.03,,3.24,10,613
Toyota,2020,8,Japan,Supra,Sedan,Hybrid,64016,179532,77.0,1.55,1.62,-0.1,6,1956
BMW,2016,9,USA,X7,SUV,Electric,118111,372245,41.0,0.8742538821700774,2.024400781556538,4.722059324340558,3,290
BMW,2018,8,India,7 Series,SUV,Diesel,79237,443922,178.0,0.9713753846189488,7.02516338366706,6.625427757033459,7,807
Tesla,2022,5,Germany,Model X,Electric,Electric,40272,207602,35.0,1.93,2.03,3.3,3,92
Porsche,2023,9,Netherlands,911,Sedan,petrol,,319199,20.0,1.9,1.77,3.33,7,177
Audi,2018,11,Japan,Q5,SUV,Petrol,84840,124818,39.0,1.4,1.11,-0.1,4,244
Porsche,2024,7,UK,Panamera,Sedan,Hybrid,121155,387167,23.0,1.79,1.65,4.87,6,269
Toyota,2016,6,China,Supra,Sedan,Petrol,30828,427488,94.0,1.07,6.11,3.64,10,1851
Ford,2024,1,Spain,Mustang Mach-E,Electric,Petrol,72428,771299,18.0,,1.46,3.72,9,3578
Tesla,2018,1,India,Model X,Electric,Electric,96273,24634,12.0,1.03,6.6,6.33,4,2133
BMW,2023,1,China,i4,Electric,Diesel,62405,412579,197.0,1.185663712517545,5.870158700255445,3.2092739699173203,5,605
Mercedes-Benz,2023,12,China,EQS,Electric,Hybrid,113167,361151,8.0,1.09,6.01,3.37,3,1263
Ford,2022,4,Spain,Explorer,SUV,Hybrid,67851,69136,51.0,1.78,,3.45,1,2814
Audi,2018,6,USA,Q3,SUV,Diesel,42365,139396,50.0,,2.67,4.6,6,1043
Toyota,2024,6,France,RAV4,SUV,Hybrid,52141,318240,35.0,1.75,1.43,3.55,9,2690
Mercedes-Benz,2017,10,USA,EQE,Electric,Petrol,68319,405268,12.0,0.88,2.27,4.73,7,570
Toyota,2018,1,Japan,Camry,Sedan,Hybrid,19095,495554,18.0,1.53,1.44,-0.04,7,390
BMW,2015,8,Australia,X1,Electric,DIESEL,65930,320001,89.0,1.5984650960002365,2.886540506823028,4.256765277320451,1,301
Porsche,2017,6,China,Panamera Sport,Sedan,Hybrid,190440,143150,22.0,1.14,6.42,3.7,3,328
Mercedes-Benz,2024,11,Germany,CLA,Sedan,Petrol,121768,521438,45.0,1.96,2.08,3.21,7,86
Tesla,2020,8,France,Model X,Electric,Electric,82975,278458,7.0,1.87,1.52,3.28,5,2126
Toyota,2022,1,USA,Prius,Hybrid,Hybrid,26682,380930,49.0,0.88,2.83,4.48,9,967
Ford,2024,8,Germany,Mustang Mach-E,Electric,Petrol,27474,432743,102.0,1.86,2.16,2.82,4,2870
Audi,2017,8,Mexico,RS6,Sedan,Petrol,63190,340940,27.0,1.09,2.49,11.03,2,38
Porsche,2020,4,USA,Macan,SUV,Electric,179340,290986,23.0,0.9,2.05,4.22,3,62
FORD,2018,10,Germany,Escape,SUV,Electric,34061,740857,67.0,1.96,1.75,3.03,10,3906
Mercedes-Benz,2020,10,Italy,E-Class,Sedan,Petrol,128954,150088,7.0,1.89,0.75,3.7,10,1017
Mercedes-Benz,2021,6,France,EQS,Electric,Electric,47502,371531,44.0,1.75,1.49,3.77,4,269
Mercedes-Benz,2020,3,Italy,A-Class,Sedan,HYBRID,76273,365001,33.0,1.87,1.38,3.47,2,81
Ford,2019,6,Spain,Explorer,SUV,,49178,163063,49.0,1.78,1.14,3.68,6,2921
Mercedes-Benz,2015,3,Canada,GLC,SUV,Hybrid,72437,252035,52.0,1.28,1.83,4.14,1,673
Tesla,2018,5,Netherlands,Model X Plaid,Electric,Electric,113202,161646,9.0,1.92,2.55,3.25,7,1574
Audi,2015,11,Australia,A3,Sedan,Hybrid,99125,188283,51.0,1.63,3.44,4.29,10,82
Volkswagen,2022,8,Canada,Polo,Sedan,Electric,34637,96123,86.0,1.3,1.85,4.28,6,505
Mercedes-Benz,2022,10,Japan,S-Class,Sedan,Hybrid,115593,388965,56.0,1.4,1.22,0.07,10,358
Toyota,2024,4,Germany,RAV4,SUV,Hybrid,50398,227617,75.0,1.95,1.43,2.76,7,1482
Audi,2016,9,India,e-tron,Electric,Petrol,95230,230232,57.0,0.98,6.52,6.42,10,531
Tesla,2016,10,Spain,Model X Plaid,Electric,Electric,40876,125578,30.0,1.77,1.64,3.79,6,1016
Ford,2020,10,Canada,Edge,SUV,Hybrid,89567,139220,102.0,,2.64,4.04,6,786
Tesla,2019,1,Mexico,Model X,Electric,Electric,53047,58656,39.0,1.05,1.63,10.83,10,1148
Porsche,2023,8,Brazil,911,Sedan,Electric,175423,115067,22.0,1.13,3.75,10.68,6,179
Volkswagen,2016,8,Brazil,Golf,Sedan,Diesel,73352,138836,89.0,1.2,3.46,10.65,9,2263
Porsche,2021,5,France,911,Sedan,Electric,199729,250091,11.0,1.88,1.72,3.34,6,358
Porsche,2024,4,Canada,Taycan,Electric,Electric,123101,349748,4.0,1.37,2.28,3.96,6,299
Ford,2016,12,Brazil,Escape,SUV,Electric,73144,736361,74.0,1.15,3.22,10.75,2,3453
BMW,2023,11,France,3 Series,Suv,Petrol,63899,200862,350.0,1.8119511367276768,1.2622334057824791,3.2075645119854554,9,1021
Volkswagen,2024,8,australia,Polo,Sedan,Hybrid,53079,191047,31.0,1.62,2.86,4.24,1,386
Toyota,2020,6,Italy,Yaris,Sedan,,46558,88989,77.0,1.84,0.69,3.45,10,237
Tesla,2020,5,Japan,Cybertruck,Electric,Electric,86005,20531,38.0,1.48,1.24,0.04,5,460
Volkswagen,2018,7,Canada,ID.4,Electric,Petrol,67678,402853,80.0,1.21,1.9,3.84,5,2328
Tesla,2022,1,Italy,Model 3 LR,Electric,Electric,,195842,35.0,1.89,1.34,3.48,10,1661
Tesla,2024,3,Italy,Model S Plaid,Electric,Electric,42922,298106,2.0,1.8,0.82,3.7,6,153
Porsche,2018,9,Italy,Macan,SUV,Hybrid,98573,114767,29.0,1.9,1.05,3.62,8,454
Ford,2021,11,Mexico,Edge,SUV,Electric,54069,264140,79.0,1.06,2.27,10.76,6,2072
Tesla,2020,10,China,Model S,Electric,Electric,113759,181273,21.0,1.15,6.28,3.32,1,60
Volkswagen,2016,7,UK,Polo,Sedan,,72904,585945,87.0,1.79,1.55,5.05,5,447
Audi,2016,3,Japan,A3,Sedan,Diesel,54470,549670,20.0,1.51,1.38,0.0,8,1063
Toyota,2023,11,GERMANY,RAV4,SUV,Hybrid,,387878,76.0,1.97,1.54,3.2,2,189
Volkswagen,2021,2,France,Polo,Sedan,Diesel,66187,335654,25.0,1.86,1.87,3.36,6,2597
Volkswagen,2023,6,Brazil,ID.3,Electric,,,200766,43.0,1.2,3.65,10.42,1,2504
Mercedes-Benz,2022,3,UK,A-Class,,Petrol,60217,360671,47.0,1.94,1.81,5.06,5,192
Volkswagen,2018,2,China,Polo,Sedan,Electric,22287,201818,52.0,1.05,5.73,3.41,7,548
Mercedes-Benz,2022,6,Japan,EQE,electric,Electric,101815,206605,59.0,1.49,1.25,-0.17,3,499
Ford,2015,2,Italy,Ranger,SUV,Petrol,60968,758971,55.0,1.79,0.95,3.47,5,2090
Volkswagen,2015,12,India,Passat,Sedan,Diesel,32369,321803,77.0,1.05,7.49,6.57,7,1238
Ford,2015,5,India,Mustang Mach-E,Electric,Hybrid,73757,564573,115.0,0.98,6.91,6.68,5,2542
Tesla,2021,12,France,Cybertruck,Electric,Electric,83278,,17.0,1.74,1.97,3.25,1,345
Audi,2022,8,Mexico,Q7,SUV,Diesel,112415,,25.0,1.02,1.86,10.8,7,245
Volkswagen,2021,7,Japan,T-Roc,SUV,Petrol,39598,200357,46.0,1.54,1.6,-0.13,2,1018
Toyota,2021,10,Germany,Supra,Sedan,Electric,,428701,75.0,1.9,2.14,3.27,8,814
Mercedes-Benz,2023,5,Netherlands,C-Class,Sedan,Electric,124849,189984,19.0,2.03,2.53,3.55,9,126
BMW,2019,1,Canada,i4,Electric,Petrol,100449,387201,314.0,1.3974552258629889,2.0764633668780497,4.186331998469099,10,844
PORSCHE,2018,6,USA,Macan,SUV,Electric,166988,137737,27.0,0.91,2.8,4.45,5,79
Toyota,2021,11,FRANCE,Camry,Sedan,Electric,65818,104893,97.0,1.88,1.73,3.69,6,2611
BMW,2018,5,Brazil,X5,Sedan,Petrol,95197,395665,191.0,1.20786844838313,3.186570058886036,10.735535399093989,2,805
Ford,2019,1,Japan,Expedition,SUV,Electric,38561,127639,14.0,1.52,0.9,0.05,3,601
Porsche,2019,1,India,911,Sedan,Hybrd,71580,208604,26.0,1.11,7.06,6.73,8,428
PORSCHE,2023,7,France,Cayenne Coupe,SUV,Hybrid,103568,229013,8.0,1.72,1.13,3.41,2,7
Volkswagen,2022,2,India,ID.4,Electric,electric,21940,61175,85.0,0.95,6.71,6.29,5,2646
Ford,2024,1,Netherlands,F-150,SUV,Hybrid,85743,582193,21.0,1.94,1.79,3.31,6,71
Audi,2020,1,Australia,A3,Sedan,Electric,38208,544319,40.0,1.51,2.75,4.35,2,908
Audi,2024,6,GERMANY,Q5,SUV,Diesel,102757,194623,51.0,1.82,1.7,2.94,7,489
Toyota,2024,2,Italy,bZ4X,Electric,Hybrid,19861,181467,71.0,1.76,0.51,3.38,5,2967
Volkswagen,2019,3,Spain,ID.4,Electric,Hybrid,74557,543805,45.0,1.71,1.1,3.74,1,879
Tesla,2023,8,Canada,Model 3 LR,Electric,Electric,54734,131813,18.0,1.22,1.97,4.16,3,1515
Ford,2017,3,Australia,Edge,SUV,Hybrid,51633,454609,105.0,1.66,3.27,4.2,8,3464
Tesla,2016,6,Canada,Model X Plaid,Electric,Electric,84314,259816,4.0,1.37,1.86,4.24,8,1308
Ford,2019,5,France,Escape,SUV,Electric,23833,87219,14.0,1.75,1.55,3.24,1,1942
Porsche,2019,9,India,Cayenne Coupe,SUV,Hybrid,168668,337829,9.0,1.12,6.62,6.71,6,272
Tesla,2023,9,Japan,Model X,Electric,Electric,74286,271261,14.0,1.42,1.22,0.11,5,51
Volkswagen,2018,1,Canada,ID.4,Electric,Diesel,61298,97636,26.0,1.22,1.98,4.02,4,1825
Toyota,2024,6,Australia,bZ4X,Electric,Hybrid,19107,498483,30.0,1.65,2.97,4.27,5,2581
Audi,2020,9,Japan,A3,Sedan,Diesel,74923,338208,11.0,1.49,1.49,0.19,9,1011
Audi,2016,10,China,Q5,SUV,Hybrid,112534,225613,22.0,,5.88,3.2,6,659
BMW,2017,2,China,X5,SUV,Diesel,,242718,278.0,1.0646743124231042,6.394190874664118,3.3151203948312458,3,896
BMW,2019,6,Brazil,X5,Sedan,Diesel,108870,383245,363.0,1.2014469617376784,3.933875017527905,10.38969366298605,1,951
Teslla,2020,7,Germany,Model 3,Electric,Electric,109067,228101,26.0,1.96,1.76,3.12,10,2494
Toyota,2016,3,Spain,Corolla,sedan,Petrol,39683,201787,68.0,1.81,0.88,3.52,6,1682
Ford,2023,3,Mexico,Mustang Mach-E,Electric,,27952,548959,31.0,1.15,2.01,11.11,3,1604
BMW,2024,6,Canada,iX,Electric,Electric,63931,314140,,1.3794220519905154,2.049209574612661,4.135573407322144,4,307
Audi,2017,10,Netherlands,RS6,Sedan,Petrol,55351,349683,41.0,2.0,2.48,3.79,5,482
Toyota,2021,1,UK,Prius,Hybrid,Hybrid,22905,239372,38.0,1.88,1.17,5.0,9,1331
Audi,2024,7,Brazil,Q5,SUV,Hybrid,95262,526825,57.0,1.25,3.95,10.22,5,516
BMW,2024,7,USA,X5,SUV,Petrol,76979,267508,310.0,0.954271400455414,2.7682734138645184,4.4506600693004,7,630
PORSCHE,2023,11,India,718,Sedan,Hybrid,104133,190768,26.0,0.97,6.6,6.39,1,291
Audi,2022,1,China,Q5,SUV,Petrol,45011,477189,41.0,1.18,5.78,3.37,4,932
Porsche,2024,2,UK,Cayenne Coupe,SUV,Petrol,63222,280113,13.0,1.87,1.2,4.84,8,334
Porsche,2022,2,Canada,GTS,Sedan,Hybrid,144278,283064,18.0,1.21,1.84,4.24,10,362
Audi,2020,8,Netherlands,A3,Sedan,Petrol,33902,481841,12.0,1.97,2.2,3.47,3,625
Volkswagen,2018,11,Germany,Taos,SUV,Petrol,55199,201179,75.0,1.95,2.1,2.71,7,2228
Volkswagen,2024,1,Japan,ID.4,Electric,Electric,27914,423842,84.0,1.54,0.89,0.12,10,1530
Volkswagen,2020,6,Germany,Golf,Sedan,Electric,47663,342793,51.0,,1.98,2.71,1,602
Volkswagen,2022,4,Australia,Golf,Sedan,Electric,63272,321574,15.0,1.61,2.72,4.37,5,2309
Volkswagen,2023,8,Mexico,Polo,Sedan,Electric,68201,322652,30.0,1.14,1.54,10.73,5,904
Audi,2020,3,UK,Q8,SUV,Diesel,69077,234554,4.0,1.81,1.34,4.7,6,635
BMW,2024,8,Brazil,i7,,Electric,62856,177536,368.0,1.190439805656687,3.0393435406685096,10.273265948406015,4,869
Volkswagen,2018,9,China,Taos,SUV,Hybrid,48926,240468,81.0,1.02,5.72,3.65,1,2526
Audi,2018,7,,A4,Sedan,Electric,43893,67884,16.0,0.92,2.24,4.64,2,933
Porsche,2017,5,Italy,Macan EV,Electric,Hybrid,173933,365131,18.0,1.84,0.97,3.5,5,96
Volkswagen,2015,3,India,Passat,Sedan,Electric,52331,264331,16.0,0.97,6.67,6.58,3,2715
Toyota,2021,1,Mexico,Supra,Sedan,Petrol,25555,57976,36.0,1.2,2.05,10.88,6,1217
Toyota,2015,4,Spain,C-HR,SUV,Petrol,85197,461172,12.0,1.81,1.25,3.78,1,2003
BMW,2018,4,GERMANY,5 Series,Sedan,Electric,38174,431186,40.0,1.8093703817055204,1.3001346930044853,3.006677483542338,9,420
Audi,2021,11,China,Q7,SUV,Electric,47472,114494,50.0,1.19,5.58,3.41,7,1128
BMW,2024,12,Brazil,3 Series,SUV,Electric,64709,292599,11.0,,,10.59820269921759,1,130
Porsche,2018,11,India,Cayenne,SUV,Electric,65996,218111,8.0,1.09,6.83,6.52,5,213
Volkswagen,2018,3,UK,Golf,Sedan,Electric,26817,337983,75.0,1.92,1.05,5.0,5,2125
Toyota,2015,2,Germany,Yaris,Sedan,Hybrid,55687,63643,30.0,2.0,2.0,2.83,4,1379
Audi,2020,8,China,Q7,SUV,Diesel,44054,69741,,1.06,6.04,3.67,2,640
Volkswagen,2017,12,Italy,Passat,Sedan,Petrol,68703,237470,62.0,1.92,1.11,3.35,8,2657
Mercedes-Benz,2021,4,Brazil,GLS,SUV,Hybrid,125453,339037,54.0,1.22,3.04,10.39,7,720
Porsche,2020,8,Italy,Macan EV,Electric,Hybrid,105704,336638,26.0,1.94,1.42,3.48,2,28
Porsche,2019,5,Canada,Cayenne,SUV,Electric,123241,120528,24.0,1.3,2.64,4.05,7,265
Volkswagen,2020,2,Spain,Golf,Sedan,Electric,,240688,60.0,1.78,,3.58,1,1064
Ford,2024,9,France,Mustang Mach-E,Electric,Petrol,59945,476007,111.0,1.75,1.27,3.68,4,3092
Tesla,2021,3,Australia,Model 3 LR,Electric,Electric,110327,213124,28.0,1.69,2.94,4.44,3,132
Toyota,2021,6,France,Highlander,SUV,Hybrid,45864,524781,19.0,1.75,1.54,3.44,2,1880
Ford,2020,3,Brazil,Escape,SUV,Petrol,56894,185110,79.0,1.25,3.96,10.62,9,654
Audi,2021,8,Italy,Q7,SUV,Petrol,38729,507544,30.0,1.88,1.47,3.79,10,547
Mercedes-Benz,2019,3,UK,C-Class,Sedan,Petrol,47285,585461,50.0,1.91,1.44,4.87,10,1258
Ford,2019,5,Canada,Edge,SUV,Hybrid,,352586,97.0,1.22,2.39,3.76,5,1201
Toyota,2018,5,Japan,Camry,Sedan,Petrol,38202,439303,74.0,1.55,1.63,0.05,9,2488
Mercedes-Benz,2023,12,Germany,S-Class,Sedan,Electric,56393,186126,9.0,1.88,1.86,2.87,4,259
Porsche,2017,2,Australlia,911,Sedan,Petrol,73677,232978,4.0,,3.14,4.1,7,316
Mercedes-Benz,2019,12,India,GLS,SUV,Hybrid,60684,515873,30.0,1.09,7.32,6.31,5,1080
Volkswagen,2021,7,Spain,Touareg,SUV,Petrol,26204,315191,72.0,1.83,1.55,3.66,5,
Toyota,2017,2,Japan,Highlander,SUV,Hybrid,53388,463628,47.0,1.54,0.92,0.26,4,1069
Ford,2016,8,UK,Ranger,SUV,Electric,32763,472482,90.0,1.95,1.89,4.79,1,3623
Ford,2021,8,INDIA,F-150 Lightning,Electric,Hybrid,43119,776014,74.0,1.13,6.78,6.69,1,1091
Audi,2018,11,Italy,TT,Sedan,hybrid,,326276,24.0,1.77,1.08,3.43,5,975
Tesla,2018,2,Mexico,Model X Plaid,Electric,Electric,97848,248667,36.0,1.03,1.78,11.06,8,1872
Tesla,2024,8,France,Model X Plaid,Electric,Electric,64652,281110,2.0,1.83,1.58,3.44,3,567
Volkswagen,2021,7,UK,T-Roc,SUV,Hybrid,43900,395306,59.0,1.94,1.18,5.05,5,1180
Porsche,2018,2,Frnce,GTS,SEDAN,Electric,155493,155617,22.0,1.74,1.96,3.37,9,231
Ford,2018,8,Canada,Expedition,SUV,petrol,35986,787166,29.0,1.33,2.67,4.14,8,3100
BMW,2019,1,GERMANY,i4,SUV,PETROL,75475,131268,200.0,1.9136617206670945,2.149223410494178,3.094567735380206,3,610
Volkswagen,2017,10,Canada,ID.3,Electric,Electrc,48847,533458,54.0,1.37,,4.18,5,2458
Porsche,2024,1,USA,Cayenne Coupe,SUV,Hybrid,151259,281835,16.0,0.92,2.8,4.41,2,192
Volkswagen,2022,4,India,ID.4,Electric,,26993,382875,56.0,0.99,6.68,6.32,7,878
Volkswagen,2022,12,Canada,T-Roc,SUV,Petrol,50034,139096,85.0,1.29,1.9,3.76,1,650
Tesla,2015,10,Spain,Semi,Electric,Electric,112840,85062,26.0,1.71,0.82,3.26,4,283
Porsche,2015,12,USA,Taycan,Electric,Hybrid,106794,160007,7.0,0.94,,4.28,6,203
Porsche,2019,5,Spain,Panamera,Sedan,Hybrid,147472,105989,22.0,1.66,1.68,3.46,6,354
Toyota,2022,7,USA,Prius,Hybrid,Petrol,80066,476339,12.0,0.94,2.73,4.43,10,2580
Ford,2019,10,Mexico,Edge,SUV,Petrol,86520,176327,50.0,1.06,2.22,10.88,10,2874
Tesla,2015,12,Mexico,Model Y,Electric,Electric,109414,124753,37.0,1.12,2.48,11.23,1,2073
Ford,2024,2,Italy,Explorer,SUV,Electric,44126,375768,74.0,1.83,0.76,3.5,9,795
Audi,2018,12,Spain,A4,Sedan,Hybrid,98248,444373,23.0,1.82,1.39,3.44,7,1186
Mercedes-Benz,2017,12,USA,GLS,SUV,Petrol,88962,143614,26.0,0.95,2.56,4.43,4,912
Porsche,2020,9,Australia,Cayenne,suv,Hybrid,61829,210227,10.0,1.62,3.0,4.31,1,194
Ford,2021,4,France,Edge,SUV,Petrol,75431,708382,63.0,1.89,1.91,3.73,9,1851
Tesla,2017,12,Brazil,Model Y LR,Electric,Electric,116198,288564,23.0,1.13,3.84,10.21,8,
BMW,2021,7,France,i7,SUV,Hybrid,115820,95689,331.0,1.7053022621083245,1.1705687474004298,3.585451566923789,5,1055
Ford,2017,5,USA,Ranger,SUV,Petrol,34345,264687,41.0,0.95,2.6,4.25,2,3366
Ford,2024,1,Australia,Ranger,SUV,Hybrid,72141,645983,15.0,1.55,3.13,4.26,6,3556
Toyota,2017,8,Spain,Corolla,Sedan,Electric,60634,515133,68.0,1.73,1.39,3.28,8,475
Volkswagen,2018,10,Mexico,ID.4,Electric,Diesel,43015,318979,44.0,1.0,2.41,10.88,3,2104
Volkswagen,2024,2,Germany,T-Roc,SUV,Hybrid,21958,395485,87.0,1.92,1.55,2.74,6,2168
Porsche,2020,11,Spain,718,Sedan,Petrol,98264,173803,22.0,1.73,1.58,3.51,7,74
Mercedes-Benz,2017,9,USA,GLE,SUV,Diesel,62722,359772,40.0,0.89,2.62,4.25,5,565
Toyota,2021,2,Japan,Yaris,Sedan,Hybrid,21705,387922,19.0,,1.6,0.1,3,642
Audi,2020,9,China,e-tron,Electrc,Petrol,57543,117580,45.0,1.1,5.76,3.44,1,1023
Audi,2023,2,Germany,Q7,SUV,Diesel,72955,338212,34.0,1.83,1.49,3.15,8,503
Volkswagen,2016,2,Italy,ID.3,Electric,Diesel,56500,427737,26.0,1.75,1.12,3.26,3,2586
BMW,2024,3,Canada,iX,Sedan,Petrol,58283,396479,135.0,1.393964209015709,2.473473125686601,3.77852419643101,6,355
Teslla,2018,3,Australia,Model S,Electric,Electric,48231,234388,10.0,1.62,3.1,4.49,3,723
BMW,2017,8,AUSTRALIA,X1,Electric,Electric,82975,,321.0,1.5080218382824966,2.8710387629846026,4.5425897382416345,5,652
Mercedes-Benz,2022,6,Australia,E-Class,Sedan,Petrol,41339,515399,48.0,1.61,3.19,4.51,4,1227
Ford,2016,3,Germany,Expedition,SUV,Hybrid,31417,179031,64.0,1.98,1.82,3.14,6,1738
BMW,2017,12,Japan,X3,Sedan,Electric,40974,236720,279.0,1.5184815569319037,1.1951465270139745,0.0883519463959887,4,
Ford,2024,6,Australlia,F-150,SUV,Hybrid,45606,295955,95.0,1.55,3.07,4.2,6,1740
Volkswagen,2018,7,Canada,Taos,SUV,diesel,45002,219141,66.0,1.2,2.39,3.71,9,1296
BMW,2016,2,Japan,5 Series,SUV,Hybrid,42797,,398.0,1.5110863411205255,1.6997176732861303,0.3979821022443432,8,1026
Mercedes-Benz,2019,2,India,E-Class,Sedan,Hybrid,113790,127548,12.0,1.02,7.45,6.45,1,732
BMW,2017,1,USA,i4,Sedan,Hybrid,96816,221128,30.0,1.0201742135582994,2.858412751843012,4.457396416425011,6,373
Toyota,2021,3,,C-HR,SUV,PETROL,45969,427898,62.0,1.92,1.34,5.12,10,1653
Tesla,2020,10,China,Model S Plaid,Electric,Electric,127604,137883,38.0,1.14,6.03,3.68,7,1162
Mercedes-Benz,2015,10,Japan,CLA,Sedan,,86405,163946,11.0,1.41,1.52,0.26,8,1186
Mercedes-Benz,2021,11,Canada,A-Class,Sedan,Hybrid,128034,204869,7.0,1.34,2.15,3.76,3,922
Audi,2015,11,France,Q8,SUV,PETROL,82190,292325,54.0,1.72,1.37,3.75,4,302
BMW,2021,1,Australia,X1,SUV,Petrol,82234,315372,96.0,1.646398788362281,2.8745401188473627,4.520428583845949,8,324
BMW,2015,4,UK,X3,SUV,Electric,53157,107786,,1.853665930472748,1.9900538501042635,4.784050409141915,8,667
Volkswagen,2020,3,Canada,ID.4,Electric,Hybrid,41173,84164,58.0,1.34,2.04,3.99,1,931
Ford,2018,11,USA,F-150 Lightning,Electric,Electric,91542,98468,95.0,1.06,2.9,4.25,10,2889
Mercedes-Benz,2024,9,China,CLA,Sedan,Petrol,39418,176606,12.0,1.16,6.01,3.55,7,419
Tesla,2016,5,Canada,Model S,Electric,Electric,111517,60730,5.0,1.27,2.1,3.74,3,1568
Volkswagen,2020,5,Italy,ID.3,Electric,Petrol,45159,369116,52.0,1.89,1.36,3.32,2,1646
Volkswagen,2020,2,China,Golf,Sedan,Electric,69421,340435,61.0,1.07,5.78,3.39,1,1359
Mercedes-Benz,2017,9,France,EQS,Electric,Hybrid,91112,108021,8.0,1.78,1.82,3.53,10,496
Ford,2021,8,Japan,Explorer,SUV,Electric,51813,731041,55.0,1.44,,0.13,4,413
Mercedes-Benz,2019,8,Spain,CLA,Sedan,Petrol,35239,132025,44.0,1.77,1.79,3.41,2,1046
Porsche,2017,5,Brazil,Cayenne Coupe,SUV,Petrol,73892,265204,24.0,1.28,3.42,10.53,3,134
Tesla,2015,9,Canada,Model S,Electric,Electric,124127,206071,21.0,1.27,2.27,3.78,5,2208
Toyota,2020,4,,Supra,Sedan,Hybrid,46727,584864,16.0,1.24,3.3,10.58,10,629
Porsche,2024,2,Germnay,Macan,suv,Electric,199165,275052,8.0,1.98,2.16,2.77,3,338
BMW,2017,3,China,5 Series,Electric,Hybrid,108755,296983,243.0,1.079518879592559,5.919727316926123,3.583115568598452,9,578
Porsche,2023,3,India,718,Sedan,Electric,139261,398661,8.0,1.09,6.63,6.31,1,213
Mercedes-Benz,2021,12,Germany,A-Class,Sedan,Petrol,41591,217287,27.0,1.95,1.9,3.09,2,1013
Tesla,2023,12,UK,Model X Plaid,Electric,Electric,113274,26484,13.0,1.83,1.09,5.1,2,263
Mercedes-Benz,2024,6,,A-Class,Sedan,Petrol,109561,226209,,1.75,1.13,3.41,8,1239
BMW,2017,5,USA,X5,Sedan,Petrol,108984,210212,241.0,1.0482286227396145,2.969878826707639,4.225895947170345,8,472
Porsche,2020,2,Australia,718,Sedan,Petrol,177066,161515,13.0,1.51,3.37,4.4,9,206
Mercedes-Benz,2021,7,UK,EQS,Electric,Electric,33687,427335,54.0,1.87,1.16,5.17,2,207
BMW,2019,7,UK,i4,Electric,Diesel,36073,132018,264.0,1.9164268355915484,1.160759896048308,5.190780214471437,1,880
Volkswagen,2018,3,Germany,Taos,SUV,Diesel,56878,477516,83.0,1.96,1.93,2.7,2,41
Ford,2020,1,USA,Edge,suv,Hybrid,70417,522140,88.0,1.02,2.1,4.3,9,3092
Mercedes-Benz,2019,5,China,A-Class,Sedan,Electric,,460478,53.0,1.08,5.9,3.23,10,1101
Toyota,2032,12,India,RAV4,SUV,PETROL,83885,321625,68.0,1.03,6.91,6.69,1,148
BMW,2015,8,China,5 Series,SUV,Hybrid,40583,240715,29.0,1.0374823888195166,5.57940658464303,3.6388978942042174,6,417
Porsche,2019,12,France,Cayenne Coupe,SUV,Hybrid,98090,166294,21.0,1.78,,3.64,3,464
BMW,2017,12,USA,X3,SUV,Petrol,100364,152877,179.0,1.0132301348446386,2.3113076991560035,4.566200269986551,6,639
Mercedes-Benz,2019,1,India,GLE,,Electric,93587,526793,40.0,1.04,7.49,6.65,2,763
Porsche,2023,4,Mexico,911,Sedan,Hybrid,166707,223595,12.0,1.11,2.37,10.78,6,412
Tesla,2017,10,Germany,Model 3,Electric,Electric,106270,216616,4.0,1.98,1.82,3.24,9,2269
Porsche,2015,12,UK,GTS,Sedan,Hybrid,108538,212570,17.0,1.82,1.21,4.78,8,150
Tesla,2015,6,Japan,Cybertruck,Electric,Electric,39724,75068,32.0,1.54,1.09,0.14,4,2264
Mercedes-Benz,2016,1,Spain,GLS,SUV,Electric,82322,185766,55.0,1.7,1.78,3.29,2,950
Volkswagen,2016,3,UK,Polo,Sedan,Electric,49423,299730,51.0,1.81,1.53,4.92,6,549
Ford,2019,6,Brazil,F-150,SUV,Electric,82494,,111.0,1.2,3.1,10.7,7,195
Ford,2015,6,Australia,Explorer,SUV,Hybrid,43623,518126,114.0,1.5,3.22,3.95,1,332
Toyota,2016,5,France,Camry,Sedan,Petrol,56808,60879,93.0,1.79,1.51,3.56,10,
BMW,2015,1,China,X5,SUV,Petrol,83517,190021,311.0,1.0228191569775869,6.108527272696467,3.409703823252092,8,662
Audi,2018,1,Japan,e-tron,Electric,Electric,38032,469171,13.0,1.57,1.1,0.15,1,101
Ford,2022,10,India,Mustang Mach-E,Electric,Petrol,23797,647071,77.0,1.06,7.13,6.73,9,2156
Porsche,2021,5,Brazil,Macan,SUV,Hybrid,155180,274656,22.0,1.12,3.99,10.24,1,186
Toyota,2016,12,Japan,Land Cruiser,SUV,Electric,78137,623178,47.0,1.41,0.76,0.36,7,1070
Ford,2020,8,USA,Bronco,SUV,Electric,44400,292668,54.0,0.87,2.44,4.28,9,3824
Tesla,2022,12,UK,Cybertruck,Electric,Electric,87682,48122,20.0,1.76,1.32,5.16,1,1014
Tesla,2021,11,Australia,Model Y,Electric,Electric,,155105,27.0,1.56,3.09,4.35,3,2317
BMW,2021,3,Japan,X7,Sedan,Diesel,46350,,270.0,1.5590372389537408,1.2163003483011954,-0.0062261162352524,1,944
Bmw,2021,5,UK,X5,Sedan,Diesel,75718,290056,380.0,1.8338895987914627,1.9464565131504048,5.235534936491884,10,1088
Volkswagen,2022,8,Brazil,Touareg,SUV,Diesel,35891,138511,16.0,1.29,3.87,10.75,1,453
Audi,2020,2,Germany,Q5,SUV,Hybrid,36813,343847,22.0,1.97,1.66,2.86,5,1014
Porsche,2015,11,Australia,Panamera Sport,Sedan,Electric,101119,102969,6.0,1.65,2.68,4.2,5,52
Porsche,2023,4,USA,718,Sedan,Electric,75270,291971,8.0,1.06,2.35,4.29,4,227
Volkswagen,2015,9,China,Taos,SUV,Electric,66328,49938,,1.01,6.04,3.37,5,2428
Volkswagen,2015,5,Mexico,Taos,SUV,Hybrid,41985,321574,60.0,1.18,1.75,10.85,10,118
BMW,2020,6,China,7 Series,,Diesel,52576,84409,153.0,1.1108708105022802,6.454865280663194,3.642738150017461,8,728
BMW,2015,11,Germany,5 Series,Electric,Petrol,81032,231323,10.0,1.845435911404703,1.474881437175959,3.213442355343472,4,247
Porsche,2021,12,Italy,Cayenne Coupe,SUV,Hybrid,186684,348196,8.0,,1.16,3.79,10,262
Volkswagen,2017,10,Canada,Polo,Sedan,Hybrid,53422,228359,69.0,1.32,2.07,4.06,7,94
Volkswagen,2019,12,Brazil,Taos,suv,Diesel,28525,329664,51.0,1.19,3.99,10.68,6,2754
Ford,2015,2,France,Explorer,,Electric,78092,157299,30.0,1.74,1.11,3.32,9,3672
Toyota,2015,2,Brazil,Highlander,SUV,Hybrid,30012,204812,22.0,1.22,3.23,10.29,6,2402
BMW,2023,6,Japan,7 Series,SUV,Petrol,--,481723,288.0,1.4637733636642278,1.6166352358412073,0.0585911323079777,10,869
Porsche,2022,9,Australia,Cayenne Coupe,SUV,Hybrid,77690,"$137,814",7.0,1.6,2.76,4.22,9,124
Toyota,2016,9,Mexico,bZ4X,Electric,Hybrid,73623,502598,22.0,1.18,2.27,11.04,7,1990
Tesla,2024,5,Mexico,Model X,,Electric,89547,252146,11.0,1.13,2.31,11.05,3,2107
Volkswagen,2022,1,Canada,Arteon,Sedan,Electric,56198,207535,89.0,1.34,2.02,3.92,2,
Audi,2016,10,France,RS6,Sedan,Diesel,85347,178513,31.0,1.83,1.97,3.41,3,171
Toyota,2024,6,India,Prius,Hybrid,Electric,34154,274453,97.0,1.1,7.06,6.44,4,710
BMW,2018,1,Japan,3 Series,Electric,Petrol,95610,73548,224.0,1.5588050378540592,1.034905614657086,-0.1164367564019676,8,685
Toyota,2015,9,UK,Yaris,Sedan,Electric,38916,441622,42.0,1.78,1.65,4.84,1,2336
AUDI,2018,7,UK,Q3,SUV,Petrol,93943,300954,28.0,1.75,1.46,4.97,2,774
Porsche,2022,5,Spain,718,Sedan,Hybrid,129343,293709,21.0,1.85,1.55,3.64,8,90
Toyota,2015,7,Australia,bZ4X,Electric,Electric,48095,510455,10.0,1.69,2.64,4.03,4,865
Volkswagen,2023,8,Spain,Taos,SUV,Electric,50842,535812,,1.8,1.6,3.57,8,60
Audi,2015,12,Japan,Q7,SUV,,100632,92670,22.0,1.57,1.35,-0.03,7,990
Audi,2016,1,Australia,Q8,SUV,Petrol,33680,411047,27.0,1.54,3.42,4.31,1,947
Volkswagen,2016,9,USA,ID.4,Electric,Electric,39074,325750,35.0,0.87,2.99,4.3,10,2469
Toyota,2018,3,India,Yaris,Sedan,Hybrid,60331,258444,51.0,1.14,6.86,6.62,8,280
BMW,2024,5,Brazil,X3,Sedan,Hybrid,63022,90633,382.0,1.2390289108095187,3.9877855202148873,10.28186385153404,3,935
Tesla,2020,3,Japan,Model 3,Electric,Electric,39801,164091,38.0,1.57,1.27,0.38,8,412
Audi,2016,8,Canada,A3,Sedan,Electric,63039,420948,53.0,1.38,2.34,3.76,2,559
Mercedes-Benz,2022,12,Brazil,CLA,Sedan,Diesel,83831,368933,56.0,1.19,3.13,10.63,10,1051
Audi,2022,6,China,A6,Sedan,Petrol,87631,"$284,438",37.0,1.02,5.77,3.27,5,340
Ford,2023,3,UK,Bronco,SUV,Electric,63339,432687,73.0,1.76,1.38,4.74,8,2669
Toyota,2016,8,China,Highlander,SUV,Electric,19571,695795,26.0,1.02,5.66,3.52,7,2146
Volkswagen,2020,5,France,Golf,Sedan,Diesel,32468,421590,21.0,1.81,1.17,3.69,7,1123
Ford,2024,3,Netherlands,Ranger,SUV,Electric,55595,656037,67.0,2.02,2.4,3.64,5,3948
Tesla,2023,7,France,Model 3 LR,Electric,Electric,127299,240503,10.0,1.81,1.96,3.41,3,1039
Mercedes-Benz,2017,3,China,EQS,Electric,Electric,81811,67603,5.0,1.04,5.6,3.36,8,327
Mercedes-Benz,2016,12,Australia,CLA,Sedan,Diesel,61067,196890,24.0,1.6,3.01,4.21,6,365
Audi,2017,9,Mexico,TT,Sedan,,102024,308580,46.0,1.06,2.07,11.29,8,229
Porsche,2022,1,Germany,Cayenne Coupe,SUV,Petrol,60545,388590,16.0,1.92,1.97,3.18,6,288
Tesla,2017,3,Germany,Model S,Electric,Electric,77773,291858,33.0,1.94,1.81,3.14,5,296
Porsche,2024,10,Italy,Cayenne Coupe,SUV,Petrol,178041,342809,25.0,1.92,0.9,3.6,9,335
Mercedes-Benz,2020,4,Canada,GLC,SUV,Electric,60479,60131,12.0,1.36,2.57,3.84,1,1215
Tesla,2015,12,Italy,Semi,Electric,electric,120134,255228,16.0,1.78,0.95,3.31,4,105
Toyota,2016,4,Japan,RAV4,SUV,Electric,46260,616906,65.0,1.42,1.23,0.37,2,1247
Audi,2021,3,China,Q7,SUV,Electric,42327,225800,11.0,1.09,5.55,3.46,8,1197
Toyota,2018,6,USA,C-HR,SUV,Hybrid,23376,77969,21.0,1.0,2.21,4.37,5,1373
Volkswagen,2021,8,India,T-Roc,SUV,Hybrid,4601604,147590,39.0,1.14,6.85,6.48,1,1741
Ford,2022,4,Australia,F-150,SUV,Electric,84811,736097,93.0,1.56,2.73,4.11,8,2385
Porsche,2019,12,Japan,Cayenne,SUV,Petrol,169731,395289,3.0,1.54,0.94,-0.08,7,401
Porsche,2020,6,Brazil,GTS,Sedan,Petrol,,139297,3.0,1.27,3.33,10.27,9,413
Ford,2024,12,Italy,Ranger,SUV,Electric,48317,395392,84.0,1.93,,3.22,9,3142
Volkswagen,2020,10,USA,Tiguan,SUV,Petrol,41553,170497,57.0,0.92,2.01,4.21,10,1118
Mercedes-Benz,2019,1,Spain,EQE,Electric,Diesel,57943,448469,6.0,1.81,1.43,3.29,1,500
PORSCHE,2019,7,Germany,Panamera Sport,Sedan,Hybrid,76454,212001,11.0,1.8,1.93,3.1,2,260
Tesla,2022,2,USA,Model 3 LR,Electric,Electric,73026,110411,10.0,0.97,2.29,4.56,1,
Toyota,2022,12,Germany,bZ4X,Electric,Hybrid,89116,431255,24.0,1.9,2.02,2.73,5,610
Mercedes-Benz,2021,3,France,EQE,,Diesel,126902,95944,43.0,1.79,1.48,3.68,5,114
BMW,2022,6,Japan,X1,SUV,hybrid,106139,486442,38.0,1.5312957214663006,1.448073179429532,0.2870618728540826,1,407
Ford,2022,3,Australia,Edge,SUV,Hybrid,48637,78691,54.0,1.52,2.62,3.96,7,3271
BMW,2017,12,China,3 Series,Electric,Petrol,117936,291532,58.0,1.0794574581120735,6.346452291734519,3.2764931973991893,9,441
Audi,2017,11,Italy,e-tron,Electric,Petrol,90243,429384,46.0,1.94,0.93,3.21,9,582
Porsche,2019,11,Japan,GTS,Sedan,Petrol,108047,164926,17.0,1.43,0.9,-0.19,5,224
Ford,2022,5,Netherlands,Edge,SUV,Electric,36021,99973,77.0,1.96,2.48,3.33,1,1553
Toyota,2021,10,Australia,Highlander,,Petrol,82374,78010,25.0,1.6,3.19,4.03,2,2276
Toyota,2023,9,France,Corolla,Sedan,Hybrid,63766,495571,68.0,1.75,1.26,3.33,2,1781
Volkswagen,2020,8,China,Golf,Sedan,Hybrid,76215,438544,37.0,1.02,6.39,3.36,4,1696
Toyota,2023,7,Germany,Camry,,Hybrid,55988,233377,33.0,1.91,2.01,2.72,10,1761
Toyota,2016,7,Canada,Yaris,Sedan,Electric,74204,443821,56.0,1.4,1.8,3.99,1,1796
Porsche,2018,6,Japan,Cayenne,SUV,Hybrid,113939,168721,14.0,,1.47,0.35,10,195
Audi,2021,7,Australia,Q8,SUV,Electric,59570,469175,42.0,1.52,3.23,4.51,5,431
Tesla,2016,2,Brazil,Model Y,Electric,Electric,125098,122781,25.0,1.11,3.05,10.5,9,1086
BMW,2018,3,Brazil,X3,Sedan,Petrol,67966,146952,224.0,1.2436246152452988,3.764883261542128,10.687791443229656,7,480
Toyota,2016,11,Italy,Camry,SEDAN,Petrol,61239,128683,45.0,1.77,0.85,3.72,7,2915
BMW,2017,8,Japan,3 Series,Sedan,Hybrid,65063,,65.0,1.5074791205875846,1.033499171691144,0.0389012161545659,8,245
Mercedes-Benz,2017,11,France,S-Class,Sedan,Diesel,70469,250875,23.0,1.76,1.42,3.32,10,648
Porsche,2024,10,Japan,Cayenne,SUV,Petrol,161999,382522,17.0,1.54,1.52,0.33,3,111
Tesla,2022,5,Mexico,Model X,Electric,Electric,91964,275333,15.0,1.01,2.08,11.28,3,2457
Toyota,2021,3,China,Highlander,SUV,Petrol,65855,410503,87.0,1.03,6.41,3.55,2,1848
Volkswagen,2022,11,Mexico,Golf,Sedan,Hybrid,45568,,62.0,1.11,2.19,11.05,9,963
Toyota,2016,8,India,Prius,Hybrid,Hybrid,36590,186812,24.0,1.12,6.8,6.44,9,2997
Toyota,2018,3,Netherlands,Yaris,Sedan,Petrol,,351437,50.0,1.91,2.13,3.47,4,
Volkswagen,2015,12,Italy,Touareg,SUV,Electric,76053,307530,32.0,1.82,1.32,3.27,6,1465
Volkswagen,2018,1,Mexico,Touareg,SUV,Diesel,41191,101437,70.0,1.18,1.68,11.28,3,854
Ford,2021,8,France,Bronco,SUV,Hybrid,41740,,95.0,1.83,1.14,3.56,8,3474
Audi,2022,10,France,TT,Sedan,Electric,95200,445543,54.0,1.74,1.33,3.74,3,157
Audi,2021,3,Netherlands,TT,Sedan,Petrol,114163,157903,33.0,2.09,2.39,3.8,5,1185
Tesla,2016,1,Australia,Semi,Electric,Electric,100568,146699,36.0,1.61,2.74,4.35,1,997
Tesla,2015,5,Brazil,Model S,Electric,Electric,64815,298053,23.0,1.12,3.22,10.45,7,1429
BMW,2022,2,Brazil,5 Series,SUV,Electric,100679,65994,212.0,1.1793107363979929,3.8000034817636816,10.531624245431129,1,614
Volkswagen,2021,11,Australia,Tiguan,SUV,Hybrid,38960,599040,26.0,1.7,3.09,4.39,8,599
Toyota,2018,4,Italy,RAV4,SUV,Petrol,61427,178504,47.0,1.93,1.07,3.74,3,2786
Mercedes-Benz,2018,10,,GLS,SUV,Diesel,67786,552123,6.0,1.34,1.76,4.16,7,424
BMW,2017,11,Canada,X5,Electric,Hybrid,61928,260387,378.0,1.3873915646062125,2.060136407471519,3.7525856480583033,9,798
BMW,2017,1,USA,iX,Electric,Hybrid,69635,79777,113.0,1.0035609366452811,2.902894995191988,4.711358324634709,7,533
Porsche,2015,7,Brazil,Panamera,Sedan,Hybrid,87171,349187,21.0,1.28,3.83,10.63,4,228
Volkswagen,2021,6,India,Touareg,SUV,Electric,30636,405441,75.0,0.95,7.21,6.24,1,473
Mercedes-Benz,2015,10,China,A-Class,Sedan,Hybrid,77223,98451,52.0,1.19,6.23,3.24,5,
Toyota,2017,12,India,Highlander,SUV,Hybrid,67190,179501,13.0,1.12,7.47,6.48,3,484
Mercedes-Benz,2020,10,Mexico,S-Class,Sedan,Hybrid,107073,112353,26.0,1.2,1.57,11.27,10,1091
Ford,2017,7,China,F-150 Lightning,Electric,Petrol,74548,461669,114.0,1.03,6.19,3.76,10,3204
Porsche,2018,7,Brazil,Panamera,Sedan,Petrol,124942,,29.0,1.27,3.0,10.55,1,168
Porsche,2018,10,UK,Taycan,Electric,Hybrid,188362,287266,11.0,1.88,1.45,4.71,9,382
Tesla,2024,12,Australia,Semi,Electric,Electric,41667,73613,15.0,1.51,3.49,4.16,10,1531
Volkswagen,2020,9,India,Golf,Sedan,Hybrid,68779,563963,58.0,,7.12,6.77,9,1459
Tesla,2018,6,France,Model Y,Electric,Electric,127205,218174,6.0,1.85,1.93,3.7,7,87
Audi,2023,4,China,Q3,SUV,DIESEL,114635,"$92,926",29.0,1.07,6.29,3.66,4,966
BMW,2023,9,,i4,SUV,Electric,80212,437356,124.0,1.1130409182520984,3.7720124763099903,10.216300452735336,7,519
Volkswagen,2016,4,USA,T-Roc,SUV,Petrol,41784,444307,76.0,0.96,2.26,4.45,7,2249
BMW,2017,5,India,X1,Sedan,Diesel,54810,96705,167.0,1.0238561540431084,7.013854464206768,6.505334333354633,6,663
Ford,2015,11,UK,Ranger,SUV,Hybrid,86959,388560,67.0,1.87,1.87,5.24,9,3989
BMW,2023,2,China,3 Series,SUV,Diesel,42008,294754,274.0,1.03542213588141,5.524315966431454,3.587283377544301,6,691
Tesla,2015,12,Spain,Model X Plaid,Electric,Electric,115985,294559,,1.72,1.59,3.31,2,74
Audi,2015,8,Mexico,RS6,Sedan,Petrol,84034,141030,7.0,1.01,1.73,11.23,8,408
Porsche,2016,4,Japan,Macan EV,Electric,Electric,,211462,11.0,1.59,0.74,-0.02,6,66
Audi,2021,7,Japan,A3,Sedan,Diesel,96967,424344,6.0,1.53,0.93,0.13,6,1072
Tesla,2018,11,India,Model X,Electric,Electric,70187,229252,9.0,0.99,7.2,6.64,9,1573
Toyota,2023,8,Netherlands,Highlander,SUV,Petrol,36094,120126,13.0,2.03,2.59,3.36,7,863
Volkswagen,2024,9,Japan,Polo,Sedan,Diesel,26007,120059,49.0,1.59,0.89,-0.18,10,1760
Volkswagen,2015,8,Netherlands,Tiguan,SUV,Petrol,38661,532131,54.0,2.04,2.07,3.76,9,1375
BMW,2016,11,USA,X1,Electric,Diesel,77624,215837,115.0,1.0060456484862583,2.650325686346937,4.319725470557487,7,433
Toyota,2018,12,India,Highlander,SUV,Electric,24288,315181,,0.98,6.81,6.33,10,1082
Audi,2015,6,USA,Q8,SUV,Petrol,,327717,9.0,0.98,2.24,4.32,4,1189
Audi,2021,3,Germany,Q7,SUV,Electric,76266,381447,6.0,1.97,1.36,2.98,2,870
Mercedes-Benz,2021,12,Netherlands,EQS,Electric,Electric,110218,273178,34.0,1.91,2.01,3.52,1,1147
BMW,2021,7,Germany,iX,Suv,Petrol,114878,53089,112.0,1.8202943085732064,1.9064290596595896,2.705518230969978,7,453
Mercedes-Benz,2030,4,USA,A-Class,Sedan,Electric,89523,498735,24.0,1.01,2.4,4.6,2,411
Bmw,2021,4,USA,7 Series,Electric,Diesel,36466,182371,381.0,0.9919128667959792,2.284840494377468,4.22213216841272,3,992
Mercedes-Benz,2020,4,UK,GLE,SUV,Diesel,90744,202902,44.0,1.79,1.78,5.16,5,1063
Volkswagen,2022,2,Australia,Tiguan,SUV,Electric,40884,399104,57.0,1.61,2.84,4.34,4,987
Audi,2015,5,Italy,TT,sedan,Electric,102782,305666,45.0,1.88,1.33,3.75,4,272
Toyota,2023,10,Japan,Prius,Hybrid,Petrol,56008,388498,78.0,1.59,1.42,0.15,2,1108
Volkswagen,2015,7,India,ID.4,electric,Diesel,75434,131687,30.0,1.09,6.81,6.4,6,851
Tesla,2020,9,Brazil,Model Y LR,Electric,Electric,72010,217004,2.0,1.28,3.94,10.73,4,2134
Audi,2018,10,Japan,TT,Sedan,Electric,87228,528491,14.0,1.43,1.02,0.39,2,1039
Toyota,2018,6,UK,RAV4,SUV,Hybrid,88546,688924,30.0,1.84,1.27,4.94,2,246
BMW,2018,5,Japan,iX,SUV,Hybrid,106042,411185,44.0,1.501522075736891,1.0236792364042435,0.05526186316985,6,152
Mercedes-Benz,2019,5,China,E-Class,Sedan,Hybrid,127966,287197,35.0,1.16,6.22,3.55,8,1184
BMW,2016,10,USA,i7,Sedan,Electric,77431,239518,188.0,0.9554215577252512,2.110051924527677,4.336761097525165,7,543
Ford,2015,2,Netherlands,Escape,SUV,Hybrid,60673,591495,67.0,2.08,2.54,3.64,2,3693
Ford,2020,1,USA,Edge,SUV,Hybrid,,240515,64.0,1.03,2.53,4.26,10,256
Mercedes-Benz,2019,2,Australia,E-Class,Sedan,Petrol,37599,492632,41.0,,2.99,4.4,2,274
Audi,2022,5,Mexico,RS6,Sedan,,108536,380077,,1.07,2.32,10.87,10,951
Toyota,2019,9,Canada,Yaris,Sedan,Electric,24988,119575,62.0,1.29,2.27,4.27,8,2938
Toyota,2023,10,Australia,RAV4,SUV,Hybrid,39965,520172,59.0,1.69,3.17,4.43,5,1458
Porsche,2018,7,Italy,GTS,Sedan,Hybrid,95814,301953,13.0,1.78,0.91,3.53,8,20
Tesla,2019,9,Canada,Model Y LR,Electric,Electric,126447,19195,24.0,1.35,2.46,4.13,7,1866
Mercedes-Benz,2020,3,Italy,GLC,SUV,Electric,44129,"$128,114",36.0,1.76,0.52,3.63,7,364
Porsche,2020,6,India,Cayenne,SUV,Hybrid,60668,393263,6.0,1.08,6.54,6.46,4,372
BMW,2020,11,Australia,i7,Electric,Electric,109328,389499,120.0,1.631996809206836,3.377339353380981,4.1047649766290935,2,453
Volkswagen,2017,12,Australia,Touareg,SUV,Hybrid,25843,415218,20.0,1.56,3.21,4.34,1,718
Tesla,2017,2,Mexico,Model S,Electric,Electric,42646,283550,32.0,1.07,2.03,11.15,8,1338
BMW,2021,3,Germany,3 Series,SUV,Hybrid,49678,282259,245.0,1.8547253332563327,1.983295376606505,2.967541623826049,3,875
BMW,2024,12,UK,5 Series,Electric,Hybrid,96078,446108,252.0,1.9400474707641608,1.9173135754622428,4.782091178551377,6,630
Volkswagen,2023,11,UK,Taos,SUV,Diesel,59283,495866,17.0,,1.18,4.71,4,2712
Ford,2017,7,Canada,Ranger,SUV,Hybrid,58044,338325,107.0,1.25,1.78,4.29,9,3327
BMW,2015,7,Brazil,3 Series,SUV,Diesel,44927,498013,382.0,1.1927396809879964,3.277381182981133,10.312872695834256,9,923
Toyota,2016,3,Spain,Prius,Hybrid,Hybrid,76270,85068,35.0,1.69,0.81,3.41,10,165
Tesla,2021,1,Germany,Model 3,Electric,Electric,70780,30717,30.0,1.96,1.87,2.87,9,1415
Porsche,2020,7,China,Macan EV,Electric,Petrol,144095,303269,14.0,1.1,6.0,3.53,4,463
Mercedes-Benz,2017,6,NETHERLANDS,GLE,SUV,Diesal,121230,63339,53.0,2.09,1.69,3.3,9,1233
Toyota,2018,4,Germany,Corolla,Sedan,Hybrid,82752,93931,96.0,1.83,1.9,3.3,8,435
Mercedes-Benz,2017,6,China,A-Class,Sedan,Electric,71527,192450,31.0,1.09,6.24,3.78,7,430
BMW,2020,7,UK,i7,SUV,Petrol,100776,328011,214.0,1.8703846862030264,1.4345959608587118,5.164327793438094,1,714
Audi,2016,2,Spain,RS6,Sedan,Hybrid,36690,390448,21.0,1.82,1.48,3.75,8,570
BMW,2016,5,Canada,X5,Sedan,Electric,78066,296103,30.0,1.3607207070883072,1.7834640849893837,4.229449821044403,7,187
Toyota,2015,4,Japan,Land Cruiser,SUV,Electric,50568,601527,80.0,1.46,0.97,0.16,10,2561
Volkswagen,2020,1,Canada,Polo,Sedan,Petrol,,269413,9.0,,,3.98,5,2480
Ford,2018,9,Australia,Edge,SUV,Petrol,34657,130099,25.0,1.65,2.95,4.07,7,1302
Ford,2020,3,Australia,Ranger,,Petrol,54560,473357,119.0,1.55,3.47,4.37,8,3047
Volkswagen,2017,5,Germany,Touareg,SUV,Electric,60740,573461,83.0,2.0,1.47,3.27,10,1819
Porsche,2022,5,UK,Taycan,Electric,Electric,156049,250722,13.0,1.92,1.95,5.22,2,222
Ford,2023,8,Spain,Mustang,Sedan,Electric,22151,783087,39.0,1.74,1.53,3.55,8,1172
Tesla,2017,7,Netherlands,Cybertruck,Electric,Electric,123800,41295,22.0,2.01,2.17,3.69,3,269
Volkswagen,2024,9,Italy,Passat,Sedan,Petrol,75583,441444,81.0,1.87,1.2,3.35,4,2381
Audi,2016,1,Canada,Q5,SUV,Hybrid,61881,495297,41.0,1.34,2.29,4.24,7,189
Tesla,2017,2,Italy,Model 3 LR,Electric,Electric,109985,199632,17.0,1.82,0.61,3.32,9,2436
BMW,2020,35,UK,3 Series,SUV,Electric,111896,301842,25.0,1.8378299633267496,1.1092642103096213,5.212377180173253,6,396
Volkswagen,2015,8,Mexico,Polo,,,73447,371285,70.0,1.19,2.03,11.18,7,1898
Porsche,2019,1,Canada,Macan EV,Electric,Electric,93932,295650,22.0,1.25,1.93,4.03,2,234
Tesla,2020,7,Canada,Model X,Electric,Electric,128842,192161,37.0,1.3,1.94,4.01,7,737
Toyota,2017,12,GERMANY,C-HR,SUV,Petrol,36696,443228,13.0,1.9,2.22,2.93,8,2909
Audi,2023,1,UK,Q3,SUV,Diesel,68300,92295,55.0,1.77,1.68,4.98,4,1106
Volkswagen,2020,2,UK,ID.4,Electric,Petrol,27998,103321,43.0,1.85,1.98,4.78,1,1245
Tesla,2020,12,Australia,Model 3 LR,Electric,Electric,92557,260684,1.0,1.53,2.96,4.35,4,514
Mercedes-Benz,2021,8,Canada,GLE,SUV,Diesel,91060,283636,62.0,1.33,2.31,3.83,2,712
Porsche,2023,1,India,911,,Petrol,145974,381808,5.0,1.14,7.04,6.52,2,400
Telsla,2016,8,Australia,Model X Plaid,Electric,Electric,115756,263833,30.0,1.55,2.68,4.13,8,2112
Tesla,2022,12,France,Model 3 LR,Electric,Electric,100116,71902,32.0,1.85,1.11,3.5,7,572
BMW,2017,1,USA,3 Series,Sedan,,39603,431028,255.0,,2.706475726486901,4.218951686895386,2,778
Volkswagen,2016,9,Japan,Passat,Sedan,,34800,511869,19.0,1.51,0.95,0.21,2,1240
Porsche,2022,8,Italy,Cayenne,SUV,petrol,114083,204129,22.0,1.84,0.65,3.65,7,173
Ford,2020,6,Netherlands,Ranger,SUV,Petrol,27783,628225,56.0,1.98,2.44,3.33,1,3267
BMW,2022,1,USA,X7,Sedan,Diesel,91809,442007,280.0,1.0371960241024412,2.0253507434154576,4.777589048806755,1,947
Volkswagen,2018,3,China,ID.3,Electric,Petrol,62321,353192,79.0,1.17,6.07,3.28,2,1367
Mercedes-Benz,2015,4,Canada,GLC,SUV,Petrol,103316,543171,12.0,1.4,1.91,3.71,3,1287
Mercedes-Benz,2017,10,Italy,GLS,SUV,Electric,54689,564065,25.0,1.75,1.06,3.77,3,226
Porsche,2023,3,Spain,Cayenne,SUV,Hybrid,112102,107804,2.0,1.73,1.28,3.69,5,216
Toyota,2021,5,USA,Corolla,Sedan,Electric,42848,353446,46.0,0.94,2.32,4.31,5,2844
Audi,2016,9,India,TT,Sedan,Electric,45582,486229,18.0,0.97,7.16,6.59,10,113
Volkswagen,2019,5,Mexico,Tiguan,SUV,,79048,377981,62.0,1.17,1.61,11.06,3,629
BMW,2023,4,Germany,X5,Electric,Electric,110318,351407,74.0,1.8239524263638505,1.5114480069965448,2.896498411306749,5,532
Tesla,2021,2,Netherlands,Model 3,Electric,Electric,110160,226151,36.0,2.1,2.16,3.74,1,1006
Toyota,2020,9,Japan,Land Cruiser,SUV,Electric,21267,110314,83.0,1.51,0.89,0.04,7,1889
Toyota,2015,10,Australia,C-HR,SUV,Hybrid,60148,262974,45.0,1.67,3.38,4.45,6,2595
Porsche,2015,9,Australia,Macan EV,Electric,Electric,84463,373181,27.0,1.61,3.3,4.22,3,238
Tesla,2023,6,Canada,Model X,Electric,Electric,102884,,29.0,1.26,2.39,4.23,7,1746
Volkswagen,2020,2,Germany,ID.3,Electric,Diesel,55242,290744,55.0,1.91,1.44,3.14,2,1333
BMW,2019,12,Canada,i7,Electric,Petrol,52653,423145,173.0,1.271632543606568,2.371700684405857,4.070876944274738,3,599
Volkswagen,2019,5,Japan,Touareg,SUV,Diesel,49811,394231,62.0,1.55,1.46,0.37,3,2122
Toyota,2023,10,Germany,bZ4X,Electric,Petrol,69054,558276,17.0,1.81,2.12,3.22,7,
Volkswagen,2023,11,Canada,T-Roc,SUV,Petrol,72851,349413,77.0,1.27,2.25,3.77,9,2759
Volkswagen,2020,10,Mexico,Arteon,Sedan,Electric,64217,532610,88.0,1.13,1.53,10.95,7,1171
BMW,2022,6,China,i7,SUV,Diesel,111298,332803,290.0,1.1303922519005205,6.048733789366586,3.615137118615616,8,847
BMW,2023,6,India,X7,SUV,Diesel,103968,451821,153.0,1.1354355638958906,7.164911724487218,6.677269976473838,4,601
Toyata,2021,12,Spain,C-HR,SUV,Hybrid,22421,203063,88.0,1.69,,3.46,6,2702
Audi,2018,3,Netherlands,Q3,SUV,HYBRID,107290,400625,54.0,1.96,2.43,3.54,8,977
FORD,2021,1,Japan,Edge,SUV,Petrol,,607741,74.0,1.57,1.67,0.19,10,1918
Ford,2018,5,Spain,Mustang Mach-E,Electric,Electric,89277,55943,90.0,1.7,1.11,3.25,2,3784
Volkswagen,2016,3,Japan,Tiguan,SUV,Petrol,63134,343703,,1.43,1.61,-0.12,1,1828
Volkswagen,2017,11,Italy,Touareg,SUV,Hybrid,56547,238555,68.0,1.94,0.53,3.63,5,102
BMW,2019,9,China,X5,Sedaan,Electric,40801,446343,118.0,1.03339061774944,6.203857091634331,3.2026179617901853,2,716
BMW,2019,1,Japan,i4,Sedan,Hybrid,84056,153986,76.0,1.427765434529882,0.8280458389577724,-0.1088583838926234,10,419
Ford,2018,6,Spain,Explorer,SUV,Hybrid,60881,,47.0,1.77,0.93,3.31,7,1835
Ford,2015,2,France,F-150,SUV,Hybrid,28791,335044,46.0,1.89,1.18,3.47,5,3503
Tesla,2018,10,Spain,Model Y,Electric,Electric,106440,28396,38.0,1.66,1.13,3.61,6,30
Toyota,2020,1,Brazil,Highlander,SUV,Petrol,36535,579089,28.0,1.19,3.66,10.54,6,1035
Tesla,2020,6,India,Model S,Electric,Electric,42873,49665,19.0,1.07,7.3,6.54,2,543
Tesla,2015,5,USA,Model X,Electric,Electric,122099,232913,39.0,0.87,2.08,4.77,5,1206
Toyata,2021,5,Italy,Land Cruiser,SUV,Petrol,26877,348426,95.0,1.86,1.36,3.35,4,1284
Audi,2015,5,China,RS6,Sedan,Diesel,58405,528481,46.0,1.17,5.69,3.75,4,873
PORSCHE,2018,11,Netherlands,Cayenne Coupe,SUV,Hybrid,123800,183925,25.0,2.09,1.69,3.38,2,254
Toyota,2021,10,Spain,RAV4,SUV,Hybrid,68579,549429,45.0,1.67,1.52,3.38,9,2006
Tesla,2024,11,Spain,Model X Plaid,Electric,Electric,58747,236206,8.0,1.74,1.66,3.78,10,1754
Volkswagen,2024,9,France,Golf,Sedan,Diesel,29476,536059,63.0,1.78,1.68,3.66,10,1838
Audi,2018,7,Australia,TT,Sedan,Petrol,78019,367806,27.0,1.65,2.61,4.53,3,821
BMW,2016,7,Germany,X1,Sedan,Electric,113002,101482,126.0,1.8567551811597447,1.731659546229679,2.776548181677338,9,318
Toyota,2024,2,Germany,bZ4X,Electric,Hybrid,53077,562037,83.0,2.0,1.35,3.12,4,730
Tesla,2015,6,India,Model S Plaid,Electric,Electric,42425,158331,9.0,1.07,6.64,6.46,3,1312
Audi,2018,2,India,A4,Sedan,Hybrid,110439,326360,55.0,1.09,7.22,6.69,4,231
Mercedes-Benz,2022,6,India,EQS,Electric,Electric,112564,410323,30.0,1.05,6.76,6.65,3,606
Porsche,2022,5,Frnce,Cayenne,SUV,Petrol,179353,259836,20.0,1.86,1.46,3.25,10,326
Tesla,2019,10,UK,Model X,Electric,Electric,78165,193003,16.0,1.82,1.95,4.95,10,269
Mercedes-Benz,2017,2,Japan,EQE,Electric,Hybrid,59119,378918,41.0,1.45,1.49,0.27,3,217
Porsche,2015,3,China,718,Sedan,Electric,189029,257836,5.0,1.2,6.35,3.5,6,111
Mercedes-Benz,2022,2,Netherlands,GLE,SUV,Electric,86240,265188,41.0,1.96,1.84,3.26,1,517
Volkswagen,2015,11,Netherlands,Touareg,SUV,Hybrid,42043,393987,77.0,2.06,2.2,3.49,1,747
BMW,2019,9,USA,X7,Sedan,Petrol,119517,138741,213.0,0.8765052358982504,2.626220321631416,4.278746926609433,3,517
Ford,2022,10,Germny,Mustang Mach-E,Electric,Petrol,31327,726446,67.0,1.9,1.91,2.87,7,1116
Volkswagen,2015,5,Netherlands,ID.3,Electric,Hybrid,68375,127358,29.0,1.9,2.31,3.3,5,641
BMW,2024,7,Japan,X3,Suv,Electric,76910,474429,225.0,1.4141864432267548,1.2062660594952028,0.1804624188257988,1,686
Mercedes-Benz,2017,5,Australia,EQS,Electric,Hybrid,63017,301904,29.0,1.57,2.79,4.13,1,1279
BMW,2015,11,UK,3 Series,SUV,Hybrid,38775,238788,332.0,1.8643744542454368,1.839802285635617,4.930299771159826,10,
Mercedes-Benz,2017,5,Netherlands,GLS,SUV,Hybrid,46827,266355,38.0,2.03,,3.6,8,118
Toyota,2020,11,Netherlands,  Highlander  ,SUV,Hybrid,29989,253588,19.0,2.04,1.9,3.79,6,2455
Volkswagen,2017,3,Japan,ID.3,Electrc,Electric,61584,129196,87.0,1.43,1.68,-0.14,8,1048
Tesla,2019,3,USA,Model 3 LR,Electric,Electric,66529,133098,13.0,1.03,2.04,4.34,1,2290
Toyota,2024,8,China,Corolla,Sedan,Electric,22922,341849,69.0,1.08,5.81,3.27,9,923
BMW,2015,10,Germany,5 Series,SUV,Petrol,80760,380724,362.0,1.937680479285547,2.0281887562036034,2.997294789723719,1,961
Toyota,2016,6,Japan,Camry,Sedan,Electric,,87353,53.0,1.53,,0.26,1,1811
Tesla,2019,3,Japan,Semi,Electric,Electric,54769,15835,18.0,1.4,1.33,0.01,2,2465
Toyota,2017,9,Brazil,C-HR,SUV,Hybrid,19383,470316,14.0,1.19,3.61,10.48,10,2940
Mercedes-Benz,2015,3,Brazil,A-Class,Sedan,Diesel,106677,520611,63.0,1.24,3.72,10.44,3,361
Tesla,2022,6,Germany,Model Y LR,Electric,Electric,73777,49550,20.0,1.98,1.65,3.09,7,863
Volkswagen,2022,10,Brazil,ID.4,Electric,Electric,38817,306703,23.0,1.14,3.34,10.65,6,1931
Tesla,2021,5,Canada,Cybertruck,Electric,Electric,121923,230601,5.0,1.31,1.72,3.72,9,1763
Porsche,2016,4,Brazil,Panamera Sport,Sedan,Electric,181159,206147,20.0,1.19,3.59,10.22,8,235
Mercedes-Benz,2023,7,Italy,E-Class,Sedan,Hybrid,102367,576852,30.0,1.89,1.4,3.52,6,628
Tesla,2018,9,Japan,Model Y,Electric,Electric,55068,148431,16.0,1.46,1.64,0.19,10,1230
Ford,2021,3,Japan,Explorer,SUV,Hybrid,77109,616693,20.0,1.42,1.06,0.13,8,2476
Toyota,2024,11,Italy,RAV4,SUV,Electric,77511,,18.0,1.79,0.89,3.41,5,2738
Ford,2015,10,Mexico,Bronco,SUV,Petrol,69623,172957,61.0,1.19,1.63,10.85,4,2607
Mercedes-Benz,2021,9,Mexico,S-Class,Sedan,Petrol,57460,301232,12.0,1.2,1.5,10.72,6,283
Audi,2021,9,Italy,A6,Sedan,PETROL,79363,492676,4.0,1.84,1.43,3.41,2,496
Mercedes-Benz,2023,7,Spain,EQE,Electric,Petrol,113698,277900,24.0,1.81,1.37,3.34,7,649
Ford,2021,6,China,Mustang Mach-E,Electric,Petrol,52438,538185,74.0,1.01,5.64,3.33,4,1394
Audi,2015,8,Brazil,  e-tron  ,Electric,Diesel,47627,87953,14.0,1.19,3.12,10.3,5,503
BMW,2016,11,Germany,i4,Electric,Hybrid,65573,344499,111.0,1.9355128723684565,1.340775141554764,3.054535765912945,10,578
Toyota,2019,11,Netherlands,Supra,Sedan,Electric,65627,558957,62.0,2.09,1.86,3.33,7,2509
Volkswagen,2020,12,France,Arteon,SEDAN,Hybrid,39223,389023,17.0,1.88,1.75,3.36,9,927
Porsche,2017,10,USA,Taycan,Electric,,150349,118137,10.0,0.88,2.88,4.23,7,
Mercedes-Benz,2015,4,Brazil,S-Class,Sedan,Electric,86711,592663,48.0,1.12,3.87,10.33,1,1014
Ford,2019,12,Brazil,Escape,SUV,Electric,27204,642718,105.0,1.16,3.02,10.28,9,699
Volkswagen,2020,6,USA,ID.3,Electric,Hybrid,79330,291446,38.0,0.94,2.06,4.22,9,1977
Tesla,2015,6,Netherlands,Model X Plaid,Electric,Electric,116384,248336,13.0,1.97,2.54,3.5,6,2229
Mercedes-Benz,2017,10,Spain,CLA,Sedan,Electric,72518,565952,27.0,1.66,1.06,3.28,7,870
Volkswagen,2022,11,Germany,ID.3,Electric,Diesel,43068,129779,69.0,1.8,1.62,3.1,10,633
Audi,2017,5,India,Q5,SUV,Petrol,56693,344330,27.0,0.99,6.57,6.35,3,375
Toyota,2024,5,Netherlands,Camry,Sedan,Hybrid,83251,539532,98.0,2.08,2.05,3.52,1,2335
Volkswagen,2016,10,Italy,Arteon,,Electric,51668,160614,38.0,1.88,0.72,3.68,9,2185
BMW,2018,12,Japan,X5,Electric,Diesel,102946,171361,396.0,1.4193068940390885,1.4036859774607957,0.1244190859869462,10,869
Ford,2021,1,UK,F-150 Lightning,Electric,Petrol,91321,506558,0.0,1.87,1.15,5.18,8,3343
Volkswagen,2017,6,China,Tiguan,SUV,Diesel,29324,300328,35.0,1.06,5.74,3.64,5,2095
BMW,2021,5,Japan,i7,SUV,Electric,38084,264839,81.0,1.4433479600181551,1.4368737449441822,0.3176782465259371,8,267
Tesla,2019,6,Japan,Semi,Electric,Electric,53852,177453,9.0,1.55,1.32,0.24,10,
Audi,2016,10,Spain,Q3,SUV,Diesel,88724,63727,33.0,1.82,1.79,3.8,3,761
Telsla,2023,9,India,Cybertruck,Electric,Electric,93045,32773,35.0,1.08,6.82,6.23,4,1552
Porsche,2021,3,Frnce,GTS,Sedan,Electric,,93861,10.0,,1.19,3.53,7,202
BMW,2015,9,Australia,X7,SUV,Diesel,65607,165260,181.0,1.6603456166139583,3.370969123746085,4.3784521592794565,1,588
Audi,2018,1,France,TT,Sedan,Petrol,95097,141544,22.0,1.82,1.46,3.34,10,282
BMW,2021,10,China,i4,Sedan,Petrol,80203,165819,0.0,1.0537354718769891,5.925213504469234,3.2134815849920706,2,514
Audi,2024,5,Netherlands,Q5,SUV,Petrol,103340,347580,52.0,2.03,2.57,3.51,1,831
Tesla,2018,7,Spain,Model Y,Electric,Electric,67087,255147,20.0,1.68,1.17,3.44,1,2074
BMW,2015,7,China,i4,Sedan,Electric,111976,287989,,1.1540814835615587,5.823610219149542,3.4931859142427992,5,552
Audi,2017,12,,A3,Sedan,Diesel,71961,379149,14.0,1.96,1.62,3.02,4,648
BMW,2020,7,Canada,i4,Sedan,Petrol,53984,294172,196.0,1.2720100931801956,2.344149221475916,3.7289116074359776,4,545
Toyota,2015,3,Italy,Supra,Sedan,Hybrid,53037,309601,18.0,1.87,0.53,3.73,10,841
Volkswagen,2015,11,USA,Arteon,Sedan,Electric,41010,375172,80.0,0.96,2.58,4.79,9,-458
Ford,2017,2,Netherlands,Edge,SUV,Hybrid,47232,496016,100.0,1.97,2.06,3.54,6,2155
Porsche,2020,1,Canada,Taycan,Electric,Petrol,169994,339997,13.0,1.22,2.24,3.83,10,272
Tesla,2023,2,Brazil,Model 3 LR,Electric,Electric,109371,102901,7.0,1.23,3.09,10.78,6,1590
BMW,2015,3,Canada,7 Series,Electric,Diesel,85494,359044,,1.2310480491861426,2.1007630608753263,4.03578419878493,6,100
Volkswagen,2024,8,Australia,ID.4,Electric,Hybrid,68654,566643,89.0,1.62,3.22,4.22,8,2626
Volkswagen,2023,10,Australia,Golf,Sedan,Petrol,55563,399328,63.0,1.62,2.78,4.1,2,523
Tesla,2024,3,India,Semi,Electric,Electric,59610,212900,2.0,1.05,6.96,6.61,6,1735
BMW,2018,6,India,i7,SUV,Hybrid,42987,149477,109.0,1.040947971126772,7.139119937815501,6.720750976712013,4,296
Porsche,2019,2,Canada,Panamera Sport,Sedan,Electric,192573,378324,3.0,1.4,2.34,3.88,8,304
Ford,2018,1,Spain,Mustang,Sedan,Hybrid,73429,721908,94.0,,1.15,3.31,1,1293
Volkswagen,2020,9,UK,Polo,Sedan,Petrol,55122,124986,71.0,1.95,1.34,4.74,2,1188
Toyota,2019,2,Spain,Supra,Sedan,Petrol,34870,167860,30.0,1.77,0.84,3.23,6,2140
Toyota,2018,4,China,RAV4,SUV,Electric,,66558,16.0,1.17,5.52,3.55,4,2154
BMW,2022,10,Germany,5 Series,SUV,Petrol,,115439,214.0,1.992562071414805,2.104906776841439,2.710803933360273,5,597
Audi,2021,6,USA,Q7,SUV,Diesel,56823,278925,10.0,0.97,2.57,4.74,1,966
Tesla,2021,9,Canada,Cybertruck,Electric,Electric,76821,274980,26.0,1.34,1.77,4.14,1,1423
Tesla,2016,2,USA,Model 3 LR,Electric,Electric,62543,46029,28.0,1.06,2.02,4.34,10,2112
Tesla,2021,1,,Model 3 LR,Electric,Electric,63556,264314,4.0,1.73,1.82,3.3,7,470
Toyota,2024,9,USA,Land Cruiser,SUV,Electric,55358,282828,99.0,0.97,2.44,4.8,1,2592
Volkswagen,2022,7,Brazil,Golf,Sedan,Diesel,38526,71678,66.0,1.29,3.53,10.4,5,2705
Tesla,2024,7,Netherlands,Model S,Electric,Electric,67509,144909,26.0,1.99,2.31,3.63,2,33
Tesla,2016,4,Germany,Model 3 LR,Electric,Electric,122441,208967,27.0,1.88,1.99,3.29,7,1443
Mercedes-Benz,2022,8,Australia,GLS,SUV,Hybrid,33422,559311,11.0,1.54,2.83,4.17,10,141
Mercedes-Benz,2020,6,Australia,E-Class,Sedan,Petrol,87849,446373,11.0,,2.64,3.99,7,979
Porsche,2021,2,India,Taycan,Electric,Electric,189739,92058,15.0,1.13,7.04,6.71,5,100
Porsche,2021,9,Brazil,Panamera,Sedan,Electric,181256,386582,15.0,1.15,3.66,10.47,1,114
Audi,2017,8,Canada,Q8,SUV,Electric,N/A,337819,12.0,,2.03,4.05,1,944
BMW,2015,10,France,X7,Sedan,Petrol,67634,490977,284.0,1.7819257789790464,1.440604166581292,3.2430271333085905,10,849
Tesla,2017,4,UK,Model S Plaid,Electric,Electric,97246,87693,37.0,1.9,1.15,5.29,8,824
Tesla,2024,9,France,Model X Plaid,Electric,Electric,99592,150858,1.0,1.87,1.8,3.24,8,303
Mercedes-Benz,2019,11,Japan,CLA,Sedan,Petrol,90755,538761,29.0,1.43,1.33,0.05,6,793
Ford,2017,1,Australia,Escape,SUV,Hybrid,55497,555903,34.0,1.69,3.01,4.33,4,1125
BMW,2023,4,UK,3 Series,Sedan,Diesel,114481,410971,394.0,1.7821616102834998,1.6635017691080558,4.703036950307731,7,1190
Tesla,2021,9,Spain,Model 3 LR,Electric,Electric,89370,64800,14.0,1.85,1.09,3.29,5,2366
Toyota,2021,12,Canada,bZ4X,Electric,Hybrid,45786,457482,58.0,1.2,1.95,4.01,1,1669
Mercedes-Benz,2020,4,Spain,EQS,Electric,Diesel,126025,391236,20.0,1.83,0.83,3.35,7,105
Tesla,2017,6,Spain,Semi,Electric,Electric,120607,183974,28.0,1.66,1.56,3.55,8,1176
Tesla,2023,11,Spain,Model X,Electric,Electric,121284,190254,34.0,1.68,1.46,3.71,2,127
Mercedes-Benz,2023,7,Spain,GLE,SUV,Hybrid,39890,173828,18.0,1.68,1.07,3.26,9,620
Audi,2016,10,Australia,A6,Sedan,Diesel,93952,254994,40.0,1.58,3.49,4.16,9,921
Porsche,2022,3,Canada,Panamera,Sedan,Electric,195144,395240,24.0,1.26,2.2,3.96,10,229
Volkswagen,2022,5,Australia,ID.4,Electrc,Hybrid,74018,107103,85.0,1.69,3.36,4.35,5,
Ford,2016,3,Japan,Expedition,SUV,Electric,63608,135266,17.0,1.45,1.16,0.4,4,3323
Tesla,2024,1,Canada,Model S,Electric,Electric,101967,40564,16.0,1.31,2.27,4.07,4,1695
Ford,2023,6,Canada,Escape,SUV,Petrol,81520,186443,29.0,1.31,2.39,3.71,2,2115
Audi,2016,2,Italy,Q8,SUV,Hybrid,41456,96556,22.0,1.88,1.45,3.67,9,385
Audi,2018,2,Canada,A3,Sedan,Diesel,82757,"$173,535",50.0,1.24,2.03,4.06,7,404
Volkswagen,2016,8,Canada,Passat,Sedan,Hybrid,43511,46824,60.0,1.36,2.68,3.92,7,2435
Volkswagen,2023,4,India,Passat,Sedan,Hybrid,46015,240529,30.0,1.08,7.41,6.38,7,686
Audi,2022,8,China,A6,Sedan,Diesel,80203,294421,43.0,1.04,5.84,3.38,8,539
Tesla,2023,11,China,Model 3 LR,Electric,Electric,114529,,9.0,1.07,,3.42,9,807
Porsche,2019,5,France,Panamera,Sedan,Petrol,120490,142862,22.0,1.79,1.39,3.41,1,
BMW,2023,7,USA,3 Series,Sedan,Petrol,97532,438227,113.0,1.0033728515092208,2.5155960285792505,4.493307948154152,8,517
Mercedes-Benz,2023,2,Canada,A-Class,Sedan,Electric,119650,293733,37.0,1.38,2.09,4.23,5,630
Toyota,2024,9,France,Corolla,Sedan,Electric,52547,612287,32.0,1.88,1.96,3.22,8,-87
FORD,2015,11,Spain,Expedition,SUV,Electric,60787,706014,59.0,1.72,0.98,3.43,3,1542
Mercedes-Benz,2019,3,USA,C-Class,Sedan,Diesel,73150,205831,17.0,1.01,2.42,4.31,5,857
Volkswagen,2021,1,Australia,Polo,Sedan,Hybrid,59665,377463,81.0,1.66,2.71,4.47,1,282
BMW,2016,2,USA,7 Series,Sedan,Hybrid,115960,464627,381.0,0.9843544704096644,2.829286799316756,4.7273873401693605,9,805
Tesla,2018,12,,Model 3,Electric,Electric,84137,72380,1.0,0.9,2.48,4.44,3,
Toyota,2017,9,Italy,C-HR,SUV,Electric,22582,235348,38.0,1.8,1.16,3.65,6,1593
Porsche,2020,3,Mexico,Cayenne Coupe,SUV,Hybrid,151670,125668,12.0,1.06,1.55,10.79,9,285
Tesla,2018,10,France,Model S,Electric,Electric,84613,185450,24.0,1.85,1.92,3.22,9,1960
Volkswagen,2016,11,Mexico,Arteon,Sedan,Petrol,28890,"$527,548",13.0,1.19,1.9,10.8,6,2764
Porsche,2019,10,Italy,Panamera,Sedan,Hybrid,80055,216698,22.0,1.79,,3.29,10,
Volkswagen,2024,7,USA,T-Roc,SUV,Petrol,27969,344292,69.0,0.92,2.22,4.62,7,
BMW,2017,9,France,X7,Sedan,Diesel,101727,333817,314.0,1.86883408979384,1.7638045276218053,3.4847785254498884,7,889
Mercedes-Benz,2023,10,UK,GLE,SUV,Hybrid,45695,187205,60.0,1.85,1.71,4.99,3,1120
Tesla,2022,11,Canada,Model S,Electric,Electric,127258,259631,21.0,1.36,2.64,3.83,7,1978
Ford,2022,12,Australia,Edge,SUV,Hybrid,44566,500351,55.0,1.67,2.99,4.14,1,1376
Mercedes-Benz,2019,11,France,S-Class,,Petrol,51007,418678,57.0,1.76,,3.27,9,1062
Audi,2022,2,UK,TT,Sedan,Petrol,,98714,48.0,1.9,1.22,4.74,4,1026
Frod,2023,4,USA,Ranger,SUV,Petrol,60205,359117,78.0,0.89,2.77,4.63,7,3079
Audi,2018,12,France,Q5,SUV,Hybrid,,317094,40.0,1.74,1.25,3.71,9,754
BMW,2022,12,Germany,5 Series,Sedan,Hybrid,62025,368667,217.0,1.9428065288933711,1.711021075265546,3.2445666015339327,5,880
Porsche,2018,12,Italy,Panamera Sport,Sedan,Petrol,136505,201491,5.0,1.79,0.92,3.75,5,127
Ford,2017,9,Germany,Explorer,SUV,Petrol,24527,70089,118.0,2.0,1.44,2.88,9,2712
Tesla,2020,4,France,Cybertruck,Electric,Electric,72983,273209,2.0,1.71,2.05,3.78,7,126
BMW,2020,4,China,iX,Electric,Hybrid,50581,431164,331.0,1.0185981279646266,5.855493010441357,3.6765183987662495,1,877
Audi,2017,3,UK,A3,Sedan,Diesel,39316,83785,50.0,1.83,1.7,4.9,2,881
Volkswagen,2017,8,Netherlands,Polo,Sedan,Diesel,30953,406935,71.0,1.93,2.46,3.26,9,2479
Mercedes-Benz,2015,5,,EQE,Electric,Diesel,50909,244738,30.0,1.91,1.42,3.14,7,1083
Volkswagen,2017,4,Germany,Touareg,SUV,Petrol,66973,90080,,1.97,2.04,2.78,5,495
Ford,2022,1,Australia,Mustang,Sedan,Electric,38507,555464,80.0,1.59,3.22,4.16,10,569
Mercedes-Benz,2017,11,Japan,EQS,Electric,Diesel,,186535,6.0,1.47,1.67,0.0,7,1145
Volkswagen,2018,11,Japan,  Touareg  ,SUV,Diesel,41782,191501,52.0,1.45,1.46,-0.14,9,209
Tesla,2021,5,UK,Model Y,Electric,Electric,127937,107058,39.0,1.91,1.68,4.97,4,190
Volkswagen,2021,3,Netherlands,ID.3,Electric,Hybrid,65566,57087,59.0,2.07,2.26,3.57,1,538
Ford,2020,11,Japan,Mustang,Sedan,Electric,56576,392867,103.0,1.53,1.2,0.05,9,815
Mercedes-Benz,2021,12,India,EQE,Electric,Diesel,92543,107367,28.0,1.01,7.16,6.57,8,933
Porsche,2021,9,Mexico,911,Sedan,Petrol,110236,351008,22.0,1.11,2.46,10.88,8,453
BMW,2016,2,China,X7,Electric,Petrol,105990,198866,339.0,1.0010459227085826,6.283791784485397,3.53253590847921,1,1024
Audi,2015,5,Spain,A3,Sedan,Diesel,112127,128884,48.0,1.77,1.15,3.33,7,344
Mercedes-Benz,2015,2,UK,A-Class,Sedan,Petrol,113975,471374,24.0,1.85,1.06,4.83,1,703
Volkswagen,2017,4,Australia,Golf,Sedan,Diesel,25200,443659,29.0,1.58,3.35,4.36,6,358
Frod,2023,12,UK,Escape,SUV,Electric,75184,768979,51.0,1.92,1.9,5.1,8,2075
Audi,2018,5,Australia,A6,Sedan,Diesal,91364,,41.0,1.67,2.95,4.41,8,1066
Porsche,2017,11,Netherlands,911,Sedan,Electric,101013,378887,27.0,2.1,2.42,3.62,9,82
Porsche,2022,5,Canada,Cayenne Coupe,SUV,Electric,85847,392092,12.0,1.24,2.1,4.19,1,209
Porsche,2016,2,Spain,718,Sedan,Petrol,163473,192662,13.0,1.81,1.55,3.21,10,453
Tesla,2018,12,Japan,Model 3 LR,Electric,Electric,90069,85551,16.0,1.55,1.5,0.35,1,851
Tesla,2022,1,UK,Cybertruck,Electrc,Electric,59800,191378,2.0,1.93,1.29,5.11,6,468
Audi,2015,5,Spain,TT,Sedan,Electric,81024,536164,23.0,1.8,1.0,3.24,5,483
Mercedes-Benz,2019,7,France,S-Class,Sedan,Petrol,43480,318385,40.0,1.72,1.19,3.23,6,712
Ford,2022,12,Japan,  Expedition  ,SUV,Electric,89390,,119.0,1.44,0.72,0.38,5,1113
Tesla,2021,3,India,Model 3,Electric,Electric,69507,109662,16.0,1.04,7.21,6.59,1,749
Volkswagen,2018,12,Spain,ID.4,Electric,Diesel,37500,598730,45.0,1.76,0.98,3.52,8,182
Porsche,2018,2,Japan,718,Sedan,Petrol,188917,373472,8.0,1.48,0.86,0.36,6,154
Tesla,2024,10,Canada,Model 3 LR,Electric,Electric,95669,127021,32.0,1.21,2.69,3.78,10,1726
Toyota,2016,2,Italy,RAV4,SUV,Hybrid,63291,337308,25.0,1.86,0.8,3.26,3,1012
Audi,2015,11,Germany,Q5,SUV,Petrol,100830,416194,15.0,1.86,1.36,3.24,3,1139
Audi,2019,10,Italy,e-tron,Electric,electric,,,11.0,1.78,1.49,3.23,7,1135
Porsche,2023,4,Netherlands,Cayenne,SUV,Petrol,162053,213887,22.0,1.99,1.93,3.62,4,405
Audi,2024,3,Netherlands,Q5,SUV,Diesel,94419,132096,,2.1,1.92,3.48,3,101
Ford,2017,5,Canada,Escape,SUV,Electric,,409947,15.0,1.34,1.73,4.0,10,2905
Volkswagen,2018,11,China,Arteon,Sedan,Electric,55052,382541,55.0,1.06,6.2,3.25,3,1990
Porsche,2024,5,Australia,911,Sedan,,151201,184375,18.0,1.58,3.06,4.04,9,
BMW,2016,5,Australia,7 Series,SUV,Petrol,102691,183114,129.0,,2.8023332493514936,4.105600938390257,5,390
Audi,2023,7,Brazil,A4,Sedan,Petrol,63166,109820,23.0,1.16,3.37,10.45,8,223
Mercedes-Benz,2020,12,India,EQS,Electric,Electric,81031,388980,21.0,0.96,7.09,6.39,7,937
Volkswagen,2015,10,Italy,Taos,SUV,Petrol,44420,339467,67.0,1.88,0.61,3.59,7,1065
Porsche,2022,10,Canada,Panamera Sport,Sedan,Electric,149400,340475,28.0,1.23,2.13,3.88,6,374
Toyata,2022,8,Brazil,Corolla,Sedan,Electric,72792,287704,61.0,1.17,3.87,10.73,10,1376
Audi,2023,2,UK,Q5,SUV,Hybrid,69331,511076,34.0,1.94,1.41,4.95,10,71
Ford,2015,3,US,F-150,SUV,Hybrid,46502,611368,57.0,1.03,2.97,4.35,8,2662
BMW,2020,7,India,7 Series,Sedan,Hybrid,43346,212696,144.0,0.975831883030299,6.7473481017431975,6.470326481186056,4,386
Ford,2023,4,Netherlands,F-150 Lightning,Electric,Hybrid,59558,355059,22.0,1.9,2.21,3.39,5,224
Toyoda,2021,12,Japan,Highlander,SUV,HYBRID,37069,126478,36.0,1.54,1.34,0.37,1,822
Volkswagen,2016,3,France,Taos,SUV,Petrol,51939,385351,81.0,1.72,1.98,3.76,5,620
Toyota,2019,2,India,Supra,Sedan,Petrol,53927,103273,44.0,1.1,6.73,6.39,7,2799
Mercedes-Benz,2024,1,Brazil,C-Class,Sedan,Hybrid,35701,400942,30.0,1.23,3.17,10.38,3,721
Volkswagen,2019,5,Canada,Taos,SUV,Petrole,42376,82249,15.0,1.38,2.6,3.96,8,450
Mercedes-Benz,2018,12,Canada,E-Class,Sedan,Diesel,90818,108412,25.0,1.29,2.66,4.18,10,134
Ford,2022,7,Canada,F-150 Lightning,Electric,Hybrid,38893,253935,79.0,1.25,2.64,3.87,2,196
Mercedes-Benz,2020,12,France,GLE,SUV,Diesal,129472,426752,9.0,1.81,1.51,3.37,5,1290
Porsche,2023,2,Italy,911,Sedan,Petrol,95374,144228,21.0,1.81,1.22,3.59,5,410
Audi,2021,9,USA,A6,Sedan,Diesel,37242,187537,34.0,0.91,2.88,4.73,5,1158
Porsche,2016,3,Australia,Panamera Sport,Sedan,Hybrid,103738,,3.0,1.52,3.27,3.96,1,233
Porsche,2018,10,Italy,Cayenne,SUV,Petrol,158429,251928,18.0,1.84,0.65,3.59,3,497
Volkswagen,2024,10,Brazil,ID.3,,Hybrid,26885,95923,81.0,1.24,3.05,10.25,10,2096
Toyota,2022,2,India,Supra,Sedan,Petrol,49098,407481,62.0,1.06,6.81,6.69,8,2576
Ford,2020,3,Australia,Escape,SUV,Petrol,31702,783689,39.0,1.68,2.95,4.09,8,3044
Mercedes-Benz,2016,1,France,A-Class,Sedan,Electric,39295,311491,19.0,1.77,1.56,3.55,2,621
Ford,2022,7,UK,F-150 Lightning,Electric,Petrol,42456,112610,84.0,1.92,1.54,5.16,6,1308
Ford,2017,5,Australia,Mustang Mach-E,Electric,Electric,46403,109499,49.0,1.69,3.43,4.27,3,774
Tesla,2019,9,USA,Model X Plaid,Electric,Electric,94955,85202,,1.0,2.86,4.41,2,1122
Audi,2017,12,Spain,Q3,SUV,Petrol,,362818,45.0,1.78,1.49,3.69,7,875
Mercedes-Benz,2022,11,France,E-Class,Sedan,Hybrid,62628,462085,7.0,1.79,1.81,3.67,5,300
Volkswagen,2018,10,UK,Arteon,Sedan,Petrol,20329,595174,10.0,1.85,1.24,4.96,10,372
Tesla,2016,8,France,Semi,Electric,Electric,128421,153023,1.0,1.81,1.6,3.7,10,2389
Mercedes-Benz,2023,8,Spain,EQS,Electric,Petrol,46053,110986,54.0,1.73,1.45,3.26,7,
Tesla,2020,1,China,Model Y,Electric,Electric,114799,219115,32.0,1.06,6.36,3.51,2,2474
Tesla,2017,12,China,Model S,Electric,Electric,69027,250893,20.0,1.17,5.58,3.62,8,461
Volkswagen,2022,3,China,Arteon,Sedan,Hybrid,55527,,21.0,1.17,6.45,3.78,2,968
Porshe,2018,3,Australia,911,Sedan,Petrol,133917,243387,20.0,1.66,3.18,4.24,9,67
Toyata,2023,7,Germany,Supra,Sedan,Electric,34199,272715,75.0,1.9,1.38,3.08,6,1852
Mercedes-Benz,2023,3,Canada,E-Class,Sedan,Petrol,90479,265159,35.0,1.3,2.26,3.99,7,794
Ford,2018,2,Germany,Bronco,SUV,Hybrid,43947,208790,55.0,1.9,,2.86,1,94
BMW,2019,9,China,5 Series,SUV,Petrol,56473,497746,190.0,1.0362870870179597,5.707886255146027,3.215919322324292,5,773
Toyota,2021,11,Mexico,Prius,Hybrid,Electric,58081,591003,46.0,1.04,2.4,11.17,6,1871
Audi,2024,10,India,Q5,SUV,Petrol,93792,107293,57.0,1.05,7.35,6.23,1,881
Audi,2016,1,USA,A3,Sedan,Electric,38032,336565,34.0,0.94,3.0,4.5,3,1022
Toyota,2019,9,Spain,Corolla,Sedan,Hybrid,87971,573678,61.0,1.77,0.81,3.21,2,748
Volkswagen,2016,6,Brazil,Arteon,Sedan,Hybrid,47855,332593,71.0,1.17,3.65,10.28,10,2339
Mercedes-Benz,2018,10,France,EQE,Electric,Diesel,101639,117355,51.0,1.83,1.87,3.27,6,1054
Volkswagen,2016,2,Mexico,Touareg,SUV,Electric,51670,425857,33.0,1.14,2.32,10.8,9,699
Audi,2024,1,Netherlands,A4,Sedan,Diesel,67438,501548,39.0,2.01,1.68,3.37,9,488
Ford,2019,7,Brazil,F-150,SUV,Hybrid,25341,717784,112.0,1.1,3.11,10.74,7,3263
BMW,2015,3,Canada,3 Series,SUV,Petrol,108324,381495,389.0,1.2787728811308317,1.915675152397717,4.095331282139594,2,1242
Volkswagen,2021,6,France,T-Roc,SUV,Electric,52310,248076,35.0,1.8,1.95,3.26,10,1303
Audi,2018,9,USA,A3,Sedan,Petrol,99380,442701,40.0,0.91,2.98,4.54,10,537
Mercedes-Benz,2019,10,China,C-Class,Sedan,Diesel,116959,115534,12.0,1.06,6.17,3.71,10,1273
Tesla,2023,10,Netherlands,Model 3 LR,Electric,Electric,52534,231560,,1.91,1.63,3.25,9,2047
Tesla,2024,8,Australia,Model Y,Electric,Electric,103106,29527,2.0,1.67,3.44,4.41,7,1747
Ford,2019,8,UK,Ranger,SUV,Electric,81660,566668,68.0,1.82,1.9,4.86,8,1655
Volkswagen,2020,11,,ID.4,Electric,Electric,30731,517864,68.0,1.2,1.83,4.11,4,1634
Tesla,2021,3,Italy,Model S Plaid,Electric,Electric,71003,185047,29.0,1.93,0.92,3.63,10,2054
BMW,2019,6,UK,X3,SUV,Hybrid,86796,353806,53.0,1.7637916032712844,1.6569551562671396,5.273968772650075,3,203
Audi,2018,2,France,A4,Sedan,Diesel,39476,548297,33.0,1.89,1.51,3.53,8,845
Porsche,2021,8,Spain,718,Sedan,Hybrid,66923,144387,10.0,1.7,1.61,3.24,3,299
BMW,2015,2,USA,X7,SUV,Electric,102443,,175.0,0.9984651051810456,2.5882022669483904,4.488583733931674,1,
BMW,2015,10,USA,X5,Electric,Hybrid,61123,212007,230.0,1.0325802018260155,2.056375496650927,4.718833425753032,1,788
Ford,2018,2,Brazil,Ranger,SUV,Hybrid,31114,581469,51.0,1.24,3.43,10.23,8,2550
bmw,2021,6,,3 Series,SUV,Petrol,59466,295847,38.0,1.702341322146181,1.6339674725477638,3.2852822742760748,10,415
Ford,2018,2,Japan,F-150,SUV,Hybrid,74128,59439,82.0,1.44,0.8,0.39,10,1424
Toyota,2015,8,France,RAV4,SUV,Electric,47840,429724,15.0,1.84,1.9,3.72,4,2958
Porsche,2015,11,France,911,Sedan,Petrol,195159,,24.0,1.87,1.39,3.54,1,155
Ford,2021,10,Germany,Bronco,SUV,Petrol,76926,553367,113.0,1.93,2.09,3.05,6,1556
BMW,2015,8,Canada,i7,Electric,Hybrid,49414,259087,186.0,1.30030325893744,2.6132405525564715,4.006805439316563,1,564
Ford,2021,8,India,F-150 Lightning,Electric,Electric,49134,760229,110.0,1.14,7.08,6.33,9,2524
Tesla,2019,12,Canada,Model 3,Electric,Electric,111270,189141,3.0,1.28,1.89,4.29,1,2101
Volkswagen,2020,1,France,Taos,SUV,Diesel,,275274,76.0,1.89,1.86,3.52,6,1148
Mercedes-Benz,2015,4,USA,S-Class,Sedan,Diesel,95598,283957,60.0,1.01,2.2,4.28,2,1024
BMW,2021,12,Germny,5 Series,Electric,Hybrid,112506,53317,291.0,1.825678857890825,1.9924361513243696,3.294753596221313,6,681
Toyota,2019,5,UK,Highlander,SUV,Electrc,85030,666424,95.0,1.92,1.82,5.11,10,2833
BMW,2024,2,India,3 Series,Sedan,Petrol,119431,473502,56.0,0.985851122381558,7.21845394732255,6.717584282689508,7,433
Toyota,2020,3,Mexico,Camry,Sedan,Electric,52530,385280,12.0,1.11,1.85,11.04,3,947
Audi,2024,4,Netherlands,TT,Sedan,Diesel,38032,408490,41.0,2.02,2.11,3.46,3,743
Mercedes-Benz,2017,9,Japan,GLC,SUV,Electric,45738,502348,64.0,1.54,1.08,0.17,1,441
Tesla,2021,9,Mexico,Cybertruck,Electric,Electric,80918,42139,8.0,1.05,1.74,10.86,1,270
Mercedes-Benz,2016,10,India,GLC,SUV,Petrol,112797,67171,37.0,1.09,7.0,6.24,1,608
Tesla,2016,3,Italy,Model 3,Electric,Electric,59881,177966,32.0,1.89,1.12,3.21,4,1888
Porsche,2024,7,France,Cayenne,SUV,Hybrid,170983,375218,26.0,1.87,1.62,3.52,1,241
Volkswagen,2024,4,Mexico,Arteon,Sedan,Petrol,46708,85736,35.0,1.03,2.1,11.29,5,1010
Tesla,2015,78,Brazil,Semi,Electric,Electric,54965,276580,32.0,1.17,3.49,10.48,1,598
Tesla,2020,12,Brazil,Model S Plaid,Electric,Electric,108330,150652,25.0,1.28,3.47,10.45,7,2413
Toyota,2022,8,Australia,C-HR,,Hybrid,75417,589444,86.0,1.65,3.29,4.08,6,1048
Porsche,2017,6,Japan,Macan EV,Electric,Hybrid,78739,164707,3.0,1.52,0.96,0.03,4,183
BMW,2015,9,USA,3 Series,SUV,Petrol,46772,403330,290.0,1.0090934413379724,2.366461534871398,4.437703614965553,3,1044
Audi,2024,9,China,Q8,SUV,Hybrid,76600,406504,7.0,1.15,6.26,3.67,4,764
Audi,2022,6,China,RS6,Sedan,Diesel,40674,158662,56.0,1.11,6.28,3.67,5,807
Toyota,2017,12,Italy,Supra,Sedan,Hybrid,61201,288151,83.0,1.79,1.17,3.38,7,1320
BMW,2021,8,USA,X7,Sedan,Petrol,69069,445783,93.0,0.9685250208581718,2.906354385094736,4.266718489383691,8,357
BMW,2015,7,China,iX,Sedan,Diesel,,428824,229.0,1.1077403595905428,5.963931376812333,3.745532123516936,10,861
Tesla,2024,5,France,Model 3 LR,Electric,Electric,67775,109392,6.0,1.85,1.44,3.61,7,1451
BMW,2018,3,India,X3,SUV,Electric,109852,375361,258.0,1.1127590039413895,7.03609636634412,6.385716569771796,9,519
Toyota,2024,11,Australia,C-HR,SUV,Petrol,79185,193625,38.0,1.59,2.58,4.15,5,2484
Volkswagen,2022,1,Netherlands,T-Roc,SUV,Petrol,76395,169000,,1.96,1.69,3.31,1,1025
Volkswagen,2024,4,Frnce,T-Roc,SUV,Hybrid,54976,242080,39.0,1.8,1.72,3.46,1,1647
Audi,2023,11,Germany,Q5,SUV,Petrol,87694,374614,34.0,2.0,,3.08,10,72
Volkswagen,2024,9,China,Touareg,SUV,Electric,50135,465851,23.0,1.04,5.62,3.38,4,1317
Volkswagen,2016,5,Mexico,Golf,Sedan,Electric,48653,405005,74.0,1.1,2.33,10.77,5,1235
Toyota,2021,11,Brazil,Camry,Sedan,Electric,68241,62504,78.0,1.26,3.46,10.29,1,148
Ford,2020,6,India,Bronco,SUV,Petrol,65723,702451,66.0,0.98,7.15,6.3,6,1516
Ford,2023,8,Canada,F-150 Lightning,Electric,Electric,75677,777934,108.0,1.37,1.72,3.91,7,2909
Audi,2016,9,China,RS6,Sedan,Electric,38431,135501,,1.02,6.29,3.45,7,237
Volkswagen,2022,5,Spain,Taos,SUV,Petrol,70750,521334,48.0,1.71,1.38,3.69,4,332
Toyota,2023,7,UK,C-HR,,Electric,62315,86389,95.0,1.92,1.51,5.2,8,1742
Ford,2024,2,Japan,Mustang,Sedan,Electric,35042,92641,45.0,1.46,1.42,0.08,4,1224
Volkswagen,2017,8,France,Polo,Sedan,Petrol,35478,169665,22.0,1.71,2.06,3.43,4,2074
Ford,2024,11,UK,Explorer,SUV,Petrol,46604,165001,50.0,1.86,1.81,4.9,6,3715
Tesla,2018,1,India,Semi,Electric,Electric,76530,215754,21.0,1.14,,6.24,10,47
Audi,2015,7,Canada,TT,Sedan,Electric,53056,485535,27.0,,1.96,3.7,3,973
BMW,2016,1,Canada,7 Series,Sedan,Diesel,,375724,35.0,1.308127024322021,1.751681721168608,4.018812778940889,8,100
Porsche,2020,6,,Panamera,Sedan,Petrol,70502,222690,19.0,1.82,2.1,3.61,8,339
Tesla,2021,3,Germany,Cybertruck,Electric,ELECTRIC,74968,203629,35.0,1.86,1.81,2.77,3,471
Toyota,2023,5,Netherlands,Yaris,Sedan,Electric,59364,229457,69.0,2.05,1.93,3.7,9,1532
Ford,2018,11,Netherlands,Bronco,SUV,Petrol,55996,119224,20.0,1.9,1.72,3.35,7,1086
Ford,2023,5,China,Expedition,SUV,Electric,62088,583056,61.0,1.04,6.32,3.79,1,
Toyota,2022,9,Netherlands,C-HR,SUV,Electric,27371,585610,10.0,2.04,1.86,3.73,6,2504
Tesla,2015,5,UK,Model S Plaid,Electric,Electric,78859,64135,6.0,1.82,1.55,5.25,2,TBD
Ford,2021,8,USA,Expedition,SUV,Petrol,30651,450762,14.0,1.0,2.24,4.47,7,2717
Audi,2024,10,China,Q7,SUV,Diesel,61559,532064,54.0,1.11,6.42,3.47,2,1020
Ford,2015,3,China,Edge,SUV,Hybrid,37934,59329,27.0,1.03,5.74,3.58,3,180
Audi,2023,1,USA,A3,Sedan,Electric,71981,253325,57.0,0.92,,4.64,7,988
Mercedes-Benz,2017,8,Spain,GLS,Suv,Petrol,62625,145136,15.0,1.73,0.82,3.53,8,993
Tesla,2021,3,UK,Cybertruck,Electric,Electric,68346,135582,4.0,1.87,1.76,5.07,4,
Tesla,2015,5,Spain,Model X,Electric,Electric,101588,239039,1.0,1.83,0.87,3.49,7,2360
Toyota,2015,2,China,Camry,Sedan,Hybrid,33166,695355,61.0,1.02,5.77,3.3,7,459
Toyota,2018,1,Japan,bZ4X,Electric,Hybrid,75086,658906,80.0,1.45,0.94,0.12,4,1836
TOYOTA,2023,4,Netherlands,bZ4X,Electric,Electric,22828,371936,54.0,1.98,2.34,3.64,3,2135
Ford,2017,11,,F-150,SUV,Electric,61412,356702,89.0,1.75,1.91,3.76,2,3713
Audi,2020,4,usa,Q7,SUV,Petrol,103550,358934,23.0,0.99,2.54,4.75,8,54
Porsche,2016,3,USA,Cayenne,SUV,Hybrid,124944,203633,6.0,0.92,2.46,4.57,6,256
Tesla,2015,7,China,Model X Plaid,Electrc,Electric,#REF!,72817,36.0,1.06,5.83,3.31,3,1984
Frod,2024,3,Mexico,Escape,SUV,Electric,83626,"$113,458",113.0,1.06,1.82,10.91,4,1502
Mercedes-Benz,2024,10,Mexico,EQE,Electrc,Petrol,119241,566426,,1.16,1.87,11.08,8,661
Tesla,2024,11,Germany,Model Y,Electric,Electric,68429,20704,9.0,1.96,1.64,3.27,2,617
FORD,2021,9,Italy,Mustang Mach-E,Electric,Hybrid,28803,125989,84.0,1.89,0.68,3.34,9,1652
Ford,2022,10,Japan,Expedition,SUV,Electric,78902,115904,63.0,1.54,1.45,0.19,10,694
Volkswagen,2017,3,Brazil,Taos,SUV,Hybrid,8836242,260996,12.0,1.18,3.67,10.69,6,1795
Porsche,2021,1,Italy,Panamera Sport,Sedan,Electric,169460,131338,3.0,1.82,0.91,3.75,8,304
Mercedes-Benz,2023,6,GERMANY,GLC,SUV,,125801,383654,48.0,1.82,1.69,2.84,2,423
Ford,2017,9,Canada,Explorer,SUV,Petrol,,228490,108.0,1.21,1.71,3.91,2,2372
Audi,2021,9,UK,Q7,SUV,Petrol,38623,476517,6.0,1.77,1.58,5.14,8,193
Mercedes-Benz,2015,1,Germany,A-Class,Sedan,Diesel,92575,494332,58.0,1.82,1.31,2.81,6,818
Audi,2016,4,Spain,e-tron,Electric,Electrc,53495,488410,,1.75,0.84,3.42,8,879
PORSCHE,2021,9,India,Cayenne,SUV,Electric,168767,350079,27.0,1.09,7.2,6.66,7,274
Volkswagen,2018,4,France,ID.4,Electric,Diesel,32265,316924,29.0,1.7,1.71,3.24,1,903
Porshe,2024,1,Italy,Macan EV,Electric,Electric,80474,101917,,1.87,0.86,3.21,4,232
Toyota,2022,5,Spain,C-HR,SUV,Hybrid,52407,577703,50.0,1.68,0.8,3.42,9,1698
Tesla,2023,7,Spain,Model X,Electric,Electric,61797,289942,12.0,1.76,0.94,3.69,9,1643
Volkswagen,2023,8,Australia,ID.3,Electric,Diesel,32146,350470,74.0,1.51,2.75,4.37,10,1074
Porsche,2018,2,Italy,Taycan,Electric,Petrol,154665,367069,12.0,1.85,1.41,3.23,7,159
Ford,2021,10,Mexico,Bronco,SUV,Electric,73183,681211,67.0,1.14,1.85,10.85,8,3795
Toyota,2015,9,Mexico,Yaris,Sedan,Hybrid,45939,440493,69.0,1.19,2.49,11.11,5,1755
BMW,2015,7,China,X3,SUV,Petrol,37895,194491,247.0,1.0077992025149825,6.464017407117702,3.4305240277914804,5,762
Volkswagen,2017,7,Italy,Arteon,Sedan,Diesel,24286,409094,17.0,1.88,1.29,3.5,5,2302
Porsche,2020,7,Italy,911,Sedan,Hybrid,68026,108082,12.0,1.89,0.98,3.57,6,71
Volkswagen,2023,7,Brazil,Touareg,SUV,Hybrid,65479,226659,51.0,1.2,3.41,10.53,2,58
Audi,2015,12,Italy,Q8,SUV,Petrol,,115979,24.0,1.78,1.15,3.72,9,799
Ford,2022,11,Japan,Expedition,SUV,Hybrid,85132,118085,102.0,1.54,0.83,-0.04,5,2560
Mercedes-Benz,2024,11,USA,S-Class,Sedan,Diesel,75744,535153,35.0,0.92,2.14,4.79,7,669
Porsche,2020,10,Canada,911,Sedan,Hybrid,188828,84308,27.0,1.27,1.74,3.88,4,473
Porsche,2016,4,Germany,Macan,SUV,Petrol,109834,128246,11.0,1.96,1.8,3.24,9,19
BMW,2016,8,Brazil,7 Series,Sedan,Hybrid,49605,105501,163.0,1.224717137600552,3.842033294376421,10.512574786363226,9,759
BMW,2024,5,China,3 Series,Sedan,Hybrid,,75739,56.0,1.1726206851751189,5.858465728544273,3.269521435715078,10,107
Volkswagen,2016,3,Canada,Taos,SUV,Hybrid,28961,120221,18.0,1.25,2.19,3.98,8,1031
Volkswagen,2017,9,UK,Arteon,Sedan,Electric,57231,520492,17.0,1.8,1.97,5.23,3,621
Audi,2020,5,Brazil,RS6,Sedan,Diesel,47679,430698,8.0,1.22,3.06,10.41,5,626
Toyota,2016,12,India,Corolla,Sedan,Petrol,81250,438015,50.0,1.0,7.24,6.74,2,
Audi,2015,1,Brazil,A4,Sedan,Petrol,44125,368038,36.0,1.14,3.33,10.54,7,160
Mercedes-Benz,2018,7,Japan,E-Class,Sedan,Petrol,60664,400616,32.0,1.46,1.46,-0.03,10,636
Volkswagen,2016,2,UK,Golf,Sedan,Diesel,26056,300873,83.0,1.84,1.18,5.09,9,1649
Audi,2022,10,China,RS6,Sedan,Hybrid,77432,85724,8.0,1.16,5.56,3.3,1,998
Ford,2015,9,India,Bronco,SUV,Hybrid,,83403,,1.08,7.35,6.31,9,1683
Mercedes-Benz,2015,3,UK,GLC,SUV,Hybrid,95989,421193,52.0,1.93,1.02,4.79,5,1213
AUDI,2017,6,Canada,A4,Sedan,Diesel,111927,466609,29.0,1.26,1.83,4.01,9,889
BMW,2019,7,Brazil,5 Series,Electric,Petrol,64511,459414,25.0,1.2338400525876156,3.0938572848233563,10.745776091661956,7,193
BMW,2019,9,UK,iX,Sedan,Diesel,81994,155386,40.0,1.9134595539924988,1.894816656060528,5.028555425692241,5,192
Toyota,2021,6,Spain,RAV4,SUV,Hybrid,73391,642601,17.0,1.75,1.35,3.6,3,
Tesla,2019,11,Netherlands,Model 3 LR,Electric,Electric,70278,233222,6.0,1.96,1.88,3.52,3,1440
Volkswagen,2020,9,Japan,Golf,Sedan,Petrol,60714,110557,,1.43,1.51,0.19,8,408
Porsche,2015,6,UK,Macan,SUV,Electric,157888,362255,23.0,1.84,,4.85,9,323
Ford,2023,7,Australia,Edge,SUV,Electric,35354,92786,77.0,1.67,2.92,4.27,5,1944
Toyota,2018,8,Brazil,Land Cruiser,SUV,Hybrid,88519,112825,19.0,1.14,3.31,10.63,3,2265
Audi,2021,2,USA,A4,Sedan,Hybrid,102216,457139,29.0,0.99,2.25,4.21,10,1025
Tesla,2016,1,France,Model 3 LR,Electric,Electric,113065,297810,2.0,1.82,1.51,3.21,8,1660
Volkswagen,2023,1,UK,Arteon,Sedan,Diesel,66039,106393,44.0,1.81,1.69,5.11,2,2794
Tesla,2020,11,Netherlands,Model Y LR,Electric,Electric,74875,275813,26.0,1.96,,3.32,10,130
BMW,2015,1,Germany,i7,SUV,Diesel,44943,241007,247.0,1.866848778163392,1.7963662472012365,3.0581057093501336,4,647
Mercedes-Benz,2021,6,India,E-Class,Sedan,Petrol,84958,511503,54.0,1.11,6.99,6.4,7,1099
Audi,2021,8,Mexico,Q5,SUV,diesel,68970,407563,24.0,1.14,1.59,10.92,4,1114
Volkswagen,2016,12,Mexico,Tiguan,SUV,Electric,68783,176297,26.0,1.12,1.65,10.7,3,282
Mercedes-Benz,2022,10,Spain,E-Class,Sedan,Diesel,74998,98353,34.0,1.71,1.31,3.72,7,918
Volkswagen,2023,6,India,Touareg,SUV,Hybrid,74480,182858,47.0,1.08,7.49,6.24,1,1472
BMW,2021,8,Germany,X5,Sedan,Petrol,103469,355302,170.0,1.8138847685492183,1.5266564022269882,2.9129977834991623,10,735
Audi,2015,9,Mexico,e-tron,electric,Hybrid,32807,237954,36.0,1.03,2.28,10.96,4,553
Volkswagen,2022,3,Japan,Polo,Sedan,Petrol,61742,444973,46.0,1.42,1.33,0.24,8,1503
BMW,2020,12,Australia,X5,Electric,Hybrid,39922,347438,278.0,1.5975708087852727,3.3015371118829897,4.52574598659262,1,641
Toyata,2016,9,Brazil,Corolla,Sedan,Electric,62914,288666,16.0,1.27,3.59,10.37,3,1233
Volkswagen,2024,6,UK,ID.4,Electric,Electric,74529,246062,89.0,1.79,1.64,4.72,3,453
Porsche,2022,11,Japan,Cayenne Coupe,SUV,Electric,184358,252110,18.0,1.47,1.64,0.24,6,448
B M W,2021,3,FRANCE,3 Series,Electric,Petrol,115639,,376.0,1.833518677112717,1.504140321651033,3.396219896937944,10,1161
Porsche,2024,5,USA,Taycan,Electric,Petrol,,345765,16.0,1.04,2.69,4.75,6,128
Toyota,2015,9,,RAV4,SUV,Petrol,36751,180661,88.0,1.53,1.46,0.37,10,1816
Audi,2020,6,Germany,Q3,SUV,Petrol,99155,519538,46.0,1.93,1.38,2.71,3,171
Toyota,2023,11,Australia,Highlander,SUV,Electric,41151,363184,95.0,1.62,2.81,4.44,3,-280
Audi,2018,7,Netherlands,TT,Sedan,Hybrid,105020,272954,37.0,2.0,2.47,3.53,3,597
Ford,2024,4,Japan,Expedition,SUV,Hybrid,65553,284805,104.0,1.44,1.6,0.19,6,273
Toyota,2018,9,UK,RAV4,SUV,Hybrid,74102,398292,33.0,1.87,1.89,4.73,5,1096
Toyota,2017,10,UK,Prius,Hybrid,Petrol,29554,377184,44.0,1.86,1.89,5.29,2,520
Mercedes-Benz,2020,7,Canada,S-Class,Sedan,Diesel,106131,119612,33.0,1.31,2.3,3.86,10,110
Audi,2021,12,Spain,A4,Sedan,Petrol,47004,451078,,1.74,1.63,3.54,1,808
Porsche,2024,8,Germany,Taycan,Electric,Electric,86156,389477,18.0,1.88,1.5,3.19,6,434
Volkswagen,2024,7,India,Tiguan,SUV,Electric,59781,379869,21.0,0.99,6.74,6.65,7,2453
Porsche,2020,2,India,GTS,Sedan,Petrol,159389,324267,,1.03,6.8,6.24,2,209
Tesla,2021,7,Japan,Model X,Electric,Electric,56772,128362,32.0,1.55,1.53,-0.05,1,1541
Toyota,2024,9,Canada,Highlander,SUV,Hybrid,87532,680630,86.0,1.28,2.66,4.11,5,981
Volkswagen,2024,5,Mexico,ID.3,Electric,Hybrid,76855,334349,14.0,1.11,1.96,11.27,9,796
Audi,2016,10,USA,A6,Sedan,Hybrid,73271,75017,52.0,0.9,2.18,4.27,7,1197
BMW,2020,1,China,5 Series,SUV,Diesel,75025,494783,61.0,1.1241831035534957,6.082170460176274,3.407529834171774,2,567
Mercedes-Benz,2017,8,Netherlands,EQS,Electric,Hybrid,38670,221961,33.0,1.91,1.95,3.44,8,235
Toyota,2017,5,Netherlands,Highlander,SUV,Hybrid,21848,243536,35.0,2.07,1.73,3.73,2,1897
BMW,2024,10,France,3 Series,SUV,Petrol,52027,141074,99.0,1.777220527560155,1.645616789315935,3.764878885265915,2,299
Audo,2022,11,Australia,Q8,SUV,Petrol,39605,110575,43.0,1.65,3.11,4.38,10,1134
Ford,2024,5,Germany,Bronco,SUV,Hybrid,71776,551023,67.0,1.81,1.79,3.3,1,
Mercedes-Benz,2023,1,Canada,CLA,Sedan,Petrol,125509,406739,22.0,1.33,2.54,3.92,6,181
Mercedes-Benz,2024,4,Australia,EQS,Electric,Hybrid,50851,219800,48.0,1.65,3.31,4.38,10,127
Porsche,2016,3,Netherlands,Panamera Sport,Sedan,Petrol,126510,135425,14.0,1.97,1.98,3.5,5,101
Tesla,2020,3,Italy,Model S Plaid,Electric,Electric,80498,205707,27.0,1.89,1.16,3.54,2,2190
Toyota,2017,5,Japan,Land Cruiser,SUV,Petrol,84718,557527,75.0,1.58,1.02,0.31,1,1271
Mercedes-Benz,2020,5,Netherlands,GLE,SUV,Electric,101907,,7.0,2.03,1.85,3.46,3,1090
Volkswagen,2022,3,Germany,Arteon,Sedan,Hybrid,30337,304861,80.0,1.92,1.6,3.25,7,173
Volkswagen,2021,7,Germany,ID.4,Electric,Diesel,73244,559967,67.0,1.95,1.76,3.25,5,2279
Audi,2022,4,China,Q5,,Electric,113807,491786,,1.1,5.61,3.31,3,422
BMW,2022,2,Canada,7 Series,SEDAN,Diesel,99173,336100,160.0,1.224276987884486,1.9391801042159256,3.7853496212123177,2,431
Toyota,2018,4,Canada,Yaris,Sedan,Hybrd,32432,494465,86.0,1.28,2.68,3.83,3,1257
Ford,2024,6,China,F-150 Lightning,Electric,Hybrid,22220,99995,108.0,1.08,6.46,3.46,5,2546
BMW,2016,2,Brazil,5 Series,SUV,Electric,58600,284784,151.0,1.120503192813295,3.714424164071242,10.65540316951316,8,654
Ford,2020,12,UK,Bronco,SUV,Electric,24149,695864,62.0,1.87,1.01,5.22,10,3139
Mercedes-Benz,2016,11,Germany,EQS,Electric,Hybrid,82086,147755,62.0,1.95,2.16,2.94,5,1110
BMW,2016,3,India,i4,Sedan,Hybrid,50187,237035,116.0,1.1100713015644723,7.019059790908271,6.240567538155329,1,708
Volkswagen,2020,10,Mexico,Taos,SUV,Electric,68263,213607,17.0,1.05,2.46,11.16,8,493
Volkswagen,2022,9,Japan,T-Roc,SUV,Petrol,56586,352948,63.0,1.44,0.75,-0.05,1,838
Mercedes-Benz,2023,6,USA,GLS,suv,Electric,45299,527961,40.0,1.01,2.43,4.3,7,182
Toyota,2016,7,Australia,C-HR,SUV,Petrol,23324,570488,99.0,1.53,2.93,3.97,1,230
Audi,2018,2,Brazil,Q7,S U V,Hybrid,80861,165631,49.0,,3.82,10.44,8,599
Mercedes-Benz,2016,12,Spain,EQS,Electric,Diesel,45785,538758,50.0,1.8,1.32,3.42,4,561
Mercedes-Benz,2021,3,Mexico,C-Class,Sedan,Petrol,52175,232161,40.0,1.0,1.62,11.28,4,288
Audi,2016,2,Germany,Q5,SUV,Petrol,61711,491179,38.0,1.97,1.58,2.7,9,860
Ford,2016,4,Australia,Ranger,SUV,Electrc,,117527,107.0,1.69,3.47,4.5,1,3478
Volkswagen,2020,2,Italy,ID.4,Electric,Hybrid,62706,148670,77.0,1.75,0.51,3.71,4,1862
Audi,2015,3,Japan,  Q5  ,SUV,Electric,85352,312272,40.0,1.51,0.94,-0.2,3,549
Mercedes-Benz,2024,10,Brazil,GLE,SUV,Diesel,91138,286129,30.0,1.13,3.52,10.5,6,89
Toyata,2015,10,Mexico,Highlander,,Electric,29723,627970,16.0,1.18,1.73,10.98,9,2414
BMW,2015,11,France,i4,SUV,Diesel,,276486,367.0,1.7484110543023,1.5894527602775632,3.79139027246636,7,1145
Toyota,2024,2,USA,Corolla,Sedan,Petrol,51483,476139,12.0,0.9,2.44,4.58,3,787
Porsche,2019,5,Australia,Macan EV,Electric,Electric,63374,117833,10.0,1.57,2.72,4.39,10,257
Tesla,2019,4,JAPAN,Model X,Electric,electric,94015,124097,26.0,1.54,1.11,0.09,6,1912
BMW,2023,1,USA,i4,Sedan,Hybrid,81216,426565,307.0,1.0436542561026516,2.805670152950053,4.551212618638052,4,784
Ford,2018,9,Italy,Explorer,SUV,Petrol,86521,653168,72.0,1.8,1.03,3.22,5,1431
Porsche,2017,5,Australia,Panamera Sport,Sedan,Electric,125472,139018,8.0,1.66,2.62,4.38,4,146
Volkswagen,2016,1,USA,Taos,SUV,Electric,68255,264238,9.0,1.03,2.44,4.71,3,2278
Audi,2023,2,Brazil,Q7,SUV,Diesel,112647,122543,34.0,1.22,3.53,10.25,7,961
Tesla,2024,9,Mexico,Model X Plaid,Electric,Electric,66626,115174,20.0,1.02,2.0,11.27,4,
Volkswagen,2022,10,France,Passat,Sedan,Petrol,58469,338131,10.0,1.76,1.33,3.4,6,1638
Mercedes-Benz,2021,3,Spain,CLA,sedan,Petrol,62212,372244,34.0,1.67,1.09,3.42,5,761
Ford,2019,4,Japan,F-150 Lightning,Electric,Petrol,63682,522107,49.0,1.4,0.96,0.14,4,3375
BMW,2020,3,Japan,X3,SUV,Diesel,90565,66535,311.0,1.4993390845635892,1.4753461504031355,-0.0371543717319713,5,1051
Porsche,2018,7,Germany,Macan,SUV,Petrol,182598,,10.0,1.89,1.74,3.25,10,256
Ford,2021,1,MEXICO,Edge,suv,Electric,47645,467347,30.0,1.08,1.54,11.12,8,3245
Audi,2017,5,Australia,Q7,SUV,Petrol,85199,360452,33.0,1.63,3.23,4.31,2,122
Ford,2019,8,China,Edge,SUV,Electric,92384,472371,10.0,1.01,5.66,3.35,2,1282
Tesla,2023,12,China,Model X,Electric,Electric,101433,148567,,1.1,6.25,3.4,10,379
BMW,2024,1,Australia,X3,SUV,Diesel,94251,327342,34.0,1.6973325186534294,2.604930178418175,4.095227009517516,5,451
BMW,2020,5,USA,i7,Sedan,Hybrid,57195,219801,82.0,0.9484488090199464,2.350587558806597,4.55395061211278,6,511
Tesla,2017,5,China,Model S,Electric,Electric,73985,276270,22.0,1.09,5.82,3.28,2,820
Toyota,2018,4,UK,Prius,Hybrid,Hybrid,82109,42090,35.0,1.88,1.18,5.24,2,1637
BMW,2024,2,Canada,7 Series,Electric,Hybrid,86322,349850,342.0,1.31432253789398,2.629375989127586,4.034057735808358,7,705
Ford,2022,9,Australia,F-150 Lightning,Electric,Electric,81204,611551,99.0,1.68,2.95,4.49,9,2974
Mercedes-Benz,2018,4,Italy,GLS,SUV,Petrol,110943,546957,17.0,1.86,1.38,3.43,4,105
Ford,2019,10,China,Edge,SUV,Hybrid,26934,716888,44.0,1.2,5.63,3.79,5,
Audi,2024,12,Mexico,Q7,SUV,Electric,33030,139784,49.0,1.12,1.73,11.15,1,43
Porsche,2017,2,Mexico,Macan,S U V,Hybrid,177181,372181,28.0,1.1,2.18,10.75,10,286
BMW,2018,3,Australia,i4,SUV,Petrol,93755,303017,20.0,1.6873211384589923,2.557086856089315,4.268701716800619,8,417
Ford,2024,8,Mexico,Edge,,Electric,71586,123169,61.0,1.16,1.73,11.11,2,2626
BMW,2021,3,Australia,X7,SUV,Diesel,35060,343313,190.0,1.621155849890538,2.811217495063393,4.356272383841006,1,469
Mercedes-Benz,2024,10,Japan,GLC,SUV,Electric,124246,85801,26.0,1.48,1.1,-0.08,4,1116
Ford,2022,4,India,Ranger,SUV,Petrol,84587,89479,,,6.51,6.68,10,858
Toyota,2022,8,Netherlands,Prius,Hybrid,Electric,66879,136264,33.0,1.97,1.92,3.5,9,1779
Mercedes-Benz,2022,11,Canada,A-Class,Sedan,Diesel,47204,509782,37.0,1.38,2.13,3.93,8,1101
Ford,2024,6,Netherlands,Ranger,SUV,Petrol,26810,238102,89.0,2.04,2.14,3.64,5,3784
Porsche,2018,1,France,Macan EV,Electric,Electric,61790,372541,2.0,1.79,1.7,3.55,4,317
Audi,2018,3,Italy,e-tron,Electric,Diesel,67166,207039,52.0,1.88,0.74,3.25,5,1045
Audi,2016,7,Mexico,e-tron,Electric,Diesel,41312,467599,35.0,1.14,1.8,10.99,3,190
Ford,2021,1,Mexico,Bronco,SUV,Hybrid,33555,191430,100.0,1.14,2.09,11.21,9,1460
Toyota,2017,5,Netherlands,Land Cruiser,SUV,Hybrid,50421,252440,16.0,2.02,2.42,3.21,3,1395
Tesla,2016,52,India,Model X Plaid,Electric,Electric,40633,110508,21.0,1.01,,6.45,7,715
Tesla,2017,10,Mexico,Model Y,Electric,Electric,93075,297928,34.0,1.16,1.83,10.79,5,2385
Ford,2016,4,USA,Explorer,,Hybrid,36753,240091,63.0,0.98,2.44,4.41,5,2662
Mercedes-Benz,2018,8,Netherlands,CLA,Sedan,Petrol,98577,252771,35.0,2.07,2.56,3.35,2,884
Porsche,2023,5,Mexico,Panamera,Sedan,Electric,67988,200645,12.0,1.17,2.13,11.28,6,338
Volkswagen,2021,1,JAPAN,ID.4,Electric,Hybrid,67654,78123,51.0,1.59,0.73,0.19,8,1003
Audi,2017,6,China,Q3,SUV,Diesel,43194,67861,12.0,1.07,5.57,3.31,5,758
Mercedes-Benz,2015,3,Netherlands,GLS,SUV,Petrol,78510,258562,11.0,1.96,2.26,3.6,10,416
Ford,2020,7,UK,Expedition,SUV,Hybrid,29970,666274,99.0,1.92,1.55,4.99,1,513
Toyota,2023,10,Mexico,RAV4,SUV,Hybrid,48452,"$435,114",57.0,1.02,1.54,11.04,4,2171
Bmw,2015,6,UK,5 Series,Electric,Diesel,63926,248153,336.0,1.7524308949379634,1.2235958385194523,5.277933523664367,9,882
Tesla,2018,11,Germany,Cybertruck,electric,Electric,91379,43974,11.0,1.98,1.79,2.7,2,1027
Porsche,2022,8,UK,Macan EV,Electric,Petrol,141290,312259,25.0,1.75,1.18,4.82,4,432
Porsche,2018,12,India,Macan EV,Electric,Electric,71260,385057,7.0,1.14,7.42,6.35,3,332
Toyota,2016,9,Spain,Prius,,Petrol,40119,141680,85.0,1.68,1.09,3.38,5,238
Toyota,2021,11,Australia,Prius,Hybrid,Petrol,33822,374918,,1.62,3.32,4.39,3,2719
Toyota,2022,3,Canada,Supra,Sedan,Hybrid,26099,517990,44.0,1.25,2.51,4.05,3,266
Tesla,2018,3,USA,Cybertruck,Electric,Electric,109501,125562,39.0,,2.26,4.23,3,592
TESLA,2021,1,USA,Model S,Electric,Electric,115954,222288,17.0,,2.35,4.58,5,2225
Porsche,2016,8,UK,GTS,Sedan,Hybrid,error,147521,,,1.1,4.85,8,262
Porsche,2019,10,China,Cayenne Coupe,SUV,Electric,76207,147603,4.0,1.17,6.5,3.44,7,141
Audi,2016,6,Italy,RS6,Sedan,Petrol,80233,317300,49.0,1.87,0.94,3.29,6,295
Audi,2021,11,Canada,RS6,Sedan,Electric,100116,278326,36.0,1.25,2.57,4.23,1,1076
Audi,2020,3,UK,Q8,SUV,Petrol,44261,455777,48.0,1.93,1.13,5.1,9,855
Volkswagen,2016,11,Australia,Golf,Sedan,Diesel,53594,590127,30.0,1.52,2.67,4.14,7,1924
Toyota,2021,9,China,C-HR,SUV,Petrol,35523,,32.0,1.18,5.56,3.46,4,1982
Porsche,2015,11,Canada,Cayenne,SUV,Petrol,70503,269666,16.0,1.39,2.27,3.74,7,182
Toyota,2020,7,Germany,Camry,Sedan,Electric,72326,65310,12.0,2.0,1.74,2.84,8,295
Toyota,2023,5,Spain,RAV4,SUV,Petrol,42871,589875,42.0,1.85,1.24,3.67,1,2276
Porsche,2019,2,India,Taycan,Electric,Hybrid,154883,158743,12.0,1.02,7.09,6.26,9,448
BMW,2018,2,India,X5,SUV,Petrol,114737,192339,162.0,1.0727208228474918,7.266115932795586,6.707552863806639,4,747
BMW,2015,2,India,X1,Sedan,Hybrid,35495,412612,304.0,,7.065085312452756,6.662976146587164,1,973
Tesla,2023,2,Spain,Model X,Electric,Electric,121326,36728,18.0,1.8,1.09,3.8,6,962
Ford,2024,2,Mexico,Expedition,SUV,Hybrid,39820,486550,71.0,1.18,1.89,10.83,6,3282
Ford,2023,10,China,Explorer,SUV,Petrol,88453,136735,109.0,1.11,5.82,3.62,5,3860
Tesla,2024,8,UK,Model X,Electric,Electric,122644,285408,33.0,1.9,1.65,4.83,7,2144
Ford,2016,5,UK,Expedition,SUV,Hybrid,79746,"$385,585",46.0,1.91,1.63,4.9,10,861
BMW,2015,2,Brazil,7 Series,Electric,Diesel,79462,351566,98.0,1.1208449605616695,3.2374334683748063,10.507418266527475,10,298
Volkswagen,2023,10,Netherlands,ID.3,Electric,Petrol,22905,553949,9.0,2.01,2.05,3.39,3,816
Tesla,2015,5,China,Semi,Electric,Electric,66132,22338,28.0,1.02,6.46,3.35,8,
Tesla,2019,5,Australia,  Model 3 LR  ,Electric,Electric,70818,227179,18.0,1.58,2.59,4.38,7,454
Tesla,2023,9,China,Model S,Electric,Electric,57712,167891,7.0,1.16,6.28,3.65,5,2089
Volkswagen,2020,3,China,Polo,Sedan,Diesel,71510,71403,36.0,1.15,6.12,3.67,2,1129
Ford,2015,5,USA,F-150,SUV,Electric,93081,54914,78.0,0.98,2.89,4.63,6,3472
Mercedes-Benz,2022,7,India,CLA,Sedan,Electric,114349,115931,55.0,1.04,6.58,6.59,8,215
BMW,2019,1,Australia,X3,Electric,Electric,40586,77043,250.0,1.6417489395485954,3.3260676302525285,4.419216852602231,8,930
Porsche,2022,11,China,Cayenne,SUV,Hybrid,184117,107134,18.0,1.05,6.25,3.5,9,480
Ford,2021,3,Canada,Expedition,SUV,Petrol,71482,253965,98.0,1.27,1.97,4.04,6,3253
Ford,2018,6,Italy,F-150 Lightning,Electric,,25635,461047,49.0,1.88,0.97,3.5,2,1742
Audi,2023,8,Germany,Q3,SUV,Electric,45376,266009,11.0,1.83,1.76,3.02,1,844
Tesla,2023,2,Italy,Model 3 LR,Electric,Electric,110168,173532,10.0,1.75,1.44,3.68,7,336
Toyata,2022,7,Mexico,Corolla,Sedan,Electric,61741,503253,28.0,1.08,2.46,11.05,10,597
Tesla,2017,9,Australia,Model S,Electric,Electric,97680,205321,27.0,1.58,,4.33,9,299
Mercedes-Benz,2021,2,Mexico,GLS,SUV,Petrol,82642,475498,61.0,1.04,2.32,11.23,4,1183
Volkswagen,2017,2,China,Taos,SUV,Diesel,33666,515903,87.0,1.01,5.71,3.4,9,810
Audi,2019,7,UK,e-tron,Electric,Hybrid,40248,478142,4.0,1.82,1.02,5.15,9,1060
Porsche,2024,2,Brazil,Taycan,Electric,Petrol,152158,294942,6.0,1.29,3.61,10.49,7,300
Mercedes-Benz,2015,12,Australia,S-Class,Sedan,Electric,107150,281222,44.0,1.51,2.66,4.05,5,353
BMW,2024,6,Germany,3 Series,Sedan,Electric,83821,231649,341.0,1.863389317558224,1.8174463517550408,2.958256446192594,2,883
Porsche,2023,2,France,911,Sedan,Hybrid,110804,162803,19.0,1.74,1.78,3.66,10,186
Toyota,2023,6,France,Corolla,Sedan,hybrid,37497,145956,38.0,1.89,1.16,3.29,3,1550
Mercedes-Benz,2015,12,Netherlands,GLS,SUV,Diesel,51970,406504,54.0,1.91,1.86,3.36,9,737
Toyota,2022,4,India,Highlander,SUV,Petrol,49242,168578,94.0,0.97,7.23,6.58,2,358
BMW,2020,10,China,X5,SUV,Electric,80349,276179,180.0,1.0701423630903422,6.298783235773666,3.7987604663200014,8,521
Mercedes-Benz,2017,3,Canada,GLC,SUV,Electrc,59256,260065,39.0,1.22,2.64,4.14,7,1148
Toyota,2023,3,Italy,RAV4,SUV,Petrol,75703,386604,31.0,1.76,0.9,3.72,9,659
Porsche,2018,10,UK,Macan EV,Electric,Electric,70519,116750,8.0,1.86,1.79,4.85,5,225
Audi,2024,5,,A6,Sedan,Electric,114777,194678,35.0,1.57,1.26,-0.11,6,550
Tesla,2024,10,Netherlands,Model Y LR,Electric,Electric,67962,184483,27.0,1.97,2.42,3.31,1,1260
BMW,2020,9,France,X7,SUV,Electric,46523,198178,36.0,1.7633523354135054,1.7958991181688029,3.675956810262953,5,298
Toyota,2017,10,Brazil,Prius,Hybrid,Electric,33866,187689,94.0,1.12,3.04,10.28,3,1325
Tesla,2021,11,Brazil,Model 3,Electric,,65508,235895,31.0,1.23,3.1,10.75,5,1242
BMW,2020,7,Germany,iX,Sedan,Hybrid,68798,331567,282.0,1.9724028964545244,2.122480563634361,2.779514803645109,4,
Audi,2022,11,UK,TT,Sedan,Diesel,59844,95764,33.0,1.77,1.61,5.29,2,338
Ford,2024,7,India,Explorer,SUV,Electric,94765,319545,66.0,1.1,7.08,6.78,10,581
Tesla,2019,3,USA,Model Y,Electric,Electric,67324,33112,28.0,1.05,2.56,4.47,6,1163
Toyota,2018,5,Australia,Land Cruiser,SUV,Hybrid,53133,188487,13.0,1.61,2.71,4.54,6,2043
Audi,2023,10,Germany,TT,Sedan,Hybrid,109161,58937,53.0,1.9,1.57,3.01,8,82
Volkswagen,2015,5,India,Arteon,Sedan,Diesel,68325,254361,70.0,1.05,7.26,6.31,2,649
Tesla,2020,4,Brazil,Model 3,Electric,Electric,45553,291945,3.0,1.1,3.77,10.43,9,2146
Mercedes-Benz,2017,4,Japan,EQS,Electric,Electric,,395055,49.0,1.55,0.89,0.33,5,237
Mercedes-Benz,2019,8,,GLE,SUV,Petrol,85105,169909,14.0,1.66,1.23,3.45,7,1146
bmw,2018,12,Brazil,i4,Sedan,Petrol,86448,154824,123.0,1.2522047981885998,3.770921844644052,10.706869936870133,7,581
Mercedes-Benz,2017,7,UK,S-Class,Sedan,Diesel,54765,332431,20.0,1.84,1.65,5.01,9,31
Audi,2021,2,,Q7,SUV,Hybrid,43236,240129,47.0,1.0,6.61,6.42,7,689
Toyota,2024,8,China,Highlander,SUV,Petrol,74119,464149,94.0,1.14,6.45,3.69,2,2947
Porsche,2018,2,China,Panamera,Sedan,Hybrid,,390845,23.0,1.09,6.01,3.35,8,244
Porsche,2016,6,Australia,Panamera,Sedan,Electric,,87785,,1.52,3.45,4.45,10,492
Mercedes-Benz,2024,7,Germany,  CLA  ,,Diesel,102219,172056,39.0,1.89,1.73,3.28,9,1130
Mercedes-Benz,2021,10,Germany,GLC,SUV,Hybrid,128317,404005,14.0,1.98,1.82,2.79,8,
Tesla,2020,1,Mexico,Model S Plaid,Electric,Electric,51648,,6.0,1.09,2.43,10.76,2,1241
Ford,2021,5,USA,Mustang,Sedan,Electric,85068,94985,21.0,0.98,2.85,4.39,4,2262
Mercedes-Benz,2018,12,Spain,E-Class,Sedan,Petrol,107215,293694,34.0,1.77,0.82,3.59,9,849
Mercedes-Benz,2015,9,China,CLA,sedan,Petrol,79577,322378,38.0,1.14,6.3,3.47,9,1193
Porsche,2022,7,Spain,GTS,Sedan,Electric,,335220,16.0,1.77,1.72,3.66,5,34
Audi,2023,12,Italy,Q8,SUV,Hybrid,109317,329672,54.0,1.89,0.83,3.44,2,412
Mercedes-Benz,2017,4,usa,GLC,SUV,DIESEL,110733,274722,25.0,1.0,2.48,4.53,1,320
Toyota,2020,12,India,Prius,Hybrid,Electric,35268,609145,65.0,1.0,7.15,6.45,5,2461
TOYOTA,2023,12,Mexico,Yaris,Sedan,Hybrid,48884,503927,86.0,1.04,1.98,10.9,8,1546
Mercedes-Benz,2016,8,Canada,GLS,SUV,Electric,75880,240416,36.0,1.34,1.71,4.16,8,769
Audi,2018,5,Canada,Q3,SUV,,39827,266923,57.0,1.39,2.58,4.21,7,406
Tesla,2015,10,Canada,Model 3,Electric,Electric,67098,293838,37.0,1.27,2.68,4.29,10,1449
Ford,2032,11,Frnce,Escape,SUV,Hybrid,80732,639616,89.0,1.77,2.09,3.77,6,529
Mercedes-Benz,2022,6,Brazil,EQS,Electric,Diesel,116843,306719,33.0,1.12,3.97,10.62,8,514
Bmw,2021,3,Canada,X3,SUV,Diesel,74886,176044,282.0,1.201772657022694,1.910704963867204,4.2744688114228575,9,935
Mercedes-Benz,2019,11,Spain,GLC,SUV,Diesel,98221,506074,45.0,1.8,1.2,3.29,2,1075
Audi,2024,8,UK,A4,Sedan,Petrol,108301,440056,47.0,1.89,1.19,5.11,10,696
Ford,2018,1,India,Ranger,SUV,Hybrid,85859,208052,100.0,1.02,7.17,6.44,1,2889
BMW,2022,10,UK,iX,Sedan,Hybrid,94123,427082,62.0,1.7646993494660026,1.4537895413836392,4.841630278007878,5,254
Mercedes-Benz,2016,8,Canada,CLA,Sedan,Electric,71614,74281,25.0,1.32,2.57,3.9,8,1269
Audi,2022,7,Japan,A6,Sedaan,Diesel,84625,346601,53.0,1.59,1.67,0.2,8,1079
Toyota,2016,6,Netherlands,Supra,Sedan,Petrol,82035,485214,84.0,2.01,1.67,3.26,4,1653
Ford,2023,1,Italy,F-150 Lightning,Electric,Petrol,87262,394200,67.0,1.88,0.51,3.5,4,3500
Toyata,2022,5,Netherlands,bZ4X,,Petrol,42833,129146,38.0,2.01,2.57,3.62,6,1107
Toyota,2016,2,FRANCE,C-HR,SUV,Electric,39522,44747,56.0,1.85,1.14,3.62,3,494
Tesla,2020,4,Japan,Model 3 LR,Electric,Electric,114398,28062,27.0,1.43,0.77,0.09,9,743
BMW,2024,3,Canada,3 Series,SUV,Diesel,38729,271439,84.0,1.3702413828097535,,3.74567851569418,3,257
Volkswagen,2018,7,Germany,Passat,Sedan,Diesel,46454,200244,78.0,1.98,1.92,2.86,9,2370
Mercedes-Benz,2017,4,India,E-Class,Sedan,DIESEL,85141,67666,20.0,1.15,7.19,6.64,8,595
Mercedes-Benz,2023,10,Canada,EQE,Electric,Hybrid,60860,535066,7.0,1.24,2.6,3.85,2,315
Audi,2016,10,Japan,e-tron,Electric,Diesel,34395,250568,54.0,1.45,0.78,0.33,8,758
Audi,2019,12,Germany,Q3,SUV,Electric,113703,286930,50.0,1.84,1.81,3.12,6,1021
Toyota,2023,2,China,bZ4X,Electric,Electric,44479,525295,64.0,1.0,5.71,3.4,6,1978
Mercedes-Benz,2022,7,Italy,C-Class,Sedan,Diesel,61103,188925,17.0,1.82,1.2,3.33,8,546
Volkswagen,2017,2,Germany,ID.4,Electric,Petrol,27723,47024,68.0,1.87,1.35,3.0,2,554
Mercedes-Benz,2016,1,USA,A-Class,Sedan,Diesal,101863,348211,13.0,0.99,2.81,4.31,1,31
Porsche,2016,11,China,Macan EV,Electric,Hybrid,131610,,27.0,1.06,5.93,3.79,5,485
Mercedes-Benz,2024,3,Canada,GLC,SUV,Hybrid,70918,587286,62.0,,1.94,3.74,6,1044
TOYOTA,2017,12,India,RAV4,SUV,Hybrid,87701,193172,92.0,1.15,6.74,6.34,7,371
Mercedes-Benz,2024,6,USA,EQE,Electric,Hybrid,108161,130041,32.0,1.03,,4.58,8,668
Porsche,2019,6,Netherlands,Macan EV,Electric,Petrol,139723,166665,13.0,1.91,2.55,3.72,3,52
Ford,2015,11,Italy,Explorer,SUV,Electric,84986,200451,116.0,1.91,1.2,3.5,1,3950
Porsche,2020,7,Australia,Macan,SUV,Petrol,134738,281615,6.0,1.57,2.84,4.22,5,343
Ford,2021,2,Germany,Mustang Mach-E,,Hybrid,29897,444517,45.0,1.89,1.92,3.17,7,1130
Porsche,2018,1,Italy,Panamera,Sedan,Electric,68596,,28.0,1.8,1.19,3.46,3,372
Ford,2024,7,Canada,Bronco,SUV,Electric,51039,589123,15.0,1.29,1.96,3.75,7,1917
Mercedes-Benz,2022,10,Brazil,EQS,Electric,Diesel,79683,497224,62.0,1.26,3.98,10.25,3,48
Volkswagen,2021,8,Australia,Arteon,Sedan,Diesel,28812,536774,12.0,1.63,2.64,4.33,3,2019
BMW,2020,12,Canada,X5,SUV,Diesel,94838,91025,244.0,1.3355084534917907,2.6634992408875884,4.011419368077729,4,560
Toyota,2018,2,Mexico,Corolla,Sedan,Petrol,51170,486744,58.0,1.04,2.1,11.1,5,1907
Porsche,2015,3,Italy,Taycan,Electric,Petrol,197404,153973,27.0,1.81,0.54,3.6,6,442
Frod,2015,7,Canada,Mustang,Sedan,Electric,92292,572298,84.0,1.23,2.24,3.87,3,2049
Ford,2023,3,India,Ranger,SUV,Hybrid,40680,113029,114.0,0.98,6.82,6.3,6,1730
Audi,2016,1,UK,Q3,SUV,Petrol,56192,534576,21.0,1.81,1.71,5.14,7,128
Audi,2017,8,Australia,e-tron,Electric,Hybrid,48680,446086,46.0,1.62,3.41,4.07,2,151
Toyota,2022,4,India,Supra,Sedan,Hybrid,44869,691657,86.0,1.08,7.41,6.41,2,1194
Audi,2017,6,UK,Q5,SUV,Petrol,76255,104532,35.0,1.75,1.09,4.8,5,938
Porsche,2018,12,Canada,Cayenne,SUV,Hybrd,188068,97774,10.0,1.26,1.72,4.24,1,246
Ford,2023,9,Spain,Ranger,SUV,Electric,51866,372184,54.0,1.66,0.92,3.24,6,325
Audi,2020,1,Brazil,Q7,SUV,Hybrid,71234,208798,51.0,1.11,3.35,10.66,9,219
Porsche,2021,6,China,Macan EV,Electric,Petrol,192028,343345,27.0,1.02,6.36,3.74,8,343
Mercedes-Benz,2017,11,Mexico,E-Class,Sedan,Diesel,48555,423768,15.0,1.03,1.73,10.77,8,908
Toyota,2016,6,Canada,Camry,Sedan,Hybrid,57794,617129,75.0,1.32,2.59,4.04,6,786
Porsche,2017,3,Japan,Cayenne Coupe,SUV,Electric,151307,90334,4.0,1.45,0.86,0.07,1,362
Tesla,2024,2,Japan,Model Y,Electric,Electric,102853,210503,28.0,1.59,1.36,0.02,1,792
Toyota,2024,6,Netherlands,Camry,Sedan,Hybrid,78492,584059,74.0,2.07,1.99,3.27,6,2571
TESLA,2020,2,,Model X,Electric,Electric,95096,32568,14.0,1.77,1.28,3.74,10,2011
Mercedes-Benz,2015,2,UK,E-Class,Sedan,Electric,115187,298288,6.0,1.89,1.51,5.28,7,115
Tesla,2020,9,France,Model S Plaid,Electric,Electric,88615,15120,30.0,1.77,1.92,3.41,4,496
BMW,2015,9,,X5,SUV,Electric,81418,416648,33.0,0.9921240084883264,2.24240973241508,4.268902094843522,3,162
Porsche,2021,8,Italy,Panamera,Sedan,Petrol,193342,337499,6.0,1.86,1.26,3.48,1,143
Toyota,2022,3,France,Corolla,Sedan,Petrol,72739,198646,71.0,1.72,1.11,3.58,2,920
Ford,2022,8,France,Expedition,SUV,Petrol,92096,645550,30.0,1.72,1.77,3.55,2,107
Toyota,2021,8,,C-HR,SUV,Hybrid,41621,307118,84.0,1.8,2.0,5.17,3,1800
Volkswagen,2022,9,Australia,Tiguan,SUV,Petrol,47099,567589,67.0,1.69,3.44,4.46,6,971
Toyota,2016,4,Canada,C-HR,SUV,Hybrid,75337,409768,26.0,1.34,2.62,4.07,8,1486
Audi,2024,3,Germany,Q8,SUV,Hybrid,42272,94620,44.0,2.0,2.26,3.01,7,29
AUDI,2023,12,U.S.A,A4,Sedan,Diesel,59253,92259,7.0,0.97,2.49,4.67,8,249
Toyota,2016,3,Japan,Supra,Sedan,Electric,54742,333050,48.0,1.58,1.68,0.29,3,1650
Mercedes-Benz,2022,9,Canada,E-Class,Sedan,Hybrid,44324,129695,37.0,1.35,2.01,4.22,6,1218
BMW,2022,10,USA,i4,Electric,Petrol,106334,367231,260.0,0.8873840576174847,2.7891712386073384,4.499065319357435,7,796
Ford,2019,9,Mexico,Explorer,SUV,Hybrid,44506,590715,46.0,1.15,2.48,11.04,4,1050
Audi,2023,5,Canada,A6,Sedan,Diesel,81273,493933,40.0,1.36,1.76,4.24,3,1178
Toyota,2016,1,Netherlands,Highlander,SUV,Hybrid,48424,100040,33.0,1.99,2.45,3.68,4,1145
Audi,2021,11,US,Q5,SUV,Petrol,49586,320504,30.0,1.01,2.25,4.61,7,610
Volkswagen,2017,1,Japan,T-Roc,SUV,Electric,59535,228284,20.0,1.49,1.54,0.22,2,694
BMW,2019,3,UK,X1,Electric,Petrol,55056,166712,,1.917096045148439,1.515861902712328,4.860555606036783,8,
Mercedes-Benz,2024,11,Germny,CLA,Sedan,Diesel,59630,505011,5.0,1.93,1.64,2.89,9,742
Porsche,2019,9,China,Cayenne Coupe,SUV,Petrol,184430,238625,27.0,1.03,6.42,3.45,6,36
Toyota,2016,3,Netherlands,  Highlander  ,SUV,Petrol,63313,617130,10.0,2.01,1.81,3.26,1,1614
BMW,2016,11,China,i4,Electric,Petrol,115428,418893,253.0,1.0062366270122571,6.23257209721025,3.328964227154454,10,533
Mercedes-Benz,2018,2,USA,EQS,Electric,Hybrid,,456688,6.0,0.96,2.94,4.3,8,768
Audi,2023,12,Germany,Q3,SUV,Petrol,102118,183016,21.0,1.93,2.21,3.0,5,297
Porsche,2016,8,usa,Macan EV,Electric,Electric,152074,128709,23.0,1.06,2.73,4.79,10,60
Tesla,2020,4,Brazil,Model X,Electrc,Electric,40944,20471,39.0,1.13,3.33,10.37,9,2449
Telsla,2022,9,UK,Model Y LR,Electric,Electric,95000,294804,3.0,1.91,1.73,4.73,4,1241
Mercedes-Benz,2019,4,Canada,C-Class,Sedan,Petrol,57363,515874,34.0,1.27,2.01,4.04,7,678
Tesla,2018,12,China,Model 3 LR,Electric,,115142,,,1.16,5.88,3.45,9,1451
Audi,2020,9,USA,Q3,SUV,Petrol,54363,351368,27.0,1.03,2.29,4.63,8,723
AUDI,2018,10,Australia,Q3,SUV,ELECTRIC,86461,446587,23.0,1.5,3.35,4.13,7,1145
Ford,2015,6,Netherlands,Escape,SUV,Petrol,42577,322558,21.0,2.07,2.0,3.57,2,1905
Toyota,2022,7,Brazil,Corolla,Sedan,Hybrid,86874,357501,70.0,1.15,,10.44,9,1553
BMW,2024,9,Canada,7 Series,SUV,Petrol,54627,360714,159.0,1.2925069432266296,2.318254771530296,3.921348183741864,2,697
Audi,2024,9,Italy,Q7,S U V,Hybrid,51360,309916,21.0,1.86,0.95,3.72,9,200
Toyota,2019,3,Japan,Camry,Sedan,Petrol,45123,420897,17.0,1.5,1.11,0.3,5,1108
BMW,2021,9,China,7 Series,SUV,Diesel,90514,267995,285.0,1.030891949444665,6.390097035183809,3.4075264764427144,2,884
Ford,2021,4,Netherlands,Ranger,SUV,Electric,42817,760937,34.0,1.95,1.96,3.49,2,1797
BMW,2021,12,UK,i4,Electric,Petrol,114465,407521,270.0,1.8979808241533864,1.4225484283119445,4.725214805102843,8,553
Audi,2023,8,Spain,RS6,Sedan,Electric,40787,498170,46.0,1.68,0.84,3.68,6,905
Ford,2024,9,Spain,Ranger,SUV,Petrol,84695,347898,24.0,1.76,1.69,3.72,4,2607
Mercedes-Benz,2017,8,Mexico,CLA,,Electric,99863,196248,23.0,1.12,2.4,11.19,9,805
Tesla,2023,5,Australia,Cybertruck,Electric,Electric,88477,287761,25.0,1.64,3.49,4.04,10,153
Porsche,2023,11,Italy,718,Sedan,Petrol,92850,233548,10.0,1.94,0.84,3.69,6,282
Toyota,2022,6,UK,Land Cruiser,SUV,Electric,86620,79623,45.0,1.81,1.15,5.22,8,1488
Porshe,2020,2,USA,GTS,Sedan,Petrol,198350,236810,14.0,0.95,2.86,4.47,10,497
Toyota,2018,8,Netherlands,RAV4,SUV,Hybrid,44770,148782,28.0,1.98,2.11,3.34,4,1987
BMW,2016,8,USA,5 Series,SUV,Petrol,116502,163783,134.0,1.0035115477042054,,4.484376984157724,8,393
Frod,2015,7,Germany,F-150 Lightning,Electric,Hybrid,25461,516684,78.0,1.95,1.96,3.21,3,1790
Tesla,2015,4,Netherlands,Model X Plaid,Electric,Electric,74183,97067,37.0,2.03,2.16,3.77,5,1284
BMW,2019,12,UK,X5,Electric,Hybrid,91240,234381,185.0,1.7755426967270471,1.0891244321160167,5.153162252298085,10,750
Toyota,2016,8,China,RAV4,SUV,Petrol,69907,556361,94.0,1.11,6.19,3.56,10,1134
Tesla,2015,3,UK,Model 3 LR,Electric,Electric,100282,250477,35.0,1.77,1.69,4.73,5,1770
Toyota,2015,8,Canada,Highlander,suv,Petrol,70636,52544,51.0,1.29,1.92,3.72,3,2708
Volkswagen,2024,3,Japan,T-Roc,SUV,Hybrid,,246820,56.0,1.46,1.04,0.24,7,1153
Tesla,2017,10,Italy,Cybertruck,Electric,Electric,47202,237971,13.0,1.86,0.86,3.48,9,1679
Audi,2017,9,Brasil,Q7,SUV,Hybrid,56305,391356,21.0,1.11,3.13,10.66,10,954
Porsche,2024,12,USA,Panamera,Sedan,Petrol,180653,277105,29.0,1.05,2.36,4.39,8,71
Porsche,2019,9,Brazil,Macan EV,Electric,Hybrid,98900,311207,13.0,1.11,3.93,10.71,8,319
Tesla,2018,6,Australlia,Semi,Electric,Electric,108762,,7.0,1.53,,4.39,4,
Toyota,2020,2,Germany,Camry,Sedan,Electric,89234,443023,65.0,1.95,1.53,2.8,5,-174
Volkswagen,2023,8,Spain,ID.4,Electric,Hybrid,73481,565648,82.0,1.72,1.48,3.2,7,1855
Porsche,2017,9,Brazil,GTS,,Electric,66430,,3.0,1.19,3.0,10.61,8,20
BMW,2024,2,Canada,X7,Sedan,Petrol,46695,438333,139.0,1.257181357847832,2.5869249002092696,4.087486487593123,10,314
Mercedes-Benz,2024,1,China,GLE,SUV,Petrol,78269,320351,55.0,1.16,5.88,3.69,6,303
BMW,2015,2,UK,7 Series,Sedan,Electric,114401,413334,84.0,1.7825399487617133,1.6406151835488874,5.099960287427972,1,268
Volkswagen,2018,7,China,Arteon,Sedan,PETROL,53284,577842,26.0,1.01,5.6,3.42,2,952
Audi,2021,7,Australia,A3,Sedan,Hybrid,97604,508554,24.0,1.67,3.0,4.54,5,
BMW,2015,12,Germany,i4,Electric,Hybrid,108843,,365.0,1.8263457546909123,1.3431737357970115,2.7988888894376625,10,822
Volkswagen,2020,6,Canada,Tiguan,SUV,Petrol,77440,391644,64.0,1.35,2.26,4.03,5,1134
Ford,2015,2,Italy,Mustang,Sedan,Petrol,27942,464443,28.0,1.89,1.09,3.41,5,2929
Tesla,2023,8,Brazil,Model Y,Electric,Electric,100113,102605,2.0,1.14,3.26,10.31,4,459
Ford,2020,1,China,Expedition,SUV,Petrol,71539,726203,23.0,,5.67,3.79,3,94
Toyota,2017,3,,Camry,Sedan,Hybrid,87654,98688,52.0,1.74,1.73,3.25,1,234
Ford,2020,6,,F-150,SUV,Electric,66817,85313,75.0,1.95,2.2,3.7,10,3112
Toyota,2017,8,Japan,Camry,Sedan,Petrol,47467,234688,14.0,1.45,1.52,0.31,4,1586
Ford,2018,9,Germany,F-150 Lightning,Electric,Hybrid,92601,706494,106.0,1.9,1.32,2.96,3,2831
Toyota,2024,9,France,RAV4,SUV,electric,35047,333465,66.0,1.85,1.89,3.37,5,1927
Audi,2016,11,UK,Q8,SUV,Hybrid,80231,305461,25.0,1.77,,4.74,10,159
Mercedes-Benz,2017,6,UK,GLS,SUV,Petrol,61455,343753,46.0,1.89,1.79,5.11,7,1172
Tesla,2024,12,Brazil,Cybertruck,Electric,Electric,112974,161243,29.0,1.19,3.77,10.75,2,2243
Audi,2024,1,Brazil,Q8,SUV,Diesel,56264,327912,21.0,1.2,3.49,10.71,5,519
Ford,2017,6,India,Bronco,SUV,Petrol,85771,698025,49.0,0.97,7.18,6.73,4,3713
Tesla,2016,3,Brazil,Model S,Electric,Electric,70092,125233,15.0,1.1,3.71,10.35,4,1045
Volkswagen,2020,4,Mexico,Touareg,SUV,Diesel,72553,,38.0,1.06,2.28,10.85,1,1936
BMW,2019,1,China,7 Series,Electric,Hybrid,38332,255232,55.0,1.0615859883182384,5.639651254756313,3.2179841539236067,8,418
Mercedes-Benz,2021,3,Mexico,GLS,SUV,Hybrid,58879,333199,51.0,1.14,2.34,10.92,6,1118
Volkswagen,2020,11,Japan,Arteon,Sedan,Hybrid,55024,546913,51.0,1.53,0.88,0.23,1,1947
Tesla,2017,11,Spain,Semi,Electric,Electric,92207,90060,20.0,1.75,1.7,3.66,2,652
Audi,2015,12,China,RS6,Sedan,Diesel,69527,314228,57.0,1.03,5.99,3.66,10,88
Volkswagen,2017,6,Canada,Arteon,Sedan,Electric,26248,257483,18.0,1.24,2.2,3.89,4,657
Porsche,2018,1,France,GTS,Sedan,Electric,83199,362934,29.0,1.87,1.65,3.36,1,29
Porsche,2017,12,Brazil,Macan EV,Electric,Electric,124207,126738,13.0,1.26,3.37,10.39,1,362
Toyota,2023,9,Brazil,Supra,Sedan,Electric,20393,182974,16.0,1.27,3.84,10.43,10,1193
Tesla,2022,4,China,Model 3 LR,Electric,Electric,96683,71132,6.0,1.12,6.45,3.62,9,
Mercedes-Benz,2016,4,Canada,A-Class,Sedaan,Electric,91952,192490,8.0,1.39,1.93,3.83,4,520
TOYOTA,2015,9,Japan,bZ4X,Electric,Hybrid,25849,491570,22.0,1.43,1.35,0.29,4,2019
Toyota,2017,3,Germany,Corolla,Sedan,Electric,63381,478105,94.0,1.87,1.96,2.7,4,2858
Porsche,2024,4,UK,Macan EV,Electric,Hybrid,98808,198232,14.0,1.81,1.5,4.98,3,388
Tesla,2023,3,France,Model X,Electric,Electric,115336,182971,37.0,1.82,1.17,3.28,4,2168
Volkswagen,2018,2,australia,T-Roc,SUV,Diesel,61508,104587,18.0,1.62,3.02,4.44,4,1155
Porsche,2017,6,India,Panamera,Sedan,Electric,197017,87997,16.0,1.06,7.29,6.64,3,388
Toyata,2024,1,Brazil,Land Cruiser,SUV,Petrol,76176,295394,85.0,1.19,3.82,10.4,5,1175
Frod,2018,2,China,Edge,SUV,Petrol,81656,396796,51.0,1.06,6.15,3.6,6,2550
Toyoda,2021,10,Italy,Prius,Hybrid,Hybrid,23413,535014,80.0,1.94,0.59,3.73,3,1744
Audi,2018,6,USA,RS6,Sedan,Diesel,54877,164511,32.0,0.98,2.8,4.49,2,218
Mercedes-Benz,2017,5,India,EQE,Electric,Hybrid,125369,86924,13.0,0.95,7.08,6.59,4,708
Volkswagen,2018,7,Brazil,Taos,SUV,Petrol,70519,131516,35.0,1.29,3.74,10.36,6,1671
Audi,2020,6,Germany,A4,Sedan,Petrol,53573,203807,39.0,1.88,2.0,3.11,3,840
Mercedes-Benz,2018,6,China,E-Class,Sedan,HYBRID,41366,565745,27.0,1.14,6.29,3.39,2,757
Tesla,2019,8,France,Model S,Electric,Electric,94699,196165,30.0,1.84,1.61,3.58,8,1316
BMW,2018,3,Brazil,5 Series,Electric,Hybrid,73990,423704,287.0,1.2345204236450251,3.9699120461072703,10.256340429473653,9,
Ford,2021,7,Germany,F-150,SUV,Electric,61381,622438,32.0,1.97,1.5,3.23,8,1431
Audi,2016,8,UK,A6,Sedan,Electric,42877,409747,56.0,1.81,1.86,4.92,3,968
Porshe,2018,8,Mexico,Macan EV,Electric,Electric,96099,,17.0,1.13,2.47,11.0,9,214
BMW,2019,6,Frnce,5 Series,SUV,Diesel,36129,114926,229.0,1.799353371771834,1.4909059959055146,3.556685801111704,8,717
BMW,2015,9,Japan,X1,SUV,Electric,72052,172066,332.0,1.5352355124150867,1.3341421382957368,-0.1242411550612983,9,908
Tesla,2019,5,Mexico,Model X,Electric,Electric,82073,15299,3.0,1.05,2.12,11.04,5,69
Volkswagen,2021,1,Spain,Golf,Sedan,Hybrid,40438,340904,28.0,1.69,1.72,3.44,2,
BMW,2015,11,,X5,SUV,Diesel,47720,172989,246.0,1.1211549638713776,5.856096725897846,3.791909149275788,5,677
Ford,2016,1,Canada,Bronco,SUV,Electric,82446,168358,118.0,1.3,2.48,4.3,6,2754
Mercedes-Benz,2021,9,Frnce,GLS,SUV,DIESEL,43414,138639,7.0,1.89,2.05,3.27,7,621
BMW,2015,2,India,i4,Sedan,Electric,91356,192690,21.0,0.965390640325842,,6.272340131466367,3,306
Audi,2023,5,Canada,e-tron,Electric,Hybrid,90755,145406,10.0,1.33,2.48,3.9,8,1008
Telsla,2019,5,BRAZIL,Model Y LR,Electric,Electric,47979,83399,6.0,1.13,3.72,10.3,9,1175
Volkswagen,2020,2,Brazil,Polo,Sedan,Diesel,26421,299836,60.0,1.17,3.11,10.25,2,74
Tesla,2018,1,Netherlands,Model Y LR,Electric,Electric,89826,169201,20.0,1.97,2.53,3.42,7,2361
Volkswagen,2023,1,France,ID.4,Electric,Petrol,45885,154400,8.0,1.87,1.25,3.45,3,1004
Toyota,2019,1,India,C-HR,SUV,Hybrid,50579,533585,37.0,0.96,6.69,6.42,3,678
Tesla,2020,2,SPAIN,Cybertruck,Electric,Electric,67330,35713,30.0,1.65,1.11,3.44,4,1325
Porsche,2018,4,Japan,718,Sedan,Hybrid,71676,137119,18.0,1.51,0.74,0.07,8,298
Porsche,2018,9,Italy,Taycan,Electric,Hybrid,117868,314338,21.0,1.81,0.69,3.21,6,482
Audi,2021,6,Mexico,e-tron,Electric,Electric,80857,511972,44.0,1.04,,10.99,7,805
Porsche,2023,9,Canada,Cayenne Coupe,SUV,Petrol,110061,102663,11.0,1.31,2.67,3.72,4,411
Toyota,2024,7,Canada,Land Cruiser,SUV,Hybrid,31335,176051,32.0,1.33,2.36,4.3,7,577
Tesla,2019,4,,Cybertruck,Electric,Electric,57891,291434,6.0,1.9,2.0,2.74,5,2223
Mercedes-Benz,2023,6,Canada,GLS,SUV,Hybrid,87877,,61.0,1.36,2.37,4.23,6,90
Volkswagen,2017,7,Canada,Passat,Sedan,Diesel,29684,208975,25.0,1.36,2.06,4.16,1,2732
Mercedes-Benz,2016,7,USA,C-Class,Sedan,Hybrid,107570,203417,51.0,1.06,2.32,4.48,3,283
Toyota,2021,11,Canada,Highlander,SUV,Electric,43911,220977,55.0,1.39,1.82,3.92,5,2938
Ford,2024,6,Germany,Edge,SUV,Electric,29403,56271,57.0,1.89,2.12,3.17,3,3090
Porsche,2024,11,Mexico,Macan,SUV,Electric,127973,335737,19.0,1.06,2.39,11.25,3,56
Porsche,2020,7,Germany,GTS,Sedan,Electric,,308535,12.0,1.92,1.3,3.06,2,407
Audi,2020,2,U.S.A,Q7,SUV,Hybrid,113985,272610,39.0,1.06,2.65,4.71,9,77
Mercedes-Benz,2019,5,USA,GLS,SUV,Hybrid,40633,386027,14.0,0.99,2.3,4.48,8,962
Toyota,2018,5,USA,Corolla,Sedan,Hybrid,34332,,87.0,1.04,2.26,4.45,4,2686
Toyota,2017,8,USA,bZ4X,Electric,Petrol,61452,493345,45.0,1.01,2.97,4.36,3,2333
BMW,2015,7,Canada,i7,Sedan,Diesel,107394,144202,109.0,1.3614311074729766,1.7169476648895812,4.162094927054258,9,224
Porsche,2015,6,Brazil,911,Sedan,Hybrid,71777,130091,19.0,1.29,3.79,10.4,5,227
Audi,2020,1,Japan,Q7,SUV,Electric,44374,529120,25.0,1.4,0.89,0.13,5,1052
Tesla,2019,1,Netherlands,Model Y,Electric,Electric,121501,108919,17.0,2.02,2.23,3.8,10,1187
BMW,2019,9,Germany,X1,Electric,Hybrid,94872,,173.0,,1.3994413927593452,2.8459033145996724,8,505
BMW,2020,2,Brazil,X7,Electric,Electric,75874,385949,55.0,1.1452991550395877,3.016587828927856,10.507255834979569,3,292
Porsche,2016,7,Netherlands,718,Sedan,Petrol,139871,375455,6.0,2.03,1.72,3.59,4,186
Toyota,2017,11,Spain,Highlander,SUV,Hybrid,84849,492949,71.0,1.79,1.34,3.54,7,710
Audi,2023,2,France,e-tron,Electric,Petrol,50705,382368,29.0,1.82,1.23,3.68,4,608
Volkswagen,2021,7,BRAZIL,Golf,Sedan,Hybrd,40385,431540,88.0,1.19,3.24,10.4,6,610
Porsche,2023,2,INDIA,Panamera Sport,Sedan,Electric,134349,161819,23.0,0.97,7.05,6.74,10,397
Audi,2015,7,Canada,A3,Sedan,Petrol,45326,389984,33.0,1.37,1.76,4.23,4,39
Ford,2023,10,UK,Expedition,SUV,Electric,51185,212031,62.0,1.87,1.3,5.12,7,2740
Ford,2023,6,USA,Escape,S U V,Electric,81799,433001,50.0,0.92,2.79,4.46,5,2595
Porsche,2021,9,Germany,Macan EV,Electric,Hybrid,133780,135916,26.0,1.91,1.65,3.2,1,417
BMW,2015,2,India,X3,Sedan,Petrol,113291,258281,365.0,0.9976365562093452,6.678544662054334,6.591647664711125,6,1027
Audi,2020,9,India,Q7,SUV,Petrol,95950,533145,31.0,1.14,7.26,6.73,4,577
Toyota,2023,9,Spain,RAV4,SUV,Petrol,31754,457472,,1.82,1.1,3.58,6,1777
Toyota,2018,9,Japan,Prius,Hybrid,Electric,39946,335901,42.0,1.58,1.53,0.09,1,2949
BMW,2020,1,China,7 Series,Sedan,Petrol,60464,275121,204.0,1.0880397995910982,6.288614964672407,3.510361433864966,8,842
Mercedes-Benz,2024,6,Germany,EQS,Electric,Hybrid,63230,343671,8.0,1.87,1.66,2.99,9,1264
Ford,2016,8,Australia,Edge,SUV,Petrol,92625,268202,105.0,1.62,3.31,4.51,8,1442
Porsche,2023,12,Italy,Macan EV,Electric,Petrol,126351,278902,25.0,1.89,0.82,3.49,6,244
Toyota,2017,8,China,RAV4,SUV,Petrol,87182,307641,30.0,1.18,5.74,3.62,1,106
Porsche,2017,5,China,Macan EV,Electric,Electric,133716,173962,27.0,1.01,6.3,3.46,2,398
Toyota,2016,12,Spain,Yaris,,Electric,19967,42143,35.0,1.76,1.7,3.51,4,2746
Audi,2015,6,Germany,RS6,Sedan,Electric,42156,452047,46.0,1.96,1.68,2.74,7,43
BMW,2022,11,China,5 Series,Electric,Diesel,84112,252278,167.0,1.1445628606416969,5.6147688718692175,3.716083816009661,5,679
BMW,2024,5,Japan,X7,SUV,Hybrid,47632,405266,306.0,1.5418121038901833,0.7519712836514724,0.1247778011806422,10,947
Tesla,2021,4,INDIA,Model 3 LR,Electric,Electric,75837,40911,33.0,0.95,7.21,6.31,8,554
Ford,2021,1,India,Edge,SUV,Hybrid,32656,258278,24.0,1.09,7.07,6.74,5,515
Mercedes-Benz,2020,8,UK,CLA,Sedan,Electric,58440,295478,14.0,1.87,1.77,4.86,6,1232
Ford,2024,2,USA,F-150,SUV,Electric,82257,63827,116.0,1.03,2.91,4.43,6,1857
BMW,2016,2,Brazil,X1,SUV,Diesel,68302,231726,28.0,1.208281521469517,3.3855119047369224,10.404232262552704,5,438
Mercedes-Benz,2020,2,China,A-Class,Sedan,Hybrid,59569,167931,18.0,1.09,6.06,3.2,9,1041
Tesla,2015,9,China,Model Y LR,Electric,Electric,117645,232454,27.0,1.01,6.01,3.36,1,1159
Toyota,2024,12,Spain,RAV4,SUV,Hybrid,51944,257180,33.0,1.72,1.09,3.46,10,2780
Toyota,2020,3,UK,bZ4X,Electric,Electric,40737,161898,93.0,1.85,1.91,5.28,4,2024
Ford,2021,1,India,F-150,SUV,Petrol,28849,719346,81.0,1.0,7.33,6.42,7,282
Toyota,2024,1,Canada,Corolla,Sedan,Hybrid,44312,87544,41.0,1.29,2.4,4.28,7,
Mercedes-Benz,2016,1,Brazil,CLA,Sedaan,Hybrid,53158,332197,37.0,1.24,3.95,10.71,2,382
Mercedes-Benz,2020,10,China,EQE,Electric,Hybrid,38960,499410,61.0,1.1,6.45,3.29,7,850
Mercedes-Benz,2017,11,Germany,A-Class,Sedan,Electric,114841,296543,25.0,1.92,1.39,3.15,4,719
Volkswagen,2023,4,UK,ID.3,Electric,Diesel,60060,267077,82.0,1.87,1.82,5.03,4,179
Porsche,2023,10,Netherlands,GTS,Sedan,Electric,141201,129474,16.0,1.98,1.85,3.7,1,134
Toyota,2015,5,Spain,Highlander,SUV,Electric,85625,248612,82.0,1.77,1.59,3.76,6,2160
BMW,2018,6,usa,5 Series,SUV,Diesel,85492,391701,38.0,1.007777060410018,2.2975484513188205,4.53901319571541,10,354
Porsche,2019,5,Netherlands,Cayenne,SUV,Petrol,148268,363379,19.0,1.99,1.7,3.6,8,333
Mercedes-Benz,2021,9,UK,E-Class,Sedan,Petrol,79795,110575,51.0,1.92,1.31,4.88,7,976
Mercedes-Benz,2022,8,Italy,GLS,SUV,Hybrid,103076,105923,18.0,1.91,1.22,3.41,1,31
Volkswagen,2020,5,UK,ID.4,Electric,Electric,33863,596044,11.0,1.85,1.55,4.98,3,1286
Audi,2015,1,USA,Q8,,Hybrid,97141,110496,24.0,1.02,2.42,4.78,5,933
Tesla,2020,12,Italy,Model S Plaid,Electric,Electric,73829,81182,13.0,1.89,,3.67,8,1260
Ford,2016,6,USA,F-150 Lightning,Electric,Electric,89346,405004,68.0,1.07,2.9,4.36,6,210
BMW,2022,4,India,iX,Sedan,Petrol,68040,203956,19.0,0.9838985493372184,7.351136671516857,6.390153203093766,2,272
Porsche,2024,1,Australia,Cayenne,,electric,105813,286242,15.0,1.66,3.2,4.1,2,385
Volkswagen,2018,10,France,Touareg,SUV,Diesel,58720,391787,71.0,1.79,1.7,3.51,2,779
Audi,2019,8,China,A6,Sedan,Diesel,,318417,9.0,1.04,6.09,3.37,9,481
Audi,2022,4,Brazil,Q8,SUV,Diesel,60063,534038,9.0,1.23,3.43,10.4,7,606
Toyota,2024,10,Brazil,Highlander,SUV,,66164,329070,61.0,1.19,3.77,10.75,9,2249
Volkswagen,2020,1,China,ID.3,Electric,Electric,32051,209228,76.0,1.11,,3.49,10,2276
BMW,2019,9,Brazil,X5,Electric,Electric,37881,386092,194.0,1.1401049453400671,3.6855652872289713,10.45818353693968,2,775
Toyota,2018,6,China,C-HR,SUV,Petrol,83197,299223,38.0,1.16,6.13,3.43,10,2858
Audi,2019,7,France,A6,Sedan,Diesel,40613,245503,45.0,1.82,1.43,3.45,8,528
Audi,2019,5,Mexico,RS6,Sedan,Diesel,101726,454323,4.0,1.2,2.15,10.93,1,238
Mercedes-Benz,2017,4,UK,GLS,SUV,Hybrid,58564,210730,60.0,1.92,1.7,5.14,10,51
BMW,2017,11,Brazil,X3,SUV,Hybrid,65951,408511,366.0,1.2343785487197456,3.2219721619329493,10.338644877952843,10,
Volkswagen,2019,7,Brazil,ID.3,Electric,Hybrid,29675,423815,43.0,1.29,3.9,10.59,6,1684
Ford,2018,1,China,F-150 Lightning,,Petrol,65233,716317,,1.02,6.06,3.3,9,2786
Mercedes-Benz,2022,4,UK,GLE,SUV,Hybrid,126830,205043,34.0,1.78,1.56,5.0,9,130
Ford,2017,9,Mexico,Ranger,SUV,Hybrid,25664,182346,14.0,1.05,1.84,11.14,9,332
Porsche,2021,4,Spain,Macan,SUV,Petrole,81871,204551,5.0,1.85,1.06,3.25,4,6
Mercedes-Benz,2020,5,UK,EQS,Electric,Petrol,60121,128800,43.0,1.82,1.13,5.09,6,116
Toyota,2020,3,France,Camry,Sedan,Hybrid,54161,51174,91.0,1.85,1.27,3.45,1,2489
Porsche,2016,8,UK,Cayenne Coupe,SUV,Petrol,119793,283487,24.0,1.89,1.04,5.14,1,370
Toyota,2022,9,UK,C-HR,SUV,Hybrid,86603,,91.0,1.8,1.27,5.15,1,2852
Porsche,2018,11,,Taycan,Electric,Hybrid,170497,92890,2.0,1.16,4.0,10.73,10,269
Volkswagen,2022,10,Australia,T-Roc,SUV,Hybrid,29236,151978,18.0,1.55,3.28,4.39,7,1460
Mercedes-Benz,2015,11,Brazil,CLA,sedan,Hybrid,,423424,7.0,1.15,3.76,10.28,5,744
Tesla,2016,2,Australia,Model Y LR,Electric,Electric,101152,75957,9.0,1.6,2.69,4.35,4,1675
Volkswagen,2017,11,Spain,Polo,Sedan,DIESEL,51440,501057,66.0,1.67,1.51,3.28,4,235
Toyota,2023,11,USA,C-HR,SUV,Electric,87632,63567,71.0,0.89,2.78,4.43,5,180
Mercedes-Benz,2024,11,India,GLC,SUV,Diesel,88674,526035,33.0,0.98,7.06,6.4,3,120
Mercedes-Benz,2022,7,Japan,A-Class,Sedan,Hybrid,72564,121530,45.0,1.4,1.42,0.24,10,918
BMW,2018,8,USA,X1,SUV,Diesal,98382,283378,56.0,0.9752805321872228,2.4523182845183,4.586146617117915,4,400
Toyota,2015,4,Australia,Highlander,SUV,Petrol,88008,441532,56.0,1.63,2.89,4.23,8,1580
Toyota,2017,6,France,Supra,Sedan,Hybrid,46615,293409,69.0,1.74,1.84,3.23,7,325
Volkswagen,2016,3,France,ID.3,Electric,Diesel,70037,208149,13.0,1.73,1.85,3.77,4,1785
Volkswagen,2018,5,UK,Polo,Sedan,Diesel,75219,326949,,1.78,1.22,4.77,3,1300
Audi,2023,7,France,TT,Sedan,Diesel,69274,231136,40.0,1.88,1.46,3.24,7,1160
Porsche,2022,8,Spain,Macan EV,Electric,Hybrid,104619,290254,14.0,1.71,1.18,3.33,10,389
BMW,2033,6,Japan,  5 Series  ,SUV,Diesel,58834,58720,368.0,1.5308585104649923,0.8842248392380261,0.3363938260047222,6,1006
Audi,2023,2,UK,Q5,SUV,Electric,112328,474342,20.0,1.93,1.55,4.97,4,249
Tesla,2017,5,Brazil,Model S,Electric,Electric,68951,117343,30.0,1.25,3.75,10.59,8,2169
Tesla,2015,9,France,Semi,Electric,ELECTRIC,113784,49042,29.0,1.73,1.98,3.46,3,743
Porsche,2018,12,Australia,Macan,SUV,Petrol,138889,94472,24.0,1.6,3.43,4.08,7,31
BMW,2017,11,Germany,7 Series,Sedan,Electric,66658,194233,,1.9911302996459503,1.4295149212828042,3.233248847921386,1,499
Toyota,2017,4,Spain,Prius,Hybrid,Hybrid,45253,653995,35.0,1.82,0.99,3.51,9,1438
Ford,2016,9,Japan,F-150 Lightning,Electric,Petrol,55059,272202,24.0,1.59,1.01,0.38,10,1641
Audi,2021,7,France,A3,Sedan,Hybrid,91691,333537,56.0,,2.0,3.62,2,832
Mercedes-Benz,2016,11,Canada,S-Class,Sedan,Electric,38331,372412,9.0,1.25,,4.01,6,217
Porsche,2023,4,Mexico,Macan EV,Electric,Hybrid,95010,80396,20.0,1.13,1.71,11.13,2,
Volkswagen,2018,12,UK,Touareg,SUV,Petrol,60866,433868,10.0,1.81,1.49,5.03,7,2163
Toyota,2022,5,Netherlands,Prius,Hybrid,Electric,89798,559689,88.0,2.09,2.5,3.25,9,2256
Mercedes-Benz,2018,5,Spain,CLA,Sedan,Diesel,55463,157857,53.0,1.69,1.27,3.76,8,192
Ford,2018,1,USA,Escape,SUV,Petrol,71265,653051,31.0,1.0,2.55,4.75,9,3894
Toyota,2017,4,UK,Land Cruiser,SUV,Hybrid,22204,150538,47.0,1.78,1.42,4.82,5,1148
Volkswagen,2022,2,China,Tiguan,SUV,Electric,37703,216840,40.0,1.08,5.67,3.66,10,830
Tesla,2017,7,Italy,Model Y LR,Electric,Electric,100592,265246,35.0,1.92,,3.58,3,1038
Porsche,2015,4,Brazil,Panamera Sport,Sedan,Hybrid,195959,178267,14.0,,3.99,10.24,7,251
Ford,2021,1,Spain,Edge,SUV,Petrol,90715,,51.0,1.81,1.73,3.7,5,1177
Audi,2019,2,Canada,Q7,SUV,Hybrid,72631,"$399,706",9.0,1.34,2.51,4.0,2,539
Tesla,2024,1,Canada,Model X,Electric,Electric,44284,265896,13.0,1.31,2.31,4.05,1,
Porsche,2019,10,Mexico,Panamera Sport,Sedan,Hybrid,151511,271051,19.0,1.12,1.87,10.73,1,118
Audi,2017,8,Mexico,A4,Sedan,Diesel,84704,199368,46.0,1.13,1.96,10.81,10,973
BMW,2022,11,Japan,5 Series,Sedan,Diesel,,237535,399.0,1.4115685353126792,1.4795844735667534,0.010075155500038,8,1137
Porsche,2019,10,Italy,Panamera Sport,Sedan,Electric,85368,367833,4.0,1.82,0.94,3.56,8,133
Tesla,2020,9,Italy,Cybertruck,Electric,Electric,94544,152965,33.0,1.94,0.97,3.34,3,2253
Toyota,2019,10,Italy,Land Cruiser,SUV,Electric,74376,482856,63.0,1.8,0.72,3.23,1,616
AUDI,2018,5,Australia,Q3,SUV,Diesel,110137,318513,50.0,1.6,2.84,4.54,7,422
Ford,2024,10,Netherlands,Expedition,SUV,Hybrid,,66819,43.0,1.99,2.2,3.29,2,1841
Tesla,2018,9,Brazil,Semi,Electric,Electric,89831,209404,26.0,1.16,3.31,10.43,4,1391
Toyota,2019,7,Australia,Prius,Hybrid,Petrol,47530,135974,72.0,1.63,2.69,4.44,10,432
Ford,2022,9,France,F-150,SUV,Hybrid,33930,143372,19.0,1.78,1.34,3.24,4,2943
BMW,2016,5,China,X5,SUV,Diesel,74661,303078,110.0,1.1132809280593796,6.219045905184245,3.378273029373905,1,529
Mercedes-Benz,2016,9,Netherlands,S-Class,Sedan,Hybrid,63560,352615,10.0,1.95,2.33,3.78,9,889
BMW,2022,10,China,X3,Electric,Electric,44344,275758,367.0,1.0469946809991906,6.470257109726057,3.462596796888922,3,783
Mercedes-Benz,2024,11,Spain,C-Class,Sedan,Electric,122827,147315,62.0,1.83,1.54,3.53,4,283
BMW,2018,3,Australia,i4,Sedan,Electric,39011,449346,228.0,1.6083409624820009,2.654145043178487,4.282226891214807,4,951
Audi,2024,10,Brazil,TT,Sedan,Hybrid,92907,,14.0,1.26,3.18,10.46,7,655
Ford,2022,8,USA,F-150 Lightning,Electric,Electric,48457,624082,75.0,0.92,2.32,4.33,2,2754
Volkswagen,2021,9,China,Arteon,Sedan,Hybrid,50857,64667,77.0,1.08,5.53,3.67,6,2635
Toyota,2022,12,Japan,Yaris,Sedan,Hybrid,45247,187364,71.0,1.57,0.97,0.27,4,2168
Tesla,2022,12,Germany,Model S Plaid,Electric,Electric,,142661,7.0,1.81,,3.07,8,1178
Porsche,2023,4,Netherlands,Panamera,Sedan,Electric,65600,238789,26.0,1.98,2.12,3.49,7,230
Mercedes-Benz,2016,10,USA,EQS,Electric,Electric,75714,441845,40.0,0.88,2.55,4.64,9,426
BMW,2015,1,China,i4,SUV,Hybrid,118384,462540,56.0,1.0028786977259512,5.855972678651262,3.654707666278621,10,368
Ford,2021,6,Canada,Expedition,SUV,Petrol,60132,560347,41.0,1.28,2.31,4.14,2,1043
Porsche,2022,4,USA,Cayenne Coupe,SUV,Hybrid,128294,97533,29.0,0.95,2.96,4.66,6,182
Mercedes-Benz,2020,7,USA,A-Class,Sedan,Diesel,82034,137802,42.0,0.96,2.49,4.25,2,370
Audi,2024,1,UK,A6,Sedan,Petrol,106246,408977,38.0,1.91,1.41,4.73,5,802
Volkswagen,2019,2,Spain,Passat,Sedan,Electric,70179,,14.0,1.75,1.2,3.65,8,1316
Ford,2021,3,Germany,Ranger,SUV,Electric,72933,724868,78.0,1.87,1.5,2.74,4,3116
Audi,2018,5,Japan,TT,Sedan,Electric,110310,437809,49.0,1.44,1.46,0.09,8,451
Porsche,2020,10,Australia,Cayenne Coupe,SUV,Hybrid,110530,214025,23.0,1.6,2.58,4.37,2,397
Tesla,2016,9,Canada,Model X Plaid,Electric,Electric,44159,160524,32.0,,2.05,4.1,10,117
Mercedes-Benz,2024,8,USA,GLC,S U V,Hybrid,103707,481103,12.0,0.92,2.71,4.41,8,20
Volkswagen,2022,11,India,Taos,SUV,,33334,367434,33.0,1.11,6.69,6.55,1,728
Mercedes-Benz,2024,4,UK,GLC,SUV,Electric,89237,351717,8.0,1.9,1.19,4.72,8,100
Toyota,2024,3,Spain,Highlander,SUV,Electric,,555079,12.0,1.68,0.88,3.34,1,2084
Volkswagen,2018,12,UK,Passat,Sedan,Diesel,,160293,41.0,1.91,1.15,5.25,1,1822
Volkswagen,2024,7,China,ID.3,Electric,Hybrid,63870,392450,,1.02,6.27,3.65,8,1841
Tesla,2019,8,USA,Model 3,Electric,Electric,117041,41393,6.0,0.95,2.57,4.73,2,637
Volkswagen,2023,8,France,Tiguan,SUV,Petrol,39288,544814,,1.86,1.15,3.42,1,487
Porsche,2021,1,China,Panamera,Sedan,Electric,172033,251045,20.0,1.12,5.51,3.26,2,365
Audi,2023,6,UK,Q7,SUV,Electric,53079,168894,37.0,1.89,1.01,5.2,2,635
Tesla,2022,11,USA,Model X Plaid,Electric,Electric,70246,102374,37.0,0.93,2.13,4.49,9,1863
Porsche,2021,3,USA,Macan,SUV,Petrol,117152,399311,23.0,1.02,2.37,4.34,5,439
Volkswagen,2016,12,Japan,Tiguan,suv,Electric,62318,278707,15.0,1.56,1.07,-0.15,9,71
Volkswagen,2024,10,,Golf,Sedan,Diesel,47060,528288,42.0,1.04,1.71,11.01,10,1650
Volkswagen,2017,8,India,Taos,SUV,Electric,59254,,45.0,1.02,7.17,6.22,7,914
Toyota,2016,1,Spain,Corolla,Sedan,Electric,19397,226429,14.0,1.71,1.53,3.8,3,2705
Audo,2020,9,Italy,A6,Sedan,Electric,39711,241861,21.0,1.78,1.16,3.62,3,
FORD,2015,10,Brazil,Bronco,SUV,Electric,57349,311260,27.0,1.15,3.02,10.4,5,3253
Ford,2024,11,Netherlands,F-150,SUV,Electric,80090,686806,100.0,1.9,1.74,3.76,5,3592
Mercedes-Benz,2021,7,Australia,GLS,SUV,Electric,117922,223331,56.0,1.64,3.26,4.04,2,1117
Mercedes-Benz,2020,6,Brazil,E-Class,Sedan,Diesel,122313,374057,37.0,1.2,3.37,10.68,4,783
Ford,2020,8,Germany,Escape,SUV,Petrol,73133,718633,19.0,2.0,2.18,2.73,9,3206
Mercedes-Benz,2022,12,France,GLS,SUV,Hybrid,103163,133470,55.0,1.77,,3.35,8,218
Mercedes-Benz,2023,12,Germany,GLC,SUV,Electric,36090,313423,60.0,1.96,1.92,3.17,1,528
Toyota,2015,4,Mexico,Supra,Sedan,Petrol,70736,115457,34.0,1.12,2.09,11.17,2,1733
Tesla,2024,1,Germany,Model S,Electric,Electric,127231,201451,8.0,1.91,1.47,2.74,10,1883
Toyota,2021,6,Netherlands,Corolla,Sedan,Petrol,62193,363726,75.0,2.0,2.4,3.47,1,1703
Ford,2022,10,France,Bronco,SUV,Electric,34829,724975,52.0,1.84,1.67,3.23,9,2810
BMW,2018,12,Japan,i4,SUV,Hybrid,40529,308121,250.0,1.4038232188859527,1.3265925110932102,0.3558295640380521,7,662
Ford,2020,5,China,F-150 Lightning,Electric,Hybrid,87417,142052,47.0,1.2,6.18,3.58,7,3025
Audi,2015,12,Spain,Q5,SUV,Diesel,44921,367058,43.0,1.71,1.74,3.32,8,1034
Ford,2022,7,Canada,F-150 Lightning,Electric,Petrol,37002,404251,30.0,1.31,2.07,3.71,5,235
Ford,2021,8,Spain,F-150,SUV,Electric,92697,220348,24.0,1.84,1.27,3.38,2,1303
Volkswagen,2017,7,France,T-Roc,SUV,Hybrid,21791,509304,18.0,1.74,1.71,3.69,8,467
Audi,2016,5,Italy,Q7,SUV,Electric,68883,77438,23.0,1.82,0.87,3.63,9,912
Porsche,2019,6,India,Panamera,Sedan,Hybrid,86819,86558,9.0,0.95,6.65,6.42,8,28
Volkswagen,2015,4,France,Polo,sedan,Hybrid,32291,230440,19.0,1.72,1.92,3.21,10,1519
BMW,2019,8,USA,X7,Electric,Hybrid,36462,309278,180.0,0.957723083837918,2.867031496122449,4.547205245143436,1,573
Tesla,2019,10,UK,Model 3 LR,Electric,Electric,40388,188882,10.0,1.84,1.71,4.78,5,287
Mercedes-Benz,2024,7,Spain,E-Class,Sedan,Diesel,121118,116419,48.0,1.76,0.9,3.75,7,899
Porsche,2023,7,Australia,Panamera,Sedan,Electric,143320,249791,20.0,,2.64,4.1,7,288
Tesla,2023,8,Spain,Model S,Electric,Electric,63187,200398,16.0,1.79,0.87,3.67,4,365
BMW,2024,5,Australia,X1,SUV,,37962,105934,397.0,1.5067891957171595,3.0679452305526294,4.499292978552825,8,893
Volkswagen,2021,7,FRANCE,Arteon,Sedan,Petrol,63311,271661,80.0,1.83,1.54,3.34,2,
Volkswagen,2015,10,Brazil,Taos,SUV,Electric,24862,77006,33.0,1.28,3.21,10.38,4,2072
Toyota,2022,10,Brazil,Corolla,Sedan,Petrol,40469,563617,53.0,,3.88,10.4,10,469
Volkswagen,2019,5,USA,Tiguan,SUV,Petrole,72670,420809,68.0,0.93,2.46,4.36,5,1971
Volkswagen,2021,6,Italy,ID.3,Electric,Petrol,77387,73211,66.0,1.93,1.29,3.54,8,2288
Volkswagen,2024,10,Brazil,Touareg,SUV,Hybrid,56839,246281,71.0,1.14,3.09,10.71,6,1951
Audi,2022,5,Italy,e-tron,Electric,Diesel,100840,149442,47.0,1.78,0.69,3.38,3,
Mercedes-Benz,2016,8,Italy,E-Class,Sedan,Petrol,128837,270270,48.0,1.81,0.71,3.34,1,896
BMW,2021,7,India,X1,Sedan,Diesel,,207977,57.0,1.131513294785219,6.814355981076327,6.505142414698821,5,213
Volkswagen,2018,1,UK,Taos,SUV,Electric,23489,351914,31.0,1.87,1.05,5.23,3,572
Volkswagen,2019,1,Mexico,Touareg,SUV,Petrol,77280,278875,61.0,1.1,2.37,11.04,8,2540
Porsche,2015,6,Australia,Cayenne Coupe,SUV,Hybrid,70749,332816,18.0,1.63,3.17,4.25,3,247
Toyota,2024,11,Italy,Highlander,SUV,Hybrid,,554289,67.0,1.78,0.55,3.72,3,1055
Toyota,2022,10,Japan,  Highlander  ,SUV,petrol,85720,198695,18.0,1.47,1.2,0.19,8,254
Mercedes-Benz,2018,11,Netherlands,EQE,Electric,Diesal,53444,187829,,2.07,2.02,3.35,10,1082
Tesla,2017,3,Canada,Model X Plaid,Electric,Electric,43374,262956,26.0,1.21,1.89,3.77,2,796
Mercedes-Benz,2016,10,Brazil,E-Class,Sedan,Petrol,91939,142866,17.0,,3.13,10.36,3,815
Tesla,2023,6,Germany,Model 3 LR,Electric,Electric,102155,120791,21.0,1.89,1.46,3.07,4,1324
Bmw,2022,9,India,iX,SUV,Petrol,85617,63731,236.0,1.01312546875267,7.151639760477277,6.643158474879399,2,674
Ford,2020,2,France,Mustang,Sedan,Electric,88483,363988,118.0,1.87,1.29,3.51,4,491
TOYOTA,2019,10,China,Prius,Hybrid,Petrol,26666,640561,86.0,1.14,6.32,3.53,5,2139
Volkswagen,2017,3,Mexico,Taos,SUV,Electric,75240,252119,62.0,1.02,1.56,10.7,9,1882
Porsche,2016,12,Netherlands,Cayenne Coupe,SUV,Electric,174500,237707,14.0,2.02,1.66,3.42,7,381
Audi,2020,6,UK,e-tron,Electric,Petrol,63145,351511,50.0,1.79,1.69,4.95,3,156
Tesla,2022,5,Netherlands,Model S,Electric,Electric,39417,257481,,2.06,2.55,3.79,8,2254
Toyota,2021,10,USA,RAV4,SUV,Petrol,58157,268331,47.0,0.97,2.16,4.57,4,2402
BMW,2018,2,Germany,X3,Electric,Diesel,98212,341619,240.0,1.8175732998289664,1.626461308243992,3.010626986030827,9,911
Ford,2018,5,China,Mustang,Sedan,Hybrid,42347,503177,51.0,1.04,6.41,3.52,4,979
Porsche,2023,1,Canada,718,Sedan,Hybrid,142709,371516,24.0,1.25,2.56,4.25,4,421
BMW,2024,9,USA,X5,Sedan,Electric,96360,403699,139.0,0.9972860499087272,2.16748258225907,4.26274070420064,6,313
Mercedes-Benz,2017,1,Australia,CLA,Sedan,Electric,121914,440968,45.0,1.61,2.5,4.02,6,524
BMW,2016,3,Australia,X1,SUV,Electric,85013,275414,51.0,1.6699294781354823,3.2689874151805105,4.516859437929456,6,347
Tesla,2017,11,China,Model S Plaid,Electric,Electric,119213,279538,30.0,1.19,5.94,3.51,3,1978
Porsche,2019,6,Australia,GTS,Sedan,Petrol,122609,131541,24.0,1.51,2.68,4.1,4,181
Volkswagen,2015,12,Canada,Touareg,SUV,Diesel,69766,257968,59.0,1.24,2.31,4.02,2,936
Ford,2017,7,Brazil,F-150,SUV,Electric,60289,397861,113.0,1.23,3.66,10.2,9,1408
Mercedes-Benz,2018,6,China,EQS,Electric,Diesel,91131,317222,60.0,1.16,6.0,3.61,7,117
Toyota,2023,1,Netherlands,C-HR,SUV,Petrol,80452,264952,69.0,2.01,1.88,3.36,5,1669
Mercedes-Benz,2021,5,China,EQS,Electric,Petrol,,585004,14.0,1.18,5.5,3.56,9,958
Mercedes-Benz,2015,6,UK,E-Class,Sedan,Electric,60418,308869,45.0,1.92,1.49,5.14,4,227
Volkswagen,2016,10,Brazil,Tiguan,SUV,Diesel,76433,336264,88.0,1.19,3.13,10.73,2,1850
Audi,2019,3,Canada,A6,Sedan,Electric,93120,534054,10.0,1.37,2.39,4.23,4,704
Toyota,2023,5,Japan,Corolla,Sedan,Electric,49967,549745,66.0,1.52,1.09,-0.02,3,958
Toyota,2023,10,Mexico,Yaris,Sedan,Electric,78797,88058,41.0,1.07,2.16,10.82,9,2225
Volkswagen,2023,4,Canada,T-Roc,SUV,Hybrid,56753,83648,43.0,1.37,2.4,4.24,1,1837
Mercedes-Benz,2019,3,Netherlands,C-Class,Sedan,Electric,52833,563648,20.0,1.92,1.69,3.54,6,211
Porsche,2021,11,Germany,Panamera,Sedan,Electric,183508,250439,18.0,1.81,2.29,3.05,2,495
Porsche,2017,8,Netherlands,GTS,Sedan,Petrol,191599,281242,10.0,2.02,2.32,3.62,2,111
Toyota,2015,6,Mexico,Prius,Hybrid,Electric,24567,257426,45.0,1.14,1.64,10.85,4,953
Mercedes-Benz,2021,9,Netherlands,EQS,Electric,Petrol,56744,86701,55.0,1.96,2.54,3.58,2,32
Porsche,2018,1,Brazil,GTS,Sedan,Petrol,66768,266714,6.0,1.27,,10.58,5,191
BMW,2015,8,Germany,X3,SUV,Petrol,51075,127095,34.0,1.956364772668987,1.598052208639443,2.763218953350514,2,388
Toyota,2017,10,Spain,bZ4X,Electric,Electric,25568,103972,81.0,1.7,1.6,3.36,3,1306
Porsche,2023,1,UK,718,Sedan,Hybrid,198035,108599,5.0,1.81,1.76,4.98,10,351
Toyota,2023,11,Canada,Yaris,Sedan,Petrol,38984,355183,,1.37,1.74,4.11,9,2799
Volkswagen,2015,1,Japan,Passat,Sedan,Electric,70151,67519,64.0,1.46,1.35,-0.08,6,2327
Tesla,2021,6,Japan,Model X Plaid,Electric,Electric,,34139,9.0,1.5,1.0,0.39,3,1915
Mercedes-Benz,2016,2,USA,GLE,S U V,Electric,46116,424746,28.0,1.05,2.16,4.77,4,190
Ford,2023,12,USA,Escape,SUV,Petrol,59378,526337,82.0,1.0,2.31,4.65,4,546
Toyata,2020,2,China,Supra,Sedan,Electric,27217,697682,79.0,1.1,5.91,3.5,4,2637
Toyota,2017,10,Japan,Yaris,Sedan,Petrol,66202,133443,76.0,1.46,1.67,0.35,6,1954
Mercedes-Benz,2019,7,India,GLS,SUV,Diesel,,148516,27.0,1.14,7.12,6.64,6,200
Mercedes-Benz,2019,3,Canada,A-Class,Sedan,Electric,126634,87225,58.0,1.21,2.26,4.0,10,758
Audi,2019,1,Spain,Q7,SUV,Diesel,87625,141711,29.0,1.68,0.83,3.21,2,784
Volkswagen,2015,8,Mexico,Polo,Sedan,Hybrid,42466,66391,68.0,1.11,2.03,10.95,1,2016
BMW,2015,2,India,X7,Electric,,75696,68667,38.0,0.9552733948994504,7.366063889500408,6.227131202063713,5,388
Porsche,2018,6,Netherlands,911,Sedan,Hybrid,92923,124040,18.0,1.94,1.88,3.64,7,364
Porsche,2024,2,France,GTS,Sedan,Petrol,195130,186756,14.0,1.78,1.76,3.74,3,396
Toyota,2019,3,UK,Camry,Sedan,Hybrid,37667,73644,43.0,1.85,1.5,5.28,10,2574
Volkswagen,2023,1,UK,ID.4,Electric,,24697,321462,70.0,1.9,1.64,5.02,3,380
Volkswagen,2020,6,Australia,Polo,Sedan,Diesel,40059,414684,36.0,1.6,3.39,4.45,3,2236
Porsche,2023,10,France,Cayenne,SUV,Electric,102122,167165,12.0,1.85,2.07,3.52,1,10
Tesla,2016,6,Australia,Cybertruck,Electric,electric,,176163,16.0,1.58,,4.07,10,755
Mercedes-Benz,2021,5,India,A-Class,Sedan,Diesel,,70865,50.0,1.11,6.95,6.2,1,626
Mercedes-Benz,2015,12,Spain,GLS,Suv,Petrol,117705,440652,10.0,1.65,1.45,3.77,5,
BMW,2017,9,China,i7,Electric,Diesel,84699,239103,297.0,1.1656938598898234,6.4978208556819785,3.606092779314437,3,796
Ford,2021,1,Netherlands,Expedition,SUV,Petrol,76704,527723,83.0,,1.97,3.53,2,3577
Ford,2021,6,Germany,F-150,SUV,Petrol,22106,98039,104.0,1.96,1.84,3.18,7,1998
BMW,2019,3,India,3 Series,Sedan,Electric,80156,125118,110.0,0.9502707251430936,6.8480955931682885,6.423043576943798,4,-214
Ford,2017,6,australia,Expedition,SUV,Petrol,50524,372412,77.0,1.51,2.74,4.24,10,1095
Volkswagen,2023,6,Brazil,ID.3,Electric,Petrol,,513220,36.0,1.15,3.03,10.79,3,2777
Volkswagen,2016,8,France,Passat,Sedan,Diesel,66093,72140,34.0,1.82,2.02,3.31,8,644
Porsche,2023,3,,Taycan,Electric,Electric,88884,149152,27.0,1.58,,4.45,9,379
Tesla,2023,11,India,Cybertruck,Electric,Electric,100890,65659,10.0,1.03,6.88,6.2,6,1954
Mercedes-Benz,2015,2,Japan,A-Class,Sedan,Hybrid,44432,577455,10.0,1.57,0.75,0.22,6,
Mercedes-Benz,2021,2,Spain,GLC,SUV,Electric,none,352013,45.0,1.73,1.76,3.52,4,919
Porsche,2021,9,India,Panamera,Sedan,Hybrid,141928,326932,5.0,,6.74,6.47,5,485
Toyota,2020,10,USA,Camry,Sedan,Electric,58859,380084,12.0,0.87,2.64,4.25,2,
Volkswagen,2016,5,China,Passat,Sedan,Diesel,46327,240882,81.0,1.14,5.89,3.23,6,1925
Toyota,2015,9,,Prius,Hybrid,Hybrid,75761,200664,39.0,1.85,2.01,3.8,3,1091
Ford,2017,5,Canada,F-150,SUV,Petrol,51543,190383,44.0,1.29,2.36,4.11,10,2147
Volkswagen,2023,10,,Arteon,Sedan,Hybrid,25248,317161,86.0,1.14,6.06,3.29,1,2300
Tesla,2023,12,France,Model X Plaid,Electric,Electric,94454,44373,25.0,1.88,1.44,3.33,1,2235
Porsche,2023,9,Japan,Macan EV,Electrc,Petrol,84563,288056,6.0,1.53,1.4,-0.02,4,243
Tesla,2019,1,Japan,Model S,Electric,Electric,121773,211238,15.0,1.6,0.77,-0.1,6,619
Mercedes-Benz,2017,8,Brazil,S-Class,Sedan,diesel,39521,381217,49.0,1.12,3.66,10.52,2,61
Audi,2019,2,UK,TT,Sedan,Electric,104790,158290,30.0,1.92,1.4,4.92,3,429
Toyota,2021,10,Spain,Corolla,Sedan,petrol,83776,489874,72.0,1.7,0.88,3.46,6,2957
Porsche,2015,10,Netherlands,911,Sedan,Petrol,144011,288541,3.0,1.98,2.54,3.36,1,13
Toyota,2017,10,,RAV4,SUV,Hybrid,74965,146074,85.0,1.39,2.03,4.01,1,1986
Tesla,2023,8,Australia,Model 3,Electric,Electric,121985,158809,11.0,1.56,2.66,4.26,10,282
Audi,2015,3,Brazil,Q7,SUV,Diesel,65769,184677,56.0,1.25,3.3,10.71,9,960
BMW,2018,12,France,X3,Sedan,Electric,107013,483917,,1.706706486947156,1.3484891398144658,3.6463677755436064,6,840
Ford,2020,1,,F-150 Lightning,Electric,Hybrid,92603,745572,78.0,1.88,1.69,3.5,9,2954
Audi,2015,4,India,RS6,Sedan,Hybrid,114580,286342,43.0,1.05,6.93,6.45,8,603
Toyota,2024,4,UK,Prius,Hybrid,Petrol,37907,73069,52.0,1.79,1.72,4.92,6,219
Frod,2023,8,China,F-150 Lightning,Electric,Hybrid,68467,758940,108.0,1.15,6.11,3.71,3,2163
Porsche,2023,7,UK,911,Sedan,Hybrid,178119,316044,26.0,1.87,1.44,4.86,9,296
Mercedes-Benz,2024,3,UK,E-Class,Sedan,Diesel,71026,548661,38.0,1.91,,5.27,8,596
Porsche,2017,6,USA,718,Sedan,Electric,70848,372903,10.0,0.97,2.68,4.33,7,60
Audi,2023,2,Spain,Q7,S U V,Hybrid,73079,547371,28.0,1.7,1.48,3.23,1,98
Volkswagen,2023,1,,Touareg,SUV,Petrol,76250,429732,33.0,0.91,2.34,4.79,4,2697
Audi,2016,2,UK,TT,Sedan,Diesel,61568,388506,43.0,1.81,,5.09,1,834
Tesla,2016,4,Mexico,Model X,Electric,Electric,116013,168814,24.0,1.17,2.06,10.7,3,2345
Toyota,2019,3,Australia,Corolla,Sedan,Electric,85288,230940,75.0,1.6,2.72,4.49,6,2206
BMW,2019,1,Brasil,X3,Sedan,Electric,67230,359945,75.0,1.1536127281645752,3.379692408167267,10.554176965508884,6,424
Tesla,2019,4,Germany,Model Y,Electric,Electric,49162,68075,10.0,1.83,2.03,2.98,10,1235
Toyota,2021,12,Germany,Camry,Sedan,Hybrid,60588,443142,74.0,1.83,1.33,3.19,9,973
Tesla,2021,6,China,Model 3,Electric,Electric,41547,28978,21.0,1.06,5.96,3.77,2,350
Audi,2017,12,Germany,A4,Sedan,Hybrid,55991,228901,22.0,1.98,1.54,3.07,4,404
Volkswagen,2019,12,UK,Arteon,Sedan,Petrol,70845,69226,48.0,1.83,1.67,5.3,3,535
Tesla,2021,8,Netherlands,Cybertruck,,Electric,42251,162636,11.0,2.04,2.07,3.76,4,787
Toyota,2022,11,Spain,Supra,Sedaan,Electric,,506598,62.0,1.8,1.8,3.72,2,2959
Mercedes-Benz,2019,12,Canada,GLC,SUV,Diesel,84961,272862,55.0,1.37,2.17,3.99,3,651
Toyota,2016,5,Germany,Land Cruiser,SUV,Petrol,86283,49070,49.0,1.99,2.0,2.81,9,1960
Ford,2019,4,Netherlands,F-150,SUV,Electric,58666,56593,13.0,2.09,2.15,3.66,9,3000
BMW,2018,1,France,i7,Electric,Electric,57092,276905,240.0,1.844684022737717,1.472688517012314,3.355852270256196,8,
Mercedes-Benz,2017,7,Spain,GLS,SUV,Petrol,106229,237850,,1.77,1.78,3.34,1,530
Toyota,2024,12,Mexico,Prius,Hybrid,Petrol,25349,91431,12.0,1.03,1.94,10.85,4,212
Toyota,2021,10,USA,Yaris,Sedan,Petrol,70214,459363,74.0,0.9,2.73,4.29,2,1315
Mercedes-Benz,2023,6,India,C-Class,Sedan,DIESEL,122259,86545,39.0,0.95,6.74,6.73,7,1112
Mercedes-Benz,2022,11,Spain,EQS,Electric,Electric,51226,397389,25.0,1.83,1.11,3.31,5,290
BMW,2020,10,Canada,3 Series,Sedan,Hybrid,110135,195338,48.0,1.3405267546171034,2.331307553091989,4.055018297383795,7,347
Volkswagen,2020,10,Japan,Arteon,Sedan,Hybrid,43762,71283,76.0,1.4,1.43,0.04,3,108
Tesla,2018,12,Spain,Model X Plaid,Electric,Electric,69257,52629,35.0,1.79,1.09,3.62,2,553
Porsche,2020,8,Mexico,911,Sedan,Hybrid,87838,310175,16.0,1.12,2.47,10.99,10,452
BMW,2019,4,India,X7,SUV,Hybrid,36079,215767,116.0,1.0787999086478033,6.873309316279753,6.362446803886132,5,351
Audi,2021,4,India,A4,Sedan,Petrol,38138,141623,52.0,1.02,7.45,6.8,3,737
Tesla,2018,5,China,Model S,Electric,Electric,65997,100958,24.0,1.17,6.42,3.67,2,1462
Ford,2021,11,Japan,F-150,SUV,Hybrid,64431,262644,38.0,1.43,0.75,0.06,10,688
Volkswagen,2024,7,UK,T-Roc,SUV,Hybrid,78898,144022,15.0,1.87,1.91,5.04,2,
Mercedes-Benz,2021,2,France,S-Class,Sedan,Electric,35486,559363,56.0,1.77,1.33,3.27,6,691
Porsche,2022,2,Italy,Taycan,Electric,Electric,97798,292377,12.0,1.85,0.91,3.66,10,113
Porsche,2017,2,Australia,Macan EV,Electric,Electric,122684,266764,29.0,1.67,2.67,4.43,6,409
BMW,2015,9,Australia,X3,SUV,hybrid,96431,482601,337.0,1.5797645561793805,2.841247827626156,4.178117371271514,5,937
Porsche,2023,1,UK,Taycan,Electric,Petrol,99418,161705,13.0,1.93,1.29,5.03,6,322
Volkswagen,2021,11,USA,Taos,SUV,Petrol,39749,370841,22.0,1.0,2.4,4.77,6,2001
Toyota,2022,3,Australia,RAV4,SUV,Petrol,61018,464391,62.0,1.58,3.5,3.97,7,129
Mercedes-Benz,2032,3,Mexico,GLC,SUV,Electric,48978,292108,22.0,1.01,1.95,11.29,10,963
Tesla,2015,4,China,Model 3,Electric,Electric,120780,21805,2.0,1.04,5.63,3.2,4,2218
Audi,2020,3,Spain,Q7,SUV,Hybrid,89827,518983,12.0,1.67,1.04,3.74,10,785
Ford,2016,11,China,Mustang Mach-E,Electric,Hybrid,26939,544250,23.0,1.19,6.17,3.39,2,2627
Ford,2024,4,Canada,Explorer,SUV,Electric,34037,351290,48.0,1.34,2.25,4.08,4,3588
BMW,2019,2,UK,5 Series,Electric,Diesel,44130,212403,253.0,1.754364679355098,1.3473433262588426,5.239900007412364,1,744
Porsche,2018,11,Canada,Cayenne,SUV,Hybrid,92243,319665,10.0,1.23,2.07,4.18,4,354
Porsche,2022,8,China,Cayenne Coupe,SUV,Electric,96467,250256,5.0,1.01,6.35,3.78,9,467
Volkswagen,2016,6,Spain,Passat,Sedan,Petrol,52934,215543,44.0,1.76,1.56,3.5,7,616
Toyota,2016,6,UK,Camry,Sedan,Hybrid,36177,224097,95.0,1.89,1.0,5.17,9,1109
Volkswagen,2022,12,Brazil,Polo,Sedan,Hybrid,75986,391065,78.0,1.14,3.03,10.75,10,922
Mercedes-Benz,2016,8,USA,C-Class,Sedan,Diesel,102850,106513,32.0,0.95,2.34,4.21,7,242
TOYOTA,2022,12,China,Supra,Sedan,Electric,68397,603811,17.0,1.09,6.14,3.77,8,369
Ford,2021,6,Australia,Expedition,SUV,Electric,40356,299647,72.0,1.69,3.31,4.24,4,389
Mercedes-Benz,2021,12,Canada,GLS,SUV,Hybrid,90036,250675,52.0,1.36,2.53,4.08,5,729
Volkswagen,2017,2,Netherlands,ID.3,Electric,Electric,34836,166941,21.0,2.07,2.55,3.59,7,1332
Frod,2017,10,Italy,Escape,SUV,Hybrd,74239,516607,38.0,1.95,1.38,3.51,5,3714
Audi,2018,11,Spain,A6,Sedan,Petrol,50313,171409,27.0,1.7,1.32,3.32,6,1115
Audi,2018,2,Germany,A6,Sedan,Diesel,58082,536895,19.0,1.91,2.18,3.15,1,1069
Porsche,2023,11,Canada,Panamera,Sedan,Hybrid,140386,386841,2.0,1.26,2.02,4.16,4,123
Ford,2022,4,Japan,Bronco,SUV,Petrol,57124,589618,83.0,1.43,1.05,0.21,10,3967
BMW,2015,7,US,X7,SUV,Diesel,36378,267394,395.0,0.8844893775589118,2.4552201490818013,4.206972323944861,10,953
BMW,2020,12,France,i4,SUV,Diesel,67567,383260,35.0,1.8796061097899968,1.107562874978142,3.5884848284927617,9,488
Ford,2021,5,Mexico,Edge,SUV,Hybrid,85602,289995,21.0,1.18,1.94,10.84,6,2119
Audi,2017,5,China,Q3,SUV,,5720822,157051,57.0,1.03,6.46,3.38,10,908
Audi,2020,5,Netherlands,Q8,SUV,Diesel,97579,381500,50.0,2.05,2.06,3.79,9,107
Porsche,2022,12,,Panamera,Sedan,Electric,111920,370272,5.0,1.9,1.69,4.93,1,24
Mercedes-Benz,2020,3,USA,EQE,Electric,Diesel,81858,158617,39.0,0.94,2.56,4.64,5,835
BMW,2017,9,China,3 Series,Electric,Petrol,52174,401770,36.0,1.0120534780579122,5.7434822965763,3.756220726877784,9,149
Toyota,2021,6,Italy,Land Cruiser,SUV,Electric,57151,66489,92.0,1.91,1.37,3.71,6,1493
Audi,2018,12,Mexico,e-tron,Electric,Petrol,86499,509831,25.0,1.11,1.77,11.21,4,
Porsche,2018,5,France,GTS,Sedan,Petrol,74808,396057,4.0,1.77,1.58,3.72,9,88
Audi,2023,5,China,Q3,SUV,Electric,32765,168885,26.0,1.12,5.6,3.74,8,161
PORSCHE,2024,1,Spain,911,Sedan,Hybrid,124296,323429,7.0,1.82,0.98,3.57,4,221
BMW,2020,4,Australia,X1,,Petrol,,83461,108.0,1.6874776132994238,3.045026918896938,4.540801843714705,4,637
Mercedes-Benz,2018,4,Japan,EQS,Electric,Electric,70567,384109,35.0,1.56,0.76,-0.03,6,909
Porsche,2019,3,Australia,911,Sedan,HYBRID,,96260,6.0,1.69,3.38,4.44,10,244
Tesla,2022,1,Germany,Model X Plaid,Electric,Electric,98612,40767,36.0,1.91,2.05,3.26,8,2206
Tesla,2017,1,China,Model 3 LR,Electrc,Electric,101334,213766,31.0,1.07,5.86,3.23,5,2296
Toyota,2022,12,Australia,Corolla,Sedan,Hybrid,20821,390422,60.0,1.51,3.0,4.38,1,
Tesla,2018,5,UK,Cybertruck,Electric,Electric,91382,18170,15.0,1.85,1.61,5.29,5,638
Porsche,2020,2,Australia,GTS,Sedan,Petrol,65941,163316,24.0,1.57,3.05,4.22,1,103
BMW,2021,11,India,7 Series,Electric,Diesel,48921,361011,346.0,1.075178275287402,7.290723164838964,6.391251501759242,5,1086
BMW,2024,12,Canada,iX,Electric,Diesel,51562,318667,102.0,1.2285188288163815,1.866860201698753,3.9583176030773246,2,476
Porsche,2016,6,Mexico,911,Sedan,Petrol,112133,191016,,1.13,2.48,10.79,5,95
Audi,2015,12,Japan,Q5,SUV,Diesel,69485,270304,10.0,1.45,1.52,0.33,10,184
Audi,2022,7,Germany,A3,,Hybrid,72686,176953,31.0,1.85,1.99,2.9,6,185
Tesla,2017,1,France,Model S Plaid,Electric,Electric,75916,31939,24.0,1.9,1.92,3.37,8,1615
Mercedes-Benz,2019,6,Australia,CLA,Sedan,Diesel,102980,568290,57.0,1.61,3.27,4.29,10,679
Ford,2018,11,UK,F-150,SUV,Petrol,72944,728335,37.0,1.88,1.24,5.23,8,630
Ford,2021,11,,Explorer,SUV,Hybrid,60205,468833,54.0,1.03,,6.22,8,1461
Ford,2022,3,Mexico,Escape,SUV,Petrol,89020,480766,110.0,1.02,2.14,10.87,5,1279
BMW,2023,3,India,X5,SUV,Diesel,104806,323365,319.0,0.9735502165780284,6.518390676547467,6.7485792839363,6,847
Tesla,2017,10,Australia,Model Y LR,Electric,Electric,111791,256793,11.0,1.7,3.15,4.12,6,2182
bmw,2024,1,India,i7,SUV,Petrol,91754,207255,170.0,1.108915655740038,6.578969162190829,6.343706101945723,1,683
BMW,2024,12,Canada,i7,Electric,Electric,59354,317614,88.0,1.338498565333845,2.35229164859194,4.207362617793944,6,426
Audi,2024,4,Spain,e-tron,Electric,Diesel,74321,482198,26.0,1.73,1.66,3.39,5,897
Audi,2019,8,Italy,A3,Sedan,Hybrid,37394,94348,45.0,1.78,1.23,3.61,4,543
TESLA,2015,1,Canada,Model Y LR,Electric,Electric,62280,163039,13.0,1.29,2.67,4.25,1,587
Ford,2022,2,Italy,Mustang Mach-E,Electric,Hybrid,71914,592680,82.0,1.86,1.01,3.74,10,3283
Audi,2018,11,Netherlands,RS6,Sedan,Hybrid,38431,348663,14.0,2.08,2.46,3.45,1,444
Toyoda,2017,12,China,Supra,Sedan,Petrol,73047,280507,83.0,1.16,6.18,3.38,2,339
Volkswagen,2015,4,Australia,Taos,SUV,Diesel,52024,465732,55.0,1.59,2.71,3.97,3,652
Volkswagen,2018,1,Japan,Touareg,SUV,Diesel,62973,512381,50.0,1.43,1.34,0.21,5,2373
Volkswagen,2022,2,Brazil,ID.4,Electric,Petrol,43916,87936,76.0,1.3,3.59,10.55,8,1318
Tesla,2021,1,Mexico,Model Y,Electric,Electric,119998,98605,6.0,1.14,2.22,11.12,10,247
BMW,2016,11,Japan,X5,Sedan,Petrol,102598,475643,170.0,1.5282295265770591,1.4222525683930662,0.2320219219276446,10,625
Mercedes-Benz,2020,5,Mexico,EQS,Electric,Hybrid,124371,176741,51.0,1.07,2.17,10.98,5,45
Ford,2019,8,USA,F-150 Lightning,Electrc,Petrol,71374,696326,12.0,0.9,2.75,4.73,2,2147
BMW,2015,12,Canada,i4,Electric,Petrol,118860,207403,396.0,1.3356032305118128,2.524680965925149,3.908685524741316,4,1078
Porsche,2020,2,USA,Macan EV,Electric,Petrol,72099,179610,9.0,0.93,,4.29,3,
Mercedes-Benz,2022,6,Germany,GLE,SUV,Petrol,93467,385333,34.0,1.84,1.63,3.01,9,696
Mercedes-Benz,2015,7,France,GLE,SUV,Hybrid,84882,533362,59.0,1.89,1.56,3.53,2,360
Toyota,2019,7,Netherlands,Corolla,Sedan,Electric,81982,487381,25.0,1.94,2.34,3.73,10,2129
BMW,2015,4,UK,X7,Sedan,Electric,106916,482348,112.0,,1.0720843359986734,4.742754036659155,8,408
BMW,2019,10,India,X7,SUV,Petrol,,55499,12.0,1.0906037917790357,6.823202932020755,6.511274373046019,10,413
Mercedes-Benz,2018,9,Italy,GLC,SUV,Electric,52010,569633,63.0,1.8,1.42,3.53,6,501
Mercedes-Benz,2023,12,India,GLC,SUV,Electric,81529,542813,60.0,1.02,7.32,6.22,9,90
Audi,2023,6,Spain,Q3,SUV,Electric,97632,92361,7.0,1.73,0.96,3.2,3,653
Mercedes-Benz,2023,5,Mexico,GLE,SUV,Diesel,103982,148956,26.0,1.07,1.85,11.12,4,359
Mercedes-Benz,2024,1,Netherlands,E-Class,Sedan,Electric,94452,194209,23.0,1.93,1.93,3.35,9,1006
Mercedes-Benz,2020,7,USA,EQE,Electric,Diesel,,458102,46.0,1.07,2.9,4.26,5,335
Audi,2015,8,Italy,e-tron,Electric,Electric,62837,250303,9.0,1.94,0.87,3.73,5,918
Tesla,2016,7,USA,Model S,Electric,Electric,114290,39134,27.0,1.05,2.79,4.77,7,686
Audi,2022,7,India,Q5,SUV,Hybrid,69765,129070,28.0,0.97,7.44,6.73,3,347
Porsche,2018,5,Mexico,911,Sedan,Hybrid,115334,360407,2.0,,2.23,10.83,3,160
Ford,2023,10,UK,Mustang Mach-E,Electric,Hybrid,27331,72615,54.0,1.8,1.74,4.91,10,
Toyota,2016,9,Netherlands,C-HR,SUV,Hybrid,53371,150466,50.0,2.0,2.13,3.69,3,1556
Mercedes-Benz,2017,1,USA,A-Class,Sedan,Electric,127172,571637,58.0,1.07,2.63,4.66,10,-381
TESLA,2023,4,Spain,Model Y LR,Electric,Electric,59783,129541,14.0,1.69,1.78,3.69,1,1649
Porsche,2016,7,Italy,Cayenne,SUV,Petrol,96855,267297,6.0,1.9,,3.62,3,65
Volkswagen,2018,3,Germany,ID.4,Electric,Petrol,68323,140525,42.0,1.86,1.83,3.11,3,2083
Tesla,2020,8,Italy,Model 3,Electric,Electric,78056,13356,,1.88,1.26,3.35,10,338
Mercedes-Benz,2020,7,India,GLE,SUV,Hybrid,68794,133179,36.0,1.0,,6.31,6,164
Porsche,2019,12,Netherlands,Macan,SUV,Petrol,65395,,28.0,1.95,2.41,3.27,4,311
Mercedes-Benz,2022,8,Netherlands,S-Class,Sedan,Electric,48870,433559,45.0,1.95,2.59,3.61,4,1274
Ford,2021,11,Mexico,Mustang Mach-E,Electric,Petrol,92259,81703,29.0,1.14,2.12,10.9,10,1557
Toyota,2043,12,USA,Camry,Sedan,Petrol,26554,482143,67.0,0.89,2.11,4.39,1,2713
Toyota,2018,1,Australia,Land Cruiser,SUV,Petrol,31148,241142,67.0,1.67,3.03,3.99,5,2212
Tesla,2016,9,India,Model Y LR,Electric,Electric,97043,286754,9.0,1.05,7.1,6.5,10,44
Toyota,2020,2,Canada,bZ4X,Electric,Hybrid,69972,194504,97.0,1.31,2.15,3.79,3,2011
Audi,2024,12,China,Q7,SUV,Electric,104741,116801,30.0,1.07,5.51,3.47,2,558
BMW,2020,3,UK,X3,SUV,Diesel,107572,381665,188.0,1.873631146863624,1.1424955429015131,4.9993328920708135,7,813
Tesla,2022,6,China,Model X,Electric,Electric,97990,153733,18.0,1.18,5.79,3.22,4,2124
Audi,2021,9,China,A3,Sedan,Electric,32432,517140,31.0,1.17,6.36,3.48,5,846
BMW,2020,7,Canada,i4,Sedan,Diesel,86137,403023,298.0,1.2426209408050166,2.594099203679135,3.837972763534652,6,886
Ford,2022,12,Germany,Bronco,SUV,Petrol,70789,225943,76.0,1.99,1.55,3.12,10,1469
Frod,2023,12,India,Explorer,SUV,Hybrid,77642,676207,101.0,1.01,6.8,6.51,7,3151
Frod,2019,7,Brazil,Escape,Suv,Hybrid,25024,371309,99.0,1.27,3.8,10.7,1,1692
Audi,2023,2,Mexico,RS6,Sedan,Petrol,62328,287863,18.0,1.04,2.15,11.23,3,425
Ford,2017,7,Spain,Mustang,Sedan,Hybrid,25726,130472,85.0,1.76,1.08,3.31,5,1548
bmw,2024,11,France,X7,SUV,Diesel,101766,153215,272.0,1.7837895580374952,1.4690530217609168,3.272615000291116,9,
Volkswagen,2024,10,India,ID.4,Electric,Hybrid,41471,270079,36.0,1.07,7.45,6.53,8,2361
Tesla,2024,10,India,Model X,Electric,Electric,53354,191710,23.0,1.02,7.35,6.4,9,410
Toyota,2017,4,China,C-HR,SUV,Hybrid,21013,532413,30.0,1.16,5.99,3.47,4,2820
BMW,2017,9,France,5 Series,Sedan,Petrol,119101,336647,112.0,1.8023354884231333,1.8133495858845523,3.73712410261232,8,446
Tesla,2016,9,France,Semi,Electric,Electric,91498,32331,30.0,1.88,,3.63,7,2276
Porsche,2016,1,Mexico,Cayenne,SUV,Electric,132232,260664,4.0,1.11,1.66,11.02,4,185
Audi,2016,10,Australia,RS6,Sedan,Diesel,70614,402028,43.0,1.59,3.05,4.48,1,800
Tesla,2019,10,Netherlands,Model Y,,Electric,57086,229501,14.0,2.07,1.89,3.62,9,1201
Mercedes-Benz,2015,9,Brazil,EQE,Electric,Diesel,48178,315917,47.0,1.15,3.2,10.39,2,366
Ford,2017,10,Germany,F-150,SUV,Petrol,67990,63306,84.0,1.93,1.96,2.94,6,345
Tesla,2017,2,Mexico,  Model X Plaid  ,Electric,Electric,87342,149362,32.0,1.13,2.3,10.76,8,1076
Volkswagen,2022,7,Brazil,Touareg,SUV,Diesel,60108,143193,38.0,1.21,3.74,10.66,4,2561
Mercedes-Benz,2024,10,Germany,C-Class,Sedan,Hybrid,126797,146440,52.0,1.85,1.32,3.12,10,1279
Porshe,2023,1,India,Cayenne,SUV,Electric,98826,349620,29.0,0.96,6.75,6.34,7,325
Ford,2021,10,Canada,Edge,SUV,Petrol,84020,183591,65.0,1.29,2.54,3.79,10,1975
TESLA,2023,2,USA,Model X Plaid,Electric,Electric,118356,242485,11.0,0.92,2.01,4.44,8,
Mercedes-Benz,2015,10,Canada,GLC,SUV,Petrol,87308,486423,49.0,1.22,2.69,4.02,7,820
Ford,2019,4,China,Escape,SUV,Electric,39341,484473,38.0,1.16,6.32,3.4,1,903
Mercedes-Benz,2020,12,France,EQS,Electric,Petrol,54116,581651,12.0,1.86,1.13,3.33,9,495
Mercedes-Benz,2020,6,UK,GLC,SUV,Electric,60930,326122,22.0,1.77,1.43,4.8,7,782
Volkswagen,2017,4,UK,Tiguan,SUV,Hybrid,44079,325159,69.0,1.79,1.92,5.0,6,2257
Tesla,2023,3,Japan,Model 3,Electric,Electric,57993,,34.0,1.51,1.39,-0.1,6,2222
Toyota,2017,7,Australia,RAV4,SUV,Electric,61370,469022,66.0,1.5,2.73,4.32,10,434
BMW,2023,5,BRAZIL,X1,SUV,Petrol,40596,,313.0,1.2272354729416466,3.6425651995351913,10.452748831976445,6,989
Toyota,2017,1,Netherlands,Yaris,Sedan,Electric,70803,371249,77.0,2.0,1.73,3.54,3,1508
Audi,2024,11,France,Q5,SUV,Petrol,96418,526946,8.0,1.8,1.41,3.34,7,651
Volkswagen,2020,9,Japan,ID.4,Electric,Diesel,74081,312578,27.0,1.56,0.94,0.24,5,2697
bmw,2018,6,Australia,  X3  ,SUV,Petrol,78129,390497,227.0,1.540325464009549,2.639772376626289,4.427160387115934,10,538
Mercedes-Benz,2015,11,Canada,GLC,SUV,Diesel,85577,556280,58.0,1.28,1.97,3.94,6,593
Mercedes-Benz,2020,54,Brazil,CLA,Sedan,Diesel,33227,192191,45.0,1.23,3.11,10.45,4,175
Toyata,2020,1,Spain,Highlander,SUV,Petrol,35476,441183,,1.69,1.44,3.73,10,2963
Tesla,2019,3,Australia,Model S,Electric,Electric,53593,242014,13.0,1.68,3.26,4.51,1,738
Toyota,2019,1,Germany,Corolla,Sedan,Petrol,49231,265906,29.0,1.98,2.25,2.92,9,1831
Tesla,2023,8,Mexico,Model Y LR,Electric,Electric,105888,195636,30.0,1.03,1.57,10.79,7,217
Toyota,2015,9,Germany,Prius,Hybrid,Hybrid,45626,136428,13.0,1.91,2.26,3.14,4,520
Mercedes-Benz,2024,7,Canada,CLA,Sedan,Electric,125198,267148,30.0,1.28,2.3,3.88,9,934
Audi,2018,5,Mexico,Q8,SUV,Diesel,89903,397236,21.0,1.13,2.4,10.83,2,946
Tesla,2015,12,Canada,Semi,Electric,Electric,97474,237539,5.0,1.26,2.66,3.92,7,1321
Mercedes-Benz,2022,12,India,CLA,Sedan,Petrol,79014,249617,26.0,1.13,7.05,6.63,5,1110
Tesla,2022,11,Netherlands,Model 3 LR,Electric,Electric,44417,288413,5.0,1.92,1.64,3.46,10,196
Toyota,2018,6,India,Camry,Sedan,HYBRID,32923,135872,84.0,0.98,7.03,6.26,2,2594
Mercedes-Benz,2015,2,India,GLE,SUV,Diesel,125451,89232,40.0,1.06,6.83,6.25,1,567
Volkswagen,2023,11,,Arteon,Sedan,Hybrid,27350,332730,78.0,1.86,1.25,3.53,8,1525
Audi,2019,7,Netherlands,TT,Sedan,Hybrid,83683,101025,37.0,2.02,1.62,3.53,6,343
Ford,2022,7,USA,Bronco,SUV,Petrol,79212,443427,49.0,1.02,2.37,4.21,4,1544
BMW,2016,5,Australia,iX,Sedan,Hybrid,69474,218733,110.0,1.6230596050139603,2.6521042832222728,4.21419405102101,9,548
Mercedes-Benz,2021,10,Brazil,C-Class,Sedan,Electric,,217298,13.0,1.29,3.22,10.63,9,1058
Volkswagen,2022,5,USA,Touareg,SUV,Diesel,72419,276858,51.0,0.91,,4.39,5,
Audi,2016,6,Italy,RS6,Sedan,Diesel,88858,387409,12.0,1.94,0.54,3.63,3,427
Volkswagen,2023,4,India,T-Roc,SUV,Electric,47628,282569,41.0,1.06,6.81,6.62,1,898
Tesla,2021,8,Germany,Semi,Electric,Electric,110272,101901,21.0,1.93,1.47,2.86,5,1725
Ford,2024,1,Italy,F-150,SUV,Petrol,88682,316075,44.0,1.8,0.83,3.44,8,2526
Porsche,2023,10,Mexico,Panamera,Sedan,Petrol,176741,,24.0,1.17,1.53,11.27,2,325
Porsche,2018,8,Germany,GTS,Sedan,Hybrid,100746,325397,24.0,1.92,2.05,3.04,8,446
Volkswagen,2018,7,Italy,Passat,Sedan,Electric,38071,129755,78.0,1.94,1.34,3.38,9,700
Volkswagen,2022,2,Japan,T-Roc,SUV,Hybrid,56951,455849,28.0,1.44,1.34,0.38,4,866
BMW,2024,9,Japan,X3,Sedan,Diesel,96957,165140,159.0,1.4270332578309646,0.7681723093854935,-0.1845128558303077,2,605
Porsche,2020,11,UK,Taycan,electric,Electric,133890,97102,29.0,1.81,1.93,5.13,1,
Toyoda,2017,5,Canada,RAV4,SUV,Petrol,,236640,81.0,1.31,1.86,3.94,6,1125
Audi,2024,2,Japan,Q8,SUV,Hybrid,35149,526619,39.0,1.5,0.9,-0.18,2,1131
BMW,2015,11,Germany,3 Series,Electric,Diesel,45143,141288,224.0,1.923917867491968,1.995618146496807,2.701930958162567,2,651
Mercedes-Benz,2016,11,USA,GLS,SUV,Hybrid,63661,90100,41.0,0.9,2.39,4.25,2,328
Volkswagen,2019,8,Netherlands,Golf,Sedan,Hybrid,25861,287031,61.0,1.96,2.37,3.48,1,1766
Audi,2024,7,USA,A4,Sedan,Hybrd,70828,209150,27.0,1.07,2.57,4.34,3,442
BMW,2015,3,China,X1,Sedan,Electric,77598,483603,199.0,1.0202841656898434,6.434436026805514,3.410973612343781,2,863
Porsche,2022,11,France,Cayenne Coupe,SUV,Electric,94085,,22.0,1.75,1.17,3.66,1,306
Mercedes-Benz,2016,9,Netherlands,A-Class,Sedan,Diesel,36495,563700,25.0,1.94,2.09,3.66,3,156
Volkswagen,2018,2,Spain,Arteon,Sedan,Hybrid,76468,191906,85.0,1.79,1.61,3.73,9,2692
Toyota,2024,8,India,Highlander,SUV,Electric,88805,240565,39.0,1.14,6.63,6.66,8,2969
Mercedes-Benz,2030,10,Spain,GLC,SUV,Diesal,56098,566761,15.0,1.75,1.37,3.72,6,164
BMW,2024,11,China,X7,Electric,Petrol,110179,205976,185.0,1.01028516269685,5.762264044299825,3.557046758420153,3,430
Audi,2016,10,Brazil,A6,Sedan,Diesel,33160,272224,48.0,1.19,3.51,10.35,10,940
Porsche,2021,5,Italy,911,Sedan,Petrol,120674,287392,24.0,1.92,1.41,3.33,5,124
Audi,2015,7,France,Q7,SUV,Petrol,100938,230947,19.0,1.77,1.15,3.44,2,1011
Ford,2018,1,USA,F-150,SUV,Electric,72260,353532,119.0,0.91,2.67,4.59,8,2320
Porsche,2018,5,Japan,Macan,SUV,Petrol,174490,270424,2.0,1.48,,0.07,9,39
BMW,2023,3,China,7 Series,SUV,Hybrid,109219,,167.0,1.1273804634909488,5.525447759905751,3.5874934317718905,2,430
Audi,2016,1,UK,Q5,SUV,Diesel,56800,479886,57.0,1.82,1.8,5.17,8,762
Volkswagen,2023,4,,T-Roc,SUV,Electric,29217,79365,28.0,1.49,1.2,0.06,2,788
Tesla,2022,3,Netherlands,Model X,Electric,Electric,79862,53984,27.0,1.95,1.96,3.67,4,1828
Ford,2019,6,UK,Edge,SUV,,49440,170083,98.0,1.91,1.69,4.88,6,1561
Ford,2023,2,UK,Expedition,SUV,Electric,49864,776291,50.0,1.81,1.63,5.24,10,1629
Toyota,2023,5,Spain,Prius,Hybrid,Petrol,86838,192759,53.0,1.69,1.63,3.64,10,2933
BMW,2019,1,USA,i7,Electric,electric,55028,119123,208.0,0.8985751922678823,2.552500967407889,4.51210193538645,10,685
Ford,2016,12,Australia,Expedition,SUV,Hybrid,31339,584601,41.0,1.65,2.8,4.0,1,1996
Volkswagen,2017,7,AUSTRALIA,Golf,Sedan,Hybrid,77322,316007,78.0,1.67,2.93,4.37,10,137
Ford,2023,1,Australia,Ranger,SUV,Hybrid,91623,147294,85.0,1.53,3.34,4.41,8,1732
Tesla,2016,7,Mexico,Model 3 LR,Electric,Electric,44893,220140,25.0,1.14,,11.02,1,2240
BMW,2020,3,UK,X7,Electric,Diesel,52010,474606,358.0,1.8660172415675624,1.5369744228934137,5.055763960905022,1,980
Tesla,2023,5,Italy,Model Y,Electric,Electric,62633,36864,22.0,1.89,1.47,3.4,5,96
BMW,2018,5,India,X3,Sedan,Hybrid,55039,143944,175.0,1.1361190429287833,7.351424957745095,6.3251063086144015,2,668
Audi,2018,4,Australia,A4,Sedan,Petrol,104748,476809,56.0,1.68,3.41,4.44,10,705
Frod,2017,7,Australia,F-150 Lightning,Electric,Hybrid,38020,653493,14.0,1.5,2.76,4.11,5,1181
Ford,2019,2,Netherlands,Explorer,SUV,Hybrid,47034,512095,64.0,2.03,2.54,3.25,1,151
Ford,2023,3,Japan,Mustang Mach-E,Electric,Petrol,46830,268798,111.0,1.54,1.67,0.3,6,1231
Ford,2017,7,Japan,Bronco,SUV,Electric,25763,363402,117.0,1.43,1.1,-0.03,2,535
Volkswagen,2020,6,China,Arteon,Sedan,Petrol,30623,499939,72.0,1.14,5.78,3.47,8,2351
Porsche,2020,4,Japan,911,Sedan,Petrol,198793,269826,4.0,1.55,1.37,0.19,10,37
Tesla,2016,2,Australia,Model S,Electric,Electric,98054,235212,11.0,1.57,2.92,4.06,5,
Frod,2023,12,USA,Explorer,SUV,Petrol,72935,582843,80.0,1.04,2.74,4.55,3,1227
Audi,2016,10,Japan,A6,Sedan,Petrol,44276,306631,38.0,1.42,1.59,0.39,4,628
Porsche,2020,5,India,Macan,SUV,petrol,175127,131121,28.0,0.96,7.36,6.33,1,208
Mercedes-Benz,2022,10,USA,C-Class,Sedan,Hybrid,113929,371770,43.0,1.0,2.53,4.22,8,606
BMW,2022,5,Brazil,3 Series,Electric,Diesel,50479,134363,93.0,,3.957789800988204,10.765634591456468,6,372
Frod,2016,12,Mexico,Ranger,SUV,Hybrid,56870,551192,81.0,1.18,1.88,11.08,8,3814
Tesla,2021,7,Japan,Cybertruck,Electric,Electric,40395,293559,15.0,1.41,0.89,0.07,3,2177
Tesla,2022,7,China,Model S,Electric,Electric,94374,197507,9.0,,5.93,3.26,4,589
Ford,2024,6,Canada,Escape,SUV,Petrol,48122,123972,93.0,1.33,,4.16,1,2239
Tesla,2015,3,Spain,Model Y LR,Electric,Electric,72411,234746,36.0,1.83,1.76,3.57,4,
Tesla,2017,9,UK,Model X,Electric,Electric,127245,47462,23.0,1.88,1.53,4.95,2,1987
Ford,2022,3,China,Ranger,SUV,Hybrid,79599,329461,110.0,1.05,6.23,3.44,4,274
BMW,2015,2,Australia,X1,Electric,Hybrid,48016,486549,346.0,1.53031901496002,3.2711228158518866,4.342790412119573,6,1156
Toyota,2015,4,Netherlands,Corolla,Sedan,Hybrid,64215,,90.0,2.08,1.83,3.59,3,2261
Mercedes-Benz,2018,1,France,EQS,Electric,Diesel,124873,279489,51.0,1.72,2.0,3.74,1,639
BMW,2017,3,Brazil,X1,SUV,Petrol,109229,225037,195.0,1.1391582269578593,3.961190563823914,10.743210385173638,9,716
BMW,2023,9,China,i7,Sedan,Diesel,101323,424842,53.0,1.1346864866649835,6.204680762736647,3.321112071273769,3,306
BMW,2017,1,France,iX,Electric,Diesel,50960,72738,371.0,1.787370140523036,1.8279393069737653,3.49787669141318,3,759
Toyota,2024,12,Canada,RAV4,SUV,Petrol,57258,446094,94.0,1.4,2.27,3.88,6,2798
Volkswagen,2018,12,France,T-Roc,SUV,Electric,52802,118775,44.0,1.89,1.19,3.55,2,392
Toyota,2022,7,Australia,Land Cruiser,SUV,Petrol,69967,153870,,1.66,3.08,4.37,10,1254
Toyota,2017,12,Germany,Corolla,Sedan,Electric,72982,419808,84.0,1.94,1.74,3.07,4,426
Porsche,2021,12,Brazil,Cayenne Coupe,SUV,Electric,80296,372218,8.0,1.21,3.69,10.59,8,332
Audi,2015,10,Spain,A4,Sedan,Petrol,69401,219088,55.0,1.8,1.46,3.3,7,990
Porsche,2020,4,China,Panamera,Sedan,Petrol,140268,183893,29.0,1.04,5.55,3.23,6,56
Audi,2021,11,China,A6,Sedan,Electric,81426,413731,28.0,1.14,6.3,3.22,3,89
BMW,2022,4,Japan,i4,Electric,Hybrid,105354,448845,139.0,1.4120704167981128,1.4315895217553318,-0.1510220107816462,1,469
Mercedes-Benz,2022,9,France,GLC,suv,Hybrid,67190,128099,12.0,1.83,1.96,3.78,7,885
Tesla,2020,6,Germany,Model Y LR,Electric,Electric,128716,108279,38.0,1.89,1.34,2.72,10,389
Volkswagen,2021,5,USA,ID.4,Electric,Diesel,51951,222844,54.0,0.96,2.38,4.34,8,265
Ford,2021,5,Germany,Mustang,Sedan,Hybrid,47223,287313,88.0,1.91,1.91,3.21,6,2330
Ford,2019,7,Germany,Bronco,SUV,Electric,90565,,111.0,1.88,1.92,3.3,3,1004
Mercedes-Benz,2022,4,India,GLC,SUV,Petrol,103100,232381,59.0,0.97,6.68,6.5,10,182
Porsche,2020,9,Spain,Panamera,Sedan,Petrol,118819,277815,24.0,1.75,,3.25,10,406
Volkswagen,2024,4,USA,ID.4,Electric,Diesel,61176,211172,18.0,0.92,2.96,4.28,8,2572
Mercedes-Benz,2020,2,Italy,EQS,Electric,Hybrid,60769,193630,43.0,1.76,1.32,3.45,2,853
Mercedes-Benz,2018,1,Germany,S-Class,Sedan,Diesel,41597,558004,33.0,1.89,2.13,2.92,7,818
Mercedes-Benz,2015,5,Netherlands,A-Class,Sedan,Hybrid,89802,353946,19.0,2.0,2.42,3.22,5,836
Porsche,2019,11,Spain,911,Sedan,Petrol,180705,253343,18.0,1.85,0.95,3.53,3,225
Porsche,2019,9,Japan,Taycan,Electric,Petrol,191758,118821,20.0,1.51,0.86,-0.07,5,447
Toyota,2018,8,UK,Highlander,SUV,Electric,84959,518605,33.0,1.89,1.67,4.95,8,2788
BMW,2023,12,China,X5,Electric,Electric,97287,227170,396.0,1.1120336366923684,6.163789686175589,3.77803666052813,2,963
Tesla,2021,1,Italy,Model X Plaid,electric,Electric,100694,189635,12.0,1.95,1.05,3.49,6,2097
Tesla,2017,2,France,Model 3,Electric,Electric,109681,246523,39.0,1.82,1.12,3.34,8,1048
Audi,2015,10,China,RS6,Sedan,Diesel,66176,102961,16.0,1.02,6.5,3.64,2,79
Audi,2016,9,Canada,e-tron,Electric,Petrol,41149,445742,13.0,1.27,2.46,4.27,4,426
Volkswagen,2019,11,Brazil,Taos,SUV,Diesel,36833,598125,45.0,1.11,3.08,10.25,3,112
BMW,2021,8,UK,7 Series,,Petrol,61026,255753,45.0,1.876452857583906,1.3623938991166331,5.048353010166826,8,201
Tesla,2016,2,France,Model X,Electric,Electric,67053,257617,18.0,1.76,1.1,3.27,4,2496
Volkswagen,2024,10,Brazil,Golf,Sedan,Petrol,32001,478770,46.0,1.24,,10.31,9,2777
Toyota,2017,5,Spain,bZ4X,Electric,Hybrid,,365671,15.0,1.68,1.57,3.64,9,2842
Telsla,2015,1,Japan,Model X,Electrc,Electric,,209556,28.0,1.59,1.65,0.33,10,1344
Volkswagen,2018,3,Australia,Taos,SUV,Petrol,79155,490891,31.0,1.51,2.64,4.34,10,2083
Audi,2023,8,Italy,RS6,Sedan,Hybrid,73328,252424,44.0,1.85,0.59,3.59,1,104
Porsche,2021,6,Brazil,Macan EV,Electric,Petrol,176608,276367,8.0,1.27,3.23,10.36,10,327
Mercedes-Benz,2015,4,France,EQE,Electric,Electric,59914,212072,62.0,1.82,,3.62,7,33
BMW,2021,10,Brazil,5 Series,SUV,Petrol,106894,379061,35.0,1.2281652629380413,3.4395116886329102,10.263398810557046,2,467
Mercedes-Benz,2019,11,Japan,GLC,SUV,Electric,46227,166211,8.0,1.46,0.71,0.18,9,273
Tesla,2018,9,UK,Model S,Electric,Electric,120464,61494,21.0,1.8,1.4,4.72,4,1792
Porsche,2015,7,Mexico,Macan EV,Electric,Petrol,70266,291217,28.0,1.13,1.92,11.14,7,41
Tesla,2018,4,,Model X Plaid,Electric,Electric,125717,274750,3.0,1.34,1.75,4.07,2,642
Toyota,2019,1,Netherlands,RAV4,SUV,Electric,61330,653775,87.0,1.95,2.43,3.45,4,1408
Mercedes-Benz,2015,9,Italy,GLE,SUV,Hybrid,58080,242094,29.0,1.83,1.0,3.27,7,85
Toyota,2022,3,Germany,Land Cruiser,SUV,Hybrid,18807,311895,90.0,,1.43,2.82,9,2713
BMW,2017,7,Brazil,3 Series,SUV,Hybrid,79414,249757,,1.1852166767780743,3.623895836291639,10.516224878346993,10,632
BMW,2024,1,UK,X5,Electric,HYBRID,68367,422050,100.0,1.7775041888291987,1.3867353463005374,5.262037993242041,9,576
Audi,2020,9,Germany,RS6,Sedan,Electric,,465228,19.0,1.97,2.27,3.13,6,236
BMW,2017,10,Australia,X5,Electric,Electric,115440,277544,160.0,1.5972000987595207,2.922034260127639,4.127024424592494,9,527
Ford,2023,6,Spain,F-150 Lightning,Electric,Hybrid,43591,706050,80.0,1.74,1.74,3.31,2,470
Tesla,2024,12,Japan,Model X Plaid,Electric,,112477,200138,6.0,1.59,1.05,0.31,2,262
Toyota,2016,8,Italy,Highlander,SUV,Hybrid,28777,592806,35.0,1.87,0.63,3.57,9,208
Porsche,2019,11,India,Macan,SUV,Hybrid,153922,,16.0,,6.85,6.38,6,344
Tesla,2024,6,China,Model X,Electric,Electric,84157,,29.0,1.13,6.04,3.75,5,1078
Ford,2018,11,Spain,F-150,SUV,Electric,44319,323022,99.0,1.83,1.31,3.75,5,212
Porsche,2022,11,Germany,911,Sedan,Petrol,70821,372794,4.0,1.83,2.0,3.21,4,244
Tesla,2022,10,Canada,Model Y LR,Electric,Electric,74925,171537,12.0,1.33,2.03,3.82,10,1229
Volkswagen,2018,9,Japan,Arteon,Sedan,Diesel,57693,157318,33.0,1.45,1.51,0.27,8,990
Ford,2018,12,Netherlands,Escape,SUV,Electric,78524,558444,53.0,1.97,1.89,3.41,9,597
Audi,2017,1,France,Q8,SUV,Petrol,45128,80976,35.0,1.8,1.52,3.33,6,1180
Toyota,2016,9,UK,Prius,Hybrid,Hybrid,36562,244749,53.0,1.77,1.3,4.98,5,
Ford,2015,6,Netherlands,Expedition,SUV,Electric,81140,389293,22.0,2.05,1.93,3.29,1,211
Audi,2019,2,Italy,RS6,Sedan,Diesel,107777,241672,15.0,1.85,1.12,3.46,6,736
Audi,2018,3,France,e-tron,Electric,Electric,59918,387681,5.0,1.87,1.79,3.33,10,175
B M W,2017,8,Canada,X7,Electric,Hybrid,90371,277693,132.0,1.369839130313064,2.3587833667107176,4.115365938710712,2,718
Volkswagen,2020,3,UK,Taos,SUV,Petrol,37104,72849,48.0,1.93,,5.24,8,
Porsche,2015,6,Spain,Taycan,Electric,Hybrid,156364,183026,27.0,1.85,1.31,3.77,1,228
Tesla,2017,9,Brazil,Model S,Electric,Electric,97478,205554,29.0,1.16,3.58,10.71,5,673
Tesla,2016,7,Canada,Model Y,Electric,,111623,102923,28.0,1.25,2.09,4.17,1,2477
BMW,2016,10,Canada,3 Series,Electric,Electric,35515,340477,195.0,1.3472804030131282,1.8676192162883176,3.7220028561601257,7,561
BMW,2017,5,Japan,iX,SUV,Diesel,36184,320012,67.0,1.5753307205316691,1.2519068387744854,0.1365627829212317,7,536
Volkswagen,2016,4,China,ID.4,Electric,Petrol,32462,347683,18.0,1.06,6.41,3.62,9,725
Toyota,2019,10,Brazil,Corolla,Sedan,Petrol,41601,185574,51.0,1.25,3.38,10.68,9,2016
Toyota,2017,2,Spain,Land Cruiser,SUV,hybrid,27091,345736,75.0,1.73,1.35,3.48,9,2509
BMW,2018,9,Germany,X3,SUV,Hybrid,40622,,295.0,1.8620723917847144,1.5689934044350975,3.178535460382313,4,664
Audi,2019,2,Brazil,A4,Sedan,Petrol,104779,441952,4.0,1.15,3.3,10.29,6,983
BMW,2015,11,USA,3 Series,SUV,Hybrid,55711,345276,55.0,0.9731358855392996,2.4472025405048354,4.56035660001637,9,170
Mercedes-Benz,2020,5,Japan,CLA,Sedan,Petrol,55798,412231,29.0,1.58,0.81,-0.19,8,782
Mercedes-Benz,2016,10,Netherlands,GLE,SUV,Hybrid,47221,408801,18.0,,2.28,3.56,9,220
Volkswagen,2019,8,Australia,Tiguan,SUV,Hybrid,,96569,79.0,1.52,3.36,4.44,6,222
TESLA,2022,1,Spain,Semi,Electric,Electric,103641,123122,33.0,1.77,1.22,3.48,7,2358
Mercedes-Benz,2015,6,China,E-Class,Sedan,Diesel,45700,435959,17.0,1.03,5.57,3.7,6,584
Toyota,2023,2,Spain,C-HR,SUV,,33460,522895,52.0,1.85,1.22,3.73,8,2140
BMW,2020,10,Germany,X5,Sedan,,42235,208901,77.0,1.879436705923691,2.155696468106286,3.198131918740195,4,369
BMW,2018,5,Brazil,5 Series,Sedan,PETROL,106154,320561,78.0,1.2438403556544526,3.498195716453139,10.53321813056258,9,305
BMW,2022,12,UK,X1,Sedan,petrol,62094,258030,,1.8873179826985207,1.0595247003477717,5.0622772717696325,1,1012
Ford,2017,10,Italy,Bronco,SUV,Hybrid,87627,179699,54.0,1.89,1.46,3.43,7,1155
Mercedes-Benz,2016,9,France,EQS,Electric,Hybrid,70307,307926,23.0,1.84,1.22,3.76,6,1213
Porsche,2019,9,Australia,Macan,SUV,Hybrid,176548,231114,16.0,1.57,,4.48,2,118
Mercedes-Benz,2024,7,Canada,E-Class,Sedan,Diesel,79466,116459,41.0,1.28,2.47,4.24,7,964
Audi,2015,10,Mexico,Q8,SUV,Diesel,74400,160987,33.0,1.05,1.57,10.87,2,1175
Tesla,2017,3,Germany,Model X Plaid,Electric,Electric,60308,162006,27.0,1.86,1.95,2.73,6,569
Mercedes-Benz,2016,4,Germany,GLC,SUV,Hybrid,102458,234524,24.0,1.84,1.93,2.79,3,594
BMW,2019,4,Brazil,X1,SUV,Diesel,62388,278300,355.0,1.1724470883304576,3.587769360862198,10.310685751880184,7,886
Porsche,2021,8,China,Panamera Sport,Sedan,Hybrid,137048,202197,8.0,1.09,5.93,3.45,8,492
Audi,2024,9,Spain,TT,Sedan,diesel,98867,241884,46.0,1.73,0.97,3.22,4,433
Volkswagen,2021,3,Canada,Tiguan,SUV,Petrol,32520,345137,83.0,1.38,2.38,4.07,2,114
Audi,2021,36,,Q5,SUV,Petrol,54980,,40.0,1.27,,3.74,9,1070
Audi,2016,2,Australia,Q5,SUV,Petrol,70564,61760,30.0,1.6,3.48,4.42,9,84
Volkswagen,2019,11,Australia,ID.3,Electric,Electric,41105,414208,71.0,1.68,,4.33,8,1274
Volkswagen,2019,11,Spain,Golf,Sedan,Diesel,57689,587456,68.0,1.71,1.06,3.5,5,2048
Ford,2019,8,France,Mustang Mach-E,Electric,Hybrid,28767,318226,16.0,1.86,1.17,3.73,1,767
Audi,2015,5,UK,A6,Sedan,Petrol,114628,61770,23.0,1.89,1.26,4.83,7,350
TESLA,2017,6,UK,Model Y,Electric,Electric,47412,91259,6.0,1.81,1.43,5.25,6,2334
Mercedes-Benz,2024,5,India,EQS,Electric,Hybrd,88445,159812,8.0,1.0,7.26,6.51,5,793
Tesla,2023,3,Brazil,Model S,Electric,Electric,76015,,7.0,1.22,3.96,10.25,4,1080
Audi,2021,5,Brazil,Q7,SUV,Electric,81061,"$293,536",56.0,1.14,3.45,10.67,1,1018
Audi,2022,7,China,A4,Sedan,Petrol,38463,149891,53.0,1.13,6.15,3.43,1,40
Mercedes-Benz,2021,12,France,A-Class,Sedan,Hybrid,66543,422390,53.0,1.75,1.5,3.67,9,1231
Tesla,2022,6,Spain,Model Y,Electric,Electric,61363,,4.0,1.75,1.54,3.37,4,519
Ford,2021,4,Germany,Bronco,SUV,Hybrid,53504,,32.0,1.98,1.95,2.94,10,2794
Audi,2024,6,Netherlands,Q3,SUV,Petrol,82098,515956,49.0,1.93,2.59,3.62,3,97
Ford,2023,5,Italy,F-150 Lightning,Electric,Hybrid,32775,120255,56.0,1.81,1.03,3.47,9,3381
Frod,2019,1,Australia,Mustang,Sedan,Petrol,46041,149901,83.0,1.68,3.49,4.34,5,1642
BMW,2023,11,Australia,3 Series,Electric,Diesel,116395,89236,155.0,1.5161838566102506,3.2900304363070614,4.132807483458825,6,550
BMW,2020,12,UK,iX,Electric,Electric,73196,194587,82.0,1.7990698219362642,1.0827986679251265,5.061891265679833,4,531
Audi,2022,5,USA,TT,Sedan,Petrol,62084,177629,26.0,0.91,2.75,4.27,3,627
Mercedes-Benz,2024,5,Mexico,A-Class,Sedan,Electric,99203,417605,,1.13,1.82,10.78,8,363
Audi,2017,1,Australia,Q5,SUV,Hybrid,60234,286490,27.0,1.52,3.44,4.01,6,779
Ford,2020,1,Germany,Expedition,SUV,Electric,79429,357254,70.0,1.89,1.77,3.16,2,674
BMW,2016,10,Brazil,5 Series,Electric,Hybrid,39136,173714,123.0,1.1915991518007143,3.783198413298626,10.668225674142588,4,387
Tesla,2015,11,Canada,Cybertruck,Electric,Electric,77104,123078,5.0,1.37,2.46,3.85,7,1955
Mercedes-Benz,2021,9,USA,A-Class,Sedan,Diesel,67538,486013,19.0,1.04,2.24,4.63,8,838
Toyota,2022,7,Mexico,Supra,Sedan,Electric,41904,200866,83.0,1.02,1.99,11.08,6,363
Ford,2024,9,Japan,Mustang,Sedan,Electric,42840,424030,103.0,1.47,1.6,0.34,9,2359
Ford,2016,11,Canada,Mustang,Sedan,Petrol,87574,475158,27.0,1.32,2.19,4.16,10,372
Toyota,2019,1,Italy,Yaris,Sedan,Petrol,76681,384225,0.0,1.82,1.41,3.26,7,2117
Ford,2016,7,Japan,Expedition,SUV,Hybrid,40721,185613,60.0,1.58,0.71,0.09,6,3626
Tesla,2018,6,Japan,Model S,Electric,Electric,85702,295701,35.0,1.54,1.24,0.13,5,870
Audi,2015,1,Brazil,e-tron,Electric,Hybrid,75146,177709,9.0,1.26,,10.63,6,519
Volkswagen,2019,12,Mexico,ID.3,Electric,Hybrid,54220,,20.0,1.18,1.71,11.17,3,577
BMW,2016,5,Brazil,3 Series,Sedan,Electric,86567,299717,148.0,1.1099958057319357,3.445541638741891,10.325511279244756,3,463
Tesla,2024,3,Italy,Model Y,Electric,Electric,112999,59473,16.0,1.86,1.2,3.61,5,504
AUDI,2024,6,France,A3,Sedan,,76198,111552,33.0,1.89,1.42,3.33,9,19
Ford,2020,5,Spain,F-150 Lightning,Electric,Hybrid,54213,442442,37.0,1.67,1.49,3.59,8,1562
BMW,2019,10,France,X3,Electric,Petrole,77932,365929,190.0,1.804013604235562,1.762522284353982,3.387026645653646,6,725
BMW,2021,3,Germany,5 Series,Electric,Hybrid,87774,120268,102.0,1.9523021263434943,1.4170670164276058,2.785795009231701,1,408
Volkswagen,2020,12,USA,ID.3,Electric,Electric,26727,256436,23.0,0.98,2.21,4.72,5,1125
Audi,2023,3,Japan,TT,SEDAN,Electric,67370,523192,15.0,1.54,0.8,0.16,1,321
Porsche,2017,12,Australia,911,Sedan,Electric,198242,357921,25.0,1.61,3.31,4.11,9,253
Volkswagen,2019,7,France,Taos,SUV,Electric,22298,402029,23.0,1.89,1.48,3.53,10,1564
Mercedes-Benz,2021,9,Italy,EQE,Electric,Hybrid,124754,219745,5.0,1.88,0.72,3.6,1,368
Ford,2022,8,Spain,F-150,SUV,Hybrid,62866,108170,17.0,1.71,1.65,3.62,3,2968
Volkswagen,2015,9,Japan,ID.3,Electric,Hybrid,48037,,50.0,1.55,0.98,0.28,2,1463
Tesla,2017,6,China,Semi,Electric,Electrc,72274,196237,2.0,1.1,6.03,3.21,5,943
Ford,2015,3,Germany,Explorer,SUV,Hybrid,47620,"$157,896",35.0,1.86,1.78,3.02,6,2753
Mercedes-Benz,2019,9,Spain,EQS,Electric,Petrol,50366,490657,45.0,1.66,1.28,3.75,2,720
Tesla,2020,4,China,Model 3 LR,Electric,Electric,124873,77386,3.0,1.11,6.24,3.37,3,1644
Mercedes-Benz,2021,6,Netherlands,GLE,SUV,Hybrid,48845,116329,13.0,1.92,2.13,3.48,1,1142
Toyota,2017,3,Canada,Highlander,SUV,Electric,33457,337576,72.0,1.31,2.66,4.06,9,2521
Mercedes-Benz,2022,10,Netherlands,EQS,Electric,Petrol,53380,460826,6.0,1.95,2.38,3.54,7,474
Mercedes-Benz,2017,2,UK,GLC,SUV,Petrol,83519,205020,51.0,1.85,1.66,4.89,5,726
Porsche,2015,11,Italy,Panamera Sport,Sedan,Hybrid,69392,256383,,1.94,1.29,3.28,2,141
Tesla,2021,10,Germany,Model S,Electric,Electric,46394,159571,25.0,1.84,2.25,3.01,1,759
Tesla,2021,2,Australia,Model S Plaid,Electric,Electric,59170,51641,39.0,1.57,2.97,4.21,1,141
Mercedes-Benz,2022,8,France,GLE,SUV,Electric,106086,531344,34.0,1.71,1.72,3.31,4,954
BMW,2015,11,UK,X1,Electric,Electric,107573,287268,192.0,1.8328259505057856,1.1946225118207652,4.9206556105263735,6,759
Mercedes-Benz,2023,12,Netherlands,EQS,Electric,Petrol,46461,222016,21.0,1.95,2.42,3.66,8,793
Toyota,2021,8,Japan,RAV4,SUV,Electric,89575,158922,90.0,1.56,1.08,0.18,10,2973
Porsche,2015,5,Australia,Cayenne,SUV,Hybrid,124123,113300,18.0,1.59,3.27,4.51,3,313
Toyota,2020,7,Australia,Yaris,Sedan,Hybrid,59360,94030,70.0,1.5,2.94,4.47,2,1435
Mercedes-Benz,2016,5,India,EQE,Electric,Diesel,72837,449024,35.0,1.07,6.54,6.5,6,1227
Volkswagen,2022,12,France,Touareg,SUV,Petrol,73408,498747,20.0,1.84,2.03,3.46,4,2715
Volkswagen,2018,6,USA,ID.4,Electric,Hybrid,37648,204597,88.0,0.87,2.78,4.37,9,2110
Volkswagen,2020,2,Spain,T-Roc,SUV,Petrol,67622,114633,71.0,1.65,1.27,3.54,7,1645
Mercedes-Benz,2019,10,Canada,GLC,SUV,Petrol,38070,196866,9.0,1.33,2.51,3.72,9,152
Volkswagen,2019,10,Japan,Polo,Sedan,Electric,36191,389491,86.0,1.5,1.33,0.36,1,1699
Tesla,2016,2,Australia,Model S,Electric,Electric,74771,38732,38.0,1.64,2.9,4.05,8,147
Tesla,2021,7,Mexico,Model 3 LR,Electric,Electric,77136,184059,0.0,1.19,2.17,11.08,3,2108
Toyota,2016,2,Italy,Corolla,Sedan,,53255,577640,,1.77,1.2,3.75,7,1223
Audi,2024,6,India,A4,Sedan,Hybrid,101465,198518,14.0,1.11,7.23,6.78,1,
Tesla,2022,4,Spain,Model S,Electric,Electric,105763,189334,4.0,1.8,,3.64,10,790
Toyota,2023,9,Japan,C-HR,SUV,Petrol,75397,367196,66.0,1.46,1.25,-0.05,1,1027
Porsche,2022,3,,718,Sedan,Hybrid,139302,111064,,1.25,2.25,4.01,7,131
Audi,2017,10,China,A4,Sedan,Petrol,61375,231101,49.0,1.09,6.49,3.57,2,
BMW,2024,7,Germany,5 Series,sedan,Hybrid,56638,471175,219.0,1.9487016512583213,1.4288698674734452,2.901071312555485,8,790
Ford,2018,11,Canada,Ranger,SUV,Hybrid,57294,416690,105.0,1.31,2.53,4.25,2,2412
Mercedes-Benz,2019,7,India,A-Class,Sedan,Diesel,49077,541061,19.0,1.05,6.61,6.33,6,473
Porsche,2020,4,China,Macan,SUV,Electric,164881,145239,28.0,1.02,6.42,3.77,8,396
Audi,2016,3,Italy,e-tron,Electric,Electric,38446,530064,51.0,1.92,1.43,3.33,6,910
Porsche,2024,12,Australia,718,Sedan,Electric,85402,237014,28.0,1.63,3.11,4.49,4,167
Audi,2018,3,Italy,  TT  ,,Diesel,52113,,32.0,1.84,0.93,3.72,7,1114
Audi,2017,11,India,Q3,SUV,Electric,55852,234874,50.0,1.11,6.71,6.76,7,571
Audi,2023,9,UK,A4,Sedan,Hybrid,97498,317133,5.0,1.84,1.61,5.18,9,65
Toyota,2022,11,India,bZ4X,Electric,Hybrid,42515,249731,33.0,1.1,7.01,6.71,8,1062
Toyota,2020,2,France,C-HR,SUV,Electric,58965,408861,20.0,1.72,1.9,3.64,10,151
Audi,2018,10,Canada,A4,Sedan,,56228,297396,9.0,1.23,1.94,3.91,9,575
Volkswagen,2017,4,Germany,ID.3,Electric,Petrol,76261,551406,12.0,1.89,1.98,3.25,1,571
BMW,2017,8,Japan,7 Series,Electric,Hybrid,103244,349266,211.0,1.5187121870757572,0.9595417831760904,0.0621975313993725,10,821
Tesla,2021,10,Spain,Model S Plaid,Electric,Electrc,117761,247543,12.0,1.78,0.96,3.78,1,368
BMW,2020,3,Brasil,X1,SUV,Electric,66551,228371,183.0,1.2741156850092012,3.8778300781520407,10.727749112970915,3,400
Tesla,2021,3,Spain,Semi,Electric,Electric,62380,133557,35.0,1.74,1.77,3.26,4,1446
Mercedes-Benz,2018,4,Mexico,GLE,SUV,Diesel,42751,327958,46.0,1.14,2.2,11.12,4,
Audi,2022,3,Netherlands,A3,Sedan,Electric,98659,"$266,203",38.0,1.93,2.09,3.33,8,1030
Porsche,2015,9,Italy,Macan,SUV,Petrol,158368,329592,25.0,1.85,1.19,3.28,9,137
BMW,2019,5,Australia,i4,Electric,Hybrid,70897,395165,392.0,1.5750659815839203,3.363547522514545,4.303238913278792,10,985
Toyota,2024,7,UK,C-HR,SUV,Hybrid,42396,536059,80.0,1.76,1.97,4.75,5,727
Tesla,2021,11,Germany,Cybertruck,Electric,Electric,61397,76326,12.0,1.93,1.97,3.05,3,476
Mercedes-Benz,2017,4,UK,EQS,Electric,Petrol,75104,561401,40.0,1.82,1.85,4.88,6,826
Volkswagen,2015,7,Japan,ID.4,Electric,Petrol,72808,362412,86.0,1.42,1.12,0.18,2,2300
Ford,2020,5,Japan,Mustang,Sedan,Electric,27270,515548,56.0,1.56,0.93,-0.05,6,1749
BMW,2024,5,UK,X7,Electric,Diesel,106232,318591,391.0,1.938581940782504,1.119865367333683,4.902569102842177,3,1001
Audi,2023,11,Germany,Q7,SUV,Hybrid,33286,490592,9.0,1.91,2.03,3.22,9,184
Ford,2017,3,Brazil,Escape,SUV,Electric,24887,,101.0,1.11,3.88,10.34,5,1669
Audi,2020,11,India,Q8,SUV,Electric,79194,441267,46.0,0.97,7.03,6.78,8,321
Tesla,2021,5,India,Model Y LR,Electric,Electric,59754,208165,,1.01,6.77,6.44,10,2110
Porsche,2022,3,Netherlands,Cayenne Coupe,SUV,Petrol,69596,202802,8.0,2.06,1.83,3.47,9,371
BMW,2016,5,Canada,3 Series,Electric,Electric,119694,326393,55.0,1.379353084925285,1.9850951686938472,3.804024157176853,6,536
Audi,2019,8,Italy,e-tron,Electric,Petrol,84609,266487,52.0,1.93,1.01,3.24,1,631
Mercedes-Benz,2017,4,UK,GLS,SUV,Electric,108996,209617,61.0,1.79,1.88,5.28,9,179
Porsche,2018,9,Spain,GTS,Sedan,Petrol,114824,323985,14.0,1.67,1.78,3.5,4,92
BMW,2021,4,Australia,X3,Sedan,Diesal,90830,139941,300.0,1.6020864978008464,3.3834647629860606,4.218991433221653,8,
Toyota,2017,5,Brasil,Camry,Sedan,Electric,32955,675268,96.0,1.11,3.15,10.45,9,572
Mercedes-Benz,2018,1,USA,S-Class,Sedan,Diesel,35989,,5.0,1.05,2.49,4.41,4,N/A
Volkswagen,2020,9,China,Polo,Sedan,Hybrid,72660,440816,71.0,1.01,5.59,3.49,1,1882
AUDI,2022,11,FRANCE,Q7,SUV,Hybrid,51094,92901,53.0,1.83,1.5,3.52,3,644
Audi,2024,10,UK,RS6,Sedan,petrol,48842,266984,41.0,1.92,1.02,5.27,7,653
Ford,2017,5,Germany,Expedition,SUV,Electric,31970,,27.0,1.97,1.44,3.07,10,2849
BMW,2024,11,France,3 Series,SUV,Diesel,71405,271421,132.0,1.879443151590665,1.3418522909004518,3.25586166068354,10,348
Audi,2021,10,Netherlands,Q7,SUV,Hybrid,111538,478063,8.0,1.96,1.95,3.8,7,868
BMW,2016,12,Japan,i7,Electric,electric,52796,255782,302.0,1.5693028677380556,,0.3168219978180616,6,953
Tesla,2017,9,Mexico,Model S,Electric,Electric,66301,174675,25.0,1.08,2.47,10.78,5,1060
TESLA,2019,12,France,Model Y LR,Electric,Electric,126541,210083,34.0,1.89,1.17,3.21,7,387
Porshe,2020,5,India,Taycan,Electric,Petrol,96740,231142,14.0,1.1,7.4,6.73,10,108
Toyota,2021,6,USA,bZ4X,Electric,Petrol,61681,310552,38.0,0.93,2.97,4.5,3,2737
BMW,2021,6,Japan,i4,Electric,Petrol,35924,336744,310.0,1.5337286439848865,0.9579028270449398,-0.0974674475659605,3,830
Ford,2020,9,Italy,Mustang Mach-E,Electric,Hybrid,92846,467218,48.0,1.93,1.24,3.54,7,3451
Volkswagen,2023,2,China,Taos,SUV,Diesel,77322,340942,45.0,1.14,6.5,3.59,8,1429
Volkswagen,2017,3,Spain,Arteon,Sedan,Diesel,26442,470354,,1.72,0.99,3.69,9,838
Ford,2017,6,Brazil,Mustang Mach-E,Electric,Hybrid,94262,525840,91.0,1.26,3.8,10.8,3,3299
Audi,2020,10,China,Q3,SUV,Hybrid,46022,521138,21.0,1.14,6.34,3.59,7,412
Audi,2022,11,France,Q7,SUV,Hybrid,54831,345449,,1.77,,3.46,9,38
Toyota,2016,6,Canada,RAV4,SUV,Petrol,26127,134722,51.0,1.22,2.06,4.23,6,2856
Ford,2018,11,Mexico,Ranger,SUV,Hybrid,49656,712499,13.0,1.14,2.46,11.03,9,
BMW,2019,2,Frnce,7 Series,Sedan,Electric,50792,231413,223.0,1.7607885024510057,1.326125331249672,3.3825192317817687,6,804
Mercedes-Benz,2020,1,Canada,EQS,Electric,Electric,111470,492196,32.0,1.29,,4.2,7,796
Audi,2019,10,Mexico,Q3,SUV,Electric,48805,385788,13.0,1.2,1.91,11.09,1,743
Toyota,2021,6,UK,Supra,Sedan,Electric,64109,646800,55.0,1.94,1.16,5.2,5,929
BMW,2023,12,France,7 Series,Electric,Hybrid,58345,433015,145.0,1.733149955964031,1.5328160022094697,3.226339965585803,8,334
Toyota,2019,11,Australia,Land Cruiser,SUV,Hybrid,68907,316456,70.0,1.68,2.77,4.45,1,408
Toyota,2019,7,Mexico,Prius,Hybrid,Petrol,85019,631756,40.0,1.01,2.2,10.9,1,1617
Toyota,2018,10,Canada,RAV4,SUV,Petrol,36635,534170,24.0,1.28,1.83,3.72,6,2547
Ford,2024,1,Japan,Expedition,SUV,Electric,31054,338808,15.0,1.43,1.2,0.34,3,2856
Volkswagen,2015,1,France,Arteon,Sedan,Diesel,48559,459073,21.0,1.76,1.34,3.53,3,699
Tesla,2015,5,Spain,Model 3,Electric,Electric,78991,95823,14.0,1.77,1.74,3.64,3,1313
Audi,2021,1,India,A4,Sedan,Diesel,72207,321196,7.0,1.0,7.29,6.54,5,674
Tesla,2020,10,Canada,Model 3 LR,Electric,Electric,115396,275116,16.0,1.26,1.95,3.78,10,2063
Toyota,2023,1,USA,Corolla,Sedan,Petrol,,517718,83.0,0.89,2.32,4.39,2,1784
Mercedes-Benz,2015,12,Australia,GLE,SUV,Diesel,59438,530634,34.0,1.61,3.02,4.18,1,411
Ford,2015,1,Spain,F-150 Lightning,,Hybrid,41139,303416,92.0,1.8,0.9,3.79,10,2855
Porsche,2022,1,UK,Cayenne Coupe,SUV,Electric,140555,382926,13.0,1.77,1.38,5.03,10,280
Bmw,2022,7,France,X1,Sedan,,36375,156379,181.0,1.78169064261414,1.6508573706091394,3.2521920559468462,10,608
Volkswagen,2022,1,USA,T-Roc,SUV,Petrol,58658,197701,36.0,1.02,2.43,4.56,1,1476
BMW,2020,10,USA,X5,SUV,Hybrid,87719,480481,324.0,1.0487785166101915,2.620072755928513,4.520076655185793,8,847
Tesla,2015,12,Mexico,Model X,Electric,Electric,128445,112712,5.0,1.05,1.53,10.99,9,1656
Porsche,2023,11,Brazil,Cayenne,SUV,Hybrid,85099,150982,16.0,1.13,3.66,10.77,6,148
Toyota,2020,1,Spain,  RAV4  ,SUV,Petrol,24022,,59.0,1.75,1.64,3.2,2,1195
Mercedes-Benz,2022,10,Brasil,C-Class,,Hybrid,74361,350205,6.0,1.23,3.78,10.61,9,588
Volkswagen,2023,1,UK,Taos,SUV,Hybrid,21381,367449,28.0,1.87,,4.89,6,1511
Mercedes-Benz,2015,8,India,C-Class,Sedan,Hybrid,61000,566513,54.0,1.06,6.58,6.45,8,913
Volkswagen,2015,3,Netherlands,Tiguan,SUV,Petrol,53150,444785,20.0,1.97,2.37,3.73,6,2446
Audi,2018,12,India,A6,Sedan,Petrol,54386,417850,36.0,1.15,7.41,6.32,6,218
Porsche,2019,6,China,Macan EV,Electric,Electric,177922,183904,15.0,1.09,5.57,3.77,6,320
Porsche,2018,6,Mexico,Cayenne,SUV,Electric,62345,127023,29.0,1.17,1.96,11.08,2,368
Mercedes-Benz,2020,3,Japan,EQE,Electric,Hybrid,86860,113963,53.0,1.44,1.35,0.24,8,493
Audi,2018,4,Canada,RS6,Sedan,Diesel,34754,310922,14.0,1.36,2.34,4.25,3,913
Mercedes-Benz,2021,10,India,CLA,Sedan,Electric,57776,333613,62.0,1.05,7.39,6.59,6,755
Volkswagen,2017,1,Canada,T-Roc,Suv,Hybrid,46760,270745,62.0,1.34,2.63,3.85,6,2048
Tesla,2022,1,Australia,Model X,Electric,Electric,56610,244449,31.0,1.59,2.73,4.09,2,1262
Toyota,2021,8,Germany,Prius,Hybrid,Electric,64459,368020,21.0,1.95,1.42,3.27,10,71
Toyata,2021,4,Australia,Corolla,Sedan,Petrol,37840,671977,46.0,1.58,3.2,4.26,9,1398
Audi,2020,1,Mexico,e-tron,,Petrol,55126,249756,11.0,1.16,2.19,11.08,10,618
Porsche,2018,9,India,Macan EV,Electric,Petrol,198562,99413,4.0,1.01,6.86,6.26,9,282
Porsche,2022,12,Netherlands,Panamera,Sedan,Petrol,175052,171327,25.0,1.93,1.73,3.59,3,353
Mercedes-Benz,2023,2,USA,C-Class,Sedan,Electric,34909,457247,34.0,1.05,2.95,4.76,2,1060
Porsche,2023,3,Germany,Panamera,Sedan,Petrol,88211,,28.0,1.86,1.31,2.71,3,223
Toyota,2016,1,Spain,Prius,Hybrid,Electric,18666,684338,66.0,1.7,0.85,3.52,3,497
BMW,2024,11,Japan,X1,electric,Electric,92656,,395.0,1.478619544933352,0.9439896433790836,0.3838063328514673,5,1115
Audi,2019,6,Australia,TT,Sedan,Hybrid,40393,110544,34.0,,2.87,4.54,1,941
Audi,2015,8,Germany,A3,Sedan,Hybrid,70892,265309,19.0,1.96,2.06,3.29,7,221
Porsche,2019,2,Mexico,Macan,SUV,Hybrid,173349,149021,,1.09,1.88,11.29,5,216
BMW,2018,2,France,i7,Electric,Diesel,57499,69403,172.0,1.813508169652312,1.496923276201596,3.2796294524258363,1,765
Porsche,2019,11,Japan,Macan EV,Electric,Hybrid,174876,98166,26.0,1.54,1.15,0.35,6,363
Tesla,2019,1,UK,Model 3,Electric,Electric,106762,270673,11.0,1.81,1.04,4.93,8,1583
BMW,2022,1,Japan,i4,SUV,Diesel,57634,411541,78.0,1.4072037636582853,0.9208527829630088,-0.1766420220045995,2,557
Ford,2015,4,France,Expedition,SUV,Petrol,62380,522403,73.0,1.8,1.8,3.42,1,602
Volkswagen,2019,11,Canada,Golf,Sedan,Petrol,21649,46138,34.0,1.3,2.27,4.24,6,653
Toyota,2020,2,Germany,Corolla,Sedan,Hybrid,37346,330375,50.0,1.85,1.67,2.8,9,2334
Volkswagen,2022,10,Germany,Polo,Sedan,Diesel,48665,47497,80.0,1.88,1.43,2.88,5,496
Volkswagen,2024,1,Australia,Passat,Sedan,Electric,48709,345756,30.0,1.63,3.02,4.16,7,1562
Ford,2023,8,Australia,Ranger,SUV,Electric,50636,345405,74.0,1.6,3.48,4.31,10,3578
Porsche,2018,8,USA,Panamera Sport,Sedan,Electric,126802,162984,12.0,0.99,2.86,4.58,5,421
BMW,2017,11,China,X3,SUV,Hybrid,44095,275568,202.0,1.0132992534733556,6.438340456821038,3.3087398396993963,1,860
BMW,2024,4,Germany,X3,Sedan,Electric,63610,"$430,214",320.0,1.9826573895152475,1.3101311840277434,3.081657627845725,4,1086
Mercedes-Benz,2018,3,China,GLE,SUV,Electric,107325,224211,53.0,1.14,5.95,3.64,2,396
Audi,2020,7,Netherlands,RS6,Sedan,Petrol,83301,88374,29.0,2.1,2.02,3.21,4,738
Tesla,2023,6,USA,Model S,Electric,Electric,118775,239393,1.0,0.95,2.85,4.7,1,337
BMW,2022,10,China,5 Series,Sedan,Diesel,82691,207255,346.0,1.108899391820773,6.16101425424732,3.2470734897902744,7,1124
BMW,2024,12,Canada,iX,Electric,Hybrid,67016,388246,82.0,1.3776807344617363,2.65591882895532,3.888380030426412,2,641
Mercedes-Benz,2018,1,Italy,GLE,SUV,Hybrid,91221,587564,43.0,1.91,1.22,3.74,1,59
Volkswagen,2017,12,UK,ID.4,Electric,Hybrid,23402,570975,62.0,1.8,1.53,5.08,6,729
Porsche,2018,8,Spain,Taycan,Electrc,petrol,104881,,5.0,1.79,1.73,3.3,7,95
Mercedes-Benz,2021,11,China,CLA,Sedan,PETROL,50111,498875,37.0,1.19,6.27,3.76,3,187
Audo,2019,7,Japan,A3,Sedan,Hybrid,,76456,23.0,1.49,1.51,0.19,9,467
Mercedes-Benz,2018,2,USA,E-Class,Sedan,Electric,41075,451261,23.0,1.03,2.44,4.49,6,1022
Tesla,2022,9,France,Model X Plaid,Electric,Electric,89844,150563,17.0,1.76,1.26,3.27,8,
Audi,2017,1,USA,e-tron,Electric,Hybrid,43601,343790,57.0,0.88,2.29,4.72,1,131
Volkswagen,2020,7,Germany,Passat,Sedan,Electric,29687,456687,20.0,2.0,1.44,2.86,3,1085
BMW,2024,7,Germany,X5,SUV,,82922,455932,276.0,,1.4657745401632758,3.2674188882001696,2,853
Tesla,2017,2,China,Cybertruck,Electric,Electric,39242,180160,24.0,1.07,6.39,3.46,10,1871
Porsche,2019,9,UK,Cayenne,SUV,Electric,179802,100433,10.0,1.8,1.24,5.3,10,445
Mercedes-Benz,2023,1,India,A-Class,Sedan,Diesel,124572,273989,46.0,,7.01,6.36,7,
Ford,2018,1,Canada,Mustang,Sedan,Hybrid,72605,309140,45.0,1.2,2.48,3.89,7,1329
Mercedes-Benz,2019,7,Mexico,EQS,Electric,Petrol,53306,81285,49.0,1.12,2.47,11.23,7,1079
Mercedes-Benz,2022,9,Frnce,C-Class,Sedan,Electric,120966,321615,32.0,1.87,1.25,3.48,8,745
Mercedes-Benz,2023,12,Mexico,E-Class,Sedan,Diesel,57237,405735,57.0,1.02,2.41,11.3,7,555
Volkswagen,2017,5,Spain,Passat,Sedan,Petrol,38203,287030,63.0,1.83,0.99,3.22,7,319
Mercedes-Benz,2018,12,Mexico,A-Class,Sedan,Diesel,46501,61829,19.0,1.04,1.6,11.25,1,921
Tesla,2022,2,India,Model X Plaid,Electric,Electric,93129,286356,26.0,0.95,7.04,6.75,1,241
Porsche,2022,7,USA,Cayenne Coupe,SUV,Electric,73976,80461,18.0,0.99,2.02,4.72,2,154
Mercedes-Benz,2023,8,India,S-Class,sedan,Electric,94277,340123,8.0,0.99,6.99,6.39,8,318
Volkswagen,2018,6,,  Golf  ,Sedan,Petrol,44754,475683,41.0,1.29,3.1,10.42,9,2424
Toyota,2024,9,Italy,Camry,Sedan,Hybrid,77712,109218,62.0,1.9,0.8,3.57,7,470
Toyota,2015,8,USA,Corolla,,Hybrid,37322,581825,24.0,0.98,2.68,4.4,2,2351
BMW,2023,12,France,X7,SUV,Diesel,55651,,130.0,1.8538446295676267,2.0678600348450304,3.377266866486452,8,511
Tesla,2024,7,Japan,Model X Plaid,Electric,Electric,,212433,5.0,1.57,0.79,0.37,6,2372
Tesla,2017,7,UK,Model X Plaid,Electric,Electric,124172,299596,17.0,1.84,1.56,5.23,9,590
Volkswagen,2015,1,Netherlands,Tiguan,SUV,Diesel,70079,197590,48.0,2.1,2.17,3.68,4,1091
Frod,2021,3,australia,Bronco,SUV,Electric,23286,385300,11.0,1.6,3.02,4.0,8,1317
Tesla,2020,11,Germany,Semi,Electric,Electric,98999,217577,7.0,,1.45,2.85,10,305
Mercedes-Benz,2016,8,Mexico,EQE,Electric,Diesel,33038,495181,9.0,,1.89,10.99,2,265
Audi,2017,9,Netherlands,A6,Sedan,Electric,91128,112157,34.0,2.03,2.28,3.25,5,689
BMW,2019,8,Canada,iX,SUV,Hybrid,73498,249215,285.0,1.2649171659800542,2.24448909796085,3.703455196298873,3,929
Audi,2021,11,Brazil,Q8,SUV,Hybrid,81487,339344,47.0,1.29,3.89,10.53,6,947
Audi,2018,3,Brazil,Q5,SUV,Electric,78783,414603,30.0,1.29,3.14,10.75,1,639
Volkswagen,2023,4,Brazil,Arteon,Sedan,Diesel,,543142,86.0,1.29,3.54,10.78,4,2056
Mercedes-Benz,2020,2,China,EQS,Electric,Hybrid,106165,71075,19.0,1.16,6.22,3.24,1,1160
Tesla,2024,9,Netherlands,Model Y LR,Electric,Electric,84991,48987,17.0,1.91,1.95,3.73,7,985
AUDI,2017,2,Italy,TT,Sedan,Petrol,72758,351591,9.0,1.82,1.44,3.55,6,470
BMW,2018,6,France,i4,SUV,Hybrid,98014,65116,47.0,1.79444298503239,1.737557471355213,3.732327645545796,2,397
Porsche,2023,9,Italy,Cayenne,SUV,Electric,137759,170253,28.0,1.93,0.75,3.41,7,122
Tesla,2024,8,Germany,Model S,Electric,Electric,118403,209592,14.0,1.89,,2.83,6,1085
Ford,2019,8,India,Escape,SUV,Petrol,89182,255964,80.0,1.14,6.94,6.59,8,1753
Audi,2018,9,Italy,TT,Sedan,Petrol,50074,142428,23.0,1.75,0.73,3.31,3,790
Mercedes-Benz,2032,9,Spain,A-Class,Sedan,Electric,106775,143425,34.0,1.8,1.4,3.8,4,570
Audi,2020,4,U.S.A,e-tron,Electric,Petrol,113487,454239,4.0,0.91,2.03,4.26,5,358
BMW,2015,12,Brazil,5 Series,Electric,Diesel,85435,50882,367.0,1.1142377296920458,3.0944429607559285,10.609804064049817,7,1038
Tesla,2019,2,Netherlands,Model Y LR,Electric,Electric,81946,15213,4.0,2.06,1.79,3.62,4,1531
Volkswagen,2020,4,France,ID.4,Electric,Electric,42903,526504,49.0,1.86,1.46,3.56,10,1830
Ford,2018,3,France,Ranger,SUV,Petrol,94076,786261,70.0,1.76,1.66,3.57,5,1313
Porsche,2020,4,Mexico,Cayenne Coupe,SUV,Hybrid,173406,,6.0,1.1,2.3,11.12,6,87
Ford,2024,4,China,Explorer,suv,Petrol,64937,633155,118.0,1.0,5.66,3.42,4,1321
Audi,2023,6,Spain,A4,Sedan,Diesel,84077,335262,37.0,1.68,1.07,3.35,6,667
Porsche,2020,5,Germany,718,sedan,Electric,64794,86073,14.0,1.83,1.44,3.16,5,329
Mercedes-Benz,2023,11,Germany,CLA,Sedan,Diesel,41042,394800,25.0,1.84,1.73,2.82,8,1115
Ford,2022,9,Japan,Escape,SUV,Electric,28206,137527,71.0,1.5,0.89,-0.09,7,242
Audi,2023,1,Netherlands,TT,Sedan,Hybrid,74135,260798,28.0,2.02,2.39,3.28,7,1076
BMW,2015,4,France,X5,Sedan,Petrol,55213,361741,219.0,1.8432646776125363,1.1416729006023845,3.2508752096274818,1,717
Mercedes-Benz,2024,7,Australia,E-Class,Sedan,Petrol,65934,118398,35.0,1.65,3.47,3.97,6,129
Volkswagen,2015,10,Japan,Golf,Sedan,Diesel,23155,551273,30.0,1.41,0.94,0.15,9,197
Mercedes-Benz,2024,1,France,EQS,Electric,Electric,101910,286218,36.0,1.76,2.08,3.6,9,127
Tesla,2021,11,Mexico,Model Y,Electric,Electric,60471,165292,38.0,1.18,1.99,10.94,8,739
Toyota,2019,4,France,Corolla,Sedan,Hybrid,82449,407494,94.0,1.88,1.89,3.24,3,569
Porsche,2017,5,Brazil,GTS,Sedan,Electric,87245,267454,14.0,1.11,3.13,10.47,3,287
Tesla,2023,11,Germany,Model 3 LR,Electric,Electric,102562,110695,17.0,1.8,2.05,3.14,5,612
Ford,2018,6,Spain,Expedition,SUV,Electric,64064,165587,79.0,1.74,0.99,3.39,7,3345
Ford,2021,5,Netherlands,Ranger,SUV,Hybrid,94320,182174,30.0,1.91,2.4,3.79,2,3377
Tesla,2022,11,Spain,Semi,Electric,Electric,83491,121435,25.0,1.81,1.06,3.72,1,508
Mercedes-Benz,2017,11,Italy,S-Class,Sedan,Petrol,52336,289732,50.0,1.85,1.19,3.37,1,794
Volkswagen,2015,10,Brazil,Golf,Sedan,Hybrid,25037,251299,42.0,1.26,3.57,10.58,3,2690
Toyota,2019,5,Mexico,Land Cruiser,SUV,Electric,,495251,10.0,1.08,1.9,11.2,9,950
Audi,2015,3,Italy,A4,Sedan,Hybrid,36158,308596,30.0,1.94,0.78,3.33,7,905
Porsche,2018,10,China,Taycan,Electric,Hybrid,106605,267995,8.0,1.05,5.87,3.55,5,424
Toyota,2019,10,Australia,Camry,Sedan,Electric,45679,51493,44.0,1.59,3.04,3.96,1,2435
BMW,2018,6,Australia,X5,Electric,Electric,68686,246243,316.0,1.6285763820117416,3.33704112524294,4.117565653072647,4,834
Tesla,2018,9,Germany,Cybertruck,Electric,Electric,53395,79770,36.0,1.99,2.12,2.87,2,743
Volkswagen,2020,4,Italy,Taos,SUV,Petrol,74966,556362,51.0,1.82,0.52,3.76,3,126
BMW,2022,12,Japan,X7,,Diesel,72040,406004,144.0,1.5561263434851114,1.4093208284726095,-0.0996072175993637,5,697
BMW,2018,3,Canada,X7,Sedan,Hybrid,84737,153619,27.0,1.2232277920401051,1.9892447719726547,4.240049909809889,5,224
Toyota,2017,8,France,Camry,,Electric,40013,375426,21.0,1.84,1.85,3.75,1,2711
Volkswagen,2017,6,Italy,ID.4,Electric,Hybrid,3931616,122765,68.0,1.83,1.32,3.43,3,1852
bmw,2018,2,Australia,i4,Electric,Petrol,117916,269057,110.0,1.5995079704292203,3.2803655030068817,4.235801439980659,6,360
Volkswagen,2021,6,Spain,Taos,SUV,Hybrid,54697,217251,49.0,1.76,1.3,3.24,8,2090
Tesla,2022,11,Netherlands,Model 3,Electric,Electric,,69254,29.0,1.92,2.34,3.45,6,1071
Telsla,2024,8,Brazil,Model S,Electric,Electric,98354,286738,,1.13,3.51,10.77,7,2142
BMW,2017,2,USA,X1,Electric,Petrol,,83085,198.0,1.0668026326420927,2.602942876479461,4.696024415844892,3,668
Ford,2017,10,Netherlands,Mustang Mach-E,Electric,Petrol,55746,510942,10.0,1.96,2.1,3.57,4,231
Ford,2023,1,Brazil,F-150 Lightning,electric,Petrol,42514,404457,100.0,1.25,3.56,10.75,7,
BMW,2019,4,China,i7,Sedan,Electric,,473327,236.0,1.0400949031056808,,3.77362828616716,1,584
Toyota,2024,4,India,RAV4,SUV,Hybrid,58726,126448,46.0,1.13,6.71,6.76,7,1021
Toyoda,2018,7,Germany,Supra,Sedan,Hybrid,72644,566868,95.0,1.9,1.71,3.19,8,2396
Audi,2015,8,USA,Q3,SUV,Diesel,34293,,14.0,1.02,2.24,4.46,5,
Ford,2021,8,Italy,Ranger,SUV,Electric,60577,123013,103.0,1.85,0.77,3.67,3,3489
Toyota,2019,4,Japan,Corolla,Sedan,Electric,89179,83918,85.0,1.42,1.12,0.3,4,1098
Mercedes-Benz,2016,7,Brazil,A-Class,Sedan,Hybrid,104971,425970,20.0,1.24,3.17,10.23,6,1137
Mercedes-Benz,2015,8,Japan,EQE,Electric,Petrol,63322,281768,,1.46,1.35,0.36,7,1269
Volkswagen,2016,2,,ID.4,Electric,Hybrid,77209,458299,58.0,1.2,1.88,4.28,7,1358
Volkswagen,2022,4,India,Passat,Sedan,Petrol,36541,311915,84.0,1.11,6.55,6.2,10,2116
Tesla,2021,6,Mexico,Cybertruck,Electric,Electric,114890,42350,38.0,1.06,1.77,10.97,8,1742
Tesla,2016,9,China,Model 3 LR,Electric,Electric,107623,78394,1.0,1.01,5.98,3.3,5,1011
Ford,2017,7,India,Mustang,Sedan,Petrol,40875,767970,69.0,1.0,6.71,6.69,9,934
Toyota,2021,11,India,Yaris,Sedan,Hybrid,30754,676389,19.0,1.1,7.34,6.45,3,2957
Audi,2024,8,Mexico,RS6,Sedan,Petrol,,90127,21.0,1.18,2.46,10.89,9,562
Porsche,2022,4,Germany,Panamera Sport,Sedan,Electric,170835,285105,12.0,1.96,1.95,2.78,5,177
BMW,2019,4,Australia,iX,Sedan,Hybrid,63091,345457,316.0,1.5881525493876456,2.953288834748028,4.264634161596548,5,1081
Toyota,2017,5,France,Land Cruiser,S U V,Electric,66161,446876,94.0,1.85,1.57,3.33,10,1577
Audi,2017,11,FRANCE,A6,Sedan,Electric,46700,316530,47.0,1.85,1.63,3.34,4,272
Audi,2015,8,Japan,A3,Sedan,Petrol,84253,381759,43.0,1.46,1.13,-0.1,9,1078
Volkswagen,2017,6,Spain,ID.4,Electric,Petrol,26018,221308,81.0,1.77,1.03,3.77,6,2153
Porsche,2020,12,Canada,Macan,SUV,Electric,167162,382143,29.0,1.29,1.99,3.83,5,387
Volkswagen,2019,2,France,ID.4,Electric,Electric,22683,255849,36.0,1.81,1.21,3.76,4,1584
Mercedes-Benz,2015,6,Netherlands,E-Class,Sedan,Electric,109789,316880,37.0,2.08,2.26,3.45,9,1007
TOYOTA,2015,2,Netherlands,Yaris,Sedan,Petrol,55150,374463,77.0,1.96,2.55,3.41,6,608
Audi,2020,8,Mexico,TT,Sedan,Electric,71952,391630,52.0,1.16,1.75,11.03,8,178
BMW,2015,2,China,5 Series,Electric,Hybrid,116788,306681,171.0,1.0553655594470104,6.400701864011259,3.4530325561240733,9,575
Ford,2024,8,Australia,Mustang,Sedan,Hybrid,58711,149300,42.0,1.61,2.51,4.53,1,2529
Ford,2018,9,UK,Ranger,SUV,Petrol,69635,583975,27.0,1.86,1.11,5.06,1,3991
Ford,2023,8,China,Ranger,SUV,Electric,27195,256360,47.0,1.04,5.89,3.51,6,1950
BMW,2017,89,Germany,i7,Electric,Petrol,42933,332260,99.0,1.9865456966708024,1.91341519593579,2.950945821774371,7,361
Volkswagen,2016,1,Netherlands,Passat,Sedan,Electric,29744,565758,73.0,,1.93,3.75,4,649
Audi,2023,12,Germany,Q7,SUV,Hybrid,51962,206800,55.0,1.89,2.29,2.92,8,701
BMW,2019,4,Canada,3 Series,Sedan,Petrol,118168,252123,71.0,1.3200041096238608,2.092493556406685,3.987963300830274,6,187
Toyota,2023,11,Japan,Highlander,SUV,Hybrid,57229,682681,72.0,1.58,1.48,0.24,7,1500
Mercedes-Benz,2015,3,Spain,S-Class,Sedan,Petrol,49667,339761,17.0,1.65,1.2,3.69,1,382
Audi,2023,12,Australia,Q8,SUV,Electric,67456,173317,23.0,1.52,,4.08,5,717
BMW,2020,3,Canada,i4,SUV,Hybrid,118981,262566,96.0,1.303615753247763,2.531697043675773,3.863842485983688,6,622
Audi,2017,9,Australia,A6,Sedan,Petrol,34399,540868,37.0,1.58,2.88,4.27,2,609
Audi,2018,1,UK,RS6,Sedan,Petrol,65880,185097,35.0,1.94,1.78,5.23,6,989
Tesla,2021,2,India,Model S,Electric,Electric,81117,84258,23.0,1.12,6.87,6.5,8,1800
Porsche,2020,9,Netherlands,Macan EV,Electric,Hybrid,105178,202516,23.0,1.93,1.81,3.74,7,28
Mercedes-Benz,2024,7,Germany,E-Class,Sedan,Petrol,34179,423970,8.0,1.87,1.59,2.88,1,722
Audi,2017,5,China,Q7,SUV,Electric,68564,312129,38.0,1.11,5.95,3.69,2,964
Porsche,2017,12,UK,Taycan,Electric,Petrol,,81116,28.0,1.84,1.66,4.89,5,11
Volkswagen,2015,9,UK,ID.3,Electric,Petrol,46200,192454,28.0,1.86,1.83,5.29,3,693
Toyata,2015,11,Spain,Land Cruiser,SUV,Hybrid,53810,479423,15.0,1.83,1.74,3.57,7,2634
Ford,2021,3,Canada,Bronco,SUV,Electric,27432,677717,64.0,1.27,2.52,3.73,4,2778
Mercedes-Benz,2019,12,Japan,A-Class,Sedan,Petrol,124501,340924,45.0,1.41,0.83,0.16,10,1016
Toyota,2021,9,Australia,Supra,Sedan,Petrol,72739,420441,84.0,1.58,3.33,4.01,3,693
Audi,2022,2,Australia,A6,Sedan,Petrol,50583,274738,30.0,1.5,3.4,4.2,1,1000
Ford,2015,11,Italy,Mustang,Sedan,Hybrid,39891,562262,,1.77,1.02,3.23,7,1428
BMW,2019,2,Japan,X1,SUV,Diesel,96382,216280,265.0,1.5304448519090943,1.0845113276448126,0.0926002411727586,6,596
AUDI,2016,1,UK,A4,Sedan,Electric,96301,523661,9.0,1.95,1.96,4.72,7,201
Porsche,2020,12,Germany,Cayenne Coupe,SUV,Petrol,87014,269631,17.0,1.86,1.94,3.16,9,48
Toyota,2022,9,UK,Prius,Hybrid,Petrol,43218,,77.0,1.82,1.25,4.96,5,551
BMW,2023,7,Australia,X1,Sedan,DIESEL,47352,379744,240.0,1.5917046017763783,2.523352096328186,4.403728168370106,10,640
Porsche,2017,5,Japan,Cayenne,SUV,Petrol,115931,320458,14.0,1.46,1.07,0.08,8,205
Mercedes-Benz,2020,2,Brazil,EQE,Electric,,71155,517137,30.0,1.21,3.23,10.65,4,726
Audi,2019,8,Netherlands,e-tron,Electric,Petrol,75332,218799,33.0,1.91,1.81,3.59,7,1151
Tesla,2020,5,UK,Model 3,Electric,Electric,106032,265231,,1.77,1.86,4.76,10,1152
Volkswagen,2020,12,Canada,Passat,Sedan,Hybrid,43086,468845,31.0,1.33,2.61,4.03,6,2582
Audi,2021,10,JAPAN,A6,Sedan,Petrol,32209,105069,46.0,1.43,1.13,0.11,7,1154
Mercedes-Benz,2020,5,USA,GLC,SUV,Electric,39500,586685,54.0,0.95,2.94,4.25,2,1111
Tesla,2024,7,India,Model S,Electric,Electric,77508,152222,20.0,1.05,6.72,6.51,5,1305
Volkswagen,2019,10,Brazil,Tiguan,SUV,Petrol,37994,194507,48.0,1.25,3.57,10.73,10,1674
Mercedes-Benz,2016,6,France,GLE,SUV,Diesel,106244,465438,20.0,1.89,1.99,3.49,1,751
Volkswagen,2015,10,USA,Passat,Sedan,Petrol,20228,94929,18.0,1.03,2.76,4.51,1,850
Ford,2017,8,Mexico,Escape,SUV,Electric,79263,277317,16.0,1.13,1.5,11.2,4,739
Porsche,2019,7,Brazil,Macan,SUV,Electric,152615,382340,17.0,1.22,3.32,10.54,8,157
Porsche,2022,1,Canada,Panamera,Sedan,Hybrid,102670,257420,10.0,1.23,2.69,3.72,8,317
Volkswagen,2019,12,China,Tiguan,SUV,Hybrid,74839,331374,59.0,1.18,6.06,3.42,4,149
Mercedes-Benz,2023,7,USA,A-Class,Sedan,Diesal,74978,430139,24.0,,2.37,4.77,4,92
Telsla,2015,3,Mexico,Model 3 LR,Electric,Electric,113603,235376,33.0,1.09,1.93,11.04,4,724
Tesla,2016,3,australia,Model 3,Electric,Electric,81518,174995,18.0,1.52,2.78,4.35,5,2299
Tesla,2018,5,USA,Model X Plaid,Electric,Electric,85624,177556,,0.96,2.56,4.52,7,-429
Mercedes-Benz,2016,3,Japan,EQE,Electric,Diesel,59955,,24.0,1.58,1.56,0.21,7,583
Mercedes-Benz,2023,12,Mexico,E-Class,Sedan,Electric,97919,301966,34.0,1.2,2.13,10.92,6,281
Tesla,2021,7,USA,Model 3 LR,Electric,Electric,,217973,19.0,1.04,2.03,4.42,9,998
BMW,2018,8,Brasil,5 Series,Sedan,,68896,464336,189.0,1.185497937584123,3.165954895295785,10.729156654982786,7,708
Volkswagen,2022,9,India,Taos,SUV,Diesel,,543910,88.0,1.11,7.46,6.59,9,1988
Porsche,2024,6,Spain,911,Sedan,Hybrid,146531,162100,2.0,1.71,1.48,3.76,3,115
Audi,2015,2,UK,Q5,SUV,Hybrid,70858,503601,54.0,1.94,1.14,5.21,3,1076
Tesla,2017,3,Mexico,Semi,,Electric,118304,159757,12.0,1.13,2.12,11.18,2,1810
Toyota,2019,9,Australia,Camry,Sedan,Petrol,70140,456788,81.0,1.55,2.62,4.29,9,
Toyota,2019,4,India,RAV4,SUV,Hybrid,87160,659136,91.0,1.09,7.4,6.69,1,2734
Audi,2023,4,Australia,TT,Sedan,Petrol,,423211,11.0,1.5,2.74,4.21,7,810
Ford,2024,4,Australia,Edge,SUV,Petrol,,695961,,1.57,3.04,4.3,2,176
Mercedes-Benz,2024,1,Canada,GLE,,Hybrid,91291,435883,26.0,1.36,,3.98,6,1074
Ford,2016,3,France,Ranger,SUV,petrol,57664,54856,67.0,1.81,1.66,3.64,1,664
BMW,2015,8,India,3 Series,SUV,Diesel,44837,397299,173.0,1.136873402953803,6.924130671302386,6.641866541374833,6,670
Toyota,2023,12,Canada,Corolla,Sedan,Petrol,49543,350472,35.0,1.33,2.3,4.05,5,1170
Porsche,2019,7,Australia,718,Sedan,Petrol,176193,299189,15.0,1.57,3.35,4.16,1,111
Tesla,2019,7,Australia,Model Y,Electric,Electric,76706,72395,34.0,1.54,2.85,4.36,10,1881
Toyota,2024,10,Spain,Highlander,SUV,Electric,78999,291531,33.0,1.83,1.42,3.45,6,1580
Audi,2022,9,Netherlands,A6,Sedan,Electric,37030,102353,6.0,1.98,2.43,3.39,9,557
BMW,2019,3,China,3 Series,Sedan,Petrol,87949,80373,43.0,1.0788952557140072,5.976018129368766,3.4255329710874616,4,265
Porsche,2020,10,Spain,Panamera,Sedan,Petrol,188281,188720,2.0,1.84,1.52,3.55,9,93
Porsche,2018,11,Brazil,Cayenne Coupe,SUV,Petrol,119652,246015,2.0,1.2,3.08,10.62,4,21
Porsche,2015,1,Brazil,Cayenne Coupe,SUV,Petrol,159816,340823,7.0,1.24,3.48,10.63,10,
Ford,2019,11,Netherlands,Mustang,Sedan,Electric,22889,545844,90.0,2.06,1.6,3.6,1,2019
Ford,2023,2,UK,Edge,,Electric,39536,310612,32.0,1.91,1.33,5.02,3,1732
Mercedes-Benz,2017,10,France,S-Class,Sedan,Diesel,102591,471832,17.0,1.76,1.62,3.3,9,319
Porsche,2019,3,Australia,Cayenne Coupe,SUV,Petrol,183176,216330,22.0,,3.41,4.22,1,146
BMW,2015,9,UK,X3,SUV,Electric,41054,202948,257.0,1.944401065926308,1.56533025457161,4.978359492013002,10,905
Tesla,2023,6,UK,Cybertruck,Electric,Electric,57756,253070,39.0,1.95,1.84,5.22,2,826
Volkswagen,2024,3,Mexico,Tiguan,SUV,,56453,162382,35.0,,2.47,10.89,5,2611
Porsche,2022,7,Netherlands,Macan EV,Electric,Petrol,153381,238086,23.0,2.09,1.97,3.73,7,99
Toyota,2023,6,Canada,Camry,Sedan,Electric,40695,476673,24.0,1.22,2.4,4.09,9,961
Tesla,2015,5,India,Semi,Electric,Electric,87382,159378,12.0,0.95,6.77,6.47,6,2492
Audi,2015,2,Mexico,Q7,SUV,Diesel,77561,56737,6.0,1.06,1.69,10.85,8,255
Tesla,2022,3,Spain,Cybertruck,Electric,Electric,50278,193907,32.0,1.8,,3.45,4,2410
Tesla,2018,1,USA,Model S Plaid,Electric,Electric,121746,185753,24.0,1.01,2.75,4.49,9,158
Tesla,2017,6,Brazil,Model X,Electric,Electric,45918,173356,3.0,,3.75,10.4,4,1481
BMW,2023,1,France,X3,Electric,Electric,116685,82332,357.0,1.8061875356824189,1.5928645844474467,3.4425738483529216,6,900
Mercedes-Benz,2020,11,Germany,GLC,SUV,Electric,42171,469527,41.0,1.92,1.35,2.78,2,750
Porsche,2021,8,Australia,718,Sedan,Hybrid,190128,162202,27.0,1.55,2.62,3.98,7,123
Porsche,2023,11,Mexico,718,Sedan,Petrol,136100,118445,11.0,1.12,2.21,11.22,9,97
Toyota,2018,9,Brazil,Land Cruiser,SUV,Petrol,33203,57576,,,3.97,10.33,8,109
Tesla,2023,11,Japan,Model S Plaid,Electric,Electric,127465,12391,37.0,1.53,1.4,-0.09,7,1383
TESLA,2022,2,Brazil,Cybertruck,Electric,Electric,44441,270158,21.0,1.19,3.05,10.27,7,362
BMW,2016,9,Brazil,X5,Electrc,Hybrid,92473,436791,329.0,1.2426413766565234,3.644832604022314,10.4370785445669,9,935
Toyota,2024,8,Italy,Supra,Sedan,Electric,83814,,78.0,1.8,1.24,3.29,4,1396
Porsche,2015,8,China,Macan EV,Electric,Electric,84295,241477,13.0,1.02,6.42,3.2,4,151
Porsche,2015,2,,GTS,Sedan,Petrol,131249,151144,16.0,1.25,2.05,4.01,5,39
Toyota,2015,2,USA,bZ4X,Electric,Electric,54207,174279,91.0,0.93,2.68,4.77,9,2275
Porsche,2019,2,Netherlands,911,Sedan,Hybrid,82805,,17.0,2.06,2.24,3.45,6,178
Porsche,2015,3,USA,Cayenne Coupe,SUV,Petrol,106942,363134,,0.96,2.91,4.26,4,203
Audi,2019,7,Australia,A4,Sedan,Hybrid,86812,111575,19.0,1.54,3.34,4.4,3,171
BMW,2019,2,France,iX,Electric,Diesel,56045,364941,395.0,1.8951747509820107,1.1121207746438937,3.3447208745597248,8,1114
Audi,2019,11,USA,RS6,Sedan,Hybrid,40714,545412,20.0,1.0,2.01,4.45,6,117
Toyota,2023,1,,bZ4X,Electric,Petrol,24898,354189,62.0,1.1,,10.58,4,1306
Mercedes-Benz,2023,2,australia,CLA,Sedan,Electric,60565,216043,27.0,1.64,3.04,4.05,7,523
Bmw,2017,7,France,i7,SUV,Petrol,60425,191900,48.0,1.8968804361407103,,3.70095814207958,10,
Volkswagen,2024,12,Australia,Tiguan,SUV,Electric,25022,268264,16.0,1.52,2.83,4.39,7,2557
Porsche,2016,12,Australia,Macan EV,Electric,Hybrid,140770,212956,20.0,1.6,3.22,4.37,2,76
Tesla,2016,7,USA,Model 3 LR,Electric,Electric,111673,107000,15.0,1.03,2.93,4.63,10,1780
Toyota,2024,4,Japan,RAV4,SUV,Electric,46374,565079,13.0,1.54,1.35,0.36,2,2020
Volkswagen,2022,10,China,Taos,SUV,Diesel,54891,68035,43.0,1.15,6.46,3.4,4,1669
Mercedes-Benz,2019,7,Netherlands,GLS,SUV,HYBRID,34086,307356,12.0,1.94,1.81,3.46,1,870
Volkswagen,2016,8,Mexico,Touareg,SUV,Electric,67613,83720,30.0,1.08,1.98,10.81,8,2165
Porsche,2017,6,Japan,Cayenne Coupe,SUV,Electric,134043,133404,14.0,1.56,1.36,0.24,1,462
Toyota,2023,3,USA,bZ4X,Electric,Electric,21930,571184,82.0,0.98,2.3,4.67,7,405
Ford,2020,4,Spain,Explorer,SUV,,,273241,66.0,1.8,0.87,3.43,5,1064
Frod,2022,12,Netherlands,F-150 Lightning,Electric,Electric,88147,400752,15.0,,1.83,3.31,5,2407
Tesla,2017,4,Netherlands,Cybertruck,Electric,Electric,51507,155915,4.0,2.08,1.82,3.32,2,2403
Toyota,2021,9,Japan,RAV4,SUV,Electric,41266,120948,59.0,1.42,1.52,-0.17,9,717
BMW,2017,12,Australia,X5,Sedan,Electric,56164,361438,335.0,1.6734144637160209,3.3093611554785136,4.436068036807509,2,822
Tesla,2022,8,Brazil,Model 3,Electric,Electric,127074,212313,5.0,1.13,3.82,10.54,3,1230
Tesla,2021,7,Germany,Model 3,Electric,Electric,101641,296878,26.0,1.81,1.89,2.81,2,199
Frod,2020,2,Italy,F-150 Lightning,Electric,,62933,243642,34.0,1.78,0.7,3.43,2,3586
Porsche,2022,6,Brazil,Macan,SUV,Petrol,191759,345739,23.0,1.25,3.81,10.57,8,56
Mercedes-Benz,2018,10,Australia,CLA,Sedan,,74685,326783,8.0,1.6,2.63,4.37,4,1241
Audi,2016,4,Germany,RS6,Sedan,Petrol,84077,55124,45.0,1.98,1.81,3.24,10,900
Ford,2018,10,India,Expedition,SUV,Hybrid,48720,238747,85.0,0.96,7.43,6.27,6,1251
Volkswagen,2017,6,Spain,Tiguan,SUV,Petrol,,567472,71.0,1.81,1.56,3.47,4,879
Porsche,2023,1,China,Taycan,Electric,Electric,73655,135390,3.0,1.11,6.13,3.75,3,TBD
Tesla,2018,2,Canada,Model S Plaid,Electric,Electric,63937,,20.0,1.36,2.22,4.1,3,750
Audi,2017,3,China,A3,Sedan,Electric,46874,95689,21.0,1.16,6.04,3.42,8,519
Porsche,2015,10,Spain,Panamera,Sedan,Electric,123053,147907,16.0,1.65,0.84,3.66,9,361
Audo,2018,7,Spain,Q7,SUV,Hybrid,42786,119510,40.0,1.78,1.53,3.44,10,458
Volkswagen,2015,4,China,Polo,Sedan,Diesel,76557,146576,23.0,1.08,6.22,3.64,5,1825
Porsche,2020,2,Japan,GTS,Sedan,Hybrid,88491,201643,26.0,,0.77,0.1,1,275
Toyota,2016,6,Spain,Camry,Sedan,Electric,30325,307750,49.0,1.83,1.65,3.64,7,2948
BMW,2017,3,India,X7,Electric,Electric,64086,383404,152.0,1.1022243074086315,7.373322915860808,6.581774812387549,3,none
Toyota,2018,12,Canada,Prius,Hybrid,Electric,65267,376289,31.0,1.32,1.75,4.11,6,2770
Ford,2015,3,China,F-150,SUV,hybrid,81368,799670,60.0,1.11,5.99,3.67,3,3749
Ford,2020,7,Japan,Edge,SUV,Petrol,63095,693851,73.0,1.45,1.56,0.16,1,911
Volkswagen,2022,11,Mexico,Tiguan,SUV,Electric,68319,96215,64.0,1.06,1.54,10.88,7,2290
Volkswagen,2015,12,Mexico,Arteon,Sedan,Petrol,25590,236678,44.0,1.1,2.43,11.02,7,2242
Tesla,2021,1,India,Model X Plaid,Electric,Electric,41321,236878,3.0,1.12,6.55,6.35,9,1879
Volkswagen,2015,2,Netherlands,Passat,Sedan,Diesal,31774,539367,76.0,2.07,2.17,3.61,8,2700
Porsche,2021,1,France,Macan EV,Electric,Electric,146523,205743,28.0,1.76,1.94,3.57,3,321
Toyota,2023,7,Australia,Supra,Sedan,,83029,660304,24.0,1.66,2.98,4.22,8,2566
Audi,2017,11,Mexico,A6,Sedan,Hybrid,,542088,28.0,,1.79,10.8,10,442
Ford,2022,7,India,Mustang Mach-E,Electrc,Hybrid,89048,296709,92.0,1.11,6.63,6.77,1,3711
Porsche,2016,1,India,911,Sedan,Electric,112468,349677,29.0,1.08,7.28,6.65,2,450
Mercedes-Benz,2020,1,Netherlands,C-Class,Sedan,Petrol,106247,376776,54.0,2.07,2.08,3.58,5,122
Tesla,2017,5,Brazil,Cybertruck,Electric,Electric,52530,168115,14.0,1.12,3.02,10.6,6,1765
Frod,2023,8,France,Ranger,SUV,Petrol,70902,249410,65.0,1.79,1.24,3.53,6,2611
Volkswagen,2017,11,Netherlands,Tiguan,SUV,Electric,59848,399375,82.0,1.94,1.76,3.65,8,1971
Ford,2024,11,Australlia,Edge,SUV,Petrol,77927,91807,53.0,1.57,3.36,4.53,4,562
Ford,2018,2,Italy,Bronco,,Electric,58529,403620,80.0,1.77,0.79,3.2,7,1077
Ford,2018,10,Netherlands,Bronco,SUV,Electric,44879,388490,67.0,2.05,2.5,3.48,2,
BMW,2019,12,UK,i7,Sedan,Petrol,54585,323958,223.0,1.779392541917642,1.7813218557473052,5.046979039652216,4,861
Mercedes-Benz,2018,10,USA,CLA,Sedan,Hybrid,,385735,9.0,0.9,2.93,4.55,7,894
Audi,2016,5,China,A3,Sedan,Hybrid,53305,274945,39.0,1.02,6.2,3.58,6,537
Ford,2024,11,UK,Explorer,Suv,Electric,52962,797679,109.0,1.76,1.78,5.06,5,221
Volkswagen,2024,11,Mexico,Polo,Sedan,Petrol,54381,433804,26.0,1.05,1.82,10.83,6,1940
Volkswagen,2021,11,USA,Tiguan,SUV,Electric,75882,134321,66.0,1.04,2.98,4.54,10,1921
Audi,2018,1,India,A4,Sedan,Petrol,104901,151956,13.0,1.11,6.96,6.6,4,698
Audi,2016,9,Italy,RS6,Sedan,Hybrid,98756,495222,56.0,1.95,1.05,3.36,4,868
BMW,2015,5,Canada,X5,Electric,Hybrid,61140,444485,292.0,1.370436300063708,2.4723183917356395,4.012098100667196,6,1044
Toyota,2024,2,USA,Highlander,SUV,Hybrid,72762,581398,27.0,0.9,2.3,4.5,9,851
Tesla,2015,8,France,Model S,Electric,Electric,85781,211633,21.0,,1.42,3.26,3,497
Tesla,2022,6,France,Cybertruck,Electric,Electric,67901,28392,7.0,1.86,1.69,3.67,4,2147
Tesla,2016,8,Canada,Model 3,Electric,Electric,128135,35661,33.0,1.21,1.84,4.0,6,965
Porshe,2018,4,Brazil,Panamera,Sedan,Electric,178644,271484,27.0,1.22,3.6,10.74,6,392
Volkswagen,2020,9,Germany,ID.3,Electric,Petrol,34191,597961,56.0,1.92,1.97,3.29,10,452
Audi,2021,10,Germany,e-tron,Electric,Petrol,99988,330073,30.0,1.88,2.24,3.29,4,1005
Volkswagen,2018,9,Netherlands,ID.4,Electric,Diesel,73194,183716,27.0,2.05,1.65,3.61,7,1234
Mercedes-Benz,2015,8,UK,S-Class,Sedan,Hybrid,52834,160529,12.0,1.91,1.75,4.98,8,197
Porsche,2022,3,UK,Panamera,Sedan,Hybrid,87933,148367,8.0,1.89,1.13,4.87,9,153
Porsche,2017,9,Japan,Macan EV,Electric,,177147,89364,23.0,1.56,1.54,0.33,4,36
Ford,2024,2,Spain,Mustang,Sedan,Hybrid,73355,243829,42.0,1.67,1.18,3.53,1,3528
Mercedes-Benz,2024,1,USA,GLC,SUV,Electric,108470,308796,64.0,0.92,2.99,4.65,1,638
Audi,2016,2,Australia,e-tron,Electric,Petrol,93510,212974,9.0,1.53,2.8,4.05,5,865
Volkswagen,2024,7,China,Touareg,SUV,Hybrid,71179,,86.0,1.2,5.94,3.26,2,782
Porsche,2021,11,Japan,911,Sedan,Hybrid,108860,189490,20.0,1.51,1.05,-0.11,3,332
Tesla,2022,2,India,Model Y,Electric,Electric,123910,78119,27.0,1.14,6.83,6.37,6,
Audi,2021,1,Japan,RS6,Sedan,Diesel,109559,226183,40.0,1.4,,-0.12,8,259
Tesla,2021,9,Netherlands,Model 3,Electric,Electric,65926,110700,20.0,2.0,2.36,3.71,3,
Porsche,2017,4,UK,718,Sedan,Hybrid,119670,287921,16.0,1.92,1.56,5.2,9,191
Porsche,2023,8,USA,Panamera,Sedan,Petrol,90852,205204,19.0,0.91,2.71,4.68,7,192
Porsche,2022,4,Mexico,Cayenne,SUV,,188154,311233,14.0,1.18,2.19,11.22,4,
Mercedes-Benz,2024,10,Australia,E-Class,Sedan,Diesel,70131,503788,44.0,1.55,2.77,4.37,1,1039
Ford,2015,11,France,Bronco,,Petrol,47486,205284,82.0,1.8,,3.39,6,3143
Tesla,2019,8,France,Model X Plaid,Electric,Electric,58458,203434,34.0,1.78,1.22,3.54,5,1640
Ford,2023,10,USA,Expedition,SUV,Electric,30900,371939,30.0,1.02,2.35,4.31,8,3209
BMW,2022,11,China,X1,Sedan,Electric,61299,307831,10.0,1.0109523277644064,6.0912754357449295,3.439401622322078,2,471
Mercedes-Benz,2018,7,Canada,GLS,SUV,Electric,79951,588265,57.0,1.38,1.75,4.21,7,479
Toyota,2019,5,USA,Prius,Hybrid,Petrol,66349,180769,40.0,0.96,2.64,4.53,1,none
Volkswagen,2021,9,Italy,Polo,Sedan,Diesel,79254,531680,33.0,1.78,0.5,3.45,5,1562
TESLA,2016,10,UK,Model 3,Electric,Electric,n/a,40109,14.0,1.85,1.84,5.23,3,360
Mercedes-Benz,2016,5,France,EQE,Electric,Diesel,50971,210467,18.0,1.89,1.93,3.37,9,254
Volkswagen,2023,10,Spain,Taos,SUV,Petrol,68674,444511,86.0,1.69,0.97,3.77,7,2454
Tesla,2023,8,Spain,Model Y,Electric,Electric,109061,284639,24.0,1.72,0.96,3.55,9,411
Tesla,2019,3,India,Model Y LR,Electric,Electric,96434,240098,1.0,1.1,7.45,6.55,7,2204
Porsche,2024,1,India,Macan EV,,Electric,60606,154533,14.0,1.08,7.42,6.74,1,283
Porsche,2018,12,Italy,Macan EV,Electric,Hybrid,70914,137902,28.0,1.78,0.72,3.53,7,466
Tesla,2017,10,Germany,Model Y,Electric,Electric,62790,103757,34.0,1.84,1.4,3.27,2,2106
Toyota,2024,3,Canada,Camry,Sedan,Petrol,38922,370047,83.0,1.31,2.68,3.74,8,512
Volkswagen,2015,4,Brazil,Passat,Sedan,Electric,73275,230213,65.0,1.2,3.28,10.41,5,2213
Porsche,2024,7,Mexico,911,Sedan,Petrol,96996,162456,16.0,1.04,2.14,11.01,10,198
Toyota,2018,12,France,Land Cruiser,SUV,Petrol,45727,114428,95.0,1.75,1.38,3.41,2,1614
Porsche,2023,7,Italy,Macan EV,Electric,Electric,104040,238582,28.0,1.79,1.29,3.35,4,16
Toyota,2022,6,Brazil,Camry,Sedan,Hybrid,81675,206432,50.0,1.17,3.88,10.51,7,1935
Mercedes-Benz,2021,11,Italy,CLA,Sedan,Petrol,101165,488059,42.0,1.75,1.21,3.61,4,215
BMW,2017,6,Australia,iX,Electrc,Hybrid,106927,291766,341.0,1.6093296440375575,2.960358271201926,4.468738165713602,6,933
Tesla,2015,6,USA,Model X,Electric,Electric,50054,59053,19.0,0.99,2.33,4.59,10,2364
Toyota,2016,8,Germany,bZ4X,Electric,Electric,88168,671686,87.0,1.97,2.19,2.75,7,82
Audi,2023,5,India,A6,Sedan,Hybrid,82018,146344,18.0,1.06,7.2,6.58,2,501
Ford,2020,3,Italy,Mustang Mach-E,Electric,Electric,42469,502808,117.0,1.95,0.79,3.37,9,179
Tesla,2023,7,Spain,Semi,Electric,Electric,54258,35687,8.0,1.66,1.32,3.79,1,283
Audi,2024,9,Brazil,Q5,SUV,Diesel,70771,249103,43.0,1.22,3.03,10.47,6,1093
Audi,2017,12,Canada,A6,Sedan,Electric,34716,177171,56.0,1.29,2.3,4.26,9,997
Mercedes-Benz,2024,9,Japan,S-Class,Sedan,hybrid,64136,344090,46.0,1.41,1.44,-0.17,2,370
Ford,2020,8,Canada,Escape,SUV,Electric,,632059,24.0,1.23,2.68,3.95,8,1468
Ford,2015,5,Brazil,F-150,SUV,Petrol,74469,325491,113.0,1.18,3.07,10.67,4,598
Porsche,2015,12,Mexico,Cayenne Coupe,SUV,Petrol,176345,318396,9.0,1.02,1.74,11.04,1,13
Audi,2020,12,Canada,e-tron,Electric,Diesel,56611,152810,10.0,1.31,2.34,3.97,3,293
Mercedes-Benz,2020,1,Canada,CLA,Sedan,Diesel,68440,514472,38.0,1.22,2.63,3.71,8,1174
Volkswagen,2021,12,India,ID.3,Electric,Petrol,37396,237100,87.0,1.03,7.04,6.28,4,1864
Tesla,2019,1,Italy,Model Y,Electric,Electric,121981,89713,35.0,1.88,0.94,3.65,8,516
Toyota,2024,11,Spain,Prius,Hybrid,Electric,68434,644714,10.0,1.82,1.02,3.47,2,2616
Ford,2018,9,Australia,Ranger,SUV,Electric,79195,360369,13.0,1.6,,4.21,3,3347
Porsche,2017,11,Canada,Macan EV,Electric,Hybrid,88012,165499,26.0,1.22,1.7,4.22,7,386
Tesla,2023,9,Mexico,Model S,Electric,Electric,72076,37470,18.0,1.16,1.91,10.93,4,1504
Tesla,2024,6,Brazil,Model Y LR,Electric,Electric,95753,231321,1.0,1.23,3.21,10.8,8,835
Volkswagen,2019,2,Italy,Golf,Sedan,Electric,43097,112654,9.0,1.8,0.73,3.39,3,1160
Mercedes-Benz,2018,8,Netherlands,GLE,SUV,Petrol,41536,542508,28.0,2.07,2.06,3.43,10,421
Porsche,2017,8,UK,GTS,Sedan,Petrol,78559,143067,5.0,1.91,1.53,4.96,8,348
BMW,2023,5,Brasil,iX,Sedan,,114376,79063,258.0,1.1701830025104156,3.441530501373377,10.73262250965498,9,685
Ford,2020,11,Italy,Escape,SUV,Electric,47501,137611,27.0,1.88,0.71,3.76,3,1501
Tesla,2036,8,Netherlands,Model S,Electric,Electric,84149,261124,38.0,1.96,2.02,3.63,8,831
Toyota,2023,9,Japan,Land Cruiser,SUV,Electric,89608,550497,75.0,1.52,1.25,0.19,4,1115
Mercedes-Benz,2024,12,Australia,GLC,SUV,Petrol,79302,249442,26.0,1.52,2.83,4.08,4,1051
Mercedes-Benz,2016,10,Australia,C-Class,Sedan,,39878,162254,51.0,1.51,3.12,4.34,10,1097
BMW,2021,4,Germany,i4,Sedan,Petrol,93531,152326,270.0,1.814639184753689,1.67325179162934,2.836361776357891,3,602
Tesla,2024,2,India,Model Y LR,Electric,Electric,50912,80164,7.0,1.08,7.1,6.55,3,1554
BMW,2018,10,France,i7,SUV,Electric,70929,401224,294.0,1.7493647738403806,1.9393384923560024,3.2022919535951497,7,869
Audi,2019,4,India,Q8,SUV,Hybrid,86492,136948,27.0,0.95,6.89,6.41,6,764
bmw,2020,4,Japan,X7,SUV,Electric,66376,435751,280.0,1.5925536700506413,1.6913279015642204,0.1266893996801577,5,610
BMW,2022,6,USA,3 Series,Electric,Diesel,117214,,178.0,1.065820987603031,,4.482772300438898,2,511
Audi,2016,6,France,A4,Sedan,Electric,34162,334865,9.0,1.79,1.85,3.48,2,1004
Ford,2019,7,India,F-150 Lightning,Electric,Electric,28105,266335,67.0,1.07,7.03,6.47,6,164
Ford,2021,11,Japan,Escape,SUV,Petrol,83079,799591,44.0,,0.87,0.25,4,2891
Volkswagen,2016,5,Canada,Polo,Sedan,Electric,61432,306517,65.0,1.35,1.74,4.24,10,130
Mercedes-Benz,2024,7,Australia,CLA,sedan,Diesel,106366,488832,34.0,1.68,2.77,4.2,7,1165
Audi,2021,8,Spain,A4,Sedan,Hybrid,114396,529800,4.0,1.82,0.95,3.41,2,74
Tesla,2016,4,Italy,Model X,Electric,Electric,91117,74379,17.0,1.88,1.32,3.35,3,1941
Tesla,2015,7,Spain,Model S,Electric,Electric,59261,146461,36.0,1.67,1.71,3.23,3,764
bmw,2020,5,Brazil,7 Series,Sedan,Petrol,105219,63569,94.0,1.1412842543521209,3.651420388351864,10.69784508222432,8,176
Volkswagen,2018,5,Spain,ID.4,Electric,Petrol,43303,,69.0,1.68,1.09,3.28,9,73
BMW,2022,1,France,7 Series,Sedan,Diesel,78240,355934,68.0,1.7150275563471618,1.870912203745822,3.263958951880263,2,520
Tesla,2024,4,Germany,Model X Plaid,Electric,Electric,103232,121114,13.0,1.91,1.89,3.13,1,2479
Toyota,2018,6,Germany,Camry,Sedan,Petrol,43121,449730,46.0,1.95,1.78,2.97,5,125
Audi,2022,7,Australia,Q8,SUV,Petrol,33741,289950,54.0,1.59,2.93,4.3,7,484
Porsche,2015,7,Australia,Macan EV,Electric,Electric,101980,346197,0.0,1.51,2.87,4.32,9,219
Porsche,2021,1,China,Panamera,Sedan,Electric,125799,347271,4.0,1.19,6.18,3.53,5,317
Toyota,2022,10,Japan,Camry,Sedan,Hybrid,,269309,51.0,1.57,1.39,-0.06,2,1695
Tesla,2015,3,India,Model 3 LR,Electric,Electric,107338,63919,5.0,1.07,6.87,6.5,9,214
Bmw,2016,5,Brazil,7 Series,Electric,Hybrid,,,238.0,1.1442418883639205,3.249668008859186,10.493654978185884,4,680
Audi,2024,5,Canada,e-tron,,Diesel,50897,,4.0,,2.34,4.25,3,595
Porsche,2022,11,Spain,718,Sedan,Electric,159725,187645,3.0,1.79,0.98,3.67,3,166
Volkswagen,2017,7,Mexico,Golf,Sedan,Diesel,60192,514438,79.0,1.12,2.32,11.21,8,96
Audi,2021,6,Netherlands,A6,Sedan,Electric,86931,89046,23.0,1.93,2.46,3.37,3,1123
Porsche,2017,2,Netherlands,Cayenne,SUV,Electric,70363,270728,17.0,1.98,1.92,3.22,5,423
Toyota,2015,10,India,Supra,Sedan,Petrol,87805,687621,35.0,1.06,6.56,6.72,5,1352
Toyota,2023,3,Spain,Yaris,Sedan,Electric,74494,470866,0.0,1.8,1.51,3.8,3,380
Audi,2023,6,Brazil,e-tron,Electric,Petrol,63431,398969,48.0,1.11,3.03,10.57,10,661
Tesla,2021,4,Mexico,Model 3,Electric,Electric,62046,16891,20.0,1.07,1.76,11.08,9,
Volkswagen,2016,9,Netherlands,T-Roc,SUV,Hybrid,74876,179399,,1.96,2.52,3.51,5,1689
BMW,2019,8,USA,3 Series,SUV,Diesel,83664,208666,309.0,1.029971051189463,2.4874311982495136,4.736731336136455,2,687
BMW,2016,10,Japan,X3,Electric,Electric,106138,494244,115.0,1.4465918949507268,1.585977748236187,0.1695179129093827,3,647
BMW,2016,7,India,X1,SUV,Diesel,43320,189681,227.0,1.0051535136502714,6.624820813966848,6.676526397529643,4,641
Ford,2024,5,India,Expedition,SUV,,60135,159162,35.0,0.96,7.48,6.62,3,
Tesla,2021,12,India,Model X,Electric,Electric,116802,79299,22.0,0.97,7.37,6.37,9,2077
Toyota,2016,8,Australia,bZ4X,Electric,Hybrid,18872,383519,98.0,1.57,2.68,3.96,1,1593
Porsche,2020,1,Canada,Macan EV,Electric,Petrol,65627,193456,22.0,1.31,1.82,4.0,9,122
Volkswagen,2024,11,Netherlands,Touareg,SUV,diesel,24831,466592,10.0,2.05,,3.68,6,1143
Mercedes-Benz,2016,2,UK,S-Class,Sedan,Petrol,120733,331743,32.0,1.85,1.49,4.81,8,1296
BMW,2019,5,Japan,3 Series,SUV,Electrc,65133,,52.0,1.44744981749936,0.9242693094605596,0.2273075328085215,10,117
Tesla,2016,7,Netherlands,Model X Plaid,Electric,Electric,51219,205557,26.0,2.0,2.07,3.6,6,280
Porsche,2016,3,UK,GTS,Sedan,Petrol,178813,230165,16.0,1.94,1.39,5.04,7,149
Tesla,2023,3,Spain,Model 3 LR,Electric,Electric,98486,148035,29.0,1.82,1.39,3.53,6,104
Ford,2018,6,Spain,Escape,SUV,Petrol,45525,155944,113.0,1.71,1.54,3.62,9,2088
Mercedes-Benz,2016,8,Netherlands,C-Class,Sedan,Diesel,108454,330193,26.0,2.07,2.24,3.62,3,375
Telsla,2015,12,Brazil,Model X,Electric,Electric,42959,130987,24.0,1.11,3.02,10.33,6,1478
Volkswagen,2021,4,USA,ID.3,Electric,Electric,22345,,69.0,1.01,2.57,4.68,2,2639
Tesla,2021,5,Australia,Model Y LR,Electric,Electric,93461,47562,29.0,1.59,3.01,4.37,2,1512
Mercedes-Benz,2022,9,Spain,GLE,,Electric,,415806,64.0,1.67,1.47,3.23,6,359
Toyota,2015,11,USA,RAV4,SUV,Electric,86572,388965,80.0,1.04,2.92,4.33,5,
Porsche,2019,11,Mexico,Panamera Sport,Sedan,Electric,144016,127161,2.0,,1.86,10.89,9,426
Mercedes-Benz,2024,2,Mexico,CLA,Sedan,Electric,127395,,25.0,1.01,1.51,11.2,1,
Audi,2018,8,,A4,Sedan,Electric,77033,272908,25.0,1.87,1.99,2.73,7,812
Volkswagen,2024,10,China,Taos,SUV,Electric,69905,534907,69.0,1.13,6.22,3.29,4,1134
Mercedes-Benz,2015,9,USA,GLC,SUV,Diesel,74145,,20.0,0.93,2.49,4.53,8,1076
Porsche,2023,5,China,911,Sedan,Petrol,78717,109710,25.0,1.1,6.17,3.32,8,402
Mercedes-Benz,2023,2,Japan,S-Class,Sedan,Electric,49702,206320,22.0,1.42,1.56,-0.18,9,366
Volkswagen,2021,10,Italy,ID.4,Electric,Electric,27845,319643,68.0,1.88,0.95,3.64,5,1854
Volkswagen,2024,7,USA,Arteon,Sedan,Petrol,68361,151048,45.0,0.95,2.93,4.24,2,1979
BMW,2022,4,India,X3,Electric,Electric,75544,430041,75.0,0.9655298669343212,6.588604713969679,6.492576685800326,7,
Tesla,2020,10,Canada,Model X,Electric,Electric,45142,195373,17.0,1.2,2.3,4.06,1,
Porsche,2019,1,Japan,Cayenne,SUV,Petrol,,322881,12.0,1.5,1.69,-0.01,7,478
Audi,2019,12,Japan,Q5,SUV,Diesal,41329,278670,14.0,1.42,1.66,0.09,5,1074
BMW,2019,9,Australia,7 Series,Sedan,Hybrid,79148,390053,331.0,1.6408159536198448,3.255137255673619,4.322185730812079,4,744
Toyota,2020,11,Italy,Corolla,Sedan,Hybrid,79350,549104,63.0,1.94,1.44,3.59,9,861
Mercedes-Benz,2020,9,France,E-Class,Sedan,Electric,52697,277054,55.0,1.82,1.75,3.63,1,463
Volkswagen,2022,3,Germany,Tiguan,SUV,Petrol,70067,194888,10.0,1.86,2.17,3.0,1,2194
Ford,2018,10,,F-150 Lightning,Electric,Electric,54570,451474,116.0,1.8,2.09,2.79,6,3356
Tesla,2019,8,Spain,Cybertruck,Electric,Electric,75456,124922,,1.75,1.05,3.68,5,1473
Mercedes-Benz,2017,9,Australia,E-Class,Sedan,Hybrid,105927,498450,61.0,1.64,3.36,4.03,1,420
Tesla,2017,9,Mexico,Model Y LR,Electric,Electric,39554,69158,20.0,1.08,2.09,11.16,3,1161
Toyota,2024,7,Canada,Land Cruiser,SUV,Electric,34616,477664,81.0,1.27,2.35,3.79,9,992
bmw,2017,12,India,X3,Electric,Electric,72344,386643,,1.0015365777022427,6.572198408979176,6.218391501323484,4,
BMW,2017,4,France,i7,Electrc,Petrol,111396,387164,306.0,1.847573903712306,1.3946193963461933,3.208589166600236,10,964
Tesla,2024,2,Japan,Model 3,Electric,Electric,77281,55647,34.0,1.52,1.07,-0.16,9,1457
Tesla,2022,3,Mexico,Model S,Electric,Electric,116463,106859,6.0,1.07,2.4,10.8,9,726
Audi,2020,11,Netherlands,TT,Sedan,diesel,54652,138982,30.0,1.97,1.83,3.2,2,
Audi,2019,4,Australia,TT,Sedan,Petrol,57487,147413,49.0,1.53,3.43,4.05,1,894
Volkswagen,2019,10,Canada,Arteon,Sedan,Hybrid,62522,,84.0,1.3,1.81,4.22,10,1894
Ford,2015,10,UK,Edge,S U V,Petrol,78580,602126,50.0,1.87,1.01,5.02,4,2170
Mercedes-Benz,2021,2,Japan,EQE,Electric,Diesel,87142,247381,60.0,1.55,1.2,-0.0,4,1200
Toyota,2015,3,Germany,Camry,Sedan,Petrol,66237,186021,44.0,1.92,1.33,2.96,5,1893
Toyota,2018,3,Canada,Prius,Hybrid,Electric,63481,420783,47.0,1.38,2.65,3.82,8,1811
Porsche,2023,3,Italy,GTS,,Electric,144979,126847,3.0,1.86,0.77,3.31,3,22
Tesla,2015,3,Mexico,Model Y,Electric,Electric,124217,280977,35.0,1.02,1.72,10.73,2,1661
BMW,2018,2,UK,iX,SUV,Diesel,39368,157669,,1.8015214440667444,1.636401370183407,4.730681228865261,6,971
Ford,2018,9,Australia,Explorer,SUV,Hybrid,80179,347617,69.0,1.53,2.81,4.25,10,1104
Mercedes-Benz,2022,6,Brazil,S-Class,Sedan,Diesel,121424,258861,7.0,1.15,3.53,10.44,3,404
Tesla,2020,11,Netherlands,Model X Plaid,Electric,Electric,91562,114684,,1.94,2.52,3.26,4,1424
Ford,2016,8,Brazil,Mustang Mach-E,Electrc,Petrol,57565,519121,13.0,,3.34,10.22,7,1678
Tesla,2019,10,Germany,Model Y LR,Electric,,47627,193187,35.0,1.99,2.04,2.72,7,470
Porsche,2018,9,Brazil,Cayenne,SUV,HYBRID,147620,105956,23.0,1.22,3.47,10.77,3,385
Volkswagen,2015,10,Mexico,ID.4,Electric,Hybrid,47904,83871,83.0,1.08,2.12,11.09,7,1958
Audi,2022,2,USA,Q3,SUV,Electric,53921,98409,29.0,1.06,2.55,4.23,1,1030
Porsche,2022,9,Germany,Cayenne,,Petrol,195185,271101,21.0,1.9,2.14,3.13,2,430
Audi,2022,1,U.S.A,e-tron,Electric,Petrol,,111794,36.0,0.87,2.35,4.7,6,461
Porsche,2024,4,Mexico,Cayenne Coupe,SUV,Hybrid,122503,275741,28.0,1.18,2.22,10.88,3,370
Mercedes-Benz,2019,8,India,A-Class,Sedan,Diesel,102766,562289,36.0,0.97,6.55,6.64,4,351
Tesla,2020,6,Netherlands,Model S Plaid,Electric,Electric,69217,240334,3.0,2.04,2.28,3.49,5,1648
Ford,2016,1,Brazil,Expedition,SUV,Petrol,64881,192478,64.0,1.18,3.35,10.61,3,
Porsche,2022,11,Mexico,GTS,Sedan,Petrol,95924,327152,16.0,1.07,2.13,11.04,3,47
Porsche,2019,9,Mexico,Taycan,Electric,Hybrid,173072,174469,28.0,1.11,2.32,11.29,7,478
Toyota,2018,8,China,Prius,Hybrid,Electric,27233,539299,72.0,1.13,5.54,3.66,1,1849
Toyota,2024,9,China,RAV4,,Petrol,27330,262431,79.0,1.19,5.73,3.21,9,364
Volkswagen,2022,7,USA,ID.4,Electric,Hybrid,50304,123374,39.0,0.89,2.75,4.62,3,799
Toyota,2022,9,Spain,Land Cruiser,SUV,Hybrid,89594,195460,31.0,1.83,1.66,3.43,10,2076
Mercedes-Benz,2020,5,Japan,A-Class,Sedan,Hybrid,81119,151316,12.0,1.48,1.3,0.2,4,1213
Volkswagen,2024,3,Italy,ID.3,Electric,Electric,76341,486826,28.0,1.95,0.88,3.6,1,1640
Ford,2021,4,China,Expedition,SUV,Electric,45136,713185,66.0,1.03,5.82,3.22,8,3817
Tesla,2023,1,Spain,Model S Plaid,Electric,Electric,52652,94441,23.0,1.74,1.16,3.41,10,2070
Volkswagen,2022,7,India,Arteon,Sedan,Diesel,51610,452537,70.0,0.96,7.3,6.58,7,243
Volkswagen,2017,7,Japan,ID.3,Electric,Hybrid,55528,500683,40.0,1.45,1.53,0.31,5,1907
Porsche,2017,9,Brazil,Panamera Sport,Sedan,Hybrid,74394,353986,7.0,1.25,3.18,10.76,8,166
Volkswagen,2019,6,Japan,Taos,SUV,Hybrid,33280,460127,52.0,1.54,1.64,0.22,8,1284
Mercedes-Benz,2020,2,India,E-Class,Sedan,Petrol,,123290,25.0,1.03,7.19,6.32,9,202
BMW,2016,3,Japan,X1,Sedan,Electric,78254,286770,73.0,1.461120843098043,1.026931616338079,-0.1106671698005331,7,377
Tesla,2023,10,Mexico,Model X Plaid,Electric,Electric,59992,190926,20.0,1.1,1.63,11.19,7,82
Toyota,2017,12,USA,Land Cruiser,SUV,Hybrid,30243,88562,20.0,0.94,2.53,4.78,2,525
BMW,2022,2,India,X5,Sedan,Diesel,61502,210020,35.0,1.0749567725578806,,6.551518873072111,6,270
BMW,2016,10,UK,X1,SUV,Electric,62160,445797,24.0,1.853592105542516,1.2933086107805647,5.163885124351203,5,406
BMW,2021,4,,iX,Sedan,,51555,222409,96.0,1.2899041247315284,3.6220867002278734,10.717418225248046,10,245
BMW,2017,12,China,i4,Sedan,Hybrid,64001,296231,268.0,1.0495461979002316,6.111720746234353,3.451760037456674,9,709
Volkswagen,2017,12,Japan,Taos,SUV,Electric,20689,302542,36.0,1.57,1.49,-0.0,7,2397
Mercedes-Benz,2016,5,France,C-Class,Sedan,Diesel,58503,262769,34.0,1.7,1.34,3.44,5,459
Tesla,2018,7,India,Semi,Electric,Electric,114837,69217,10.0,1.07,6.66,6.77,6,503
Toyota,2018,5,UK,Corolla,Sedan,Hybrid,40276,484530,86.0,1.81,1.45,4.89,7,555
Volkswagen,2021,5,Mexico,T-Roc,SUV,Diesel,53959,367328,61.0,1.06,2.12,11.13,4,207
Volkswagen,2022,9,Netherlands,Passat,Sedan,Diesel,61861,240377,16.0,1.93,2.39,3.35,5,2055
Volkswagen,2017,9,Mexico,Golf,Sedan,Diesel,43156,423834,16.0,1.08,2.47,10.8,4,1135
Porsche,2017,6,Spain,Macan EV,Electric,Hybrid,65794,135584,3.0,1.67,1.39,3.23,5,236
Audi,2020,12,Spain,Q3,SUV,Petrol,78911,357659,7.0,1.85,1.09,3.57,10,
Volkswagen,2023,10,Brazil,T-Roc,SUV,Petrol,50251,99488,77.0,1.22,3.59,10.27,4,1512
Audi,2024,12,Australia,Q5,SUV,Electric,66116,432878,9.0,1.57,2.87,3.97,5,936
Volkswagen,2019,4,Brazil,Tiguan,SUV,Electric,74675,473403,28.0,1.21,3.67,10.38,2,
Audi,2024,2,India,A4,Sedaan,Electric,38625,128427,5.0,1.13,7.08,6.79,3,760
Volkswagen,2021,9,France,Polo,SEDAN,Diesel,72014,238641,32.0,1.75,1.67,3.52,6,1760
Mercedes-Benz,2022,10,France,CLA,Sedan,Hybrid,92667,551727,35.0,1.81,1.15,3.22,9,661
Tesla,2023,6,Mexico,Model Y,Electric,Electric,55550,223263,8.0,1.11,1.78,11.09,8,1553
Teslla,2018,3,Brazil,Model 3 LR,Electric,Electric,63855,15711,3.0,1.29,3.35,10.72,3,2394
Tesla,2016,5,Netherlands,Semi,Electric,Electric,123957,109201,25.0,2.04,2.31,3.56,6,59
Toyota,2020,12,UK,Corolla,Sedan,Petrol,46747,532336,,1.86,1.12,4.97,8,976
Volkswagen,2019,7,Canada,Touareg,SUV,Diesel,58236,,60.0,1.4,2.1,4.04,7,2282
Audi,2024,10,Mexico,e-tron,Electric,Diesel,43677,163738,30.0,1.16,1.96,10.95,5,68
Volkswagen,2023,10,Australia,ID.3,Electric,Electric,79164,238410,66.0,1.61,2.8,4.1,7,731
Tesla,2019,1,Spain,Model 3 LR,Electric,Electric,90775,197163,7.0,1.69,1.13,3.69,6,852
Volkswagen,2018,9,Mexico,Touareg,,Diesel,49506,206859,27.0,1.08,1.57,11.01,1,1741
Porsche,2016,12,Brazil,Cayenne Coupe,SUV,Hybrid,115008,134829,4.0,1.28,3.1,10.63,4,281
Porsche,2016,12,India,GTS,Sedan,Hybrid,93096,134988,3.0,1.06,7.34,6.24,7,252
Volkswagen,2015,3,Germany,Passat,Sedan,Diesel,44897,435974,32.0,1.82,1.43,2.82,5,404
Ford,2017,2,China,Ranger,SUV,Petrol,67410,335334,68.0,1.13,6.27,3.22,4,396
Ford,2016,2,Spain,F-150,SUV,Electrc,73659,460099,84.0,1.73,1.01,3.33,1,2133
Audi,2018,1,France,A6,Sedan,Hybrid,66521,206163,53.0,1.84,1.86,3.52,10,462
Tesla,2017,7,Spain,Model Y,Electric,Electric,114127,103068,32.0,1.75,1.15,3.73,8,1704
Mercedes-Benz,2023,9,China,A-Class,Sedan,Petrol,86063,107221,27.0,1.19,5.54,3.36,4,549
Ford,2021,4,Italy,Edge,SUV,Hybrid,90627,386150,33.0,1.76,0.6,3.44,6,1914
BMW,2022,4,India,X7,Electric,Hybrid,104904,310464,331.0,1.1469716805524952,7.40194019674915,6.684016111816844,2,968
Tesla,2016,7,Spain,Model X Plaid,Electric,Electric,84245,16587,38.0,1.68,1.18,3.77,8,2413
BMW,2019,4,UK,iX,SUV,Diesel,68324,86713,180.0,1.9196084179202968,1.2220758706933206,4.893001993795729,1,636
Audi,2023,4,Japan,Q7,SUV,Petrol,59246,133328,13.0,1.42,1.25,-0.13,8,800
Toyota,2023,7,Netherlands,RAV4,SUV,Petrol,62524,290988,72.0,2.05,1.61,3.48,8,1995
Audi,2023,9,UK,A4,sedan,Hybrid,68325,478456,6.0,1.85,1.85,5.0,2,1060
Toyota,2020,12,Germany,Prius,Hybrid,Electric,77845,246502,71.0,1.92,2.04,2.98,9,947
Ford,2023,12,Netherlands,Escape,SUV,Petrol,92169,80326,54.0,1.98,2.03,3.36,1,2872
Tesla,2019,11,Spain,Model X Plaid,Electric,Electric,91028,14451,35.0,1.7,1.53,3.48,1,2304
Tesla,2020,1,Italy,Model X,Electric,Electric,57645,213872,21.0,1.89,0.98,3.48,6,607
Audi,2015,9,Germany,TT,Sedan,Diesel,102391,319808,11.0,1.9,2.01,3.02,8,960
BMW,2017,7,USA,X7,Sedan,Electric,86272,254354,57.0,0.9495673251004314,2.118502623598152,4.3733309633455,3,150
Ford,2021,2,Germany,Explorer,SUV,Petrol,31369,185356,101.0,1.83,1.66,2.96,9,1871
Mercedes-Benz,2021,6,Australia,GLC,SUV,Electric,123398,553332,36.0,1.57,2.94,4.33,10,947
Volkswagen,2020,3,Mexico,Tiguan,SUV,Electric,56462,458663,51.0,1.12,1.92,11.18,1,2016
Audi,2019,8,Mexico,Q3,SUV,Diesel,86019,126359,54.0,1.16,1.93,11.06,3,1187
Audi,2021,9,Netherlands,TT,Sedan,Electric,69516,,,,2.3,3.46,4,523
Mercedes-Benz,2023,5,China,EQS,Electric,Diesel,72840,332504,5.0,1.07,6.16,3.22,6,905
Ford,2015,3,UK,F-150,SUV,Hybrid,38490,474077,31.0,1.83,1.63,4.87,6,1553
Volkswagen,2021,10,Canada,T-Roc,SUV,Diesel,61834,472145,31.0,1.28,2.31,3.97,3,1984
Porsche,2015,10,Frnce,Macan EV,Electric,Petrol,98248,360709,23.0,1.78,1.24,3.39,7,419
Telsla,2024,3,Japan,Semi,Electric,Electric,120104,163444,14.0,1.41,1.38,-0.03,3,178
Tesla,2024,12,,Model 3,Electric,Electric,50499,95995,24.0,1.8,1.39,5.25,4,
Toyota,2022,10,Mexico,Corolla,Sedan,Petrol,,120791,78.0,1.13,2.11,10.83,9,1806
Toyoda,2018,4,UK,C-HR,SUV,Electric,65800,86802,40.0,1.76,1.75,5.08,10,102
Audi,2017,3,Italy,A4,Sedan,Electric,61594,467263,,1.84,1.18,3.54,4,382
Tesla,2022,6,Spain,Model 3,Electric,Electric,62698,69275,14.0,,1.66,3.72,6,213
Tesla,2017,4,Mexico,Semi,,Electric,91568,29259,10.0,1.1,1.84,11.11,7,455
Porsche,2018,8,Australia,Macan EV,Electric,Petrol,133678,126105,20.0,1.66,2.53,4.19,8,262
Porsche,2016,10,USA,Cayenne Coupe,SUV,Hybrid,77822,110798,3.0,0.89,2.33,4.76,2,243
Tesla,2024,3,Mexico,Model 3,Electric,Electric,115472,98846,35.0,1.17,2.05,11.26,3,135
Ford,2018,10,Germany,F-150 Lightning,Electric,Electric,37882,185704,40.0,1.82,2.24,2.96,6,65
Mercedes-Benz,2023,5,Canada,C-Class,sedan,Diesel,123963,525562,58.0,,2.36,4.24,4,618
Volkswagen,2024,7,Italy,Polo,Sedan,petrol,73391,372469,34.0,1.81,0.75,3.45,9,2387
Tesla,2021,6,China,Semi,Electric,Electric,73099,107278,39.0,1.11,,3.58,1,2464
BMW,2016,11,China,3 Series,SUV,Hybrid,54581,346379,,1.156152317213688,5.652024853128648,3.236809776266401,4,346
Mercedes-Benz,2017,1,Australia,C-Class,Sedan,Diesel,72818,563924,43.0,1.52,2.97,4.17,5,1046
Tesla,2019,6,Brazil,Model X,Electric,Electric,110081,202420,25.0,1.22,3.27,10.43,5,1674
Tesla,2017,1,Australia,Model S,Electric,Electric,78830,72934,7.0,1.6,3.07,4.19,9,1867
Porsche,2020,12,UK,Cayenne Coupe,SUV,Petrol,128802,81712,9.0,1.93,1.31,4.92,3,206
Tesla,2023,2,China,Model Y,Electric,Electric,49726,172115,39.0,1.03,5.87,3.29,9,1661
Audo,2018,3,France,A6,Sedan,Electric,41440,465388,45.0,1.85,1.82,3.6,8,238
Ford,2022,11,Netherlands,F-150 Lightning,Electric,Electric,54453,425467,101.0,2.0,2.4,3.72,5,3018
Toyota,2016,10,Brazil,Camry,Sedan,Petrol,39966,575519,,1.19,3.59,10.28,10,1022
Toyota,2024,9,India,bZ4X,Electric,Electric,58899,224879,69.0,1.03,,6.8,5,1991
Porsche,2021,11,Italy,Taycan,Electric,Electric,,99716,5.0,1.91,0.74,3.55,3,326
Toyota,2015,8,Canada,Highlander,SUV,Hybrid,26320,596133,99.0,1.39,2.15,4.13,8,1130
Tesla,2021,11,USA,Semi,Electric,Electric,56754,214200,31.0,0.91,2.65,4.78,5,337
Audi,2016,6,Australia,A6,Sedan,Hybrid,111623,450313,28.0,1.54,3.31,4.04,4,254
Porsche,2023,5,UK,GTS,Sedan,Hybrid,125574,236973,14.0,1.79,1.32,4.98,2,419
Mercedes-Benz,2024,2,FRANCE,EQS,Electric,Electric,92300,260325,51.0,1.79,1.48,3.41,3,238
Audi,2016,4,France,e-tron,Electric,Hybrd,76942,,6.0,1.89,2.05,3.35,2,487
Telsla,2019,8,France,Semi,Electric,Electric,39640,181488,32.0,1.9,1.14,3.68,7,648
BMW,2015,8,France,i4,Sedan,Electric,77065,74502,265.0,1.819645058812748,1.188600429679617,3.3323671716267267,9,929
Audi,2018,7,USA,Q3,SUV,Petrol,48078,303635,27.0,1.05,2.24,4.56,7,879
Audi,2021,10,Mexico,Q3,SUV,Hybrid,92255,80614,,1.04,2.47,11.26,6,142
Porsche,2022,5,Spain,Cayenne,SUV,Petrol,,174882,11.0,1.68,0.85,3.67,4,277
Toyota,2015,10,Netherlands,C-HR,SUV,Hybrid,39506,46715,72.0,1.94,2.24,3.42,7,1879
Audi,2017,4,China,e-tron,Electric,Diesel,95530,423396,52.0,1.13,5.72,3.7,1,28
TESLA,2020,9,Australia,Model X,Electric,Electric,119416,228380,15.0,1.66,2.61,4.37,9,1611
Toyota,2024,9,Italy,Prius,,Petrol,42210,164399,33.0,1.89,0.78,3.53,9,1622
Volkswagen,2024,5,Mexico,Polo,Sedan,,55299,293304,51.0,1.11,1.91,10.84,1,2322
Volkswagen,2015,4,Italy,Golf,Sedan,Electric,52322,586128,,,0.83,3.26,10,1499
Audi,2016,2,Japan,TT,Sedan,Electric,33650,322904,55.0,1.54,1.12,0.38,1,480
Tesla,2017,1,UK,Cybertruck,Electric,Electric,103212,114164,8.0,1.82,1.85,5.14,2,942
Audi,2020,5,U.S.A,TT,Sedan,Hybrid,84788,523367,15.0,1.0,2.83,4.55,5,1187
Porsche,2019,4,Australia,Macan,SUV,Hybrid,131955,112985,25.0,1.54,2.89,4.5,10,391
Tesla,2023,7,Canada,Model 3,Electric,Electric,123942,25738,6.0,1.34,2.31,3.7,9,1066
Mercedes-Benz,2017,10,Australia,C-Class,Sedan,Hybrid,40552,575942,19.0,1.5,2.67,4.46,8,1120
Tesla,2020,10,Mexico,Model Y,electric,electric,64219,222687,29.0,1.08,1.74,10.85,3,1393
BMW,2020,7,USA,X3,Electric,Diesel,91117,385325,385.0,0.8750386827918458,2.734443932075592,4.430613023114481,9,1036
Toyota,2020,7,Japan,Prius,Hybrid,Petrol,85443,367382,32.0,1.48,1.12,-0.08,7,1766
BMW,2017,3,France,iX,SUV,Hybrid,46569,79709,385.0,1.7946943541561131,1.1978341606510017,3.4949695250701,8,874
BMW,2019,4,Germany,i7,Sedan,Electric,74895,421380,68.0,1.8124406452329405,2.1901411373960147,3.1246328101605165,10,547
Ford,2022,2,Canada,Edge,SUV,Electric,40536,498288,18.0,1.3,2.33,4.29,10,291
Volkswagen,2015,6,India,Polo,Sedan,Diesel,25980,143152,13.0,0.99,6.55,6.51,5,2528
Volkswagen,2016,1,Mexico,Touareg,SUV,Electric,57544,268400,,1.14,2.11,11.0,9,1726
BMW,2017,11,India,i7,Sedan,Petrol,89675,300694,315.0,1.0217156923049746,6.751001383262301,6.538444417300111,3,1029
Toyota,2017,1,Japan,C-HR,SUV,Electric,35069,130943,54.0,1.57,0.98,-0.03,9,2418
Tesla,2015,4,France,Model 3,Electric,Electrc,115127,217596,25.0,1.8,,3.65,10,592
TOYOTA,2016,8,Canada,Land Cruiser,SUV,Hybrid,18414,373218,53.0,1.38,2.19,3.95,2,531
Volkswagen,2019,3,Germany,Arteon,Sedan,Petrol,74731,530373,20.0,1.97,1.93,3.08,4,2518
Audi,2018,10,Italy,A4,Sedan,Diesel,110704,112323,22.0,1.9,0.65,3.69,3,
Porsche,2022,12,China,Cayenne Coupe,SUV,Electric,177588,357199,9.0,1.05,5.71,3.31,9,55
Tesla,2017,6,Canada,Model 3 LR,Electric,Electric,84136,71715,27.0,,1.76,3.93,10,320
Porsche,2017,1,Italy,GTS,Sedan,Electric,147815,84187,8.0,1.88,0.96,3.5,3,297
Toyota,2018,7,Germany,Supra,Sedan,Electric,42044,546410,30.0,1.99,1.87,3.06,8,1460
Toyota,2016,9,UK,RAV4,SUV,Electric,33583,369693,66.0,1.81,1.04,4.71,8,
Ford,2024,11,USA,Expedition,SUV,Hybrid,89455,275444,,0.96,2.8,4.36,3,2096
Audi,2020,5,France,A4,Sedan,Petrol,52896,240551,47.0,,1.4,3.48,9,1004
Mercedes-Benz,2019,6,Brazil,GLC,SUV,Electric,,366706,22.0,1.15,3.82,10.79,3,1221
Volkswagen,2022,6,Japan,Arteon,Sedan,Electric,66632,81076,9.0,1.48,1.42,0.04,2,1696
B M W,2017,2,India,7 Series,Electric,Petrol,117733,75938,301.0,1.0086295460522028,7.168085136570646,6.3229905772494925,3,782
Mercedes-Benz,2015,7,Australia,S-Class,Sedan,,46552,111907,30.0,1.53,,4.27,6,1215
Audi,2016,2,Brazil,e-tron,Electric,Petrol,87593,519473,8.0,1.25,3.44,10.47,3,405
Audi,2015,11,USA,A3,Sedan,Hybrid,114955,406520,45.0,1.04,2.11,4.62,10,1127
Porsche,2019,10,India,Panamera,Sedan,Petrol,81942,208683,11.0,1.1,6.68,6.77,7,324
Ford,2018,6,Canada,Mustang Mach-E,Electric,Hybrid,72864,781778,93.0,1.21,2.09,3.77,2,2769
Volkswagen,2015,2,USA,ID.4,Electric,Electric,41808,128852,82.0,1.04,2.89,4.64,3,1401
Toyota,2021,6,Germny,Yaris,Sedan,Electric,46776,516394,95.0,1.88,1.48,3.26,1,2272
Ford,2016,7,Canada,F-150,SUV,Hybrid,67676,638109,50.0,1.36,2.3,3.85,10,342
Porsche,2015,5,Australia,911,Sedan,Hybrid,124862,311095,16.0,1.56,,4.02,9,39
Toyota,2018,9,Italy,Land Cruiser,SUV,Electric,64163,355060,70.0,1.91,1.47,3.73,9,2332
Tesla,2016,2,Australia,Semi,Electric,Electric,101503,152367,26.0,1.66,2.53,4.53,9,931
Porsche,2018,5,India,GTS,Sedan,Electric,151627,317634,,1.13,6.5,6.24,5,55
Mercedes-Benz,2017,12,France,GLS,SUV,Hybrid,55415,334861,58.0,1.79,1.49,3.42,5,908
Porsche,2021,8,Australia,Panamera Sport,Sedan,Petrol,119687,170165,14.0,1.63,2.8,4.22,6,7
Porsche,2023,9,Spain,Taycan,Electric,Electric,148510,373136,24.0,1.81,1.5,3.75,10,320
Mercedes-Benz,2021,6,Brazil,S-Class,Sedan,Electric,93336,333100,54.0,1.24,,10.21,10,1122
Porsche,2020,9,Spain,Macan EV,Electric,Electric,103196,126662,,1.78,1.54,3.3,3,319
Volkswagen,2017,8,Spain,Touareg,SUV,Petrol,36579,89924,42.0,,1.5,3.78,7,191
Volkswagen,2024,6,Brazil,ID.3,Electric,Electric,53816,123739,8.0,1.12,3.52,10.58,6,258
BMW,2022,1,Brazil,i7,SUV,Hybrid,55008,273032,138.0,1.2549267561275577,3.1213864181594064,10.56900778082332,10,521
Tesla,2015,1,USA,Model X,Electric,Electric,124011,273377,32.0,0.92,2.53,4.4,1,1422
Mercedes-Benz,2017,8,Netherlands,E-Class,Sedan,Electric,71592,506878,15.0,,1.8,3.4,9,58
Ford,2016,8,Japan,F-150 Lightning,Electric,Petrol,72658,304865,119.0,1.43,1.27,0.19,3,
Porsche,2020,1,Australia,911,Sedan,Petrol,143904,314249,20.0,1.57,3.26,4.3,1,366
Ford,2020,1,Mexico,Explorer,SUV,Petrol,87329,395939,114.0,1.07,1.72,10.74,2,3908
Toyota,2016,6,UK,Corolla,Sedan,Hybrid,42213,417910,13.0,1.76,1.52,5.17,3,1848
BMW,2020,7,India,5 Series,SUV,Diesel,110609,73004,111.0,1.0409082129535547,7.129398638135262,6.6174492133907705,1,628
BMW,2020,3,France,X3,SUV,Petrol,62843,482184,323.0,1.8598820797818083,1.7903948286293654,3.2235872839046595,7,975
Porsche,2024,7,Australia,GTS,Sedan,Petrol,72697,,12.0,1.53,2.7,4.42,6,73
Tesla,2019,4,Spain,Model Y LR,Electric,Electric,122795,214168,,1.75,0.98,3.27,4,1342
Porsche,2016,9,Japan,Cayenne Coupe,SUV,Petrol,112218,374607,12.0,1.48,1.46,0.14,5,79
Audi,2019,6,Germany,Q3,SUV,Petrol,85511,142650,34.0,1.88,1.82,3.26,1,1177
Mercedes-Benz,2021,8,Mexico,A-Class,Sedan,Diesel,65906,93712,34.0,1.16,1.75,10.89,4,159
Volkswagen,2017,3,France,ID.4,Electric,Petrol,21279,351860,18.0,1.79,2.08,3.5,5,2429
Porsche,2019,1,China,Panamera Sport,Sedan,Petrol,106962,281666,7.0,1.08,5.82,3.7,4,19
Tesla,2019,11,Mexico,Model S Plaid,Electric,Electric,112373,200857,14.0,1.1,1.66,11.2,1,959
Audi,2023,3,Spain,A4,Sedan,Petrol,32363,535266,54.0,1.66,1.8,3.6,4,589
Toyota,2020,10,UK,Yaris,Sedan,Hybrid,86515,466126,50.0,1.83,1.41,4.84,6,1431
Volkswagen,2018,10,India,Passat,Sedan,Electric,72516,402863,70.0,1.09,7.19,6.65,5,2260
Toyota,2021,12,Germany,C-HR,SUV,,62071,618255,57.0,1.84,1.76,3.19,1,315
Toyota,2023,7,USA,Camry,Sedan,,61174,604881,46.0,0.92,2.9,4.32,10,2799
Porsche,2016,5,Germany,Panamera Sport,,Electric,142361,369246,19.0,1.81,1.33,3.12,2,492
Toyota,2019,1,Italy,Supra,Sedan,Petrol,82743,212046,45.0,1.86,1.39,3.72,5,1539
Tesla,2017,9,Netherlands,Cybertruck,Electric,Electric,104159,74233,28.0,1.9,1.7,3.34,1,2175
BMW,2020,10,UK,7 Series,Sedan,Petrol,91633,340696,207.0,1.8452873972687585,1.906111002132497,4.892897420748729,2,
Porsche,2018,4,France,Cayenne,SUV,Petrol,111744,167366,3.0,1.76,1.88,3.46,10,153
Volkswagen,2020,7,Canada,  Tiguan  ,SUV,Electric,79209,368369,73.0,1.39,2.51,4.16,8,463
Audi,2021,3,UK,Q8,suv,Hybrid,34987,466626,35.0,1.95,,4.74,1,441
Toyota,2019,6,australia,Supra,Sedan,Petrol,89893,,28.0,1.5,3.21,4.41,4,1535
Audi,2015,8,Mexico,A6,Sedan,Hybrid,38682,333089,4.0,1.01,1.57,10.94,6,504
Tesla,2016,3,Australia,Model 3,Electric,Electric,108390,106036,30.0,1.5,3.49,4.05,9,948
Toyota,2022,5,China,Land Cruiser,SUV,Petrol,39402,469072,22.0,1.17,5.56,3.4,9,2048
AUDI,2020,7,,TT,Sedan,Petrol,85611,543056,6.0,1.84,1.36,3.35,2,1065
Volkswagen,2017,9,China,Tiguan,SUV,diesel,78009,483145,47.0,1.07,5.54,3.34,4,490
Audi,2021,5,Spain,A4,Sedan,Electric,84280,421704,49.0,1.66,1.58,3.57,8,82
Ford,2020,6,Mexico,Edge,SUV,Petrol,30564,149967,48.0,1.02,2.2,11.27,8,874
Volkswagen,2019,5,UK,Taos,SUV,Hybrid,40726,436480,12.0,1.76,1.94,4.86,1,1320
Volkswagen,2022,7,Canada,Golf,Sedan,Electric,40725,303233,56.0,1.32,2.41,4.02,1,243
Bmw,2022,2,UK,3 Series,SUV,Hybrid,,146055,306.0,1.7894940979719876,,4.772900825780551,1,1027
Volkswagen,2023,12,Brazil,Touareg,SUV,Diesel,38011,568983,71.0,1.12,3.6,10.46,6,1045
Audi,2015,7,France,e-tron,Electric,Hybrid,60891,380409,4.0,1.86,1.2,3.45,4,94
Volkswagen,2019,11,USA,ID.4,Electric,Diesel,46382,142978,33.0,0.88,2.28,4.78,8,
Audi,2020,12,Italy,A3,Sedan,Hybrid,80898,61300,52.0,1.84,1.37,3.73,3,662
Porshe,2021,3,FRANCE,Taycan,Electric,Electric,178328,224583,11.0,1.85,2.05,3.26,3,337
Mercedes-Benz,2020,11,Germany,GLE,SUV,Diesel,44823,335268,40.0,1.93,1.78,2.92,2,
Volkswagen,2020,6,Germny,Tiguan,SUV,Petrol,55955,126185,19.0,1.83,1.78,2.77,10,455
Mercedes-Benz,2020,2,,GLE,SUV,Electric,129694,292385,24.0,1.58,2.69,4.32,10,1180
Ford,2022,8,China,Escape,SUV,Petrol,62575,480253,23.0,1.1,6.07,3.35,10,1437
Tesla,2016,3,France,Model S Plaid,Electric,Electric,50141,57151,30.0,1.77,1.65,3.66,7,1117
BMW,2024,4,UK,iX,SUV,Petrol,98143,204062,86.0,1.7781105935156722,1.4540016211961149,5.112964541468142,8,468
PORSCHE,2024,8,Canada,Panamera Sport,Sedan,Petrol,120418,263151,10.0,1.26,2.35,3.94,9,353
Porshe,2018,5,Brazil,Panamera Sport,Sedan,Electric,189042,341857,21.0,1.1,3.71,10.77,6,457
BMW,2022,1,Brazil,3 Series,Electric,Petrol,68980,457332,238.0,1.2572411304522115,3.380517709869894,10.297821202158955,2,710
Volkswagen,2017,3,UK,Tiguan,SUV,Diesel,55029,319856,73.0,1.84,1.27,4.78,9,2617
Porsche,2022,1,Brazil,GTS,Sedan,Hybrid,88668,133292,7.0,1.13,3.89,10.44,7,366
Tesla,2017,4,Canada,Semi,Electric,Electric,69481,87170,31.0,1.2,2.43,3.71,6,952
Toyoda,2018,9,Brazil,Land Cruiser,SUV,Electric,79977,363747,71.0,1.2,3.18,10.44,2,302
Tesla,2023,5,USA,Model X Plaid,Electric,Electric,93423,46257,39.0,1.01,2.82,4.66,4,1152
Volkswagen,2018,3,Italy,Polo,Sedan,Diesel,56739,401676,74.0,1.78,1.18,3.65,8,831
BMW,2022,5,Japan,i4,Sedan,Hybrid,77614,498073,125.0,1.5141556609337825,,0.1875503447989607,7,592
Volkswagen,2024,12,UK,ID.3,Electric,Electric,26344,544103,81.0,1.77,1.53,4.83,3,1790
Mercedes-Benz,2024,5,UK,GLC,SUV,Electric,37025,233916,38.0,1.94,1.67,4.96,8,1118
Audi,2023,8,Brazil,TT,Sedan,Petrol,57672,414744,20.0,1.17,3.37,10.63,3,80
Tesla,2024,8,GERMANY,Model X,Electric,Electric,96076,124297,7.0,2.0,1.86,2.88,3,319
Audi,2022,9,France,Q8,SUV,Hybrid,66099,238934,20.0,1.72,1.24,3.28,8,198
Toyota,2024,11,China,Highlander,SUV,Hybrid,39287,641964,76.0,1.19,5.6,3.35,10,1215
BMW,2023,9,Japan,X1,Electric,Diesel,118163,491110,269.0,1.444421562094146,1.2107473025775657,0.0504466018892673,5,661
Tesla,2020,4,BRAZIL,Cybertruck,Electric,Electric,55756,21989,30.0,1.1,3.78,10.72,9,2452
Toyoda,2020,8,Brazil,Land Cruiser,SUV,Electric,77321,628672,94.0,1.17,3.66,10.43,6,1369
Toyota,2015,3,Spain,Highlander,SUV,Petrol,40583,339701,48.0,1.66,1.28,3.67,1,2328
Volkswagen,2015,4,Japan,Golf,Sedan,Electric,37288,95022,25.0,1.45,0.83,0.22,7,959
Mercedes-Benz,2022,6,Japan,GLC,SUV,Diesel,53544,487971,16.0,1.57,,-0.19,7,105
Tesla,2022,3,Australia,Model Y LR,Electric,Electric,46553,158528,13.0,1.65,3.14,4.05,2,859
Ford,2020,5,Australia,Mustang Mach-E,Electric,Electric,70641,335555,92.0,1.67,3.15,3.97,1,2749
Toyota,2024,11,Brazil,Highlander,SUV,,67746,567527,54.0,1.18,3.41,10.67,8,537
Mercedes-Benz,2017,2,Mexico,CLA,Sedan,Hybrid,80774,554038,,1.01,1.7,10.88,2,596
Ford,2016,11,UK,Escape,SUV,Electric,75477,161952,56.0,1.84,1.8,5.13,4,1325
Mercedes-Benz,2018,1,Brazil,E-Class,Sedan,Electric,76706,214183,22.0,1.19,3.84,10.78,1,510
Volkswagen,2015,10,UK,Passat,Sedan,Petrole,25616,383155,22.0,1.91,1.47,4.9,1,117
Mercedes-Benz,2016,2,China,GLE,SUV,Electric,57284,421430,58.0,1.16,6.11,3.31,3,608
BMW,2017,8,India,X5,Electric,Hybrid,,323326,388.0,1.1312874906688823,6.5336136001832825,6.237591922073213,6,1119
Ford,2020,5,Canada,Explorer,SUV,Hybrid,25622,298201,48.0,1.31,2.06,3.97,5,2024
Porsche,2021,8,,Cayenne,SUV,Electric,109383,287083,8.0,1.79,1.31,5.18,7,136
BMW,2022,8,India,X3,Sedan,Hybrid,83639,62467,364.0,1.042819031890701,7.095131674905682,6.205954292676702,1,823
Tesla,2022,11,Japan,Model S,Electric,Electric,42183,20741,4.0,1.41,1.56,-0.04,7,1454
Audi,2022,7,Canada,A3,Sedan,,59407,320137,11.0,1.33,1.85,4.03,6,654
Audi,2017,7,Spain,RS6,Sedan,Hybrid,105783,437252,54.0,1.75,1.43,3.29,8,92
AUDI,2015,5,Italy,A6,Sedan,Hybrid,44612,73875,42.0,1.77,1.21,3.53,3,349
Teslla,2024,5,UK,Model S,Electric,Electric,53645,120588,19.0,1.79,1.37,4.75,2,767
Tesla,2021,8,Australia,Semi,Electric,Electric,41561,233584,21.0,1.66,2.57,4.09,7,1279
Volkswagen,2017,7,Germany,Touareg,SUV,Hybrid,47773,398777,60.0,1.91,2.01,3.0,8,1884
Audo,2021,4,Japan,TT,Sedan,Diesel,105161,371156,24.0,1.54,0.78,-0.18,2,521
Volkswagen,2021,1,Spain,Touareg,SUV,Petrol,48433,311257,60.0,1.73,0.88,3.4,4,162
Mercedes-Benz,2021,10,Brazil,GLS,SUV,Electric,115696,,34.0,1.12,3.33,10.56,4,
Volkswagen,2016,6,USA,Arteon,Sedan,Electric,75257,393440,10.0,0.93,2.9,4.39,1,1686
Tesla,2016,7,Japan,Semi,Electric,Electric,99097,106897,26.0,1.5,1.4,0.2,5,977
BMW,2024,5,Germany,i7,SUV,Petrol,79130,357124,142.0,1.9156773834012817,1.4041096493841665,3.1346032902772447,6,348
Volkswagen,2021,1,Germany,Golf,Sedan,Diesel,35533,491340,41.0,1.89,1.47,3.25,9,775
Volkswagen,2024,5,UK,Golf,Sedan,electric,57006,79259,72.0,1.86,1.16,4.93,4,216
Volkswagen,2024,10,Mexico,Passat,Sedan,Electric,75528,433468,21.0,1.03,1.72,10.84,3,2660
Audi,2022,10,Japan,Q5,SUV,Petrol,103445,59743,56.0,1.49,1.69,-0.05,4,421
Ford,2021,7,Germany,Bronco,SUV,Hybrd,58933,,55.0,1.89,2.17,3.03,7,581
BMW,2016,9,Canada,X3,Electric,Hybrid,77818,497421,300.0,1.2894111087612852,2.2604406309804403,3.766593681528089,4,684
Toyota,2016,6,australia,C-HR,SUV,Electric,73776,606965,73.0,1.5,2.66,3.99,5,180
Audi,2021,8,Australia,e-tron,Electric,Hybrid,55638,506318,44.0,1.68,3.21,4.27,8,93
Ford,2021,5,Japan,F-150 Lightning,Electric,Petrol,,290368,54.0,1.58,,0.17,7,3603
Porsche,2023,6,France,911,Sedan,Hybrid,92507,116777,17.0,1.79,1.24,3.62,2,466
Audi,2022,12,UK,A3,Sedan,Hybrid,90703,94482,25.0,1.87,1.35,4.86,10,782
PORSCHE,2015,7,Spain,Cayenne,SUV,Hybrid,78230,106993,17.0,1.67,1.48,3.28,8,137
Porsche,2022,5,Italy,Macan EV,Electric,Hybrid,193710,168758,18.0,1.95,1.21,3.21,6,367
Porsche,2019,8,China,Taycan,Electric,Petrol,69610,163403,29.0,1.02,5.63,3.71,1,119
Ford,2018,7,Brazil,Edge,SUV,Petrol,82316,294819,85.0,1.29,3.44,10.65,7,2489
Volkswagen,2018,1,Canada,ID.3,Electric,Petrol,64115,239053,59.0,1.39,2.52,4.3,7,103
Porsche,2018,11,Spain,Macan,SUV,Hybrid,142078,378729,3.0,1.78,1.08,3.58,2,137
Ford,2015,12,Australia,Explorer,SUV,Petrol,67132,466684,83.0,1.61,2.59,4.44,7,702
Mercedes-Benz,2016,7,France,A-Class,Sedan,Hybrid,69556,532988,59.0,1.89,1.43,3.26,1,650
Mercedes-Benz,2016,5,BRAZIL,GLC,SUV,Diesel,50173,402360,26.0,1.17,3.76,10.57,10,1111
Porsche,2015,2,Spain,Taycan,Electric,,71005,256619,4.0,1.79,1.65,3.37,7,52
Porsche,2018,8,India,Panamera,Sedan,Hybrid,145380,290784,6.0,,6.8,6.46,6,237
Volkswagen,2015,9,USA,Touareg,SUV,Diesel,51097,511021,65.0,0.92,2.36,4.36,8,1418
Ford,2020,11,Brazil,Ranger,SUV,Hybrid,,119760,109.0,1.14,3.79,10.38,10,264
Ford,2024,2,Canada,Escape,SUV,Petrol,,68122,52.0,1.36,1.95,3.8,3,2248
Porsche,2018,10,Brasil,Macan EV,Electric,Electric,99362,227870,8.0,1.1,3.11,10.39,10,50
Tesla,2018,1,China,Semi,Electric,Electric,56019,202403,19.0,1.04,5.78,3.59,6,1848
Toyota,2022,12,Japan,RAV4,SUV,Petrol,39619,678298,35.0,1.55,1.24,0.2,6,
Toyota,2015,10,Canada,Land Cruiser,SUV,Electric,84241,70626,40.0,1.21,1.97,4.22,7,
Ford,2017,7,France,F-150,SUV,Petrol,90013,255971,74.0,1.79,1.21,3.37,10,1234
Toyota,2024,8,Mexico,Highlander,SUV,,83243,642399,14.0,1.02,1.75,10.85,1,285
Ford,2023,10,Japan,Expedition,SUV,Hybrid,24523,70589,40.0,1.6,0.81,0.4,2,1900
Volkswagen,2017,9,Australia,  ID.4  ,Electric,Electric,78954,583810,49.0,1.63,3.17,4.17,7,1536
Porsche,2021,4,Netherlands,Cayenne Coupe,SUV,Petrol,111801,369717,16.0,1.94,2.14,3.78,8,
Tesla,2017,9,Brazil,Cybertruck,Electric,,72916,270651,20.0,1.12,3.82,10.23,4,1134
Mercedes-Benz,2023,8,Spain,GLS,SUV,Electric,78666,441586,61.0,1.76,0.84,3.5,6,441
Frod,2017,5,Japan,Expedition,SUV,Hybrid,59669,484830,56.0,1.59,1.44,-0.2,6,1685
Tesla,2018,4,Mexico,Model X,Electric,Electric,101543,136959,34.0,1.16,1.97,10.96,7,999
Tesla,2017,5,Spain,Model X,Electric,Electric,101028,236095,16.0,1.82,1.6,3.47,4,387
Ford,2023,11,UK,Explorer,SUV,Petrol,26775,384255,17.0,1.91,1.22,4.7,6,1946
Mercedes-Benz,2019,9,Canada,GLE,SUV,Diesal,103286,120260,41.0,1.36,1.87,3.93,8,379
Tesla,2016,11,Italy,Semi,Electric,Electric,56823,232681,13.0,1.84,0.75,3.46,4,876
Frod,2024,4,Germany,Escape,SUV,Electric,83277,622876,94.0,1.92,1.47,2.87,6,2139
Audi,2022,7,Japan,e-tron,Electric,Diesel,40327,128399,41.0,1.43,1.37,0.0,1,875
Volkswagen,2018,1,China,ID.4,Electric,Diesel,42833,163566,,1.05,5.97,3.7,7,2170
Mercedes-Benz,2015,3,UK,EQE,Electric,Diesel,125724,558581,32.0,1.78,1.45,4.95,6,1103
Volkswagen,2021,1,Netherlands,Polo,Sedan,Electric,22744,573650,13.0,2.01,2.08,3.36,5,1311
Porsche,2016,8,Australia,Cayenne,SUV,Petrol,166631,81185,8.0,1.6,2.9,4.45,10,336
Porsche,2015,3,Japan,718,Sedan,Petrol,91733,160349,,1.56,0.78,0.12,1,196
Tesla,2017,1,USA,Model X,Electric,Electric,107320,103083,30.0,1.02,2.53,4.52,3,1967
BMW,2022,10,Australia,i7,Electric,Petrol,53690,483541,339.0,1.5984232586159075,2.6470734809290377,4.505952575096897,7,818
BMW,2024,12,France,7 Series,Sedan,Electric,67769,164161,339.0,1.824681191631888,2.093848388899698,3.728188857289356,2,1095
Tesla,2024,10,China,Model 3 LR,Electric,Electric,101424,32543,26.0,1.15,6.47,3.33,7,2255
Volkswagen,2020,3,Italy,ID.3,,Diesel,54539,583427,9.0,1.82,1.19,3.7,1,2795
Porsche,2020,12,Germany,GTS,Sedan,Petrol,72901,145610,23.0,1.91,1.39,3.06,1,115
Toyota,2019,1,Japan,bZ4X,electric,Petrol,46894,115361,74.0,1.59,1.43,-0.06,7,2481
Audi,2019,2,China,RS6,Sedan,Diesel,,181122,30.0,1.09,5.74,3.55,10,610
Volkswagen,2023,11,Mexico,ID.3,Electric,Electric,24335,385798,68.0,1.19,1.75,10.86,9,540
Tesla,2024,1,Germany,Model S,Electric,,48090,140464,13.0,1.9,,2.99,6,727
Ford,2016,8,Mexico,F-150,SUV,Hybrid,51647,165228,27.0,1.12,2.02,11.1,2,644
Porsche,2024,11,Italy,Panamera,Sedan,Hybrid,115839,,21.0,1.89,0.85,3.64,6,33
Audi,2018,5,India,Q5,SUV,Diesel,114630,103140,50.0,1.13,7.33,6.69,3,585
Porsche,2024,6,USA,911,Sedan,Electric,141350,220460,,1.02,2.36,4.68,5,
BMW,2023,6,France,X3,Sedan,Petrol,117508,189718,258.0,1.8661238815575456,1.4488682665429953,3.757717486548696,1,550
Toyota,2022,11,Japan,Supra,Sedan,Electric,,573349,59.0,1.45,1.34,0.25,7,55
Ford,2016,9,USA,F-150 Lightning,Electric,Hybrid,57862,181496,32.0,0.88,2.5,4.32,6,3145
Audi,2022,6,Netherlands,e-tron,electric,,102993,503602,49.0,2.04,2.34,3.58,2,992
Ford,2015,9,Netherlands,Expedition,SUV,Petrol,77671,659771,47.0,2.0,2.34,3.61,1,1344
BMW,2021,3,Japan,X1,SUV,Petrole,70853,127511,95.0,1.408982259799123,1.6195310246560497,0.3959530092537784,4,429
Tesla,2021,10,Australia,Model S,Electric,Electric,,120367,6.0,1.54,3.0,4.51,10,1944
Porsche,2017,2,Mexico,718,Sedan,Electric,61550,119421,4.0,1.04,1.55,11.07,3,189
Porsche,2021,4,USA,Cayenne,SUV,Hybrid,98187,106528,2.0,0.9,2.34,4.78,4,265
Toyota,2017,7,UK,Yaris,Sedan,Hybrid,,99120,89.0,1.88,1.87,5.01,3,2695
FORD,2018,9,Mexico,Mustang,Sedan,Electric,89985,347251,55.0,1.01,2.0,11.18,9,3289
Audi,2017,8,France,A6,Sedan,Electric,106297,394242,26.0,1.82,1.84,3.64,10,445
Tesla,2023,12,Japan,Model 3 LR,Electric,Electric,125576,136457,17.0,1.44,1.47,0.09,1,1704
TOYOTA,2017,1,Brazil,Land Cruiser,SUV,Hybrid,69112,513238,31.0,1.12,3.02,10.63,10,2322
Ford,2020,4,Canada,Ranger,SUV,Electric,,191618,22.0,1.34,1.75,4.24,8,3677
BMW,2023,12,Canada,5 Series,Electric,Petrol,59495,430350,103.0,1.2169675428170383,2.4062422271564965,3.74880926838514,10,425
Porsche,2019,3,Italy,GTS,Sedan,Hybrid,109096,301905,11.0,1.77,0.74,3.36,1,314
Audi,2024,1,USA,Q5,SUV,Diesel,42282,334398,55.0,1.06,2.58,4.59,3,955
Toyota,2016,10,China,Yaris,Sedan,Electric,60835,,28.0,1.17,6.21,3.56,2,864
Mercedes-Benz,2019,6,Mexico,S-Class,Sedan,Petrol,43005,569231,52.0,1.08,2.21,10.93,6,252
Porsche,2024,7,Spain,Macan EV,Electric,Petrol,144292,171201,,1.68,1.0,3.21,3,173
BMW,2015,4,USA,X7,SUV,Diesel,48029,159321,217.0,0.9497009468794748,2.173201869910016,4.460310989542784,7,622
Ford,2017,6,UK,Edge,SUV,Petrol,63651,546536,81.0,,1.84,4.96,7,2288
Porsche,2017,11,Netherlands,911,Sedan,Electric,184183,108806,28.0,1.92,2.43,3.72,10,429
Ford,2021,10,,F-150,SUV,Hybrid,71777,140813,60.0,2.08,1.93,3.48,1,968
BMW,2023,5,Japan,X7,SUV,Hybrid,47940,127527,340.0,,1.3034485933813778,0.2009276791330097,1,
Porsche,2016,11,India,Cayenne,SUV,,144945,283716,26.0,0.97,7.25,6.56,3,151
BMW,2024,12,Germany,X7,Sedan,Diesel,35228,363045,35.0,1.8704749893219308,1.9511475848816744,3.072557140487058,5,171
Volkswagen,2019,4,Canada,ID.4,Electric,Petrol,29162,439271,,1.31,2.51,3.99,4,590
Tesla,2018,12,France,Model S Plaid,Electric,Electric,127552,217178,19.0,1.81,1.68,3.28,6,2292
Audi,2018,10,UK,e-tron,Electric,Petrol,114147,294661,29.0,1.92,1.56,5.08,7,780
Porsche,2018,11,Spain,Taycan,Electric,Electric,150177,338236,22.0,1.79,1.03,3.36,6,309
Porsche,2024,12,Canada,Taycan,Electric,Hybrid,190598,376464,14.0,1.26,1.93,4.29,10,293
Volkswagen,2019,1,Canada,Passat,Sedan,hybrid,73636,588225,43.0,1.26,1.84,3.99,7,1297
BMW,2016,5,CANADA,5 Series,Electric,Electric,79066,260765,201.0,1.2300338001634084,1.76665204056069,4.011044813167122,2,587
Ford,2019,1,Australia,Bronco,SUV,Electric,57633,212308,66.0,1.56,2.88,4.17,6,181
Mercedes-Benz,2015,6,Spain,C-Class,Sedan,Hybrid,58166,105710,12.0,1.79,1.3,3.7,5,307
Porsche,2016,3,India,911,Sedan,Petrol,147624,138964,18.0,1.09,6.89,6.35,3,355
PORSCHE,2017,4,USA,Macan EV,Electric,Hybrid,123861,154912,27.0,0.88,2.6,4.56,9,30
Audi,2022,2,Canada,A3,Sedan,Petrol,43389,134455,8.0,1.29,2.42,4.19,4,260
Volkswagen,2024,11,Italy,T-Roc,SUV,Diesel,39038,516773,51.0,1.94,0.69,3.62,3,669
Audi,2020,3,India,Q7,SUV,Electric,86125,81127,13.0,1.03,7.14,6.66,2,759
Porsche,2022,2,Canada,GTS,Sedan,Petrol,100590,303990,29.0,1.27,2.25,3.75,2,413
BMW,2017,1,China,X3,Electric,Electric,113543,110038,85.0,1.123001445339834,6.070061170089365,3.258305896262461,6,586
Audi,2021,12,India,A6,Sedan,Petrol,33133,93435,25.0,1.06,6.88,6.58,2,199
Audi,2018,4,Netherlands,Q3,SUV,Hybrid,61653,496070,36.0,1.99,2.03,3.27,2,970
Volkswagen,2016,3,Japan,Arteon,Sedan,Electric,70672,201579,10.0,1.48,1.56,-0.08,9,1447
Audi,2017,8,Japan,TT,Sedan,Diesel,103440,62630,9.0,1.5,1.41,-0.16,5,127
Ford,2016,2,UK,Expedition,SUV,Petrol,46925,108916,101.0,1.77,1.48,4.71,3,3438
Mercedes-Benz,2016,12,India,CLA,,Petrol,116305,425548,55.0,1.07,7.25,6.46,8,1119
BMW,2023,8,GERMANY,  iX  ,Sedan,Hybrid,62151,410466,,1.8638627275180828,2.205381976419264,2.75477200607168,8,756
Ford,2018,4,Japan,F-150 Lightning,Electric,Electric,52365,261518,42.0,1.6,0.89,0.08,3,3928
Tesla,2017,5,UK,Model 3,Electric,Electric,113972,242787,14.0,1.76,1.51,5.24,4,1680
Audi,2020,7,Italy,Q3,SUV,Diesel,46742,133787,39.0,1.86,1.39,3.59,8,1046
Toyota,2020,3,Japan,Corolla,Sedan,Electric,18017,,84.0,1.56,0.78,0.15,9,2107
Mercedes-Benz,2018,3,UK,EQS,Electric,Diesel,44958,340023,19.0,1.94,1.99,5.11,9,478
Tesla,2017,7,Italy,Semi,Electric,Electric,51850,230099,13.0,1.81,1.24,3.64,5,632
Ford,2021,12,Germany,Escape,SUV,Hybrid,80112,463649,19.0,1.92,1.63,3.19,1,1581
Tesla,2021,7,Brazil,Model X,Electric,Electric,50759,47416,9.0,1.16,3.25,10.5,5,1393
BMW,2024,3,Germany,X5,SUV,Electric,100431,225993,255.0,1.993164432230644,2.263115111589174,3.0297177215370104,2,646
Porsche,2016,3,Spain,Cayenne Coupe,SUV,Hybrid,171664,98238,13.0,1.83,0.83,3.34,7,349
Toyota,2016,2,France,bZ4X,Electric,Petrol,64206,540887,83.0,1.74,1.53,3.79,5,2772
Tesla,2015,9,Germany,Model 3,Electric,Electric,,102906,25.0,1.81,1.86,3.02,3,2429
Ford,2021,7,Spain,Expedition,SUV,Electric,68048,127959,20.0,1.84,0.85,3.37,8,3412
Ford,2024,7,UK,Explorer,SUV,Petrol,36682,615024,106.0,1.92,1.53,4.76,8,2931
TESLA,2022,11,Canada,Model 3,Electric,Electric,87816,244177,34.0,1.33,2.06,3.97,3,1123
Ford,2016,5,USA,Escape,SUV,Petrol,53740,198822,117.0,0.99,2.21,4.42,4,1799
Volkswagen,2023,6,Italy,Polo,Sedan,Petrol,41960,,68.0,1.87,1.31,3.57,6,1991
Audi,2019,12,India,Q8,SUV,Electric,83001,391439,22.0,,7.18,6.33,10,389
Toyata,2015,3,France,C-HR,SUV,Hybrid,68520,50905,23.0,1.8,1.75,3.42,2,2497
Mercedes-Benz,2018,3,Mexico,EQE,Electric,Hybrid,39588,118406,35.0,1.16,2.45,11.27,9,615
BMW,2022,8,Brazil,3 Series,SUV,Electric,61347,190183,134.0,1.1257759443821298,3.240145618778193,10.245517996865198,7,523
Tesla,2015,6,Australia,Model X Plaid,Electric,Electric,57723,123477,37.0,1.61,2.75,4.11,8,335
BMW,2020,7,Australia,X7,SUV,Electric,44269,95641,368.0,1.6976071932311183,2.86459372819754,4.080735532552994,5,994
Tesla,2015,4,China,Model X Plaid,Electric,Electric,44966,95644,16.0,1.09,5.99,3.63,10,1347
Volkswagen,2015,6,Spain,Arteon,Sedan,Hybrid,22786,110231,80.0,1.73,1.59,3.71,1,
Mercedes-Benz,2019,6,UK,C-Class,Sedan,Petrol,61580,87010,34.0,1.9,1.25,5.12,6,474
Tesla,2024,10,Canada,Model S,Electric,Electric,48254,188515,39.0,1.28,2.54,3.84,10,115
BMW,2015,6,France,i7,Electric,Diesel,76984,64390,,1.8352935874452725,1.660660094416171,3.562092599957873,4,814
Ford,2018,10,Mexico,F-150 Lightning,Electric,Electric,63878,682091,51.0,1.04,2.0,11.05,1,1304
Volkswagen,2023,3,China,Taos,SUV,Petrol,74752,410536,37.0,1.19,6.0,3.22,2,1027
BMW,2024,10,UK,X7,Electric,Electric,36539,424416,175.0,1.841650578098304,1.388169926206522,5.085972931065412,4,-71
AUDI,2018,4,Australia,Q3,SUV,Hybrid,56658,160791,40.0,1.67,3.4,3.96,10,810
Audi,2021,7,India,TT,Sedan,Electric,109407,291826,34.0,0.99,6.91,6.7,2,722
Ford,2019,2,UK,Ranger,SUV,Hybrid,40596,762126,66.0,1.94,1.53,4.77,8,2091
Audi,2015,1,Italy,Q3,SUV,Petrol,36717,410325,35.0,1.93,1.47,3.28,9,609
Mercedes-Benz,2037,3,Germany,C-Class,Sedan,Petrol,98975,91392,60.0,1.95,2.3,2.8,8,304
Tesla,2017,3,India,Model X Plaid,Electric,Electric,44017,113999,12.0,1.13,7.42,6.42,8,984
BMW,2016,7,UK,3 Series,SUV,Hybrid,35507,241313,380.0,1.8140099202061224,1.505252372447857,5.195874479664645,6,1169
Porsche,2018,6,Canada,Cayenne Coupe,SUV,Electric,63669,246049,18.0,1.21,2.22,4.02,4,22
Ford,2018,6,France,Edge,,Petrol,27375,388872,85.0,1.88,1.62,3.64,8,3908
Audi,2021,9,Australia,RS6,Sedan,,105712,289402,44.0,1.59,3.24,4.51,2,969
BMW,2016,12,Germany,5 Series,Sedan,Hybrid,92724,166220,347.0,1.9059301156712007,2.117222200201216,3.0331204869596773,9,1070
Mercedes-Benz,2015,2,Netherlands,GLE,SUV,Electric,81900,234317,20.0,2.07,1.73,3.76,7,613
Tesla,2022,1,China,Model S Plaid,Electric,Electric,40204,66250,17.0,1.18,6.15,3.6,9,1760
BMW,2022,5,France,X5,Electric,Electric,111368,101962,223.0,1.7501933322680596,1.2512468287349343,3.3351901579707413,8,513
Porsche,2017,5,Japan,Macan,SUV,Petrol,154616,322924,21.0,1.47,0.92,0.14,3,
BMW,2022,1,Canada,X3,Electric,hybrid,102356,262986,389.0,1.2937535930929012,1.9418938282588392,3.707442421766389,7,1067
Porsche,2020,1,China,Macan EV,Electric,Petrol,180869,350766,11.0,1.12,6.44,3.22,3,177
Toyota,2016,12,UK,C-HR,SUV,Hybrid,21799,528969,19.0,1.94,1.78,5.14,3,2025
Volkswagen,2021,8,France,Tiguan,SUV,Diesel,54961,207083,89.0,1.79,1.37,3.58,9,2074
Audi,2017,1,Canada,RS6,Sedan,Diesel,113822,181889,7.0,1.25,2.32,4.28,7,981
Telsla,2020,12,USA,Model Y LR,Electric,Electric,118004,253270,15.0,0.98,2.43,4.7,9,1870
Mercedes-Benz,2017,11,Japan,CLA,Sedan,Petrol,84193,351615,32.0,1.6,1.18,0.16,8,437
Tesla,2024,6,Brazil,Model S,Electric,Electric,56939,278926,17.0,1.13,3.76,10.33,9,442
Audi,2018,9,Brazil,A6,sedan,Petrol,87854,459116,54.0,1.12,3.32,10.55,9,1053
Mercedes-Benz,2018,4,India,C-Class,Sedan,Petrol,119726,328849,55.0,1.03,6.91,6.34,6,1045
Audi,2016,6,australia,Q5,SUV,Diesel,104472,156741,6.0,1.55,2.85,3.96,3,812
Audi,2021,9,Canada,A6,Sedan,Hybrid,51320,186140,15.0,1.23,1.83,4.26,7,249
Toyota,2016,5,India,RAV4,SUV,Electric,64708,416033,73.0,1.04,6.59,6.78,6,1316
Volkswagen,2022,4,Netherlands,T-Roc,SUV,Electric,20034,307043,29.0,1.94,2.2,3.72,6,967
Volkswagen,2022,8,USA,ID.3,Electric,ELECTRIC,60860,259169,37.0,0.96,2.9,4.27,2,451
FORD,2016,10,Japan,Edge,SUV,hybrid,45184,115466,84.0,1.5,0.96,-0.15,4,895
BMW,2016,1,Australia,7 Series,Sedan,,80246,354094,107.0,1.656477096811655,2.9069079607228705,4.472452070202356,1,479
BMW,2021,6,Germany,X7,Sedan,Diesel,94658,169975,124.0,1.8240418110741217,1.7355833148129332,3.190700529705013,8,428
BMW,2015,10,France,i7,SUV,Diesel,75277,230427,103.0,1.7409762548301426,1.856751505688635,3.5116315157023625,9,275
Toyota,2015,6,Canada,Highlander,SUV,Petrol,35650,302884,39.0,1.36,2.62,4.21,6,2325
BMW,2020,4,Japan,3 Series,Electric,Electric,35463,284873,142.0,1.434821867066817,1.3613706110704142,-0.0888826592795192,8,644
Mercedes-Benz,2020,6,Canada,GLS,SUV,Hybrid,72716,533209,22.0,1.28,2.0,4.05,9,35
Volkswagen,2021,10,Netherlands,ID.3,Electric,Hybrid,64980,,62.0,2.04,1.66,3.58,10,2426
Tesla,2022,8,Germany,Model X Plaid,Electric,Electric,110178,75818,6.0,1.92,1.46,3.12,6,1222
Volkswagen,2015,4,Brazil,ID.3,Electric,Hybrid,72525,579386,72.0,1.25,3.5,10.72,9,1759
Volkswagen,2016,8,Frnce,Passat,Sedan,Petrol,,401086,77.0,1.79,,3.44,2,389
Toyota,2016,11,Japan,bZ4X,Electric,Petrol,78978,225654,81.0,1.47,1.43,0.03,4,1491
Audi,2023,4,Netherlands,TT,Sedan,Petrol,88289,501586,24.0,2.02,2.32,3.24,6,938
Toyota,2023,11,Mexico,C-HR,SUV,Petrol,82297,170186,76.0,1.1,1.51,10.83,6,2200
Porsche,2016,8,UK,Macan EV,Electric,Petrol,60914,370849,15.0,1.94,,5.21,2,132
Ford,2018,1,Australia,Expedition,SUV,Petrol,73734,278417,63.0,1.59,2.93,4.17,4,819
Mercedes-Benz,2016,7,Japan,A-Class,Sedan,Petrol,40900,294907,22.0,1.56,0.83,0.21,3,718
Tesla,2018,3,Japan,Semi,Electric,Electric,101726,103839,6.0,1.5,0.95,0.07,3,1671
Mercedes-Benz,2015,5,USA,GLC,SUV,Hybrid,116847,227059,46.0,0.98,2.37,4.41,4,40
Volkswagen,2024,12,India,Arteon,Sedan,Hybrid,30984,109058,39.0,0.96,7.31,6.48,1,1126
PORSCHE,2019,4,USA,Taycan,Electric,Petrol,87020,194494,22.0,0.94,2.64,4.66,2,13
Ford,2015,6,France,Expedition,SUV,Electric,34446,707431,46.0,1.74,1.96,3.78,9,2682
Tesla,2023,2,India,Cybertruck,Electric,Electric,65824,259289,27.0,1.0,6.6,6.47,10,2191
Ford,2018,9,Japan,F-150,SUV,Electric,23015,716972,39.0,1.48,1.12,0.29,5,263
Mercedes-Benz,2019,7,Brazil,E-Class,Sedan,Petrol,81338,385752,18.0,1.3,3.69,10.51,8,716
Toyota,2016,7,China,Land Cruiser,SUV,Hybrid,29032,354193,68.0,1.03,6.22,3.26,6,213
Audi,2018,7,China,e-tron,Electric,Hybrid,61381,329410,37.0,1.03,6.07,3.34,2,398
Ford,2024,9,China,Mustang Mach-E,Electric,Electric,72575,431090,78.0,1.05,6.05,3.79,8,3170
Audi,2023,11,Mexico,A4,Sedan,Electric,76267,479707,43.0,1.16,1.9,11.0,9,272
Ford,2024,11,USA,  F-150  ,SUV,Petrol,73402,424220,115.0,1.04,2.66,4.72,1,2381
Audi,2017,6,USA,TT,Sedan,Petrol,44487,285653,40.0,0.92,2.46,4.56,6,1001
Ford,2019,1,Australia,Ranger,SUV,Electric,51610,607785,96.0,1.65,2.71,4.12,10,1299
Audi,2016,10,,e-tron,Electric,Hybrid,60491,395125,30.0,,3.55,10.44,3,243
Porsche,2019,12,Italy,Cayenne Coupe,SUV,Hybrid,96034,330652,7.0,1.77,,3.54,9,482
BMW,2017,8,UK,i7,Sedan,Diesel,108373,276305,301.0,1.834844401849396,1.777146915927437,5.035042549841483,6,997
Audi,2016,5,Australia,A3,Sedan,Diesel,105353,108706,27.0,1.58,3.48,4.36,2,567
Tesla,2022,2,UK,Semi,Electric,Electric,48118,260899,,1.85,1.47,5.15,1,1891
Mercedes-Benz,2017,5,Spain,GLS,SUV,Petrol,97146,552078,29.0,1.8,1.45,3.72,1,285
Toyota,2017,8,Italy,Highlander,,Petrol,45696,110694,78.0,1.75,1.09,3.3,2,2555
Tesla,2016,2,France,Semi,Electric,Electric,119480,260661,10.0,1.72,1.27,3.32,5,2099
Ford,2022,10,China,Mustang Mach-E,Electric,Petrol,37341,744911,,1.01,6.39,3.25,8,2779
Audo,2016,8,Germany,e-tron,Electric,Electric,83819,172622,31.0,2.0,2.12,2.89,1,1112
Volkswagen,2016,12,USA,Arteon,Sedan,Electric,67118,496658,41.0,0.89,2.95,4.42,1,1151
Toyota,2017,2,Spain,bZ4X,Electric,Petrol,18260,112426,41.0,1.8,1.65,3.72,1,296
BMW,2023,12,France,X5,Electric,Electric,78601,,235.0,1.8295634891981056,1.7034930960433787,3.4146884504681294,9,810
Porsche,2022,6,Germany,Cayenne,SUV,Electric,93059,197469,9.0,1.88,1.56,2.76,7,24
Volkswagen,2018,1,Netherlands,ID.4,Electric,Diesel,23729,520575,9.0,2.1,2.46,3.65,8,2632
Porsche,2016,4,China,911,Sedan,Hybrid,117677,89108,6.0,1.15,6.07,3.29,4,258
Volkswagen,2024,8,Spain,Touareg,SUV,Electric,26203,294915,52.0,1.84,0.99,3.52,10,294
Tesla,2021,6,Canada,Model Y LR,Electric,Electric,111968,71235,16.0,1.24,1.78,4.06,3,351
Toyota,2022,2,France,RAV4,SUV,Electric,41250,299840,94.0,1.7,1.6,3.35,8,1217
Volkswagen,2024,6,Germany,Arteon,Sedan,Hybrid,32780,295405,83.0,1.9,1.51,2.9,2,1124
Mercedes-Benz,2020,8,India,A-Class,Sedan,Petrol,75830,570291,13.0,1.02,6.88,6.77,2,842
Tesla,2024,6,Spain,Cybertruck,Electric,Electric,105575,72445,18.0,1.82,1.62,3.71,9,2442
Tesla,2020,6,Canada,Model Y LR,Electric,Electric,77099,93178,14.0,,1.87,4.18,1,1303
Porsche,2016,11,Brazil,Taycan,Electric,Petrol,159661,311226,6.0,1.16,3.28,10.36,9,335
Mercedes-Benz,2016,5,UK,S-Class,Sedan,DIESEL,72169,175962,26.0,,1.18,5.15,10,383
Porsche,2019,6,Mexico,Cayenne,SUV,Hybrid,76563,155901,20.0,1.03,2.48,10.78,5,415
Tesla,2017,7,Italy,Model 3,Electric,Electric,77126,131530,5.0,1.84,1.31,3.38,9,1124
Audi,2024,4,India,Q8,SUV,Diesel,42590,269188,10.0,0.96,7.06,6.4,5,611
BMW,2015,11,Brazil,X3,SUV,Electric,91548,454499,224.0,1.1546814143861412,3.46869315979497,10.4488917014026,8,887
Porsche,2024,4,Spain,Cayenne Coupe,SUV,Hybrid,162407,132266,5.0,1.84,1.14,3.46,8,420
Mercedes-Benz,2018,6,Spain,EQE,Electric,Diesel,113214,515990,39.0,1.76,1.73,3.46,8,509
Volkswagen,2022,5,,ID.4,Electric,Petrol,44349,482288,49.0,1.02,,6.72,10,1795
Toyota,2022,3,UK,C-HR,SUV,Hybrid,78041,149447,14.0,1.88,1.27,4.87,3,615
Mercedes-Benz,2017,3,France,EQE,Electric,Electric,49604,116420,19.0,1.89,1.58,3.23,1,506
BMW,2022,7,UK,X1,Electric,Electric,71386,139242,239.0,1.9427239954178503,1.4281841483173143,5.279992891426201,9,474
BMW,2022,8,USA,X7,Sedaan,Diesel,74725,382278,110.0,0.9240495384261568,2.0576475821990248,4.405468787300828,2,303
Porsche,2017,8,Japan,Cayenne Coupe,SUV,Hybrid,115752,339769,9.0,1.4,1.56,-0.13,7,8
Volkswagen,2021,12,Japan,T-Roc,SUV,Electric,65294,370861,48.0,1.57,1.27,0.09,1,2610
Porsche,2021,5,Mexico,Cayenne Coupe,SUV,Hybrid,196042,396757,13.0,1.1,2.41,11.18,3,78
BMW,2017,8,Canada,i4,SUV,Electric,100066,399903,92.0,1.3499920940798356,2.295385017320044,3.740245886433057,6,436
Toyota,2024,11,India,RAV4,SUV,Petrol,37943,199815,88.0,1.12,6.5,6.41,8,1894
Porsche,2020,1,UK,911,Sedan,Hybrid,123658,183485,2.0,1.83,1.55,5.12,6,62
BMW,2022,6,USA,X1,Sedan,Petrol,73185,194454,101.0,0.928564407340193,2.968488777594384,4.679228514992745,6,406
Audi,2023,9,Australia,Q8,,Electric,106362,173150,14.0,1.63,3.4,4.14,8,604
Mercedes-Benz,2018,7,Japan,GLC,SUV,Hybrid,96853,202455,5.0,,1.31,0.38,9,684
Mercedes-Benz,2022,10,Brazil,CLA,Sedan,Electric,61903,108470,59.0,1.16,3.48,10.27,9,27
Volkswagen,2017,9,Brazil,Tiguan,SUV,Electric,42453,214327,,1.15,3.01,10.22,1,2120
Ford,2022,9,Mexico,Bronco,SUV,Hybrid,63014,556474,84.0,1.12,2.4,11.19,3,2912
Volkswagen,2015,7,India,T-Roc,SUV,Petrol,44303,453071,62.0,1.01,7.16,6.25,1,2169
Porsche,2017,12,France,GTS,Sedan,Hybrid,61983,117957,21.0,1.8,1.74,3.36,1,482
Porsche,2022,2,Mexico,Cayenne Coupe,SUV,hybrid,186260,107461,11.0,1.17,2.19,10.75,6,256
PORSCHE,2019,11,India,Panamera,Sedan,Petrol,109531,201401,4.0,1.0,6.91,6.49,2,408
Audi,2020,10,Spain,RS6,Sedan,Hybrid,91400,248397,45.0,1.8,1.15,3.47,1,544
Ford,2021,3,Germany,Mustang Mach-E,Electric,Electric,27633,590742,101.0,1.84,2.12,2.97,10,2036
Toyota,2021,2,India,Prius,Hybrid,Hybrid,70534,387897,49.0,1.07,6.54,6.33,1,2087
Audi,2022,10,Italy,Q7,SUV,Diesel,60856,,36.0,,1.35,3.56,9,139
Tesla,2021,12,Spain,Model Y,Electric,Electric,49652,195201,34.0,1.69,0.91,3.54,2,196
Toyota,2022,12,Italy,Highlander,SUV,Petrol,70913,690225,36.0,1.91,1.36,3.55,5,1951
Tesla,2024,4,Australia,Model X,Electric,Electric,105831,299922,16.0,1.53,2.64,4.13,4,2464
Tesla,2017,4,Japan,Model S Plaid,Electric,Electric,,197671,19.0,1.54,1.01,0.3,2,1621
Volkswagen,2020,7,Spain,Golf,Sedan,Petrol,27837,138632,24.0,1.78,1.25,3.48,4,2176
Toyota,2021,2,France,Land Cruiser,SUV,Petrol,89257,573339,52.0,1.86,1.94,3.48,5,2184
Toyota,2022,1,India,Highlander,SUV,Electric,63886,282475,87.0,1.12,6.72,6.4,6,1919
Ford,2021,3,Canada,Explorer,SUV,Electric,43015,458614,52.0,1.27,2.43,4.18,10,1168
Ford,2017,5,UK,Escape,SUV,Electric,68498,226825,22.0,1.85,1.15,5.14,3,3737
Audi,2015,5,Brazil,TT,Sedan,Petrol,105645,60428,51.0,,3.04,10.71,9,338
Toyota,2022,4,Spain,RAV4,SUV,Petrol,85667,205088,38.0,1.83,1.56,3.5,5,1903
Tesla,2018,6,Spain,Model X Plaid,Electric,Electric,112657,160870,2.0,1.82,1.44,3.32,5,726
Toyota,2016,10,Netherlands,RAV4,,Petrol,59813,567906,57.0,1.95,2.12,3.73,1,1852
Mercedes-Benz,2016,1,Germany,CLA,sedan,Diesel,103714,286623,63.0,1.85,2.22,3.26,3,467
Audi,2020,3,Brazil,Q5,SUV,Electric,70862,494721,45.0,1.19,3.81,10.59,2,977
Ford,2019,8,Mexico,Expedition,SUV,Petrole,34457,691199,90.0,1.09,2.4,11.1,10,1406
Tesla,2017,7,UK,Model 3,Electric,Electric,93676,197805,27.0,1.87,,5.07,1,1899
Toyota,2019,1,UK,Yaris,Sedan,Petrol,84336,204228,31.0,1.88,1.75,4.97,9,1563
Audi,2018,5,Italy,Q8,SUV,Electric,44189,146950,21.0,1.77,0.87,3.63,6,1072
Tesla,2019,12,China,Model 3,Electric,Electric,75325,74940,9.0,1.14,6.15,3.65,1,323
Audi,2023,5,India,  TT  ,Sedan,Diesel,106475,65434,50.0,1.04,6.85,6.63,1,1104
Volkswagen,2015,9,USA,ID.3,electric,Petrol,26307,310620,71.0,0.94,2.97,4.41,2,429
Ford,2015,3,Netherlands,Mustang,Sedan,Electric,91112,104022,74.0,1.99,2.44,3.5,5,2003
Audi,2020,12,UK,A3,Sedan,Electric,84658,464701,27.0,1.84,1.95,5.2,10,775
Volkswagen,2024,12,Spain,ID.3,Electric,Hybrid,51821,369595,71.0,1.68,1.23,3.37,7,1360
Porshe,2017,1,Netherlands,Panamera,Sedan,Hybrid,126773,179628,2.0,2.07,1.88,3.4,3,383
Toyota,2017,11,UK,Prius,Hybrid,Hybrid,44852,287408,78.0,1.83,1.12,4.85,1,920
Toyota,2015,7,China,Supra,Sedan,Petrol,67657,356157,37.0,1.01,5.71,3.76,7,1430
Tesla,2024,12,Germany,Model Y LR,Electric,Electric,123009,222817,38.0,2.0,1.83,2.86,1,1138
Ford,2024,3,Brazil,F-150 Lightning,Electric,Electric,,736129,14.0,1.24,3.25,10.6,2,
BMW,2019,11,USA,X3,SUV,Diesel,57616,,376.0,1.0468412926696815,2.6016118201463314,4.691513315656074,5,1202
Ford,2020,8,Canada,Mustang Mach-E,Electric,Petrol,50871,395884,104.0,1.28,2.47,3.79,5,1693
Porsche,2024,1,Brazil,GTS,Sedan,Hybrid,180008,365476,25.0,1.11,3.82,10.74,2,26
Mercedes-Benz,2015,8,Netherlands,A-Class,Sedan,ELECTRIC,93426,301312,51.0,2.09,1.76,3.44,3,302
Tesla,2024,4,France,Model S,Electric,Electric,108601,32785,24.0,1.88,1.71,3.62,6,1389
Toyota,2023,12,Germany,Supra,Sedan,Hybrid,86192,172867,62.0,1.89,2.07,2.78,2,1196
Audi,2023,11,Spain,Q7,SUV,Diesel,45996,538234,30.0,1.79,1.74,3.55,10,86
Tesla,2022,6,Netherlands,Semi,Electric,Electric,94301,192305,,2.06,1.86,3.48,8,1180
BMW,2019,7,Canada,3 Series,Sedan,Hybrid,104922,304822,273.0,1.3754944027054106,2.3967371653641507,4.07736570806793,6,941
Toyota,2023,12,China,Land Cruiser,,Electric,27256,690036,64.0,1.05,5.88,3.74,9,1527
Porsche,2017,6,UK,718,Sedan,Petrol,101097,141022,19.0,1.78,1.67,4.77,4,243
Toyota,2024,7,Brazil,bZ4X,Electric,Electric,24204,162716,,1.24,3.41,10.67,5,2096
Audi,2019,11,Germany,Q8,SUV,Electric,82628,332434,53.0,1.84,1.7,3.22,3,815
Toyota,2024,1,Mexico,Yaris,Sedan,Petrol,25703,,21.0,1.16,1.83,11.05,5,2963
Porsche,2024,7,Japan,Cayenne Coupe,SUV,Electric,148624,263113,21.0,1.53,1.63,-0.03,4,76
Volkswagen,2016,9,USA,Taos,SUV,Electric,35455,398064,80.0,1.0,,4.64,7,1604
Ford,2016,3,Italy,F-150,SUV,Hybrid,48234,214612,42.0,1.81,1.36,3.42,10,2297
Mercedes-Benz,2018,6,Spain,EQE,Electric,Electric,83852,422192,21.0,1.77,1.73,3.63,9,375
Tesla,2015,11,Italy,Model 3,Electric,,54765,247179,9.0,1.87,0.52,3.75,4,2324
Porsche,2018,1,Mexico,Taycan,Electric,Petrol,193413,360520,8.0,1.11,1.57,11.27,7,247
Toyota,2022,7,China,Corolla,Sedan,Hybrid,85838,499799,31.0,1.08,6.42,3.73,9,1000
Toyota,2024,3,Netherlands,Yaris,Sedan,Electric,45172,562775,57.0,2.09,1.63,3.65,8,1236
BMW,2022,9,USA,X5,SUV,Petrol,65771,432650,20.0,0.9257292928473224,2.5026790232288616,4.230887250749993,8,476
Volkswagen,2024,10,USA,Tiguan,SUV,Hybrid,56422,342072,89.0,0.93,2.93,4.75,7,1639
BMW,2024,1,Germany,i7,SUV,Hybrid,104101,375893,291.0,1.9355626400620087,2.180156737921485,2.8294444075058727,10,727
Audi,2023,10,USA,Q5,SUV,Diesel,86264,271825,45.0,1.05,2.13,4.23,8,868
BMW,2019,11,Japan,3 Series,Sedan,Diesel,52118,450213,106.0,1.590280668441331,0.7434125328548191,0.1798908253564134,9,667
Audi,2035,12,Australia,Q8,SUV,Diesel,54939,241756,39.0,1.51,3.38,4.01,7,407
Audi,2017,10,India,Q3,SUV,Petrol,72943,301684,56.0,1.02,6.86,6.28,8,1137
Mercedes-Benz,2023,7,Japan,EQE,Electric,Electric,123839,505788,52.0,1.46,1.51,0.31,4,277
BMW,2018,8,China,X7,Sedan,Diesel,51122,320665,67.0,1.150474905887536,5.828664545369916,3.603511073646223,1,
Mercedes-Benz,2016,11,Japan,CLA,Sedan,Diesel,82680,254476,32.0,1.58,1.58,-0.08,7,903
Audi,2022,2,Netherlands,A4,Sedan,Hybrid,45746,156016,41.0,1.96,1.99,3.31,4,1101
Audi,2016,5,Spain,TT,Sedan,petrol,85852,83906,15.0,1.8,1.33,3.43,10,1154
BMW,2019,6,Japan,3 Series,,Petrol,80436,336198,22.0,1.494834765817465,1.5554605840110072,0.2221947156280142,9,193
Toyota,2019,1,Germany,Highlander,SUV,Hybrd,62878,582999,76.0,1.83,1.97,3.15,8,1729
Toyota,2023,7,Brazil,Highlander,SUV,Hybrid,28644,447040,95.0,1.13,3.06,10.39,9,2531
Audi,2016,6,UK,A4,Sedan,Diesel,36200,328975,19.0,1.79,1.77,4.83,3,
Porsche,2020,5,Brazil,GTS,Sedan,Hybrid,101156,131678,25.0,1.12,3.65,10.54,2,232
Porsche,2015,2,India,718,Sedan,Hybrid,181308,,9.0,0.98,6.88,6.79,2,72
Toyota,2021,7,USA,Land Cruiser,SUV,Hybrid,29296,603087,66.0,0.88,2.77,4.38,2,2432
Porsche,2024,8,Australia,Taycan,Electric,Hybrid,84090,231101,29.0,1.59,2.63,4.22,7,323
Audi,2021,4,Netherlands,Q7,SUV,Hybrid,69142,391181,9.0,,2.54,3.46,9,503
Volkswagen,2017,1,Italy,ID.3,Electric,Petrol,69342,270345,59.0,1.92,1.28,3.26,6,305
Tesla,2020,1,Australia,Model 3,Electric,Electric,93069,116942,7.0,1.67,2.69,4.2,5,1643
Toyota,2016,5,Netherlands,bZ4X,Electric,Hybrid,70109,,55.0,1.95,,3.34,10,1227
Toyota,2020,7,France,Yaris,Sedan,Petrol,74344,464882,39.0,1.75,1.87,3.56,3,2009
Volkswagen,2020,10,,Passat,Sedan,Electric,42265,107034,86.0,1.02,,3.42,6,529
Volkswagen,2019,11,Spain,Polo,Sedan,Electric,73033,240895,9.0,1.65,1.66,3.57,3,2749
Porsche,2016,3,China,Cayenne Coupe,SUV,Petrol,104266,153996,4.0,1.18,5.79,3.43,10,360
Audi,2024,4,Netherlands,Q7,SUV,Electric,62030,547116,10.0,2.06,2.28,3.76,8,715
Volkswagen,2024,7,,ID.3,Electric,Hybrid,40386,295318,79.0,1.06,2.29,4.67,8,622
bmw,2017,11,UK,i4,,Hybrid,116441,339819,392.0,1.924684647616332,1.7252576604151364,4.992001364854822,6,1027
Toyota,2020,6,Canada,bZ4X,Electric,Hybrid,40853,675298,83.0,1.36,1.72,4.27,6,2519
Ford,2019,4,Japan,Bronco,SUV,Petrol,79715,733637,35.0,1.48,1.53,0.3,2,2969
Volkswagen,2020,11,Australia,Passat,Sedan,DIESEL,55196,396627,80.0,1.51,2.56,4.47,8,2412
Toyota,2023,5,UK,Supra,Sedan,Petrol,61004,196590,54.0,1.76,1.98,5.21,1,696
Audi,2017,5,Mexico,e-tron,Electric,Hybrid,64674,189970,4.0,1.11,2.33,10.94,4,868
BMW,2015,9,Germany,X5,Electric,Diesel,88639,394912,158.0,1.8518593517731547,1.598725573588773,3.2644075470692044,3,482
Porsche,2022,12,Mexico,718,Sedan,Hybrid,149950,223970,18.0,1.08,1.97,10.91,3,193
TESLA,2015,6,UK,Model X,Electric,Electric,40943,186941,17.0,1.8,1.64,4.94,2,2301
BMW,2023,10,China,7 Series,Sedan,Petrole,107903,435105,255.0,1.174282806838171,5.8097878592091,3.374027319177462,1,891
BMW,2021,12,UK,X7,SEDAN,Electric,81511,173076,29.0,,1.5074677337608362,4.7038315230301,2,346
Toyota,2017,12,Australia,bZ4X,Electric,Petrol,40031,298954,31.0,1.66,3.03,4.11,5,240
Mercedes-Benz,2021,12,China,GLE,SUV,Diesel,85195,334701,19.0,1.09,5.67,3.31,3,973
Audi,2015,11,Germany,Q7,SUV,Electric,45632,172215,31.0,1.81,2.25,2.98,2,338
Audi,2019,9,USA,A3,Sedan,Diesel,94625,412206,11.0,0.96,2.18,4.68,7,1054
BMW,2020,7,Australia,i7,Electric,,49141,225858,,1.6407399559258102,3.338997327718011,3.956850790072444,2,648
Tesla,2017,1,USA,Model X,Electric,Electric,101963,221689,38.0,0.89,2.09,4.36,3,603
Toyota,2022,12,Mexico,Supra,Sedan,Petrol,70477,256809,72.0,,1.75,11.16,2,2462
Audi,2021,6,Germany,A3,Sedan,Petrol,105256,533791,27.0,1.94,2.02,2.74,5,1141
Audi,2019,7,Australia,e-tron,Electrc,Petrol,59947,361480,56.0,1.52,2.89,4.23,3,522
Ford,2024,7,India,Mustang,Sedan,Electric,44643,461113,13.0,0.96,7.15,6.47,8,3738
Volkswagen,2021,5,Japan,Tiguan,SUV,Diesel,49151,223628,8.0,1.52,1.1,0.05,8,1206
Tesla,2024,11,France,Model 3,Electric,Electric,124755,169979,20.0,1.89,1.82,3.52,6,858
Mercedes-Benz,2019,2,Netherlands,E-Class,Sedan,Petrol,111101,160319,10.0,1.96,2.26,3.46,3,578
Mercedes-Benz,2023,2,Spain,GLE,SUV,Electric,71660,151882,20.0,1.84,1.36,3.45,3,356
AUDI,2017,8,Mexico,RS6,Sedan,Petrol,51083,222261,57.0,1.07,2.38,11.26,9,993
Toyota,2015,4,India,Supra,Sedan,Petrol,18523,206500,67.0,1.1,6.61,6.59,8,263
Audi,2022,1,UK,Q8,SUV,Petrol,58464,546443,40.0,1.81,1.21,4.75,6,880
Ford,2016,7,Australia,Explorer,SUV,Petrol,36986,392161,57.0,1.67,3.48,4.26,7,1986
Mercedes-Benz,2021,8,Canada,C-Class,Sedan,Diesel,116059,120686,25.0,1.36,1.9,3.75,3,1141
Volkswagen,2020,11,India,Touareg,SUV,Hybrid,30491,468397,23.0,1.05,7.46,6.26,6,669
Ford,2017,1,China,Mustang Mach-E,Electric,Electric,38586,614619,36.0,1.06,6.38,3.22,9,1629
BMW,2019,2,Japan,iX,Electric,Electric,45304,128012,179.0,1.4792484037805318,1.6949078226464351,-0.0956628504683076,9,613
Mercedes-Benz,2017,5,Australia,E-Class,Sedan,Diesel,36893,540553,64.0,1.55,2.71,4.41,3,396
Porsche,2016,10,Spain,Cayenne Coupe,SUV,Petrol,66868,129086,5.0,1.76,1.1,3.34,8,47
Tesla,2021,12,Canada,Model Y,Electric,Electric,100035,289787,39.0,1.35,,4.15,6,2383
Tesla,2021,8,Spain,Cybertruck,Electric,Electric,108291,157897,18.0,1.79,1.69,3.25,3,1472
Tesla,2024,7,Germany,Model X,Electric,Electrc,90657,32912,37.0,1.8,1.64,2.84,1,700
Volkswagen,2022,5,Mexico,ID.4,Electric,Electric,61764,94128,79.0,1.14,2.42,10.97,2,1527
Toyota,2018,12,Brazil,Camry,,Electric,40138,588351,94.0,1.28,3.52,10.73,2,2627
Toyota,2023,3,India,Yaris,Sedan,Electric,22540,309468,85.0,1.0,7.05,6.61,2,477
Ford,2015,9,Japan,Mustang,Sedan,Hybrid,67988,747677,108.0,1.45,0.9,0.36,6,2863
BMW,2022,4,Japan,X5,Sedan,Electric,41089,77302,337.0,1.5676657409422277,1.6699143978146032,0.3052713538814252,8,880
Mercedes-Benz,2020,6,Australia,GLC,SUV,Electric,118813,392761,30.0,1.54,,4.4,7,253
Mercedes-Benz,2021,12,Germany,S-Class,Sedan,Diesel,55739,246345,6.0,1.85,1.97,3.26,3,1250
Volkswagen,2023,6,Italy,Tiguan,SUV,Diesel,61751,586218,73.0,,1.07,3.49,9,1748
Toyota,2016,4,Italy,Corolla,Sedan,Hybrid,18579,596067,95.0,1.79,1.23,3.76,10,2162
Mercedes-Benz,2017,12,Italy,S-Class,Sedan,Diesel,127583,185436,57.0,1.88,0.61,3.72,6,440
Audi,2019,11,Brazil,e-tron,Electric,Electric,92294,102290,25.0,1.16,3.81,10.3,8,1180
Mercedes-Benz,2020,9,Australia,C-Class,Sedan,Diesel,96006,528719,54.0,1.51,2.58,4.02,5,821
Tesla,2019,1,Japan,Model Y,Electric,Electric,125725,64384,39.0,1.49,1.14,-0.01,3,463
Porsche,2019,3,UK,Macan,SUV,Petrol,119476,216047,7.0,1.9,1.0,5.23,9,473
Porsche,2021,4,Spain,Macan EV,Electric,Petrol,138789,144149,9.0,1.79,1.45,3.52,7,121
B M W,2016,8,Canada,X5,Sedan,Electric,64670,140054,224.0,1.3046781822748734,2.550616057841138,4.036733672969515,4,800
Ford,2015,1,France,Explorer,SUV,Petrol,86809,235603,98.0,1.76,1.66,3.75,9,844
Porsche,2024,8,Netherlands,Panamera Sport,Sedan,Electric,111458,211109,18.0,1.98,1.99,3.61,5,105
Toyota,2023,1,Netherlands,Yaris,Sedan,Petrol,86239,515902,17.0,2.05,2.25,3.33,6,2028
Mercedes-Benz,2019,10,Canada,GLE,,Diesel,75722,546635,50.0,1.4,2.3,3.9,1,645
BMW,2018,9,UK,i7,Sedan,Electric,94199,196895,92.0,1.806974580392385,1.4858717591863255,4.854065940632305,10,512
BMW,2024,3,Germany,iX,Electric,Petrol,59594,456965,82.0,1.939632342803949,2.2743948076661664,3.2917264466877616,1,288
Volkswagen,2022,1,Italy,T-Roc,SUV,Hybrid,29501,574444,21.0,1.76,0.84,3.54,6,2141
Mercedes-Benz,2020,6,China,EQS,Electric,Petrol,43990,277944,49.0,1.08,5.92,3.41,10,921
Volkswagen,2018,7,France,Touareg,SUV,Electric,71619,,23.0,1.74,2.08,3.42,10,167
Volkswagen,2016,12,Japan,  Polo  ,Sedan,Petrol,76461,409745,64.0,1.45,1.04,0.14,4,2136
Toyota,2019,6,India,Land Cruiser,SUV,Electric,45796,332074,,1.15,6.86,6.24,9,428
Volkswagen,2022,2,Mexico,Arteon,Sedan,Diesel,32144,452245,10.0,1.02,1.71,10.71,9,348
Ford,2018,6,Italy,F-150 Lightning,Electric,Hybrid,67541,341627,94.0,1.91,0.87,3.31,1,2050
Tesla,2015,4,China,Model X,Electric,Electric,73219,142580,38.0,1.0,5.84,3.49,1,109
Audi,2015,9,Australia,A6,Sedan,Electric,52658,171099,14.0,1.54,2.83,4.44,6,697
Mercedes-Benz,2022,4,Italy,A-Class,Sedan,Diesel,48790,381414,14.0,1.8,0.95,3.5,5,1259
Toyota,2017,1,Mexico,Supra,Sedan,Hybrid,43223,100551,38.0,1.05,2.39,11.2,10,1903
Porsche,2016,6,India,Taycan,Electric,Petrol,131428,273053,17.0,1.0,7.4,6.34,8,473
Mercedes-Benz,2023,4,UK,GLE,SUV,Petrol,112237,67532,44.0,1.82,1.61,5.12,9,487
Porshe,2021,9,India,Macan EV,Electric,Electric,170127,258746,8.0,1.11,6.8,6.71,5,70
Audi,2021,2,France,RS6,Sedan,Diesel,90776,440443,34.0,1.85,2.07,3.57,10,493
BMW,2020,11,India,7 Series,SUV,Diesel,42370,459337,374.0,0.9612606551363676,6.511353644767419,6.481196385196476,3,1043
Toyota,2024,10,Spain,Corolla,Sedan,Hybrid,59726,280757,60.0,1.83,1.09,3.26,6,1343
Ford,2021,4,Japan,Mustang Mach-E,Electric,Petrol,,65330,31.0,1.45,1.28,0.26,7,696
Audi,2015,3,UK,Q3,SUV,Hybrid,92075,386512,47.0,1.91,1.62,4.98,9,321
Audi,2017,10,Mexico,Q5,SUV,Electric,78215,492061,20.0,1.08,2.25,10.79,3,835
Tesla,2016,2,Australia,Cybertruck,Electric,Electric,40133,109280,38.0,1.51,3.43,4.36,2,1401
Toyota,2024,4,Spain,Camry,Sedan,Petrol,51560,622251,71.0,1.84,1.25,3.46,5,870
TOYOTA,2022,10,China,Camry,Sedan,Electric,60187,178677,35.0,1.09,5.93,3.55,7,2765
Porsche,2018,6,France,Taycan,Electric,Petrol,83308,265950,8.0,1.7,1.86,3.36,7,467
Volkswagen,2015,8,Japan,Golf,Sedan,diesel,2685234,433736,85.0,,0.82,0.19,10,2462
Ford,2019,6,USA,Mustang,Sedan,Petrol,70663,464169,114.0,0.97,2.99,4.29,7,573
TOYOTA,2021,3,USA,Camry,Sedan,Electric,43972,251936,10.0,0.96,2.62,4.51,6,237
Porsche,2019,3,Japan,911,Sedan,Electric,72156,251363,2.0,1.54,0.88,0.02,10,224
Mercedes-Benz,2019,6,India,GLC,SUV,Electric,125910,521493,18.0,0.95,6.71,6.5,3,439
Toyota,2022,6,Japan,bZ4X,Electric,Petrol,55290,620075,90.0,1.5,1.16,0.11,3,1387
Tesla,2022,12,Netherlands,Model Y,Electric,Electric,68456,199638,37.0,,2.16,3.74,6,341
Ford,2018,12,USA,Edge,SUV,Petrol,85102,506668,70.0,1.05,2.02,4.21,7,3823
Volkswagen,2020,7,India,T-Roc,SUV,Electric,65046,179939,89.0,0.99,7.17,6.71,10,937
BMW,2015,9,USA,X1,SUV,Hybrid,,316907,56.0,0.9215775370866404,2.541634214660867,4.580086931895688,7,255
Porsche,2020,10,France,718,Sedan,Electric,127707,281725,19.0,1.77,1.76,3.4,6,480
Volkswagen,2020,6,Spain,T-Roc,Suv,Petrol,47026,316455,30.0,1.79,0.95,3.39,10,1547
Toyota,2023,12,UK,Prius,Hybrid,Electric,36431,138345,76.0,1.86,1.06,5.22,4,1249
Ford,2020,4,China,Edge,SUV,,84735,470328,58.0,1.07,5.53,3.44,1,3501
Toyota,2022,12,Italy,Camry,Sedan,Hybrid,23608,76886,30.0,1.84,0.76,3.31,1,1917
Toyota,2017,2,Canada,C-HR,SUV,Hybrid,35012,,14.0,1.24,2.13,3.96,8,117
BMW,2018,9,Germany,3 Series,Electric,Petrol,64793,289654,96.0,1.8553755296294407,2.220872400531813,2.7366467759129183,9,500
Mercedes-Benz,2016,4,Japan,CLA,Sedan,Hybrid,34609,417328,41.0,1.57,0.93,-0.19,5,228
Volkswagen,2021,8,Canada,T-Roc,SUV,Petrol,42513,342905,77.0,1.31,2.45,4.16,7,2724
Audi,2017,8,Japan,RS6,Sedan,Electric,111233,132150,14.0,1.45,0.96,0.28,2,973
Toyota,2015,72,Australia,bZ4X,Electric,Electric,40346,257734,27.0,1.58,2.78,4.15,8,2430
BMW,2015,9,Brazil,X7,,Petrol,103876,315470,109.0,1.2896906613924313,3.4361265291353167,10.376679455725151,1,540
Mercedes-Benz,2018,7,Canada,EQE,Electric,Diesel,123138,223864,56.0,1.32,2.63,3.85,10,1020
Tesla,2024,5,Australlia,Semi,Electric,Electric,,,11.0,1.64,3.19,4.07,9,1446
Mercedes-Benz,2018,6,USA,GLE,SUV,diesel,44884,174495,6.0,0.99,2.28,4.72,1,575
Audi,2024,10,Australia,RS6,Sedan,Hybrid,46643,412220,37.0,1.64,2.61,4.02,6,126
Audi,2019,3,India,TT,Sedan,Hybrid,49254,251299,10.0,1.09,7.16,6.57,10,55
Toyota,2024,3,Australia,Corolla,Sedan,Hybrid,24732,405151,72.0,1.67,3.07,4.38,8,865
Porsche,2021,7,UK,Panamera Sport,Sedan,PETROL,60535,360970,21.0,1.88,1.89,4.99,1,41
Audi,2021,7,Netherlands,e-tron,Electric,Diesel,81410,139468,,2.06,2.37,3.44,2,41
Tesla,2024,8,Canada,Model Y LR,Electric,Electric,44370,164899,31.0,1.34,1.71,4.19,10,262
Toyota,2021,4,Brazil,Highlander,SUV,Hybrid,56444,563992,34.0,1.15,3.56,10.77,5,1548
Mercedes-Benz,2023,3,Japan,CLA,Sedan,Petrol,35951,237199,59.0,1.59,1.31,0.07,5,144
Volkswagen,2018,6,,Arteon,Sedan,Hybrid,66128,575258,33.0,1.24,2.15,4.07,5,752
BMW,2024,5,UK,i7,Sedan,Electric,56292,143109,371.0,1.9174026656727343,1.8672942009598024,5.125017786029021,3,931
Toyota,2016,5,Brazil,Yaris,Sedan,Electric,56750,682629,45.0,1.14,3.17,10.3,5,699
Audi,2020,2,Netherlands,Q5,SUV,electric,42607,,33.0,1.96,1.64,3.77,3,647
Audi,2021,9,USA,A4,Sedan,Petrol,60447,166859,38.0,0.97,2.4,4.56,7,
Porsche,2019,4,India,GTS,Sedan,Petrol,152613,301871,27.0,1.13,7.26,6.33,10,343
Tesla,2021,8,USA,Model X Plaid,Electric,Electric,45820,171797,5.0,0.99,2.68,4.61,3,96
Volkswagen,2018,6,Brazil,Taos,SUV,Electric,50128,426249,71.0,1.24,3.54,10.41,8,138
Tesla,2016,5,France,Model X Plaid,Electric,Electric,55511,91375,21.0,1.72,1.53,3.32,2,1979
Toyota,2016,1,Germany,Prius,Hybrid,Petrol,28843,661459,65.0,1.96,1.55,3.14,6,2548
Volkswagen,2020,2,Australia,Arteon,Sedan,Electric,74065,203848,49.0,1.64,2.85,4.46,4,1702
Tesla,2023,6,Netherlands,Semi,Electric,Electric,58551,281158,9.0,,2.25,3.27,6,2330
Toyota,2017,4,Netherlands,Camry,Sedan,Petrol,27521,441024,75.0,2.01,1.85,3.57,1,1472
BMW,2022,5,UK,X1,Electric,Diesel,88051,175549,48.0,1.8123444135591096,1.7885972112245307,4.7910049278396505,8,209
Tesla,2017,8,Japan,Model X,Electric,Electric,86511,15613,29.0,1.47,1.16,-0.08,5,1235
Ford,2021,8,,Mustang,Sedan,Hybrid,55034,116334,78.0,1.84,1.72,3.52,7,452
Porsche,2018,6,Mexico,Panamera,Sedan,Hybrid,131100,89577,9.0,1.08,1.85,11.12,9,305
BMW,2020,7,France,X1,SEDAN,Diesel,114854,409698,319.0,1.88296918021362,1.5983677727394798,3.451355269702729,2,807
Audi,2017,3,UK,Q5,SUV,Hybrid,53365,243813,23.0,1.78,1.32,5.07,9,458
BMW,2015,3,France,X3,Electric,Diesel,53610,128840,225.0,1.8892230924267264,1.2819281304952712,3.7170713726081104,4,675
Volkswagen,2018,12,UK,Touareg,SUV,Petrol,54377,348336,55.0,1.86,1.63,4.86,2,1985
Audi,2018,3,India,Q5,SUV,Electric,78051,412505,52.0,1.03,7.01,6.59,4,1062
Volkswagen,2020,6,Japan,Taos,SUV,Electric,66964,73615,62.0,1.56,1.32,0.23,3,2591
Porsche,2020,10,Netherlands,Taycan,,Electric,119314,231443,9.0,1.94,2.58,3.73,8,147
Porsche,2018,9,Netherlands,718,Sedan,Hybrid,194161,188686,13.0,2.02,2.18,3.52,4,361
Volkswagen,2018,12,Brazil,T-Roc,SUV,Diesel,22929,76063,30.0,1.27,3.54,10.65,2,
Volkswagen,2022,9,Japan,ID.4,Electric,Petrol,34000,425110,48.0,1.6,1.09,0.32,10,294
FORD,2024,10,Australia,Mustang Mach-E,Electric,Hybrid,49047,276076,36.0,1.63,3.34,4.1,8,1966
Volkswagen,2017,10,Australia,Tiguan,SUV,Petrol,22549,323935,68.0,1.57,3.19,4.28,5,529
Tesla,2020,4,China,Model X,Electric,Electric,41036,,26.0,1.08,5.97,3.74,6,1758
Ford,2021,6,Australia,Expedition,SUV,Electric,51497,,111.0,1.61,3.3,4.51,10,2227
BMW,2018,4,Japan,X3,Electric,Petrol,71824,411390,37.0,1.4249325362406533,1.6848411989623346,0.3033388518675605,4,191
Toyota,2016,8,Netherlands,RAV4,SUV,Petrol,40415,419743,28.0,2.06,2.46,3.33,1,1187
Porsche,2024,3,USA,Panamera,Sedan,Electric,163126,153681,18.0,0.93,2.15,4.45,3,204
Volkswagen,2023,5,,T-Roc,SUV,Hybrid,48585,508981,19.0,1.01,2.44,10.73,9,1750
Volkswagen,2022,10,Italy,Touareg,SUV,Electric,77580,243585,67.0,1.83,0.75,3.65,9,2346
Ford,2019,1,Germany,Explorer,SUV,Electric,24607,770009,87.0,1.94,1.66,3.0,3,803
Toyota,2016,3,Germany,bZ4X,Electric,Petrol,89508,539249,71.0,1.81,1.86,2.85,4,1245
Audi,2019,4,France,e-tron,Electric,Hybrid,50995,149529,32.0,1.79,1.14,3.33,10,812
Mercedes-Benz,2017,1,,EQE,Electrc,Petrol,58811,81063,32.0,1.95,1.07,3.7,9,1160
Toyota,2024,5,India,Yaris,Sedan,Electric,77570,551157,70.0,0.96,7.48,6.46,9,2292
Toyota,2017,4,Netherlands,Highlander,SUV,Petrol,41272,48939,81.0,2.0,1.96,3.4,5,1017
Porsche,2017,1,Mexico,Cayenne,SUV,Electric,73206,148160,9.0,,2.25,11.15,8,311
Porsche,2024,3,UK,  Cayenne Coupe  ,,Petrol,122347,167113,,1.93,1.84,4.81,8,337
Porsche,2015,10,Spain,Panamera,Sedan,Electric,132855,337425,15.0,1.81,1.68,3.23,4,152
BMW,2015,1,,3 Series,SUV,Hybrid,55827,425348,198.0,1.777019545720385,1.95300945546736,3.3766693352417514,2,706
BMW,2015,7,UK,X5,Sedan,Hybrid,107635,280063,282.0,1.928374428962147,1.3133479175851432,5.173359483065604,10,662
Ford,2017,9,India,Mustang Mach-E,Electric,Petrol,71241,381110,55.0,1.09,7.06,6.3,7,1240
Toyota,2018,10,Spain,Supra,,Petrol,87983,133917,90.0,1.75,0.81,3.43,4,1019
Tesla,2019,3,Canada,Model S,Electric,Electric,68738,229283,13.0,1.3,2.46,3.73,7,2447
Mercedes-Benz,2021,8,Canada,GLS,SUV,Diesel,78695,274894,,1.4,2.08,3.96,8,597
Ford,2022,8,Germany,Mustang Mach-E,Electric,Hybrid,77573,519626,58.0,1.97,2.12,2.89,3,
Porsche,2020,6,UK,Cayenne Coupe,SUV,Petrol,110879,135930,14.0,1.86,1.48,5.18,9,251
Audi,2019,10,Mexico,Q5,SUV,Hybrid,53813,77388,4.0,1.04,1.74,10.74,2,432
Toyota,2024,9,Netherlands,Land Cruiser,SUV,Hybrid,80846,68010,98.0,1.94,2.2,3.4,4,
Audi,2024,7,India,Q7,,Diesel,83930,505653,18.0,1.09,7.46,6.3,2,615
Ford,2020,8,Germany,Explorer,,Electric,unknown,207200,61.0,1.81,1.82,3.24,10,406
Porsche,2018,5,Brazil,Macan EV,Electric,Electric,145105,277857,16.0,1.22,3.92,10.52,5,249
Tesla,2016,11,Mexico,Model X,Electric,Electric,39511,49063,3.0,1.02,1.88,10.9,2,279
Ford,2016,1,France,F-150 Lightning,Electric,Electric,68080,529886,46.0,1.86,2.08,3.39,3,3527
Tesla,2020,3,Canada,Cybertruck,Electric,Electric,58011,36461,,1.22,,4.15,7,
Ford,2015,10,Spain,  Ranger  ,SUV,Petrol,23413,455285,87.0,1.65,1.51,3.28,6,2355
TESLA,2023,12,USA,Model Y,Electric,Electric,91770,214447,32.0,0.89,2.81,4.48,5,889
TESLA,2022,1,Australia,Model Y,Electric,Electric,105627,97079,38.0,1.64,2.79,4.36,7,2167
Volkswagen,2018,11,China,Golf,Sedan,Petrol,72997,134313,25.0,1.06,5.56,3.6,5,1891
Mercedes-Benz,2015,6,China,GLC,SUV,Petrol,41867,397868,,1.04,6.02,3.74,4,541
Volkswagen,2023,6,Italy,Polo,Sedan,Hybrid,79978,87127,66.0,1.84,1.18,3.67,2,2083
Porsche,2019,5,India,Panamera,Sedan,Petrol,118279,,8.0,1.14,7.39,6.72,4,
Mercedes-Benz,2016,2,France,EQS,Electric,Petrol,90536,88807,32.0,1.89,1.78,3.42,3,883
Toyota,2019,4,Australia,C-HR,SUV,Electric,35823,622397,42.0,1.54,3.17,4.42,7,1880
Toyota,2022,3,Spain,Prius,,Electric,46056,170680,62.0,1.78,0.85,3.56,6,2487
Porsche,2016,4,Brazil,Panamera Sport,Sedan,Petrol,185419,220183,21.0,1.16,3.24,10.69,8,489
Mercedes-Benz,2019,8,France,EQS,Electric,Petrol,71716,301888,56.0,1.84,1.39,3.39,7,1012
Audi,2022,10,Mexico,A4,Sedan,Petrol,70959,516807,42.0,1.18,1.72,11.1,2,109
Mercedes-Benz,2021,6,Australia,EQE,Electric,Petrol,78683,417433,50.0,1.66,3.08,4.49,7,984
Volkswagen,2023,2,USA,Touareg,SUV,Petrol,72427,372105,14.0,0.97,2.9,4.5,10,1913
Volkswagen,2021,3,Mexico,T-Roc,SUV,Petrol,60067,470810,55.0,1.06,1.54,10.83,8,216
Tesla,2019,4,Japan,Semi,Electric,Electric,53445,161802,30.0,1.41,1.64,-0.08,10,704
Volkswagen,2024,10,Mexico,Passat,Sedan,Petrol,33159,372423,22.0,1.09,1.91,11.07,3,2279
Volkswagen,2015,11,Canada,Passat,,Diesel,59673,528004,40.0,1.29,2.28,3.9,8,133
Toyota,2023,4,Spain,bZ4X,Electric,Petrol,25189,610995,36.0,1.67,1.62,3.74,2,2098
AUDI,2019,9,Italy,A3,Sedan,Hybrid,95510,350855,54.0,1.76,0.82,3.73,2,488
Toyota,2015,3,Netherlands,RAV4,SUV,Petrol,73878,84335,28.0,1.97,2.29,3.54,2,2924
Ford,2019,3,UK,F-150 Lightning,Electric,ELECTRIC,72352,,40.0,1.77,1.27,5.12,10,3248
Ford,2016,8,Canada,Mustang Mach-E,Electric,Electric,68776,562526,118.0,1.23,2.45,3.93,1,2211
Porsche,2017,7,Netherlands,Panamera,Sedan,Electric,128265,375575,22.0,2.05,2.47,3.45,7,496
Tesla,2015,2,UK,Model X Plaid,Electric,Electric,117601,193293,9.0,1.87,1.79,5.14,3,923
BMW,2020,11,France,iX,Sedan,Hybrid,65480,209762,325.0,1.7018663239654188,1.260071634954573,3.476934484651874,1,984
Audi,2016,12,Spain,RS6,Sedaan,Petrol,42333,507864,11.0,1.67,1.39,3.53,8,
Tesla,2015,4,UK,Cybertruck,Electric,Electric,102112,223356,11.0,1.93,1.37,4.73,7,96
Porsche,2020,4,France,718,,Petrol,147075,214451,29.0,1.86,1.91,3.21,4,390
Toyota,2024,2,Mexico,Highlander,SUV,Electric,57214,327279,50.0,1.17,2.42,10.92,5,1231
Ford,2018,2,Japan,Expedition,SUV,Electric,57304,715844,55.0,1.5,,-0.03,4,2142
Audi,2022,12,Germany,RS6,Sedan,Electric,69450,128799,57.0,1.84,2.07,2.95,2,1069
Ford,2019,9,USA,Bronco,SUV,Electric,,115126,59.0,1.07,2.56,4.64,2,2797
Toyota,2016,2,Italy,Camry,Sedan,Electric,23891,123138,85.0,1.81,0.56,3.43,2,1990
Mercedes-Benz,2024,7,China,EQE,Electric,Diesel,43726,398975,16.0,1.09,6.03,3.73,3,673
Frod,2023,7,Mexico,Explorer,SUV,,90715,221434,48.0,1.03,1.56,11.14,8,922
Audi,2020,10,China,A6,Sedan,Electric,73754,299860,13.0,1.07,5.86,3.31,10,884
Tesla,2015,7,Canada,Model S Plaid,Electric,Electric,89495,37725,12.0,1.28,1.92,4.08,8,600
Audi,2023,9,Mexico,A3,Sedan,Electric,47448,199546,46.0,1.02,2.22,10.98,9,1074
Toyota,2018,1,Germany,C-HR,SUV,,26198,378770,56.0,1.85,1.95,2.87,7,2916
Tesla,2015,2,Australia,Model X,Electric,Electric,78265,260485,27.0,1.59,2.72,4.19,7,1655
Mercedes-Benz,2022,5,Italy,GLC,SUV,Petrol,33076,497475,10.0,1.88,1.41,3.33,6,831
Toyota,2017,11,China,C-HR,SUV,Petrol,63535,395865,23.0,1.07,,3.77,1,1410
Volkswagen,2024,12,France,T-Roc,SUV,Hybrid,30669,324615,43.0,1.76,1.57,3.5,2,1852
Volkswagen,2016,1,Mexico,Golf,Sedan,Hybrid,59006,77856,34.0,1.13,1.67,11.11,3,1576
Porsche,2017,10,China,Cayenne Coupe,SUV,Petrol,180898,160347,21.0,1.01,6.36,3.46,6,305
Porsche,2024,5,UK,Cayenne Coupe,SUV,Hybrid,159353,361049,15.0,1.78,1.33,5.21,3,120
AUDI,2023,6,India,A4,Sedan,Hybrid,52199,118946,50.0,1.01,7.36,6.7,3,677
Volkswagen,2015,8,Australia,Tiguan,SUV,Petrol,56588,475228,47.0,1.57,2.93,4.18,5,672
Audi,2019,11,Mexico,Q8,SUV,Hybrid,100261,162162,18.0,1.14,2.27,11.27,3,264
Tesla,2024,1,Italy,Semi,Electric,Electric,83746,59557,27.0,1.86,0.82,3.48,1,939
Audi,2016,12,Spain,e-tron,Electric,Petrol,102928,394497,4.0,1.8,0.87,3.54,1,273
Audi,2017,1,Netherlands,RS6,Sedan,Diesel,41178,469977,33.0,2.08,2.57,3.25,8,833
Audi,2019,12,Mexico,Q3,SUV,,81733,369647,42.0,1.17,,10.84,3,928
Porsche,2019,11,Frnce,718,Sedan,Electric,83184,252337,5.0,1.83,1.34,3.47,3,270
Toyota,2018,12,Germany,Highlander,SUV,Petrol,74972,241588,93.0,1.97,1.37,3.3,6,1022
Ford,2021,2,Canada,Edge,SUV,Hybrid,23639,298798,111.0,1.26,2.24,4.08,10,2592
Volkswagen,2023,1,Australia,Taos,SUV,Diesel,46510,165529,81.0,1.7,2.51,4.01,10,1995
Porsche,2020,19,,Macan,SUV,Petrol,81810,361735,17.0,1.32,1.75,3.76,8,375
Ford,2023,5,Germnay,Explorer,SUV,Hybrid,37490,93676,117.0,1.93,1.94,2.92,7,1020
Audi,2023,8,Australia,A3,Sedan,Electric,70066,158107,42.0,1.53,2.77,4.48,1,354
BMW,2022,9,Germany,X7,Sedan,Hybrid,95354,329343,123.0,1.9392059593349944,1.85680126245835,3.2616928644964687,6,531
Audi,2016,11,Italy,A6,Sedan,Diesel,88927,392084,33.0,1.82,1.24,3.36,5,684
Toyota,2024,1,Mexico,Supra,Sedan,Petrol,82516,268689,87.0,1.07,2.48,11.25,9,208
Toyota,2018,11,UK,Corolla,Sedan,Petrol,43926,354978,64.0,1.93,,4.91,10,2022
Ford,2015,12,Australia,Bronco,SUV,Hybrid,8182548,517653,79.0,1.53,2.93,4.27,6,3887
Volkswagen,2018,11,UK,ID.3,Electric,Hybrid,40537,443273,19.0,1.89,1.18,4.9,6,1302
Toyota,2021,1,Italy,Land Cruiser,SUV,Electric,42208,265778,52.0,1.87,0.91,3.31,5,2991
Mercedes-Benz,2024,9,Netherlands,GLS,SUV,Electric,77651,81304,5.0,2.01,2.25,3.54,2,172
Porsche,2017,7,Spain,Macan EV,Electric,PETROL,146461,376468,29.0,1.74,1.55,3.55,10,85
Audi,2020,7,Japan,TT,Sedan,Electric,78356,239764,51.0,1.57,1.02,0.36,8,553
Ford,2018,3,Brazil,Mustang Mach-E,Electric,Hybrid,46933,439968,113.0,1.26,3.03,10.42,3,1427
Audi,2017,6,Canada,Q5,SUV,Petrol,76599,283719,13.0,1.38,2.47,3.97,1,379
Volkswagen,2019,12,Brazil,Tiguan,SUV,Hybrid,26931,543593,59.0,1.2,3.34,10.75,2,
TESLA,2023,6,Germany,Cybertruck,Electric,Electric,97052,174098,23.0,1.98,2.11,2.73,6,1256
Porsche,2022,8,Brazil,911,Sedan,Petrol,149230,266811,10.0,1.21,3.39,10.33,10,473
Audi,2019,3,Germany,Q3,SUV,Petrol,96922,528126,35.0,1.95,1.64,2.93,10,824
BMW,2020,8,Brazil,X7,Electric,Hybrid,72038,401136,,1.1717660968247006,3.6651972206962,10.513839254861471,7,407
Tesla,2017,8,Canada,Cybertruck,Electric,Electric,50718,278465,8.0,1.31,2.04,3.81,5,230
Ford,2015,2,Canada,Expedition,SUV,Electric,65512,580455,12.0,1.28,2.18,4.01,8,3354
Toyota,2024,7,Germany,Yaris,Sedan,Hybrid,80537,53306,31.0,1.89,1.74,3.23,7,315
Porsche,2018,11,Spain,718,sedan,Hybrid,83188,160483,6.0,1.85,1.09,3.56,8,172
Porsche,2017,2,USA,911,Sedan,Hybrid,164689,190470,23.0,0.93,2.0,4.43,5,315
Porsche,2018,9,Spain,Taycan,Electric,Petrol,183514,267309,24.0,1.68,0.9,3.4,7,227
Tesla,2022,7,Mexico,Cybertruck,Electric,Electric,108419,46223,8.0,1.08,2.0,10.86,7,1409
Porsche,2022,5,Australia,718,Sedan,Petrol,65725,395272,25.0,1.7,3.19,4.41,3,382
Mercedes-Benz,2023,7,Canada,CLA,Sedan,Petrol,95455,471992,50.0,,2.43,4.26,5,1154
Volkswagen,2023,5,USA,ID.3,Electric,Hybrid,61538,110760,74.0,0.97,2.39,4.39,10,2621
BMW,2017,7,China,X3,Electric,Petrol,70398,306323,324.0,1.0125379243243733,5.776169557820899,3.6241858924734296,10,951
BMW,2024,5,Japan,iX,Electric,Hybrid,49997,400036,146.0,1.459261624091198,1.0546221576407766,-0.0276566050075509,1,465
Ford,2019,1,Mexico,Mustang Mach-E,Electric,Petrol,31053,348499,18.0,1.04,1.7,10.8,10,3158
Volkswagen,2020,2,Spain,Touareg,SUV,Electric,27704,422115,77.0,1.81,1.22,3.57,3,
Ford,2019,8,Mexico,Escape,SUV,,61934,474734,69.0,1.1,1.7,10.87,1,2169
Mercedes-Benz,2022,9,USA,GLC,SUV,Electric,57935,311119,18.0,0.94,2.92,4.45,9,972
Mercedes-Benz,2018,4,Germany,GLC,SUV,Electric,79166,126194,60.0,1.8,2.03,2.92,4,601
Volkswagen,2020,10,INDIA,T-Roc,SUV,Petrol,,129964,11.0,1.01,7.47,6.63,6,1511
Tesla,2019,12,Mexico,Model Y,Electric,Electric,43007,290721,36.0,1.15,1.61,11.02,6,342
Ford,2022,22,Japan,Edge,SUV,Hybrid,83435,402604,88.0,1.44,1.64,-0.14,7,775
Toyota,2016,8,UK,Yaris,Sedan,Electric,72189,579246,69.0,1.79,1.27,5.3,8,2219
Tesla,2017,4,Spain,Model X Plaid,Electric,Electric,53848,172047,22.0,1.78,1.78,3.24,1,1123
Audi,2018,3,Spain,Q3,SUV,Electric,54096,353629,40.0,,1.25,3.41,2,792
Toyota,2024,9,UK,Supra,Sedan,Hybrid,84083,623337,85.0,1.75,1.54,4.7,4,2840
Volkswagen,2021,7,Australia,Touareg,SUV,Petrol,26283,85889,10.0,1.65,3.42,4.18,8,748
Volkswagen,2020,4,Brazil,Golf,Sedan,Petrol,65975,543997,12.0,1.24,3.41,10.25,7,1672
BMW,2022,3,UK,iX,Electric,Hybrid,105152,422078,338.0,1.909562729771727,1.8078459419412587,5.157371080865969,9,717
Toyota,2019,6,India,Land Cruiser,SUV,Hybrid,60876,517008,96.0,1.01,6.53,6.56,3,1244
Porsche,2017,8,Australia,GTS,Sedan,Hybrid,156248,143910,,1.58,2.94,4.1,7,456
Mercedes-Benz,2024,11,Brazil,C-Class,Sedan,Hybrid,54972,391543,20.0,1.26,3.36,10.69,7,759
Ford,2018,10,Japan,Mustang Mach-E,electric,Electric,39309,370030,42.0,1.57,1.04,0.39,7,3050
Ford,2018,9,UK,F-150 Lightning,Electric,Electric,28407,184232,63.0,1.81,1.15,4.94,8,1562
Ford,2015,10,USA,Mustang,Sedan,Hybrid,87360,97748,29.0,1.03,2.67,4.21,10,727
Porsche,2018,2,Italy,Cayenne,SUV,Petrol,78457,164442,22.0,1.86,1.26,3.49,6,240
Ford,2019,8,Brazil,Escape,SUV,Electric,74614,302832,66.0,1.26,3.77,10.32,6,982
Porsche,2020,6,Canada,Cayenne,SUV,Hybrid,198709,319258,24.0,1.22,2.12,4.08,9,303
Toyota,2019,10,Mexico,Highlander,SUV,Hybrid,52722,171116,22.0,1.2,2.36,10.72,1,413
Audi,2020,11,Netherlands,RS6,Sedan,Electric,50756,379924,12.0,2.01,1.72,3.76,7,84
Tesla,2015,3,Australlia,Model S Plaid,Electric,Electric,68347,125574,,1.66,3.43,4.55,1,1071
Tesla,2017,1,USA,Semi,Electric,Electric,82578,227878,19.0,1.07,2.54,4.58,4,72
Audi,2015,10,Canada,RS6,Sedan,Diesel,49561,358962,43.0,1.22,2.52,4.21,10,871
Toyata,2024,3,Australia,Yaris,Sedan,Petrol,67171,600941,29.0,1.57,3.38,4.05,9,2273
Tesla,2023,7,Netherlands,Model 3 LR,Electric,Electric,86161,61241,3.0,2.0,2.11,3.66,5,938
Volkswagen,2023,12,,ID.3,Electric,Diesel,24180,436860,82.0,1.06,6.77,6.32,2,2727
Volkswagen,2019,7,Canada,Passat,Sedan,Electric,36482,401160,48.0,1.4,2.14,4.02,9,1761
Mercedes-Benz,2019,11,France,GLS,SUV,Hybrid,,541720,37.0,1.83,1.75,3.43,2,715
Porsche,2019,3,Canada,GTS,Sedan,Electric,184706,367302,15.0,1.27,2.37,3.81,2,435
Mercedes-Benz,2022,2,Germany,EQE,Electric,Diesel,33207,265330,54.0,1.87,1.9,3.06,5,488
Mercedes-Benz,2015,7,Spain,C-Class,Sedan,Petrol,39212,525714,62.0,1.78,1.25,3.21,3,335
Tesla,2019,3,Mexico,Semi,Electric,Electric,104815,96865,,1.11,2.11,11.24,8,639
Audi,2023,4,Germany,A4,,Hybrid,113786,322944,18.0,1.87,2.28,2.81,6,826
Tesla,2019,1,Italy,Model S Plaid,Electric,Electric,96650,205479,6.0,1.82,1.29,3.2,4,90
Volkswagen,2017,2,Mexico,ID.4,Electric,Petrol,31397,312397,24.0,1.14,1.75,10.72,6,541
Porsche,2019,12,UK,Cayenne,SUV,Petrol,135582,159485,9.0,1.82,1.34,4.73,10,379
Mercedes-Benz,2018,12,UK,CLA,Sedan,Electric,123558,448778,50.0,,1.44,5.07,9,300
Mercedes-Benz,2016,6,Brazil,A-Class,Sedan,Diesel,57940,572273,15.0,1.17,3.01,10.49,1,1256
BMW,2015,10,France,X3,SUV,Diesel,63557,420635,218.0,1.835820463828898,1.990527280739895,3.556155472132429,9,542
Volkswagen,2016,6,China,ID.4,Electric,Hybrid,34047,222602,72.0,1.03,5.9,3.42,8,1027
Volkswagen,2019,8,Canada,T-Roc,SUV,Electric,65660,300343,14.0,1.36,2.17,3.9,8,1789
BMW,2015,8,Germany,X3,Electric,Petrol,42533,110654,322.0,1.9757031122602693,1.867016260986668,3.143069525550796,5,721
Ford,2023,2,Japan,Edge,SUV,Petrol,82665,308930,32.0,,1.46,0.28,4,3835
Toyota,2024,4,India,Corolla,Sedan,Electric,39638,234783,42.0,1.06,6.73,6.75,10,1886
Tesla,2021,7,Germany,Model S Plaid,Electric,Electric,62016,121155,17.0,1.86,1.39,2.77,5,782
Tesla,2023,6,USA,Semi,electric,Electric,103839,114263,34.0,0.93,2.9,4.2,9,2149
Toyota,2016,11,Japan,Prius,Hybrid,Hybrid,87997,435387,31.0,1.53,1.02,-0.0,6,1016
Tesla,2022,5,India,Model S,Electric,Electric,120410,39043,25.0,1.03,7.3,6.55,1,869
Porsche,2020,8,Australia,Panamera Sport,Sedan,Hybrid,116926,114233,29.0,1.6,3.02,4.11,4,76
BMW,2015,5,France,i4,SUV,Electric,91396,61549,16.0,1.714808930346818,1.829007168040988,3.662762208011568,7,15
Toyota,2021,3,Netherlands,Corolla,Sedan,Hybrid,50556,624142,41.0,2.01,2.46,3.51,3,1154
Audi,2018,6,Japan,Q3,SUV,Electric,65258,313103,46.0,,0.88,0.15,10,420
Audi,2022,12,Netherlands,A3,Sedan,Hybrid,57406,284346,30.0,2.03,1.9,3.6,4,658
Tesla,2019,11,Australia,Model S,,Electric,79083,148082,32.0,1.56,2.65,4.09,5,1708
Mercedes-Benz,2018,8,Italy,E-Class,Sedan,Petrol,84638,223816,,1.85,1.08,3.77,2,
Ford,2019,11,Germany,Explorer,,Hybrid,64545,690492,,1.82,2.19,2.97,5,3481
Ford,2018,3,Australia,Mustang,Sedan,Electric,82783,81406,98.0,1.65,2.98,4.28,7,1204
Toyota,2018,8,USA,Corolla,Sedan,Petrol,68719,339945,51.0,0.9,2.25,4.65,10,2025
Toyota,2017,11,China,RAV4,SUV,Electric,56957,248891,79.0,1.1,5.86,3.68,8,2794
Toyota,2018,2,Spain,  bZ4X  ,Electric,Electric,30334,515273,53.0,,1.5,3.53,8,601
BMW,2019,7,Brazil,7 Series,Sedan,Electric,92986,74624,231.0,1.1084844596413783,3.583772780514112,10.771333071418557,7,704
Audi,2019,4,Brazil,Q3,SUV,Electric,61460,541361,13.0,1.3,3.09,10.64,1,716
Mercedes-Benz,2024,10,Netherlands,S-Class,Sedan,Electric,128065,272608,18.0,2.03,2.27,3.57,1,
Porsche,2020,2,GERMANY,Panamera,Sedan,Petrol,107041,263088,17.0,1.82,2.15,2.73,1,182
Volkswagen,2015,1,USA,ID.4,Electric,Electric,38874,513813,72.0,1.02,2.08,4.41,9,851
Porsche,2022,7,Canada,Taycan,Electric,Hybrid,87034,274541,26.0,1.27,2.26,3.72,6,459
Porsche,2024,8,Japan,Panamera,Sedan,Petrol,80925,182391,15.0,1.49,1.07,0.1,5,254
Ford,2021,2,UK,F-150 Lightning,Electric,Electric,29054,388526,75.0,1.95,1.09,4.77,7,3943
Porsche,2015,1,Spain,Cayenne,SUV,Electric,75274,330503,14.0,1.66,1.21,3.51,6,6
Volkswagen,2018,6,France,Polo,Sedan,Electric,49668,407476,32.0,1.72,2.0,3.68,7,2590
Mercedes-Benz,2024,7,Australia,CLA,Sedan,Petrol,129040,228414,25.0,1.57,2.94,4.11,8,121
Audi,2018,5,Mexico,RS6,Sedan,Electric,,405942,15.0,1.01,2.22,11.24,3,917
Ford,2018,7,Australia,Edge,,Electric,62265,148815,110.0,1.61,2.98,3.99,4,3469
Porsche,2024,11,Brazil,Panamera,Sedan,,130968,96323,14.0,1.13,3.74,10.28,10,316
Volkswagen,2022,5,India,T-Roc,SUV,Electric,63802,185558,9.0,1.07,7.41,6.68,9,1954
Volkswagen,2017,1,China,Touareg,SUV,Diesel,41291,152894,12.0,1.06,5.57,3.77,4,2097
Toyota,2017,3,Netherlands,Land Cruiser,SUV,Hybrid,38806,474067,34.0,2.02,1.91,3.79,4,2469
bmw,2020,12,France,X1,Sedan,Petrol,83849,320577,191.0,1.826680170863345,1.5926180939928698,3.3972509661725048,7,396
Tesla,2015,5,Mexico,Model S,Electric,Electric,92959,184851,36.0,1.0,1.57,10.83,2,1184
BMW,2016,4,Brazil,iX,SUV,Diesel,64424,299836,40.0,1.2122969175919047,,10.54799027245688,9,456
Volkswagen,2024,4,Spain,Polo,Sedan,Electric,22171,"$516,362",9.0,1.7,0.91,3.2,3,1674
Audi,2020,7,Mexico,TT,Sedan,Hybrid,36972,167591,18.0,1.04,2.3,10.93,9,475
Audi,2016,6,China,A3,Sedan,Hybrid,37344,188247,36.0,1.17,5.97,3.58,10,163
Toyota,2019,11,France,Supra,Sedaan,Petrol,76913,301407,62.0,1.87,1.79,3.39,9,810
Ford,2023,4,Australia,Expedition,SUV,Hybrid,26997,549037,53.0,1.6,3.38,4.06,7,1059
Toyota,2022,3,Netherlands,Camry,Sedan,Electric,38172,442645,13.0,2.06,1.71,3.45,4,2324
Ford,2019,8,USA,Explorer,SUV,Electric,34929,614448,59.0,,2.87,4.36,5,2574
Audi,2024,5,USA,A6,Sedan,Petrol,103527,141267,37.0,0.89,2.4,4.79,7,47
Toyota,2016,6,UK,Highlander,,Electric,49596,57181,39.0,1.77,1.49,5.26,3,1290
Porsche,2017,4,Japan,Cayenne,SUV,,128553,276817,25.0,1.41,1.07,0.05,7,330
Toyota,2020,6,Brazil,RAV4,SUV,Electric,55458,389004,81.0,1.24,3.06,10.56,1,2906
BMW,2020,6,India,i4,Electric,Hybrid,98456,326693,109.0,1.034525839402722,7.241896326958715,6.709055227454315,8,565
Volkswagen,2021,4,,Touareg,SUV,Diesel,42461,343326,39.0,1.79,1.0,3.74,4,2264
BMW,2018,1,China,3 Series,S U V,Diesel,106792,361714,130.0,1.1497652673926613,5.847941411582166,3.470210587343248,6,496
Toyota,2018,12,India,Supra,Sedan,Petrol,58564,566363,21.0,1.07,6.69,6.65,1,264
Audi,2017,6,Brazil,A6,Sedan,Electric,101934,453724,43.0,1.28,3.32,10.57,7,565
Audi,2021,2,India,A3,Sedan,Diesel,109480,72316,45.0,1.1,7.46,6.76,5,872
Toyota,2022,12,Japan,Supra,Sedan,Hybrid,85172,433283,87.0,1.53,1.22,0.01,8,2595
BMW,2019,1,Brazil,7 Series,Sedan,Hybrid,89478,85709,,1.105083825348819,3.522732829381994,10.45652461101513,7,652
Volkswagen,2015,5,Brazil,Arteon,Sedan,Electric,60476,188527,87.0,1.3,3.91,10.33,2,1554
Ford,2023,7,Canada,Ranger,SUV,Electric,48017,120260,115.0,1.39,2.04,3.87,8,2933
Toyota,2017,1,Netherlands,Corolla,Sedan,Electric,20206,122937,22.0,1.93,2.4,3.46,1,589
Ford,2019,3,Mexico,Bronco,SUV,Petrol,85075,416823,57.0,1.03,1.88,11.01,1,2134
Mercedes-Benz,2019,11,Canada,E-Class,Sedan,Hybrid,37342,89185,32.0,1.36,2.59,3.76,6,723
Audi,2020,9,China,A4,Sedan,Hybrid,93925,387009,38.0,1.1,5.52,3.69,3,306
Audi,2021,4,Italy,Q8,SUV,Diesel,82374,334582,50.0,1.83,0.62,3.71,2,989
Toyota,2022,7,Netherlands,Camry,Sedan,Hybrid,42077,456074,16.0,2.08,2.15,3.24,10,478
Volkswagen,2024,6,Australia,T-Roc,SUV,Petrol,62129,360020,59.0,1.64,3.14,4.02,7,2359
Ford,2016,6,Germany,Mustang,Sedan,Petrol,36900,227992,13.0,1.93,1.67,2.89,2,2575
Porsche,2024,9,Brazil,Taycan,Electric,Hybrid,114875,161515,7.0,1.18,3.61,10.48,10,260
Ford,2022,4,France,Mustang,Sedan,Hybrid,32304,239271,63.0,1.89,1.65,3.33,5,2122
Volkswagen,2021,8,Spain,T-Roc,Suv,diesel,51428,416585,78.0,1.83,1.18,3.66,2,1951
Audi,2021,5,USA,A6,Sedan,Petrol,,,16.0,1.06,2.79,4.64,9,450
Volkswagen,2017,9,Netherlands,Taos,SUV,Electric,59017,220917,,2.01,1.74,3.59,5,2475
Ford,2017,10,Spain,Bronco,SUV,Electric,55829,78100,50.0,1.7,0.98,3.78,5,566
Toyota,2024,10,Brazil,Supra,Sedan,Electric,63431,316013,45.0,1.29,3.74,10.51,1,2086
Audi,2024,10,India,e-tron,Electric,Hybrid,72200,99964,10.0,1.12,7.36,6.75,9,301
Porsche,2016,4,Spain,911,Sedan,Petrol,93578,212153,18.0,1.82,1.01,3.7,5,352
Mercedes-Benz,2017,69,Spain,GLE,SUV,Diesel,128194,400029,29.0,1.71,1.79,3.69,7,233
BMW,2022,2,India,i4,Electric,Hybrid,66601,252459,184.0,0.9725160780823874,6.78152119841493,6.7236523037396765,10,425
Toyota,2018,4,Mexico,Land Cruiser,SUV,Petrol,82867,122062,32.0,1.12,,11.18,4,499
Ford,2023,1,Italy,Mustang Mach-E,Electric,Petrol,92111,576458,53.0,1.84,0.68,3.49,6,781
Porsche,2017,12,Canada,Taycan,Electric,Petrol,154409,361796,4.0,1.31,2.0,4.1,3,272
Volkswagen,2017,6,Germany,ID.4,Electric,Petrol,21764,192743,67.0,1.92,1.74,2.89,5,1454
Toyota,2023,1,Australlia,Highlander,SUV,Petrol,38463,80971,37.0,1.66,3.46,4.3,10,996
Volkswagen,2016,10,France,Tiguan,suv,Petrol,74816,351614,21.0,1.71,1.42,3.52,6,2166
Volkswagen,2015,6,China,Passat,Sedan,Hybrid,34477,249533,72.0,1.13,6.35,3.58,1,1423
Tesla,2018,10,Mexico,Semi,Electric,Electric,94675,72217,,1.16,2.36,11.11,5,1377
Ford,2024,9,USA,Bronco,SUV,Electric,88668,709501,77.0,0.87,2.23,4.67,9,2075
BMW,2015,11,U.S.A,5 Series,Sedan,Hybrid,86702,76128,85.0,0.9537586638148322,2.936822462033092,4.231354727571614,4,304
Porsche,2022,7,China,GTS,Sedan,Electric,63130,354966,9.0,1.15,5.68,3.23,8,254
Volkswagen,2024,4,Spain,Golf,Sedan,Petrol,49493,253548,82.0,1.69,1.63,3.61,8,
Toyota,2021,12,France,bZ4X,Electric,Electric,23684,519647,73.0,1.76,1.22,3.59,3,2337
Mercedes-Benz,2024,1,India,E-Class,Sedan,Diesal,81928,461786,35.0,1.01,,6.68,9,106
Volkswagen,2022,1,Spain,Polo,Sedan,Electric,34114,572373,37.0,1.72,1.75,3.44,5,1619
Ford,2023,8,Brazil,F-150 Lightning,Electric,Petrol,87405,124098,117.0,1.29,3.66,10.6,9,492
Ford,2017,5,UK,Escape,SUV,Hybrid,83690,598527,44.0,1.87,1.7,4.99,4,1017
Tesla,2019,6,Italy,Model X,Electric,Electric,105783,190574,19.0,1.91,1.3,3.36,5,466
Porsche,2021,1,Frnce,Cayenne Coupe,SUV,Hybrid,102896,398470,29.0,1.73,1.31,3.5,4,97
Mercedes-Benz,2022,11,Japan,A-Class,Sedan,Hybrid,50883,299261,14.0,1.53,0.8,0.15,2,1277
Porsche,2018,3,Brazil,718,,PETROL,102690,367003,29.0,1.18,3.07,10.6,9,207
Mercedes-Benz,2021,5,Spain,GLE,SUV,Hybrid,68574,188018,31.0,1.83,1.75,3.33,7,112
Mercedes-Benz,2019,2,Japan,S-Class,Sedan,Diesel,85193,417580,11.0,1.55,0.99,0.36,1,730
Toyota,2015,4,Japan,Yaris,Sedan,Petrol,27259,620913,48.0,1.46,1.23,0.19,7,268
Porsche,2015,9,,Panamera,Sedan,Electric,96485,99031,26.0,1.85,1.74,4.71,5,242
Mercedes-Benz,2018,12,Canada,C-Class,Sedan,Electric,68563,394325,14.0,1.22,2.61,3.8,3,1259
Tesla,2023,2,Italy,Model Y LR,Electric,Electric,78798,229182,7.0,1.79,1.34,3.57,9,189
Volkswagen,2021,3,Canada,Polo,Sedan,Diesel,60115,148361,83.0,1.27,2.05,3.93,7,2365
BMW,2020,10,UK,iX,Suv,Hybrid,57837,168422,371.0,1.772094822626279,1.7375823015888914,4.843266287460981,1,811
Tesla,2024,2,China,Semi,Electric,ELECTRIC,81717,298265,29.0,1.05,6.3,3.62,1,1309
Mercedes-Benz,2022,10,China,GLS,SUV,Electric,128635,481568,28.0,1.03,6.41,3.53,4,760
Porsche,2022,10,Italy,Cayenne,SUV,Hybrid,1627822,332646,6.0,1.8,0.58,3.28,1,139
Ford,2021,8,Italy,Edge,SUV,Electric,62538,688597,13.0,1.81,1.35,3.5,7,2478
Audi,2018,8,Canada,Q7,SUV,Petrol,,531763,30.0,1.29,2.03,4.11,7,745
Volkswagen,2016,10,France,Golf,Sedan,Electric,43846,146829,33.0,1.74,1.59,3.65,5,1850
Tesla,2023,2,Canada,Model X Plaid,Electric,Electric,125549,130212,0.0,1.26,2.12,4.18,6,1578
Porsche,2020,3,UK,911,Sedan,Petrol,175454,323807,7.0,1.76,1.38,5.0,7,168
Mercedes-Benz,2022,6,Mexico,S-Class,Sedan,Petrole,128159,391402,52.0,1.0,1.68,11.16,4,
Volkswagen,2022,2,Mexico,T-Roc,SUV,Hybrid,32648,222617,19.0,1.0,1.72,10.95,2,2273
Ford,2018,10,Netherlands,Escape,SUV,Electric,84544,188467,27.0,2.05,2.47,3.24,3,3143
Mercedes-Benz,2019,4,Netherlands,CLA,Sedan,Electric,37961,274808,35.0,1.93,1.98,3.7,10,638
Mercedes-Benz,2016,2,India,A-Class,Sedan,Petrol,67447,279868,29.0,0.98,7.04,6.5,9,716
Audi,2020,11,Japan,A4,Sedan,Diesel,47402,433696,25.0,1.54,1.22,-0.19,8,1049
Audi,2018,2,Netherlands,A3,Sedan,Diesel,94898,386990,28.0,2.06,2.22,3.79,10,1070
Mercedes-Benz,2015,8,Spain,CLA,Sedan,Hybrid,101329,325742,10.0,1.67,0.9,3.57,1,239
Mercedes-Benz,2024,2,Spain,EQS,Electric,Hybrid,66444,542570,22.0,1.68,0.9,3.75,2,740
Volkswagen,2019,7,Australia,Passat,Sedan,,32632,182107,54.0,1.54,2.52,4.04,1,51
Toyota,2020,8,Italy,Highlander,SUV,Electric,24989,635762,50.0,1.75,,3.35,2,267
Audi,2024,9,Canada,Q7,SUV,Petrol,111773,149839,54.0,1.31,2.23,3.77,9,492
Toyota,2018,7,Canada,C-HR,suv,Petrol,32338,272417,78.0,1.33,2.29,4.12,8,665
Tesla,2018,11,Spain,Model X Plaid,Electric,Electric,39031,27308,17.0,1.73,1.69,3.8,3,?
Mercedes-Benz,2023,11,usa,GLS,SUV,Hybrid,125448,527331,22.0,0.99,2.44,4.44,4,223
Tesla,2019,4,Spain,Model 3,Electric,Electric,129402,217796,22.0,1.84,0.84,3.77,10,1346
BMW,2016,2,UK,7 Series,Sedan,Petrol,,395452,101.0,1.7634701202937544,1.3009635669468165,5.124903253187169,4,231
Audi,2018,11,Canada,A4,Sedan,Petrol,36726,240291,29.0,1.27,1.71,4.29,2,737
Porsche,2018,6,France,Panamera Sport,Sedan,Electric,110981,269547,26.0,1.73,1.85,3.56,8,483
Tesla,2021,3,Australia,Model S Plaid,Electric,Electric,63236,266933,15.0,1.55,2.97,4.11,7,2135
Toyota,2021,6,Italy,Land Cruiser,SUV,Petrol,86866,122923,18.0,1.82,1.37,3.55,3,2420
Tesla,2020,5,Canada,Model X,Electric,Electric,90221,204733,23.0,1.27,,3.99,10,1651
Volkswagen,2023,1,Canada,ID.3,Electric,Diesel,26460,270587,63.0,1.33,1.81,3.79,1,301
Ford,2016,6,Mexico,Edge,SUV,Electric,48989,386228,11.0,1.03,2.01,11.15,10,3526
Volkswagen,2018,2,China,Tiguan,SUV,Hybrid,50138,587913,84.0,1.02,5.89,3.46,9,815
Ford,2016,10,Australia,Expedition,SUV,Hybrid,65677,218585,90.0,1.56,2.99,4.01,3,1427
Mercedes-Benz,2017,9,China,S-Class,Sedan,Hybrid,83893,,25.0,1.09,6.09,3.25,7,1180
Ford,2019,10,Brazil,Mustang Mach-E,Electric,Petrol,85040,623627,83.0,1.3,3.77,10.42,7,636
Mercedes-Benz,2015,12,Australia,A-Class,Sedan,Electric,35581,457023,42.0,1.54,3.24,4.36,3,763
Audi,2022,7,USA,e-tron,Electric,Electric,41171,465576,36.0,0.93,2.54,4.37,10,238
Porsche,2022,7,Mexico,Cayenne Coupe,SUV,Petrol,160826,269945,22.0,1.12,2.3,10.99,8,118
Porshe,2023,12,France,718,Sedan,Hybrid,172842,102117,19.0,1.84,1.28,3.62,5,321
Tesla,2018,8,Italy,Cybertruck,Electric,Electric,66509,207273,10.0,1.84,0.89,3.78,4,1388
Audi,2017,1,India,Q7,SUV,Petrol,107113,57178,4.0,0.99,6.53,6.78,1,576
Volkswagen,2024,7,Canada,Polo,Sedan,Petrol,67014,108677,73.0,1.24,1.99,3.91,1,1745
Volkswagen,2016,1,UK,Polo,Sedan,ELECTRIC,72280,449200,45.0,1.93,1.93,5.13,9,2613
Mercedes-Benz,2022,1,France,GLE,SUV,Diesel,72238,256350,18.0,1.82,2.07,3.31,2,877
Tesla,2020,12,Australia,Semi,Electric,Electric,47979,39135,11.0,1.65,3.24,4.29,3,637
Toyota,2019,8,Canada,Corolla,Sedan,Petrol,54661,652514,45.0,1.25,2.41,3.87,7,177
Toyota,2016,12,Brazil,Prius,Hybrid,Electric,56742,182682,37.0,1.19,3.85,10.73,2,2901
Ford,2019,6,USA,Escape,SUV,Electric,72522,97726,32.0,0.94,2.91,4.66,7,2593
Toyoda,2022,4,USA,Corolla,Sedan,Electric,,560688,10.0,0.89,2.54,4.35,10,425
Ford,2024,4,Frnce,Escape,SUV,Petrol,28429,572452,76.0,1.77,2.0,3.25,5,887
Tesla,2023,8,France,  Model X Plaid  ,Electric,Electric,101098,38713,9.0,1.84,1.62,3.32,4,484
bmw,2019,12,India,5 Series,SUV,Diesel,108762,297677,68.0,0.9626749940945536,6.836604278193921,6.280648806163384,7,367
Toyota,2021,8,Netherlands,Supra,Sedan,Hybrid,57044,477194,35.0,1.99,1.94,3.62,8,999
Toyota,2020,1,India,Supra,Sedan,Electric,49043,74557,99.0,1.12,6.52,6.52,6,1547
Tesla,2016,8,Netherlands,Cybertruck,Electric,Electric,,271947,5.0,1.95,1.69,3.22,8,2112
Toyota,2018,2,Germnay,Yaris,Sedan,Petrol,59748,697840,35.0,1.97,1.88,3.29,1,
Porsche,2016,9,UK,Cayenne,SUV,Petrol,101019,299841,24.0,1.92,1.2,4.77,7,308
Volkswagen,2022,11,Mexico,ID.3,Electric,Hybrid,46426,535447,28.0,1.0,2.14,11.12,7,660
Tesla,2015,5,France,Semi,Electric,Electric,85205,222192,12.0,1.72,1.78,3.42,8,2457
Mercedes-Benz,2016,12,Mexico,EQS,Electric,Petrol,123826,70003,31.0,1.06,1.98,11.0,4,47
BMW,2021,10,Australia,5 Series,SUV,Diesel,106833,90870,213.0,1.553949922303398,2.7058412100367684,4.017151771638637,1,495
Porsche,2018,9,USA,Macan,SUV,Electric,100761,150629,23.0,0.97,2.14,4.37,8,264
Toyota,2019,2,China,bZ4X,Electric,Electric,33683,486594,18.0,1.17,6.01,3.75,8,484
Audi,2017,5,Germany,A3,Sedan,Petrol,63786,155806,38.0,1.91,1.31,3.02,2,1193
Ford,2023,7,Canada,Ranger,SUV,Electric,24411,684194,12.0,1.38,2.34,4.25,7,
Audi,2017,7,India,TT,Sedan,Electric,40318,428416,18.0,1.11,6.59,6.37,6,542
Mercedes-Benz,2017,10,Italy,S-Class,Sedan,Electric,106433,90026,5.0,1.83,,3.45,9,291
Mercedes-Benz,2019,12,USA,EQS,Electric,Diesel,91403,305678,26.0,0.92,2.6,4.55,7,1232
BMW,2015,11,China,X1,Sedan,Electric,78459,377329,93.0,1.0888087498404406,6.080467600993696,3.283518020807417,2,576
Tesla,2016,5,UK,Cybertruck,Electric,ELECTRIC,87199,290594,36.0,1.77,1.04,5.07,6,1535
Toyota,2021,5,Netherlands,Supra,Sedan,Hybrid,68743,287453,21.0,1.95,2.24,3.23,10,749
Ford,2024,5,US,Escape,SUV,Electric,36023,315652,55.0,0.89,2.91,4.61,4,794
Audi,2019,8,China,A6,Sedan,Petrol,111852,440919,51.0,1.18,6.26,3.51,9,853
Porsche,2023,2,India,Taycan,Electric,Hybrid,,106751,28.0,1.0,7.15,6.31,10,262
Ford,2024,11,India,Explorer,SUV,Electric,52473,661962,81.0,1.14,6.73,6.4,4,2743
Ford,2022,4,Australia,Explorer,SUV,Hybrid,46596,,117.0,,3.15,4.04,2,2800
BMW,2016,11,France,3 Series,Electrc,Electric,55977,481888,146.0,1.7273201807302343,1.7077521222527228,3.3771808865430994,10,600
Audi,2016,1,Germany,Q3,SUV,Electric,54885,449291,19.0,1.92,2.27,2.92,4,247
BMW,2022,9,Canada,i7,SUV,Electric,44196,355126,43.0,1.2694554078061016,2.666417385866408,4.034625295750026,9,247
Volkswagen,2022,4,India,Touareg,SUV,Diesal,23268,356277,61.0,,7.23,6.51,10,1810
Audi,2021,3,Netherlands,A6,Sedan,Electric,69460,529465,18.0,2.07,2.54,3.6,5,825
Ford,2022,12,India,Explorer,SUV,Hybrid,38372,796640,73.0,0.99,7.34,6.51,3,2368
Audi,2023,8,Mexico,Q8,SUV,Petrol,56303,398313,53.0,1.18,,11.23,1,229
Ford,2024,7,Brazil,Ranger,SUV,Hybrid,57060,544330,47.0,1.2,3.2,10.25,8,295
Volkswagen,2015,1,Canada,ID.3,Electric,Electric,58981,320239,29.0,1.32,2.66,4.04,3,561
Mercedes-Benz,2017,10,Germany,GLE,SUV,Diesel,107061,118688,63.0,1.93,2.08,2.91,3,508
Tesla,2024,6,France,Model Y LR,Electric,Electric,67310,233598,35.0,1.78,1.48,3.42,10,2284
Porsche,2023,2,Italy,Panamera,Sedan,Petrol,144040,129883,10.0,1.79,0.86,3.41,6,357
Tesla,2015,11,Spain,Semi,Electric,Electric,72847,262380,37.0,1.7,0.88,3.35,6,1151
Toyota,2018,2,Netherlands,Prius,Hybrid,Hybrid,50786,395302,67.0,2.01,2.25,3.73,9,2874
Tesla,2016,2,Germany,Model S Plaid,Electric,Electric,99074,191195,13.0,1.83,1.49,3.05,10,80
Toyota,2016,11,Netherlands,Supra,Sedan,Petrol,43185,466483,20.0,1.99,2.26,3.53,8,323
Volkswagen,2021,8,USA,ID.4,Electric,Electric,60682,393388,16.0,0.99,2.32,4.68,7,2104
Volkswagen,2023,7,Australia,Golf,Sedan,Diesel,5710836,,55.0,1.5,2.85,4.05,6,648
Ford,2017,9,Germany,Mustang Mach-E,Electric,Electric,92517,513344,81.0,1.92,1.64,3.03,5,3423
Mercedes-Benz,2021,10,Brazil,CLA,Sedan,,105285,185401,29.0,1.28,,10.67,9,364
Volkswagen,2015,12,Mexico,T-Roc,SUV,electric,20504,137463,48.0,1.1,2.31,11.14,4,2097
Porsche,2018,10,France,Taycan,Electric,Petrol,148899,374750,24.0,1.73,1.9,3.77,2,114
Tesla,2016,8,Japan,Model S Plaid,Electric,Electric,113743,160632,15.0,1.47,1.29,0.18,2,1714
BMW,2018,6,Canada,5 Series,SUV,Electric,55746,262235,212.0,1.24752750879848,2.372135547405879,4.156971769197231,7,679
Volkswagen,2022,10,UK,ID.3,Electric,Hybrid,39431,,31.0,1.77,1.42,5.26,5,2700
Ford,2023,4,UK,Edge,SUV,Electric,35435,313784,62.0,1.79,1.58,4.89,3,1406
BMW,2022,2,UK,i4,Electric,Diesel,84593,73331,345.0,1.85461956883403,1.5538542844013208,5.281581521371459,9,956
Ford,2020,8,Australia,Mustang,Sedan,Hybrid,76878,287729,76.0,1.63,3.2,4.27,7,2304
Mercedes-Benz,2016,10,Netherlands,GLS,SUV,Hybrid,73343,448980,60.0,2.08,1.79,3.51,6,542
Mercedes-Benz,2022,5,USA,EQS,Electric,Petrol,118307,281412,33.0,1.06,2.28,4.39,5,110
Ford,2022,4,USA,Expedition,SUV,HYBRID,88590,389483,37.0,1.0,2.8,4.52,10,-149
Ford,2021,6,Spain,Mustang,Sedan,Petrol,56150,70649,57.0,1.66,1.03,3.69,3,2818
Tesla,2017,2,Netherlands,Model Y LR,Electric,Electric,60736,158108,27.0,1.97,1.68,3.21,3,1166
Porsche,2020,11,Spain,Panamera,Sedan,Electric,77067,281456,11.0,1.66,1.23,3.76,10,215
Toyota,2018,10,Italy,Land Cruiser,SUV,Electric,39362,651570,48.0,1.81,1.49,3.52,5,2819
Ford,2018,7,Spain,Bronco,SUV,Hybrid,71871,,53.0,1.81,1.13,3.72,7,1105
Porsche,2018,9,France,Macan EV,Electric,Hybrid,82668,161075,23.0,1.83,1.69,3.33,1,285
Audi,2019,5,Mexico,RS6,Sedan,Petrol,62379,490772,11.0,1.11,1.99,10.87,8,162
BMW,2022,1,India,iX,Sedan,Electric,100756,223364,,0.9660229692769352,6.839450192542806,6.688895068247907,1,517
Ford,2019,4,China,Edge,SUV,Hybrid,66184,445622,103.0,1.0,6.36,3.46,7,1293
Toyota,2022,1,Mexico,Highlander,SUV,Petrol,33967,306215,97.0,1.11,2.28,10.97,1,1842
Mercedes-Benz,2017,4,China,A-Class,Sedan,Petrol,111024,95548,46.0,1.11,6.41,3.27,9,752
Audi,2024,3,Australia,e-tron,Electric,Hybrid,46073,459650,23.0,1.68,3.33,4.33,7,365
Frod,2017,12,China,Bronco,SUV,Petrol,39815,381958,56.0,1.1,6.39,3.43,1,445
Volkswagen,2015,5,Netherlands,ID.3,Electric,Petrol,44244,475040,77.0,2.0,1.61,3.67,3,2485
Tesla,2019,1,Germany,Model X Plaid,Electric,Electric,81282,255662,37.0,,2.23,2.8,1,1081
BMW,2020,4,India,X7,Sedaan,Diesel,46049,369064,21.0,1.0925242666197026,6.802930905640429,6.395177080413819,9,96
Mercedes-Benz,2023,6,India,E-Class,Sedan,Hybrid,43223,512981,45.0,1.1,6.86,6.73,2,
Audi,2020,3,Canada,A4,Sedan,Electric,32492,161673,5.0,1.33,1.85,4.22,5,909
Audi,2016,10,Italy,Q8,SUV,Electric,100680,233258,36.0,1.9,1.04,3.34,8,202
Tesla,2017,12,Brazil,Cybertruck,Electric,Electric,85792,73281,20.0,1.1,3.86,10.21,4,32
Porsche,2015,4,Canada,Panamera Sport,Sedan,Electric,105544,183857,19.0,1.27,2.29,4.13,5,27
Mercedes-Benz,2015,3,USA,GLE,,Petrol,109565,347458,22.0,0.88,2.64,4.33,8,859
Ford,2017,9,Japan,Ranger,SUV,Hybrid,56797,370275,60.0,1.53,1.29,-0.01,5,1525
Mercedes-Benz,2021,7,India,GLE,SUV,DIESEL,45306,379946,33.0,1.05,6.51,6.32,2,816
Toyota,2022,1,Mexico,RAV4,SUV,Electric,70590,230007,15.0,1.12,2.15,11.18,1,2044
Toyota,2015,3,Spain,Prius,Hybrid,Hybrid,76150,571544,54.0,1.73,1.5,3.51,7,1603
Audi,2015,4,Spain,A6,Sedan,Electric,66923,404813,56.0,1.65,1.14,3.8,3,1073
Tesla,2024,8,India,Model X Plaid,Electric,Electric,87253,171239,18.0,0.95,6.72,6.37,5,472
Tesla,2024,12,USA,Model S,Electric,Electric,62731,273733,15.0,0.94,2.03,4.34,10,2003
BMW,2024,6,China,X3,Sedan,Diesel,80039,269631,109.0,1.003574786946683,5.7336077510499095,3.225255913781817,10,542
Tesla,2018,7,USA,Semi,Electric,Electric,99641,123650,3.0,1.01,2.36,4.41,7,1445
Volkswagen,2019,7,Japan,Golf,SEDAN,Diesel,49233,141312,72.0,1.54,0.95,-0.13,10,2415
Ford,2017,12,Italy,Mustang Mach-E,Electric,Hybrid,57268,177600,68.0,1.87,0.89,3.31,9,3487
Mercedes-Benz,2022,9,Spain,GLC,SUV,Petrol,53802,100045,58.0,1.84,1.79,3.61,1,1105
Tesla,2024,1,Italy,Model X Plaid,Electric,Electric,110321,100592,21.0,1.79,1.29,3.57,7,87
Mercedes-Benz,2015,5,USA,GLE,S U V,Diesel,54592,201048,35.0,0.88,2.17,4.36,4,429
Ford,2016,11,USA,F-150,SUV,Electric,67136,759715,64.0,0.97,2.78,4.65,10,2022
Volkswagen,2019,8,Mexico,Polo,Sedan,Hybrid,,588498,40.0,1.04,1.76,11.24,1,1482
BMW,2024,2,UK,7 Series,Sedan,Electric,59846,134523,34.0,1.7529089331335763,1.2129641615089106,4.781822885352062,7,341
Porsche,2022,2,Australia,Cayenne Coupe,suv,,197096,388914,24.0,1.56,2.7,4.4,6,477
Toyota,2024,2,Brazil,Corolla,Sedan,Petrol,19263,456141,68.0,1.11,3.18,10.56,9,1771
Toyota,2023,12,Spain,Camry,Sedan,Hybrid,79179,255937,40.0,1.7,1.23,3.67,8,2691
Porsche,2017,6,Brazil,Panamera Sport,Sedan,Petrol,192004,228907,14.0,1.14,3.72,10.6,6,253
Mercedes-Benz,2018,4,UK,GLE,SUV,Electric,113942,90355,49.0,1.81,1.29,5.08,5,1109
Volkswagen,2017,7,Canada,ID.4,Electric,Hybrid,70351,377374,43.0,1.31,1.9,3.92,4,2474
BMW,2015,5,USA,7 Series,SUV,Diesel,109024,489978,39.0,1.0253193705583483,2.1855255157031213,4.721173900773366,9,493
Tesla,2021,10,Canada,Model 3,Electric,Electric,,19202,24.0,1.25,2.14,4.19,8,799
Audi,2023,2,Canada,A6,Sedan,,38393,252188,48.0,1.26,2.44,4.24,1,
Toyota,2019,6,UK,bZ4X,Electric,Electric,18811,272548,54.0,1.79,1.94,4.81,2,2849
Audi,2019,3,UK,TT,sedan,Diesel,72361,418293,45.0,1.87,,4.82,10,945
Volkswagen,2019,11,China,Passat,Sedan,Hybrid,70083,537501,74.0,1.06,6.35,3.48,10,2684
Porsche,2023,4,India,Panamera,Sedan,Hybrid,105772,175785,5.0,1.0,7.49,6.74,9,327
BMW,2023,2,Germany,i7,Sedan,Hybrid,100524,187799,16.0,1.8221263473910407,1.6420817487159076,3.192754382803208,5,344
Porsche,2023,5,USA,911,Sedan,Electric,145524,104931,20.0,0.92,2.75,4.31,9,246
BMW,2020,7,UK,X3,Sedan,Petrol,105211,333895,335.0,1.7854020968553497,1.1689350630721649,4.867154203419175,9,773
Audi,2016,8,France,Q8,SUV,Electric,40314,229453,25.0,1.82,1.91,3.42,8,37
Tesla,2015,3,USA,Cybertruck,Electric,Electric,111836,63321,14.0,1.01,2.54,4.38,6,340
Mercedes-Benz,2023,3,France,EQS,Electric,Electric,43970,144418,31.0,1.78,,3.55,10,528
Toyota,2015,1,USA,Camry,Sedan,Electric,24706,622445,70.0,0.89,2.99,4.51,5,2632
Porsche,2017,11,Canada,Macan,SUV,Electric,75197,195468,24.0,1.21,2.29,3.8,8,209
Ford,2018,2,China,Edge,SUV,Hybrid,53127,781354,83.0,1.08,5.72,3.39,10,3414
Mercedes-Benz,2019,2,France,CLA,Sedan,Diesel,67012,263477,37.0,1.75,1.34,3.32,5,20
BMW,2023,1,Germany,5 Series,SUV,Hybrid,79950,308667,137.0,1.941371468769524,1.3055221171236024,3.1892768570729007,8,673
Audi,2016,3,Canada,Q7,SUV,Hybrid,,106821,14.0,1.28,1.9,4.07,6,1198
Mercedes-Benz,2015,1,India,GLC,SUV,Diesel,87008,516365,52.0,0.99,7.17,6.33,4,244
Tesla,2024,1,Australia,Semi,Electric,Electric,42967,37210,5.0,1.59,2.79,4.43,5,1093
Audi,2017,7,Canada,Q5,SUV,Diesel,80798,471966,19.0,1.35,1.82,4.11,4,698
Toyota,2018,2,China,Camry,Sedan,Hybrid,19203,,65.0,1.04,6.22,3.53,7,2084
Ford,2017,5,Italy,Ranger,SUV,Petrol,67519,643318,37.0,1.93,0.62,3.62,7,2885
Audi,2017,11,Australia,Q7,SUV,Petrol,60988,308354,54.0,1.62,3.0,4.46,4,62
Audi,2015,2,USA,A4,Sedan,Hybrid,82258,294965,9.0,0.95,2.89,4.53,2,346
Audi,2024,9,Italy,A6,Sedan,Diesel,100655,467270,49.0,1.92,0.99,3.43,2,967
Toyota,2021,10,Japan,Prius,Hybrid,Petrol,58489,223909,44.0,1.45,1.56,0.11,7,2724
Mercedes-Benz,2018,12,UK,E-Class,Sedan,Hybrid,78450,139897,64.0,1.9,1.13,4.82,2,287
BMW,2021,1,australia,i7,Electric,Petrol,78258,298003,40.0,1.631356020944859,2.9978125080342903,4.013284219973978,1,505
Porsche,2022,9,Spain,Panamera Sport,Sedan,Petrol,190073,300939,27.0,1.66,1.62,3.32,9,84
TOYOTA,2021,8,Spain,Camry,Sedan,Petrol,68457,403092,68.0,1.84,1.23,3.27,7,2448
Mercedes-Benz,2016,3,UK,CLA,Sedan,Diesel,103743,370532,,1.88,1.31,4.96,5,665
Mercedes-Benz,2018,7,Canada,CLA,Sedan,Petrol,112417,127291,56.0,1.24,2.65,3.94,5,1168
BMW,2015,6,India,7 Series,SUV,Petrol,103472,407092,121.0,0.9949209645879964,7.237501248109749,6.471330764533884,9,313
Porsche,2021,4,India,Macan EV,Electric,Petrol,130041,152559,2.0,1.01,6.74,6.58,2,281
Porsche,2018,8,Japan,Panamera Sport,Sedan,Electric,127275,196751,11.0,1.47,1.04,-0.05,5,496
Audi,2022,5,China,A4,Sedan,Diesel,57793,549579,44.0,1.07,5.92,3.57,8,744
Toyota,2024,4,Australia,C-HR,SUV,Electric,71758,,69.0,1.68,3.08,4.11,7,2310
Volkswagen,2022,4,UK,Touareg,SUV,Diesel,22900,169520,35.0,1.76,1.72,4.75,6,1765
Tesla,2016,1,USA,Model 3 LR,Electric,Electric,,282155,2.0,0.93,2.43,4.55,1,66
Ford,2021,4,australia,F-150,SUV,Petrol,76949,467823,16.0,1.57,2.54,4.16,9,1903
Toyota,2023,12,Germany,Prius,Hybrid,Petrol,47397,273387,19.0,1.86,1.6,3.1,9,1652
Porsche,2019,11,USA,Cayenne,SUV,Petrol,157333,375790,20.0,1.06,2.02,4.64,1,218
Mercedes-Benz,2015,9,Germany,GLE,SUV,Petrol,36821,369932,28.0,,1.88,2.71,5,
Audi,2020,3,Italy,Q8,SUV,Petrol,65336,147466,37.0,1.88,0.99,3.22,4,821
Volkswagen,2023,4,UK,Golf,Sedan,Diesal,34757,464162,77.0,1.84,1.57,5.1,1,2703
BMW,2022,10,China,3 Series,SUV,Hybrid,113929,497603,24.0,,6.228861442269947,3.2572395663879266,8,324
Porsche,2018,5,Spain,Panamera Sport,Sedan,Electric,140033,197377,15.0,1.68,1.17,3.26,10,306
Audi,2022,6,Spain,A3,Sedaan,Diesal,40956,517862,19.0,1.72,1.19,3.78,5,633
Volkswagen,2020,7,Japan,Passat,Sedan,Electric,27557,577726,54.0,1.59,1.1,-0.07,2,1335
Tesla,2022,7,UK,Model 3,Electric,Electric,73417,83298,36.0,1.95,1.94,4.98,5,257
Toyota,2023,1,,Land Cruiser,SUV,Electric,49244,418396,97.0,1.76,1.55,3.71,5,2948
Porsche,2018,7,Canada,Cayenne Coupe,SUV,Petrol,177241,382414,8.0,1.3,2.45,3.88,9,344
BMW,2019,1,Australia,iX,SUV,Hybrid,57490,50363,320.0,1.509060801954409,3.115850098052217,4.331056190520586,3,1049
Volkswagen,2017,1,India,Arteon,Sedan,Petrol,34767,572360,18.0,1.1,6.75,6.25,7,379
Ford,2017,7,Japan,F-150 Lightning,Electric,Petrol,82753,342100,53.0,1.43,1.01,-0.01,3,863
Audi,2018,11,France,e-tron,Electric,Diesal,71146,267179,16.0,1.84,1.53,3.67,3,81
Toyota,2020,6,Spain,Highlander,SUV,,89632,137442,63.0,1.72,1.49,3.73,9,2663
Porsche,2018,4,Mexico,Panamera Sport,Sedan,Electric,143387,364078,15.0,1.13,1.6,11.19,6,494
Ford,2024,4,Brazil,F-150 Lightning,Electric,Hybrid,69016,112062,27.0,1.3,3.44,10.54,1,2520
Audi,2016,12,China,A6,Sedan,Petrol,63221,305594,23.0,1.09,6.25,3.4,5,321
Toyota,2023,3,Mexico,Yaris,Sedan,Hybrid,89048,500115,77.0,1.15,1.51,11.08,5,2949
Ford,2022,10,France,  Bronco  ,SUV,Hybrid,27817,57653,89.0,1.87,1.11,3.27,8,3826
Tesla,2021,10,France,Model 3 LR,Electric,Electric,76848,206800,22.0,1.84,1.75,3.32,10,711
Ford,2023,9,Australia,Mustang Mach-E,Electric,Hybrid,64768,581898,19.0,1.64,3.11,4.15,6,2878
Toyota,2017,5,USA,Supra,Sedan,,54361,195254,88.0,0.94,2.67,4.36,9,501
Toyota,2018,4,UK,Prius,Hybrid,Petrol,39037,530138,55.0,1.92,1.58,5.25,5,528
Toyota,2018,9,Italy,Camry,Sedan,Electric,83006,369671,50.0,1.77,1.21,3.4,9,2295
Volkswagen,2024,3,China,Arteon,Sedan,,52833,222456,76.0,,6.27,3.28,3,2100
Volkswagen,2022,3,UK,Tiguan,SUV,Electric,67025,492540,10.0,1.88,1.9,4.77,1,129
Tesla,2016,7,Italy,Model S Plaid,Electric,Electric,109964,277182,11.0,1.79,0.77,3.41,9,2080
Mercedes-Benz,2015,5,UK,E-Class,Sedan,Diesel,70796,460465,28.0,1.76,1.6,5.22,7,442
Ford,2023,12,Japan,Mustang Mach-E,Electric,Electric,47369,430970,115.0,1.46,1.5,-0.13,3,3047
Porsche,2023,1,Australia,911,Sedan,Petrol,81344,,5.0,1.56,2.85,4.01,3,435
Tesla,2024,12,UK,Model Y LR,Electric,Electric,113183,41938,27.0,1.87,1.59,4.82,6,1034
Toyota,2019,5,Canada,C-HR,SUV,Hybrid,75163,665787,90.0,1.32,2.11,4.19,9,998
Mercedes-Benz,2015,1,Spain,S-Class,Sedan,Petrol,64109,580514,43.0,1.71,1.23,3.73,4,49
Porsche,2024,5,Spain,GTS,Sedan,Hybrid,117421,398925,2.0,1.7,1.08,3.41,8,155
Tesla,2019,3,USA,Model Y,Electric,Electric,90231,116666,20.0,0.89,2.89,4.32,5,1563
Tesla,2017,10,Brazil,Model 3 LR,Electric,Electric,57682,162926,31.0,1.25,3.39,10.77,8,639
TESLA,2024,6,Germany,Model 3,Electric,Electric,91133,265696,21.0,1.86,1.66,2.93,4,1663
Mercedes-Benz,2023,8,Australia,E-Class,Sedan,Diesel,105861,378480,51.0,1.55,3.26,4.17,9,568
Tesla,2024,8,Spain,Model S Plaid,Electric,,94646,,34.0,1.81,1.0,3.58,10,652
Tesla,2021,8,India,Model S Plaid,Electric,Electric,87460,95364,7.0,1.04,7.36,6.72,10,468
BMW,2021,4,China,i7,Sedan,Electric,110483,427411,225.0,1.1611850800235244,6.37797432044507,3.72083401406447,3,641
Volkswagen,2018,5,Japan,Passat,Sedan,Petrol,60002,221523,19.0,1.51,1.02,-0.19,2,2232
Ford,2018,8,Netherlands,Escape,SUV,Petrol,87723,69689,70.0,2.06,2.31,3.43,9,2439
Mercedes-Benz,2016,11,UK,CLA,Sedan,Diesel,103894,286805,39.0,1.76,1.8,5.22,8,1085
Porsche,2017,8,Mexico,718,Sedan,Petrol,104529,345917,24.0,1.09,1.76,10.74,3,499
PORSCHE,2023,4,Germany,Cayenne Coupe,SUV,Electric,140392,391852,4.0,1.9,1.81,3.01,9,411
Mercedes-Benz,2020,9,France,S-Class,Sedan,Diesel,87524,63166,9.0,1.88,1.18,3.62,7,1148
Toyota,2017,10,Canada,bZ4X,Electric,Electric,67335,643695,58.0,1.36,1.99,3.88,8,1534
Porsche,2019,6,USA,Macan EV,Electric,Petrol,91107,327528,15.0,0.99,2.17,4.74,4,40
Audi,2021,11,Spain,Q7,SUV,Hybrid,53738,355822,35.0,1.8,1.79,3.73,6,487
Toyota,2017,12,Netherlands,bZ4X,Electric,Hybrid,,254657,75.0,1.9,1.62,3.42,6,2222
Volkswagen,2016,8,USA,Arteon,Sedan,Petrol,69129,386004,32.0,0.94,2.7,4.24,9,-371
BMW,2015,5,Brazil,7 Series,SUV,Petrol,110242,495625,285.0,1.2414477268626798,3.696650823876892,10.753499628706376,7,943
Mercedes-Benz,2016,2,USA,GLE,SUV,Electric,113739,495050,18.0,0.89,2.82,4.76,7,309
Audi,2020,2,China,TT,Sedan,Petrol,62452,425642,51.0,1.07,5.73,3.74,7,1061
Volkswagen,2020,11,China,Polo,Sedan,Hybrid,72059,93435,44.0,1.14,6.04,3.38,9,700
Toyota,2021,8,India,bZ4X,Electric,Hybrid,44757,653958,49.0,1.13,7.43,6.78,8,2417
Mercedes-Benz,2021,2,France,CLA,Sedan,Petrol,51817,213820,35.0,1.82,1.91,3.67,3,700
Porsche,2018,1,Mexico,Cayenne,SUV,Hybrid,169662,180150,10.0,1.03,2.06,10.85,5,56
Audi,2022,7,Netherlands,TT,Sedan,Electric,105804,226467,23.0,1.97,2.06,3.51,3,1068
BMW,2021,6,China,X5,Sedan,PETROL,56029,153920,303.0,1.0048383527782712,5.834511288741933,3.215718025119239,9,682
Porsche,2017,9,Australia,718,Sedan,Hybrid,190346,231228,14.0,1.63,2.57,4.5,10,267
B M W,2016,1,Brasil,i7,Sedan,HYBRID,45681,161915,223.0,1.131454641635943,3.1317150285790936,10.719177455345347,9,511
Ford,2018,8,USA,Escape,SUV,Electric,42047,369708,76.0,0.89,2.96,4.78,6,2097
Audi,2018,2,China,Q8,SUV,Electric,4803697,496474,35.0,1.01,5.82,3.42,9,
Ford,2019,3,Japan,Mustang,Sedan,Hybrid,75769,168696,75.0,1.44,0.95,-0.1,5,60
Mercedes-Benz,2017,11,UK,E-Class,Sedan,Diesel,102877,336001,41.0,1.89,,5.2,8,609
Mercedes-Benz,2019,5,Germany,A-Class,Sedan,Petrol,123903,150202,48.0,1.96,1.39,3.22,3,986
Volkswagen,2019,1,Germany,ID.4,Electrc,Petrol,63716,518302,15.0,1.9,2.23,2.7,9,2594
Tesla,2021,10,Germany,Semi,Electric,Electric,51908,214788,8.0,1.98,1.62,2.9,5,2245
Mercedes-Benz,2018,12,Spain,S-Class,Sedan,Diesel,49580,285798,50.0,1.67,0.88,3.44,8,1169
Mercedes-Benz,2022,10,Canada,E-Class,Sedan,Petrol,122690,90361,34.0,1.25,2.31,4.03,9,1188
Mercedes-Benz,2020,10,India,CLA,Sedan,Hybrid,74109,410926,6.0,0.96,7.04,6.37,1,1057
Volkswagen,2023,5,Netherlands,ID.3,Electric,Hybrid,71906,561077,73.0,2.01,2.59,3.27,8,1216
Mercedes-Benz,2020,8,Japan,S-Class,Sedan,Diesel,56218,285702,20.0,1.51,0.83,-0.02,10,430
Ford,2017,10,Canada,Expedition,SUV,Hybrid,58894,466143,82.0,1.25,2.15,3.91,2,2930
BMW,2020,10,China,5 Series,SUV,Petrol,55923,432188,155.0,,6.487722389736032,3.4566638802415173,7,395
BMW,2020,11,India,i7,Sedan,Petrol,109286,71584,273.0,1.008642154339613,7.131837212169799,6.469067313186992,1,911
BMW,2023,5,GERMANY,X3,Sedan,Hybrid,97712,109164,189.0,1.8171017061708936,2.19633581852112,2.7078011541064417,7,432
Mercedes-Benz,2019,3,China,GLS,SUV,Hybrid,123210,267126,34.0,1.06,6.31,3.2,7,1167
Tesla,2019,6,France,Model 3,Electric,Electric,97597,39337,19.0,1.87,1.98,3.24,1,856
BMW,2017,3,Japan,X3,Sedan,Electric,69650,381588,71.0,1.5701163458188483,1.4974260216069282,0.1950711007950553,7,197
Volkswagen,2023,8,USA,Passat,Sedan,Diesel,67693,202392,60.0,0.95,2.86,4.64,2,320
Volkswagen,2021,1,France,ID.4,Electric,Hybrid,34670,371804,,1.88,1.83,3.36,6,148
Tesla,2024,8,India,Model Y LR,Electric,Electric,62423,195061,18.0,1.09,6.72,6.55,5,2412
Audi,2024,8,USA,Q7,SUV,Electric,65898,204293,8.0,1.0,2.55,4.67,5,1128
Volkswagen,2017,8,UK,Taos,SUV,Electric,54932,142962,53.0,1.76,1.04,4.96,7,2226
Porsche,2015,2,Canada,Panamera,Sedan,Hybrid,66982,100139,21.0,1.25,2.5,3.99,6,444
Tesla,2019,1,Brazil,Model S Plaid,Electric,ELECTRIC,50404,243833,28.0,1.15,3.22,10.65,9,349
BMW,2017,6,Brazil,i4,Electric,Hybrid,67924,494958,158.0,1.178491637245896,3.761007923495392,10.423034439841404,5,576
Volkswagen,2019,8,Canada,T-Roc,SUV,Diesel,53723,137578,22.0,1.38,2.31,4.3,2,68
Tesla,2017,9,Germany,Cybertruck,Electric,Electric,70068,176555,7.0,1.82,1.71,2.99,7,1219
Ford,2015,8,UK,Mustang Mach-E,Electric,Electric,33113,99094,58.0,1.87,1.89,5.16,1,793
Ford,2021,11,France,Bronco,SUV,Petrol,59173,208748,89.0,1.74,1.49,3.39,7,3753
Mercedes-Benz,2023,3,Japan,C-Class,Sedan,Petrol,40250,308769,58.0,1.42,1.69,0.37,6,140
Porsche,2022,11,Italy,Macan,SUV,Petrol,85075,223062,3.0,1.82,1.43,3.21,4,241
Audi,2016,4,Canada,A6,Sedan,Hybrid,111390,439556,46.0,1.32,2.54,4.16,5,755
Audi,2017,4,China,A3,Sedan,Petrol,70339,128606,43.0,1.09,6.24,3.49,2,238
Toyota,2023,11,Australia,bZ4X,Electric,Electric,62425,436404,87.0,1.69,2.69,4.08,5,59
Toyota,2022,1,Spain,Highlander,SUV,Hybrid,49302,79384,52.0,1.67,1.65,3.64,5,1574
Ford,2018,3,Japan,Mustang Mach-E,Electric,Hybrid,53897,413582,63.0,1.57,0.81,-0.04,2,1158
Porsche,2018,2,Germany,718,Sedan,Petrol,70752,242930,21.0,1.96,1.63,2.95,4,107
Ford,2016,8,Netherlands,Mustang Mach-E,Electric,Petrol,93560,163797,94.0,1.94,1.89,3.44,6,2952
Toyota,2021,5,Mexico,Corolla,Sedan,Electric,43309,460725,96.0,1.11,2.21,11.15,10,2929
TOYOTA,2019,3,Mexico,Supra,Sedan,Hybrid,55875,47290,52.0,1.08,2.17,11.08,8,1041
BMW,2019,7,China,7 Series,,Petrol,41464,141493,195.0,1.0749105774040244,6.205585862643825,3.613043011095282,6,524
Audi,2024,3,Germany,RS6,Sedan,,114680,112689,49.0,1.81,1.69,3.07,5,608
BMW,2017,10,Japan,3 Series,SUV,Electric,69678,467230,236.0,1.413288768871155,0.8205584164036902,0.341471984371505,6,889
Ford,2020,2,France,Escape,SUV,Petrol,33446,680088,74.0,1.83,1.7,3.72,5,2732
Audi,2023,12,Japan,Q8,SUV,Petrol,41282,210097,26.0,1.41,1.21,-0.15,2,206
BMW,2021,2,Canada,5 Series,Electrc,Electric,43921,258606,327.0,1.20364436513031,1.7693613008751656,3.760466800826456,3,906
Porsche,2019,5,Spain,Panamera Sport,Sedan,Petrol,162244,348546,28.0,1.84,1.66,3.6,8,157
Mercedes-Benz,2016,11,Japan,GLE,SUV,Electric,120460,554355,51.0,1.43,0.72,0.03,8,312
Volkswagen,2018,2,USA,Polo,Sedan,Diesel,56382,501186,64.0,0.99,2.29,4.53,5,539
Ford,2018,1,Australia,Bronco,SUV,Petrol,45001,311014,110.0,1.59,3.12,4.26,2,3971
Toyota,2017,11,USA,Supra,Sedan,Hybrid,33601,539375,58.0,0.96,2.21,4.37,9,1016
BMW,2015,1,Canada,X5,Sedan,Hybrid,67167,210185,139.0,1.211568889889432,2.447444406596694,3.984285897038768,8,380
Audi,2021,1,China,A3,Sedan,Electric,51187,225192,37.0,1.07,6.25,3.53,4,1035
Ford,2015,9,Australia,Bronco,SUV,Hybrid,80213,565205,93.0,1.6,2.93,4.46,7,163
Mercedes-Benz,2021,5,Australia,CLA,Sedan,Electric,94585,126876,9.0,1.61,2.69,4.44,2,1184
Toyota,2020,9,,Prius,Hybrid,Hybrid,84231,113277,63.0,1.29,1.77,3.71,5,2199
Mercedes-Benz,2017,8,Italy,EQS,Electric,Electric,57335,125041,40.0,1.82,0.88,3.24,1,
Tesla,2016,11,Germany,Cybertruck,Electric,Electric,88738,294720,33.0,1.88,1.92,2.77,9,1050
Toyota,2024,8,Netherlands,Camry,Sedan,Electric,58363,"$274,582",61.0,1.92,2.04,3.37,7,809
BMW,2015,10,Australia,X1,SUV,Electric,42349,258886,119.0,1.6317415551001753,2.6821179156886994,4.423819104285488,2,372
Volkswagen,2024,5,Netherlands,ID.4,Electric,Petrol,22077,138477,78.0,2.02,1.76,3.64,8,2609
Mercedes-Benz,2020,3,Japan,GLC,SUV,Petrol,121833,331552,52.0,1.43,1.68,0.38,8,193
Mercedes-Benz,2015,1,France,A-Class,Sedan,Electric,40034,439771,29.0,1.89,1.75,3.25,9,1197
Porsche,2018,1,Spain,Panamera,Sedan,Electric,197401,155699,28.0,1.75,0.85,3.4,10,326
Tesla,2019,3,India,Model S,Electric,Electric,84352,30649,15.0,1.03,6.66,6.72,4,908
Mercedes-Benz,2022,6,Australia,S-Class,Sedan,Hybrid,41573,,27.0,1.51,2.53,4.11,2,573
Porsche,2015,5,India,Cayenne,SUV,Petrol,147876,243162,20.0,1.11,6.82,6.38,1,122
Audi,2023,4,France,Q3,SUV,Hybrid,61360,421044,30.0,1.88,1.72,3.45,3,51
Volkswagen,2015,12,Netherlands,ID.4,Electric,Petrol,74236,273360,73.0,1.98,2.09,3.28,5,600
Toyota,2022,5,Australia,Land Cruiser,SUV,Petrol,79759,475780,76.0,1.52,2.54,4.01,10,264
Toyota,2024,10,Spain,Supra,Sedan,Petrol,55011,690163,31.0,1.69,1.23,3.59,7,2180
BMW,2021,8,australia,3 Series,Electric,Diesel,118658,82940,59.0,1.6989638587931903,2.6969257044534283,4.520857886217099,5,496
Volkswagen,2024,6,Spain,T-Roc,SUV,Petrol,34431,80426,12.0,1.75,0.84,3.71,2,706
Volkswagen,2024,1,Italy,Tiguan,SUV,Diesel,53423,512785,9.0,,,3.53,4,601
Mercedes-Benz,2017,8,India,CLA,Sedan,Hybrid,129225,430791,55.0,0.97,7.27,6.22,9,551
Audi,2023,3,NETHERLANDS,A3,Sedan,Diesel,,115696,19.0,2.02,1.9,3.63,1,1065
Porsche,2024,6,India,Taycan,Electric,Petrol,87770,181404,16.0,1.1,6.69,6.34,3,287
Toyota,2023,3,Japan,Land Cruiser,SUV,Hybrid,84215,541200,59.0,1.58,0.81,0.34,3,793
Toyota,2020,5,australia,Corolla,Sedan,Hybrid,80310,377496,65.0,1.62,3.47,4.12,2,942
Tesla,2019,3,USA,Cybertruck,Electric,Electric,52173,,12.0,0.91,2.65,4.36,6,1935
Ford,2018,9,UK,Explorer,SUV,Petrol,88610,175552,68.0,1.9,1.97,5.18,8,1565
Volkswagen,2021,5,Japan,Passat,Sedan,Diesal,52804,340920,,1.42,1.32,0.06,2,2466
Volkswagen,2020,5,,Taos,SUV,Diesel,75758,316738,40.0,,2.61,4.14,7,1634
Mercedes-Benz,2022,8,,E-Class,Sedan,Hybrid,75888,90693,63.0,,1.06,3.59,1,-304
Volkswagen,2023,3,Japan,T-Roc,SUV,Petrol,31786,162877,29.0,1.58,1.19,0.32,8,1307
Porsche,2018,10,Spain,Macan,SUV,Hybrid,131067,298297,29.0,1.8,0.97,3.67,6,392
Audi,2018,6,Japan,Q3,SUV,Hybrid,59473,407747,31.0,1.55,1.59,-0.02,4,207
Audi,2015,1,India,TT,Sedan,Hybrid,102656,269516,44.0,1.04,6.54,6.65,4,133
Tesla,2016,10,Canada,Model S Plaid,Electric,Electric,107149,,,1.2,2.66,4.16,3,852
Volkswagen,2015,3,Japan,Passat,Sedan,Diesel,65157,151774,82.0,1.52,0.71,0.2,3,1183
Volkswagen,2018,10,UK,Arteon,Sedan,Petrol,66398,549621,23.0,1.9,1.64,4.9,4,1387
BMW,2017,4,USA,i4,Electric,diesel,114526,,107.0,0.992370578944476,2.431945018642116,4.374737484118826,10,
Audi,2023,3,India,Q3,SUV,Electric,69022,209485,,1.11,6.88,6.58,10,527
Audi,2024,1,UK,Q7,SUV,Electric,56191,512951,33.0,1.92,1.21,4.91,6,952
Tesla,2016,9,Brazil,Cybertruck,Electric,Electric,39297,106744,26.0,1.21,3.23,10.52,5,2272
Mercedes-Benz,2018,2,Germany,EQE,Electric,Petrol,107932,152310,7.0,1.9,2.07,3.19,3,856
Ford,2018,3,China,F-150 Lightning,Electric,Petrol,57050,226786,19.0,1.14,6.06,3.51,6,1802
Tesla,2017,11,India,Semi,Electric,Electric,48691,289592,39.0,0.97,7.29,6.59,1,1082
Mercedes-Benz,2022,62,Germany,S-Class,Sedan,Electric,101670,361009,20.0,1.89,1.42,3.02,6,853
Mercedes-Benz,2017,3,Canada,E-Class,Sedan,Petrol,76655,242225,57.0,1.21,1.91,4.15,10,126
Mercedes-Benz,2017,8,Spain,GLC,SUV,Petrol,42569,394310,13.0,1.79,,3.39,10,688
Mercedes-Benz,2016,12,Japan,EQE,Electric,Diesel,56908,64863,19.0,1.51,1.31,-0.1,5,196
Audi,2023,2,India,Q7,SUV,Electric,112050,490120,38.0,1.03,7.12,6.55,3,457
Tesla,2022,4,France,Semi,Electric,Electric,113404,41686,17.0,1.74,1.57,3.72,10,
Porsche,2020,3,India,Panamera Sport,Sedan,Petrol,182117,217770,14.0,1.04,6.53,6.67,1,192
Volkswagen,2019,6,UK,T-Roc,SUV,Petrol,33493,579433,35.0,1.77,1.42,4.87,3,780
Audi,2016,10,Italy,TT,Sedan,Diesel,53673,220754,29.0,1.78,1.4,3.25,6,1113
Mercedes-Benz,2024,11,Australia,EQS,Electric,Diesel,95828,75821,42.0,1.52,3.05,4.17,7,672
Volkswagen,2021,9,India,Tiguan,SUV,Hybrid,71178,422371,15.0,1.03,7.35,6.24,8,1535
Mercedes-Benz,2018,10,Canada,GLS,SUV,Hybrid,58838,545704,60.0,1.35,2.59,3.93,5,
Porsche,2019,8,USA,Panamera Sport,Sedan,Petrol,73858,361486,8.0,0.99,2.35,4.61,10,201
Porsche,2024,5,UK,718,Sedan,Hybrid,198637,350920,17.0,1.94,1.82,4.71,4,306
Toyoda,2023,8,Mexico,Highlander,SUV,Petrol,33114,363151,18.0,1.16,2.35,10.76,4,2252
Mercedes-Benz,2020,8,USA,GLC,SUV,Hybrid,83370,523294,28.0,0.88,2.24,4.37,7,1157
Toyota,2016,10,Brazil,Prius,Hybrid,Hybrid,60740,642153,50.0,1.24,3.16,10.44,7,714
Ford,2018,1,Spain,Bronco,suv,Petrol,67080,783628,33.0,1.84,1.36,3.43,1,2501
Volkswagen,2015,3,UK,ID.3,Electric,Petrol,70414,70251,57.0,1.86,1.21,5.09,10,1597
Toyota,2020,12,Japan,Prius,Hybrid,Electric,49172,362389,15.0,1.53,1.13,0.23,6,1483
Audi,2022,6,U.S.A,A4,Sedan,Hybrid,96648,367377,31.0,1.01,2.39,4.7,5,855
Porsche,2016,10,UK,Macan,SUV,Hybrid,85701,374624,5.0,1.84,1.96,4.79,4,369
Mercedes-Benz,2024,6,Italy,GLC,SUV,Hybrid,36809,206879,5.0,1.9,1.47,3.44,8,
Tesla,2021,8,Spain,Model 3 LR,Electric,Electric,73820,293206,27.0,1.69,1.72,3.8,4,1659
Porsche,2017,5,Germany,Cayenne,SUV,Hybrid,60976,325637,6.0,1.82,2.22,3.18,9,30
Mercedes-Benz,2022,8,China,GLC,SUV,Hybrid,77054,268364,63.0,1.12,5.58,3.25,6,520
Porsche,2022,7,Japan,Taycan,Electric,Hybrid,117866,254325,0.0,1.44,1.34,0.14,2,77
Porsche,2021,2,Netherlands,Macan,SUV,Electric,136619,210707,23.0,,1.69,3.68,8,465
Toyota,2015,9,USA,bZ4X,Electric,Electric,82415,486896,68.0,1.04,2.82,4.54,8,223
Toyota,2022,6,Netherlands,Supra,Sedan,Petrol,42325,68778,91.0,1.91,2.27,3.24,7,1570
Tesla,2023,6,,Model 3,Electric,Electric,97540,202005,7.0,1.53,3.29,4.22,2,1263
Mercedes-Benz,2019,10,Mexico,EQS,Electric,Petrol,,518512,28.0,1.04,2.34,11.03,5,235
Tesla,2020,3,Germany,Model X Plaid,Electric,Electric,76443,144958,18.0,1.91,1.47,3.22,5,1573
Ford,2023,1,UK,Expedition,SUV,Electric,31064,85118,116.0,1.79,1.78,5.25,10,1690
Mercedes-Benz,2020,1,Netherlands,EQS,Electric,Electric,66017,317346,22.0,1.92,1.77,3.79,9,679
Audi,2017,10,Spain,Q8,SUV,Electric,45125,480999,28.0,1.68,1.27,3.37,10,1101
Volkswagen,2020,6,Netherlands,ID.4,Electric,Hybrid,73174,375909,31.0,2.08,2.39,3.64,6,2635
Ford,2017,11,Brazil,F-150,SUV,Electric,54947,665212,36.0,1.15,3.57,10.67,10,1002
Toyota,2018,7,Brazil,Yaris,Sedan,Electric,30806,154220,65.0,1.18,3.18,10.79,1,1712
Porsche,2021,8,India,Panamera,Sedan,Petrol,162058,227688,2.0,1.02,6.53,6.47,10,121
Tesla,2022,1,Canada,Model S Plaid,Electric,Electric,82614,225212,9.0,1.32,2.35,4.29,3,309
BMW,2019,10,Canada,7 Series,Electric,Hybrid,52065,447595,371.0,1.3651633501129523,2.5718435277452323,3.717548369820736,7,977
Volkswagen,2020,7,Mexico,Tiguan,SUV,Diesel,78075,282039,41.0,1.08,2.01,11.06,6,778
Mercedes-Benz,2024,4,Italy,GLS,SUV,Diesel,,543318,46.0,1.86,0.57,3.61,8,339
Toyota,2023,4,USA,C-HR,S U V,Hybrid,18719,556453,15.0,0.88,2.64,4.61,9,1460
Porsche,2021,4,India,Cayenne,SUV,Hybrid,129521,240008,20.0,1.13,7.5,6.51,1,61
Audi,2022,5,Italy,Q7,SUV,Electric,88685,179284,30.0,1.79,1.06,3.25,10,900
Porshe,2019,8,Japan,Macan EV,Electric,Electric,89628,290050,5.0,1.52,0.74,0.35,1,61
Volkswagen,2015,10,Australia,ID.4,Electric,Petrol,47631,153310,33.0,1.69,2.88,4.29,4,2430
Ford,2022,6,Japan,F-150,SUV,Petrol,37332,405481,24.0,1.57,1.28,0.11,4,3006
Tesla,2020,8,Italy,Model Y,Electric,Electric,48184,278741,35.0,1.75,0.75,3.74,5,
Audi,2019,10,Netherlands,A3,Sedan,Hybrid,51839,182199,20.0,2.04,,3.26,4,724
Ford,2017,9,Germany,Escape,SUV,Hybrid,64410,771775,42.0,1.99,2.02,2.74,1,3062
Toyota,2016,11,Brazil,Corolla,Sedan,Petrole,54080,466485,63.0,1.15,3.06,10.46,6,2155
BMW,2017,9,Germany,X7,Sedan,Petrol,117263,274699,373.0,1.8968154139420403,1.5282353634936992,2.8479621809868148,4,880
Tesla,2021,5,Netherlands,Cybertruck,Electric,Electric,90840,195190,14.0,1.91,1.69,3.67,3,1934
Ford,2021,12,Germany,Explorer,S U V,Electric,43742,55651,55.0,1.84,1.77,2.74,5,2668
Mercedes-Benz,2019,10,France,EQE,Electric,Hybrid,108163,272076,35.0,1.71,1.35,3.5,6,614
Mercedes-Benz,2018,7,Germany,GLS,SUV,Petrol,33940,135624,24.0,1.87,1.38,3.27,6,760
BMW,2015,1,UK,X7,SUV,Diesel,76850,197525,62.0,1.8421557536065447,1.0887025337570555,4.7723815226603605,2,211
Porsche,2022,2,Spain,GTS,Sedan,Electric,152985,253480,22.0,1.67,1.76,3.33,5,22
Porsche,2015,11,Canada,718,Sedan,Electric,82671,224822,16.0,1.22,2.42,4.29,1,429
Tesla,2016,4,Spain,Model S,,Electric,58321,211044,33.0,1.73,1.59,3.28,3,2024
Porshe,2017,5,Mexico,Panamera,Sedan,Petrol,182790,132892,27.0,1.17,2.34,11.01,2,198
Toyota,2016,5,Brasil,Corolla,Sedan,Petrol,89852,391099,43.0,1.19,3.19,10.51,3,1188
Audi,2018,9,Brazil,RS6,Sedan,Diesel,64546,113570,46.0,1.25,3.74,10.51,2,447
Toyota,2024,11,Japan,C-HR,SUV,Petrol,67538,470313,64.0,1.58,0.93,0.1,9,2778
BMW,2021,1,India,X3,Electric,Electric,41869,389273,11.0,0.9683164146653268,7.090230666869087,6.416584338164016,10,361
Ford,2022,2,Netherlands,Mustang,Sedan,Hybrid,34202,541053,76.0,,1.99,3.37,3,1171
Ford,2017,5,Netherlands,Explorer,SUV,hybrid,80830,377439,38.0,2.07,1.93,3.57,8,1095
Ford,2017,5,Japan,Edge,SUV,Petrol,22342,400809,23.0,1.43,1.62,0.28,6,3692
AUDI,2016,3,Italy,Q8,suv,Hybrid,108899,70946,28.0,1.82,1.17,3.7,3,388
Mercedes-Benz,2020,9,Italy,GLS,SUV,Petrol,106788,140925,,1.78,0.73,3.21,8,344
Volkswagen,2022,11,India,Tiguan,SUV,Petrol,79595,576217,65.0,1.03,6.86,6.73,6,485
Ford,2023,7,Germany,Escape,,Electric,,239663,117.0,1.92,2.3,2.98,2,3198
Audi,2019,10,China,Q3,SUV,Electric,110048,124599,7.0,1.13,5.79,3.7,8,677
Ford,2021,5,GERMANY,Bronco,SUV,Electric,35987,274083,63.0,1.91,1.32,3.27,3,2019
BMW,2024,2,USA,X5,SUV,Petrol,91207,163012,353.0,0.9692517505764724,2.562072794402571,4.768254400265112,4,821
Volkswagen,2020,7,USA,Polo,Sedan,Electric,38812,189227,51.0,0.92,2.21,4.35,8,2766
Volkswagen,2024,8,France,Golf,Sedan,Petrol,69079,303113,61.0,1.84,1.84,3.35,2,
Volkswagen,2023,2,Australia,Polo,Sedan,Petrol,24063,336846,22.0,1.69,2.85,4.49,3,1545
Volkswagen,2018,3,Spain,Tiguan,SUV,ELECTRIC,64189,505547,13.0,1.79,1.59,3.5,1,931
Volkswagen,2021,7,Japan,Taos,SUV,Electric,79475,434237,59.0,1.57,0.83,-0.12,9,935
Ford,2019,6,Germany,Escape,SUV,Petrol,22727,789972,94.0,1.89,2.28,2.76,7,1483
Ford,2015,1,Canada,Mustang Mach-E,Electric,Petrol,39580,289088,49.0,1.21,1.91,4.27,5,3363
Volkswagen,2024,11,Italy,T-Roc,SUV,Petrol,56828,525703,11.0,1.8,1.09,3.31,1,1409
Volkswagen,2015,4,India,ID.3,Electric,Diesel,44361,408882,69.0,1.07,7.14,6.33,2,1593
Tesla,2016,3,USA,Model 3 LR,Electric,Electric,89017,79430,15.0,0.9,2.39,4.5,5,752
BMW,2015,5,France,i7,Electric,Hybrid,#REF!,124205,229.0,1.7761781713262044,1.2504168911035285,3.556478429211281,7,687
Tesla,2024,7,Brazil,Model X Plaid,Electric,Electric,120054,128906,2.0,1.22,3.78,10.21,10,1746
AUDI,2015,6,GERMANY,A6,Sedan,Electric,37297,526871,37.0,1.89,1.71,2.89,2,964
Porsche,2019,10,australia,911,Sedan,Hybrid,82694,230700,22.0,1.52,3.42,4.48,5,146
Audi,2021,3,Spain,Q7,SUV,Electric,114854,232512,52.0,1.66,1.49,3.56,8,469
Audi,2016,9,Italy,Q3,SUV,Diesel,36426,,33.0,1.95,0.77,3.74,8,997
Porsche,2024,2,Australia,Macan,,Electric,154624,111016,12.0,1.63,3.35,4.26,8,151
Porsche,2024,2,Italy,Macan,SUV,Electric,147817,234079,20.0,1.93,0.98,3.79,3,381
Ford,2020,3,India,Mustang,Sedan,Petrol,39683,228423,65.0,1.06,7.23,6.64,1,1840
Volkswagen,2023,2,Spain,T-Roc,SUV,Electric,47092,80168,17.0,1.83,1.75,3.22,2,2283
Tesla,2024,2,France,Model X,electric,Electric,75936,71563,25.0,1.79,1.59,3.49,3,633
Toyota,2022,12,Australia,Land Cruiser,SUV,Hybrid,46553,659358,55.0,1.56,3.17,4.11,10,1428
BMW,2020,3,BRAZIL,X3,Sedan,Hybrid,37035,432526,157.0,1.117698500410384,3.597899978811085,10.75312454101387,4,534
Toyota,2020,2,Netherlands,Highlander,SUV,Electric,47251,,53.0,1.96,2.43,3.48,4,1279
Volkswagen,2018,5,Italy,Arteon,Sedan,Petrol,34006,384785,87.0,1.78,0.83,3.69,8,1709
Toyota,2017,7,Japan,C-HR,SUV,Electric,63389,49482,86.0,1.42,1.23,0.24,10,2182
FORD,2020,8,USA,F-150,SUV,Electric,52942,,38.0,1.03,2.21,4.44,9,1077
Mercedes-Benz,2015,7,Spain,E-Class,Sedan,Hybrid,74653,298295,8.0,1.73,1.56,3.75,7,533
Mercedes-Benz,2024,12,Mexico,S-Class,Sedan,Hybrid,88122,208319,33.0,1.11,2.08,11.23,6,447
Tesla,2016,10,UK,Cybertruck,Electric,,69307,191693,6.0,1.76,,5.21,10,1110
Ford,2015,6,Italy,F-150,SUV,Electric,73046,146532,117.0,1.78,0.85,3.62,9,802
PORSCHE,2020,2,Canada,718,Sedan,Electric,114804,"$136,834",5.0,1.25,1.77,3.76,5,448
Ford,2023,1,Mexico,Ranger,SUV,Hybrid,32431,384333,90.0,1.15,2.25,11.03,4,713
Tesla,2021,5,Italy,Model 3 LR,Electric,,78450,132554,25.0,1.87,0.92,3.21,7,1443
Audi,2021,2,Canada,A3,Sedan,Petrol,51585,195972,10.0,,1.94,3.87,3,764
BMW,2015,4,,X3,SUV,Electric,84556,358645,370.0,,1.213557592199629,3.60294391735568,4,815
Toyota,2024,3,UK,Highlander,SUV,Electric,71146,497518,33.0,1.81,1.18,5.24,2,2778
Ford,2020,7,Spain,Ranger,SUV,Hybrid,51221,765675,67.0,1.65,1.66,3.58,10,3945
Mercedes-Benz,2023,9,Brazil,CLA,Sedan,Electric,65681,376162,23.0,1.19,3.22,10.31,2,131
Porsche,2015,3,UK,Cayenne,SUV,Electric,104495,108970,24.0,1.93,1.62,5.05,9,403
Volkswagen,2019,1,Italy,T-Roc,SUV,Petrol,60758,414943,25.0,1.81,0.71,3.74,8,1440
Tesla,2017,1,Spain,Model Y,Electrc,Electric,71484,94721,9.0,1.78,1.01,3.75,2,2064
Volkswagen,2022,12,Italy,Passat,Sedan,Electric,78714,125167,82.0,1.92,1.16,3.73,9,1907
Audi,2021,2,Spain,TT,Sedan,Diesel,62600,59994,41.0,1.69,1.77,3.3,4,1176
Tesla,2020,12,Japan,Model S Plaid,Electric,electric,40929,177376,6.0,1.53,0.8,-0.01,5,60
Ford,2022,9,Canada,Mustang Mach-E,Electric,Electric,45588,299008,103.0,1.25,1.73,4.08,9,3915
Porsche,2018,7,,Macan,SUV,Hybrid,151737,128471,3.0,1.99,2.07,3.56,8,381
Volkswagen,2020,12,Mexico,Arteon,Sedan,electric,32912,84581,37.0,1.09,,10.79,3,1254
Volkswagen,2016,6,USA,T-Roc,SUV,Petrol,77360,118036,35.0,1.01,2.3,4.76,4,1118
Porsche,2015,8,Australia,718,Sedan,Electric,188636,239982,22.0,1.67,2.53,4.3,1,138
Tesla,2017,4,Germany,Model S Plaid,Electric,Electric,120348,53253,26.0,1.81,2.08,3.03,4,1537
FORD,2021,11,Brazil,Expedition,SUV,Petrol,32801,286028,103.0,1.27,3.04,10.39,4,3500
Tesla,2023,1,australia,Model 3 LR,Electric,Electric,113914,169677,,1.61,3.07,4.17,8,396
Mercedes-Benz,2022,6,Australia,EQE,Electric,Petrol,41718,384492,25.0,1.64,2.91,4.04,7,1194
Mercedes-Benz,2018,8,Japan,C-Class,Sedan,Hybrid,100410,366391,52.0,1.43,1.31,0.09,8,960
Porsche,2023,10,,911,Sedan,Electric,155673,335008,3.0,,2.2,10.89,6,493
Mercedes-Benz,2021,10,India,GLS,SUV,Hybrid,55065,149739,24.0,1.05,6.84,6.79,1,1223
Porsche,2015,9,France,718,Sedan,Electric,69404,316677,24.0,1.82,1.48,3.53,10,25
Porsche,2016,1,Canada,Panamera Sport,Sedan,Petrol,98911,134434,10.0,1.32,2.32,4.05,10,117
Tesla,2020,10,Netherlands,Model 3 LR,Electric,Electric,90773,190316,19.0,1.91,2.56,3.55,9,1665
Porsche,2024,8,Mexico,GTS,Sedan,Hybrid,104601,238022,17.0,1.15,1.73,11.12,10,22
Volkswagen,2016,1,Germany,ID.3,Electric,Diesel,50562,112806,60.0,1.9,2.19,3.11,4,2707
Ford,2018,7,India,F-150 Lightning,Electric,Electric,83354,574628,58.0,1.12,6.93,6.75,5,1094
Mercedes-Benz,2018,9,China,S-Class,Sedan,Petrol,110861,485538,22.0,1.13,5.65,3.62,8,193
Tesla,2023,9,Netherlands,Model 3,Electric,Electric,58598,86122,23.0,2.08,1.87,3.62,7,1384
Volkswagen,2016,8,Brazil,ID.3,Electric,Hybrid,20245,209033,79.0,1.16,3.42,10.49,7,1223
Tesla,2022,6,China,Model S Plaid,Electric,Electric,111461,202543,29.0,1.04,5.76,3.56,5,789
Mercedes-Benz,2021,3,USA,EQS,Electric,Electric,91848,562442,55.0,0.99,2.02,4.27,7,1294
Mercedes-Benz,2021,9,Italy,A-Class,Sedan,Hybrid,??,379782,57.0,1.76,0.8,3.33,10,476
Toyota,2023,5,USA,Land Cruiser,SUV,Hybrid,76575,653265,27.0,1.04,2.33,4.22,8,82
Ford,2023,1,India,Escape,SUV,,26139,57020,104.0,1.1,6.59,6.37,10,3773
Tesla,2017,9,Canada,Model S,Electric,Electric,74007,106939,34.0,1.37,2.7,4.14,3,1209
B M W,2020,1,UK,iX,Electric,Hybrid,76785,199001,322.0,1.8829969806951992,1.7660647765353026,5.173068405951979,4,744
Toyota,2016,4,Brazil,Prius,Hybrid,Hybrid,85805,296260,75.0,1.12,3.5,10.7,4,1261
Ford,2019,5,Mexico,F-150 Lightning,Electric,Electric,55275,328936,22.0,1.19,1.7,11.27,7,969
Mercedes-Benz,2021,7,Australia,GLC,SUV,Diesel,104136,404249,43.0,1.64,2.61,4.25,4,1078
Toyota,2022,5,Italy,Supra,Sedan,Hybrid,49074,530430,55.0,1.88,1.25,3.21,8,2451
Audi,2019,4,Germany,Q5,SUV,Diesel,109684,136546,6.0,1.98,2.1,3.16,8,554
Volkswagen,2020,9,USA,ID.4,Electric,Petrol,67135,359905,33.0,0.97,2.75,4.41,10,2150
Mercedes-Benz,2016,8,Japan,EQS,Electric,Hybrid,86029,547303,25.0,1.56,1.36,0.36,1,958
Ford,2021,10,Canada,Explorer,SUV,Hybrid,56630,211962,61.0,1.22,1.89,4.23,3,641
Audi,2017,11,Mexico,A3,Sedaan,Electric,56622,194248,52.0,1.11,1.57,10.98,7,1161
Audi,2022,11,Spain,A3,Sedan,DIESEL,49707,216068,12.0,1.8,1.22,3.57,3,751
Mercedes-Benz,2017,12,Spain,E-Class,Sedan,Electric,61743,137473,14.0,1.84,1.4,3.25,5,573
Mercedes-Benz,2019,3,UK,GLS,SUV,Petrol,128565,497353,32.0,1.85,1.41,5.01,6,1176
BMW,2015,6,USA,X5,Sedan,Electric,93502,395744,162.0,1.0660065150570954,2.2582443882989582,4.475481453742956,7,596
Tesla,2019,10,Spain,Model S Plaid,Electrc,Electric,122702,275138,1.0,1.84,1.38,3.71,2,295
Audi,2023,7,France,Q5,SUV,Petrol,44395,237445,26.0,1.75,2.01,3.22,3,761
BMW,2023,2,Germany,X5,SUV,Hybrid,,467876,242.0,1.8899569297642644,1.4307103767401994,3.23196252914428,7,887
Tesla,2024,10,USA,Model Y,Electric,Electric,85043,151539,15.0,0.89,2.43,4.21,10,956
BMW,2018,9,France,X1,Sedan,Hybrid,48854,392424,334.0,1.7262978239795963,1.8022587660316645,3.7956901033994415,10,966
Audi,2019,6,USA,Q8,SUV,Diesel,77293,365677,54.0,0.99,2.36,4.63,10,371
Mercedes-Benz,2020,5,USA,GLE,SUV,Electric,59545,589202,40.0,0.88,2.01,4.51,2,928
Mercedes-Benz,2015,3,USA,CLA,Sedan,Diesel,92675,507143,14.0,0.89,,4.3,5,780
Ford,2023,2,India,Ranger,SUV,Electric,46985,628154,20.0,1.11,7.28,6.51,10,3486
Toyota,2020,7,Spain,C-HR,SUV,Hybrid,89883,401282,47.0,1.78,1.03,3.26,2,2733
Toyota,2021,10,Japan,Yaris,Sedan,Petrol,85013,355872,40.0,1.48,1.58,0.02,4,2238
Tesla,2020,11,Mexico,Model Y,Electric,Electric,74467,159742,1.0,1.05,1.76,11.19,10,1980
Volkswagen,2015,7,UK,Touareg,SUV,Electric,20622,420703,74.0,1.76,1.05,5.01,5,803
Porshe,2021,2,Italy,Taycan,Electric,Hybrid,159273,237655,19.0,1.84,0.64,3.55,2,27
Volkswagen,2019,10,Canada,Passat,Sedan,Electric,44426,398179,17.0,1.3,1.8,4.22,1,1929
Mercedes-Benz,2021,10,China,EQE,Electric,Hybrid,86937,236567,31.0,,5.99,3.57,6,848
Tesla,2020,7,UK,Model 3 LR,Electric,Electric,97806,188835,11.0,1.79,1.86,4.71,3,689
Mercedes-Benz,2024,3,Japan,EQS,Electric,Diesel,97379,265794,48.0,,0.99,0.12,1,450
Volkswagen,2019,12,,Touareg,SUV,Diesel,42095,67185,60.0,1.33,1.85,4.26,6,1040
Toyota,2021,12,Brazil,bZ4X,Electric,Hybrid,80026,563388,38.0,1.2,3.05,10.21,8,1097
Audi,2020,10,Brazil,A4,Sedan,Hybrid,69769,198871,16.0,1.26,3.01,10.52,7,887
Mercedes-Benz,2018,6,China,EQE,Electric,Hybrid,60613,263024,50.0,1.02,5.58,3.21,6,710
BMW,2018,8,India,3 Series,Sedan,Hybrid,87349,"$175,851",279.0,1.013820094648651,7.362042650989314,6.7067296391210425,5,701
Tesla,2016,4,Australia,Model 3 LR,Electric,Electric,82760,58981,23.0,1.61,3.45,4.51,9,1106
Audi,2019,7,Italy,A6,Sedan,Hybrid,37617,237316,51.0,1.77,0.82,3.76,2,910
Audi,2017,12,Spain,e-tron,Electric,Electric,97931,297786,6.0,1.67,0.97,3.58,6,919
BMW,2019,8,Australia,i7,Electric,Electric,98261,69156,22.0,1.560789280248145,2.712644376371096,3.969913612737456,8,155
Toyota,2016,3,Canada,Prius,Hybrid,Hybrid,85995,55276,74.0,1.2,2.41,4.11,4,1259
BMW,2018,2,Brazil,7 Series,SUV,Petrol,65699,463532,267.0,1.2181275667989275,3.7542482596820808,10.435917120616754,9,582
Volkswagen,2015,8,,Polo,Sedan,Hybrid,76872,543889,42.0,1.12,3.99,10.53,5,1842
Tesla,2021,4,Netherlands,Semi,Electric,Electric,92995,239032,34.0,2.02,2.5,3.76,6,222
Ford,2020,2,Australia,Mustang,Sedan,Petrol,79995,444209,112.0,1.54,3.05,3.97,5,616
Toyota,2022,12,Mexico,Prius,Hybrid,Hybrid,83170,456841,45.0,1.09,1.79,11.29,4,404
Porsche,2018,3,Netherlands,Cayenne Coupe,SUV,Hybrid,135397,155245,29.0,2.03,2.48,3.3,9,125
Ford,2024,11,UK,Escape,SUV,Hybrid,42069,199702,107.0,1.88,1.26,4.94,7,80
Toyota,2017,4,France,Corolla,Sedan,Electric,24909,695840,77.0,1.8,1.72,3.25,7,1341
Mercedes-Benz,2022,10,Italy,S-Class,Sedan,Electric,44443,84381,31.0,1.76,0.76,3.45,1,1100
Ford,2020,4,China,Mustang,Sedaan,Petrol,31739,584095,68.0,1.08,6.23,3.37,8,2427
Mercedes-Benz,2023,5,Brazil,C-Class,Sedan,Electric,53464,514475,6.0,,3.46,10.33,5,1100
BMW,2019,3,USA,i7,,Petrol,66105,112785,330.0,0.9616373773475784,2.186101417846277,4.681585985877426,5,1062
Porsche,2021,9,India,Cayenne,SUV,Electric,,186039,11.0,1.09,7.21,6.65,4,439
Mercedes-Benz,2024,4,UK,GLE,SUV,Electric,90741,351164,63.0,1.92,1.06,5.03,6,639
Ford,2021,8,UK,F-150,SUV,Hybrid,61983,485109,,1.76,1.3,4.81,2,1906
Volkswagen,2022,3,Italy,Touareg,SUV,Petrol,68287,314980,20.0,1.84,0.83,3.27,4,2023
Volkswagen,2021,1,USA,Tiguan,SUV,Electric,,438521,79.0,1.02,2.89,4.48,8,2710
Tesla,2021,8,India,Cybertruck,Electric,Electric,45541,174182,33.0,1.03,7.2,6.43,2,2470
Audi,2016,10,India,RS6,Sedan,Petrol,33045,499620,35.0,1.05,6.73,6.57,1,433
Ford,2023,7,Brazil,Mustang Mach-E,Electric,Petrol,85760,516328,64.0,1.26,3.68,10.8,9,199
Ford,2017,6,India,Expedition,SUV,Electric,30106,223466,106.0,1.1,6.77,6.77,10,2292
Audi,2021,8,UK,A4,Sedan,Petrol,106369,481474,12.0,1.94,1.09,4.87,10,48
Ford,2022,12,UK,Bronco,SUV,Hybrid,29272,792290,100.0,1.88,1.77,5.17,4,2313
Tesla,2019,3,USA,Model Y,Electric,Electric,85786,84051,8.0,0.95,2.0,4.54,7,711
Tesla,2021,11,India,Model S,Electric,Electric,104292,186675,29.0,1.12,7.19,6.45,3,680
Volkswagen,2020,12,Mexico,T-Roc,SUV,Petrol,44957,,78.0,1.01,2.09,10.86,3,2428
Tesla,2023,6,,Model Y,Electric,Electric,48456,82934,13.0,1.83,1.17,5.22,1,777
Volkswagen,2021,12,USA,Polo,Sedan,Electric,47844,242162,30.0,0.95,2.87,4.7,9,553
Volkswagen,2018,11,Australia,T-Roc,SUV,Hybrid,60323,534798,15.0,1.56,3.15,3.98,1,2769
BMW,2022,9,UK,7 Series,SUV,Electric,73367,356531,168.0,1.929710837705416,1.0841399649950487,4.796977228456768,3,393
Porshe,2018,8,Italy,718,Sedan,Hybrid,75142,210120,26.0,1.88,0.92,3.6,7,196
BMW,2023,9,UK,X1,Electric,Hybrid,119577,269222,134.0,1.8136006949943728,1.8074401551640624,5.237654779954096,9,380
Audo,2015,12,Netherlands,Q7,SUV,Diesel,32013,410527,9.0,1.98,1.9,3.54,9,306
Volkswagen,2015,10,Canada,Touareg,SUV,Diesel,74483,53819,13.0,1.24,2.05,4.29,1,2033
Porsche,2019,6,Japan,Taycan,Electric,Hybrid,187926,219300,6.0,1.4,0.72,-0.08,7,294
Ford,2017,1,Netherlands,Mustang,Sedan,Hybrid,35422,94363,52.0,1.91,1.89,3.61,5,2285
Tesla,2020,6,Spain,Model S Plaid,Electric,Electric,108572,281282,3.0,1.81,1.44,3.68,5,358
Tesla,2022,3,Canada,Model X,Electric,Electric,70073,258645,39.0,1.24,2.41,4.09,5,877
Volkswagen,2020,9,,ID.3,Electric,Diesel,77391,485666,18.0,1.09,2.11,10.7,6,1737
Toyota,2015,11,Canada,Corolla,Sedan,petrol,66122,244804,14.0,1.21,2.01,3.74,7,2504
Audi,2017,12,Canada,A6,Sedan,Diesel,42805,533822,47.0,1.27,1.82,4.06,5,147
Porsche,2023,10,France,Macan EV,Electric,Petrol,145958,360499,12.0,1.78,1.14,3.27,5,
Ford,2019,12,Brazil,Bronco,SUV,Petrol,84130,,98.0,1.15,,10.5,6,3807
Audi,2018,8,,A6,Sedan,Electric,56516,65587,54.0,1.55,2.51,4.09,2,218
Audi,2019,9,Germany,Q8,SUV,Hybrid,44583,100579,16.0,1.92,1.99,2.72,9,136
Porsche,2015,2,Australia,Cayenne Coupe,SUV,Hybrid,110578,219066,8.0,1.6,2.73,4.35,6,215
Ford,2020,6,Brazil,Escape,SUV,Petrol,80966,,46.0,1.29,3.18,10.69,8,1877
Ford,2019,2,,Expedition,SUV,Petrol,28804,762712,61.0,1.47,1.04,0.02,4,513
Mercedes-Benz,2023,7,Brazil,CLA,Sedan,Diesel,111126,470486,14.0,1.18,3.27,10.42,8,211
Ford,2020,11,India,F-150 Lightning,Electric,Hybrid,38893,187523,55.0,1.12,7.2,6.34,8,993
Porsche,2016,5,India,Taycan,Electric,Hybrid,124604,124034,20.0,0.95,6.87,6.25,7,28
Ford,2019,12,Mexico,Edge,SUV,Petrol,28337,649073,81.0,1.03,2.42,10.8,7,2507
Ford,2017,12,Australia,Mustang,Sedan,Hybrid,43799,418350,112.0,1.54,2.97,4.0,7,1880
Telsla,2017,12,China,Model S Plaid,Electric,Electric,125381,157807,8.0,1.17,6.28,3.7,5,1235
Tesla,2018,9,USA,Model S Plaid,Electric,Electric,92674,176903,,1.05,2.81,4.3,6,899
Porshe,2022,1,France,Panamera Sport,Sedan,Petrol,79418,176239,28.0,1.89,2.03,3.61,1,278
TOYOTA,2015,10,China,Supra,Sedan,Hybrid,46963,534533,,1.15,6.22,3.59,7,1995
Audi,2021,4,Brazil,TT,Sedan,Hybrid,101118,115148,47.0,1.2,3.45,10.45,6,586
Audi,2020,8,Brazil,Q5,SUV,Electric,,"$59,110",56.0,1.22,3.97,10.28,10,528
Tesla,2022,8,Spain,Cybertruck,Electric,Electric,72319,250037,13.0,1.66,1.22,3.62,3,607
Porsche,2023,3,China,GTS,Sedan,petrol,72141,144049,23.0,1.18,6.47,3.31,7,11
Ford,2024,1,India,F-150 Lightning,Electric,Hybrid,33629,101225,68.0,1.01,6.83,6.73,9,2217
Ford,2024,11,Italy,F-150 Lightning,Electric,Petrol,73459,121329,52.0,1.79,0.9,3.59,6,1165
Toyota,2017,7,Japan,Highlander,SUV,Electric,30797,62171,40.0,,0.76,0.29,1,1311
Mercedes-Benz,2020,12,Mexico,GLS,SUV,Diesel,50501,473653,25.0,1.09,,11.18,2,244
Ford,2021,8,Italy,Explorer,SUV,Hybrid,62891,266538,34.0,1.81,0.69,3.28,8,2385
Ford,2022,7,Brazil,Edge,SUV,Petrol,76511,767456,20.0,1.16,3.01,10.7,4,2145
Toyota,2016,8,Mexico,RAV4,SUV,Electric,44784,612956,76.0,1.08,2.19,10.82,10,113
BMW,2021,5,Germany,3 Series,SUV,Hybrid,106186,419653,12.0,1.9720244794378408,1.5916625787093033,3.116989131675925,1,305
BMW,2020,6,China,3 Series,Electric,Petrol,62672,419942,226.0,1.0356071933739504,5.513094456588334,3.598122423210026,9,848
Mercedes-Benz,2024,3,Japan,EQE,Electric,Diesel,65757,497224,46.0,1.48,1.14,0.23,10,1000
BMW,2023,12,India,i7,Electric,Petrol,108717,115184,,1.0727867169520124,7.395117740706536,6.5820018093003245,4,530
Volkswagen,2024,2,UK,ID.3,Electric,Diesel,77772,182438,89.0,1.87,1.02,5.24,2,526
Toyota,2019,3,Canada,RAV4,SUV,Hybrd,58433,314323,16.0,1.38,2.49,4.18,1,1297
Porsche,2023,10,Spain,Panamera,Sedan,Electric,192568,144866,27.0,1.68,1.17,3.68,3,378
Tesla,2018,8,France,Model S,Electric,Electric,91159,151816,10.0,1.72,1.74,3.67,9,1203
Toyota,2018,5,Mexico,Prius,Hybrid,Hybrid,87758,636072,56.0,,1.9,10.84,8,2721
BMW,2022,8,BRAZIL,X1,Sedan,Diesel,117987,61826,30.0,,3.476843468317817,10.612633225458335,10,80
Toyota,2024,1,Italy,C-HR,,Petrol,86345,690721,31.0,1.79,1.34,3.34,7,2025
Porsche,2023,6,US,Taycan,Electric,Electric,186156,96861,5.0,0.87,2.95,4.38,3,413
BMW,2021,9,,i7,SUV,Diesel,65979,345685,40.0,1.3099057764647473,2.194420304702581,3.734535256009986,6,203
Audi,2020,4,Mexico,A3,Sedan,Electric,53403,101640,21.0,1.09,1.85,11.04,4,1052
Mercedes-Benz,2021,12,UK,EQS,Electric,Diesel,37753,369295,54.0,1.8,1.35,5.06,4,438
Toyota,2017,10,Canada,Highlander,SUV,Electric,50380,383576,59.0,1.28,1.88,4.16,6,1028
FORD,2022,8,UK,Mustang Mach-E,electric,Petrol,89493,564006,96.0,1.84,1.9,4.79,10,2346
Ford,2015,11,Mexico,Expedition,SUV,Electric,53823,580150,40.0,1.13,2.02,11.24,7,2561
Tesla,2022,4,Mexico,Model Y,Electric,Electric,99830,195971,6.0,1.16,1.9,10.98,5,1594
Mercedes-Benz,2016,1,Italy,S-Class,Sedan,Electric,62723,81739,40.0,1.81,1.47,3.53,10,529
Audi,2018,2,Italy,A3,Sedan,Hybrid,64791,142682,23.0,1.77,1.49,3.8,1,459
Ford,2024,12,Spain,Mustang,Sedan,Hybrid,58679,332282,26.0,1.67,0.87,3.37,2,1507
Mercedes-Benz,2024,5,Japan,S-Class,Sedan,Diesel,60929,160184,44.0,1.45,1.39,-0.01,1,932
Toyota,2023,2,Germany,bZ4X,Electric,Electric,87598,297584,71.0,2.0,1.57,3.04,3,922
Porsche,2019,10,Brazil,Macan EV,Electric,Petrol,77318,289567,8.0,1.2,3.41,10.62,4,317
Tesla,2022,1,Brazil,Semi,Electric,Electric,103624,69621,5.0,1.21,3.2,10.25,5,1369
BMW,2017,4,Japan,3 Series,Electric,Hybrid,115158,249519,12.0,1.5185901702869855,1.21481735392969,0.0155400216398594,6,72
Porsche,2024,8,BRAZIL,Panamera,Sedan,Hybrid,132966,194002,26.0,1.21,3.47,10.52,2,65
Ford,2018,7,USA,Mustang Mach-E,electric,Hybrid,80714,66161,107.0,0.97,2.66,4.38,9,3651
BMW,2020,5,Germany,X5,SUV,Hybrid,58889,262204,381.0,1.957509817171756,1.877122586038321,2.9142726955803018,1,819
Toyota,2022,3,USA,bZ4X,Electric,Petrol,57411,182193,87.0,0.93,2.7,4.59,4,1364
Mercedes-Benz,2022,9,USA,GLS,SUV,Hybrid,60888,350638,36.0,1.04,2.17,4.79,3,539
Tesla,2021,8,Spain,Model X Plaid,Electric,Electric,89597,297946,6.0,1.71,1.24,3.54,7,276
Porsche,2023,9,Canada,Macan,SUV,Petrol,139687,347573,15.0,1.35,2.31,4.09,4,206
Porsche,2023,1,USA,Panamera Sport,SEDAN,Hybrid,101275,272900,23.0,0.87,2.53,4.29,1,177
Porsche,2021,10,France,718,Sedan,Hybrid,78615,379589,4.0,1.77,1.94,3.58,5,43
BMW,2016,11,Australia,X1,electric,Diesel,88775,145864,342.0,1.5673791583542214,2.719213987358044,4.535519153491479,3,910
Mercedes-Benz,2017,2,Germany,CLA,Sedan,Petrol,47303,390294,38.0,1.99,2.24,3.25,3,934
BMW,2022,7,USA,i7,,Petrol,110452,487570,161.0,0.9525243681697249,2.593044334186784,4.434915418906698,6,415
Ford,2021,4,Netherlands,F-150 Lightning,Electric,Petrol,91334,431482,87.0,1.96,2.19,3.41,10,1274
Toyota,2019,8,Spain,Prius,Hybrid,Petrol,50330,147927,0.0,1.74,,3.59,5,1445
Ford,2016,6,Netherlands,F-150,SUV,Hybrid,83501,742131,59.0,1.95,1.94,3.55,5,1243
Porsche,2024,11,Japan,Cayenne Coupe,SUV,Hybrid,189177,234376,13.0,1.42,0.93,-0.02,9,271
Porsche,2023,11,USA,718,Sedan,Electric,109290,237046,27.0,0.97,2.97,4.34,7,490
Ford,2021,11,China,Escape,SUV,Petrol,35876,710456,100.0,1.07,5.88,3.46,4,1260
Volkswagen,2018,4,Italy,Polo,Sedan,Electric,56041,389685,75.0,1.86,0.86,3.28,3,1446
Mercedes-Benz,2023,2,USA,GLS,SUV,Diesel,33255,303487,26.0,0.92,2.19,4.72,3,730
Mercedes-Benz,2018,5,Germany,GLS,SUV,Electric,41202,387697,57.0,1.97,1.96,2.83,3,1150
BMW,2019,5,Japan,X3,SUV,Electrc,35692,159876,351.0,1.573719825637892,1.074870579523704,-0.0285727482308835,4,916
Audi,2020,3,UK,e-tron,Electric,Diesel,67552,219040,56.0,1.83,1.32,4.98,1,1038
Porsche,2019,9,Canada,Macan,SUV,Petrol,121457,107798,,,1.73,3.98,9,176
Toyota,2019,10,Australia,Yaris,Sedan,Petrol,38544,164800,25.0,1.55,2.74,4.23,7,2199
Mercedes-Benz,2022,7,Canada,CLA,Sedan,Petrol,117784,194821,20.0,1.33,2.57,4.18,10,20
Porsche,2019,1,France,Cayenne Coupe,SUV,Petrol,94328,173567,29.0,1.72,1.52,3.5,9,309
Audi,2015,6,Brazil,e-tron,Electric,Petrol,89983,323758,39.0,1.13,3.37,10.71,2,984
BMW,2024,8,France,i4,SUV,Electric,92769,440508,234.0,1.7139282296324811,1.4251040154316992,3.6117963180116575,10,778
Toyota,2017,3,Spain,C-HR,SUV,Petrol,51502,571043,62.0,1.68,1.64,3.23,1,159
BMW,2022,12,Japan,3 Series,SUV,Hybrid,101900,55666,127.0,1.5139079559134208,1.4117228057460487,0.3886862390750931,2,450
Audi,2019,12,Netherlands,e-tron,Electric,Hybrid,,63332,25.0,1.91,1.85,3.46,2,791
Porsche,2018,1,Germany,Panamera,Sedan,Petrol,115199,300477,,1.81,1.7,3.03,3,86
BMW,2015,5,Germany,i7,Sedan,Petrol,90739,315976,62.0,1.882728534983727,1.3193276309176012,2.774621039400306,3,527
Audi,2023,3,Brazil,Q8,SUV,,73795,474528,50.0,1.28,3.93,10.5,8,746
Audi,2016,7,Germany,A3,Sedan,Electric,49755,261838,19.0,1.82,2.06,2.88,8,922
Volkswagen,2015,7,India,Arteon,Sedan,Hybrid,55699,444807,77.0,1.09,6.83,6.52,2,348
Porsche,2024,9,Netherlands,Cayenne Coupe,SUV,Hybrid,86502,333396,14.0,1.98,2.6,3.37,5,238
Volkswagen,2021,9,,Touareg,SUV,Electric,56749,470198,36.0,2.01,1.8,3.53,8,1779
Toyota,2019,6,UK,Corolla,Sedan,Petrol,32457,239791,54.0,1.87,1.67,5.28,6,1173
Ford,2016,12,Italy,Mustang,Sedan,Hybrid,34450,478333,98.0,1.81,0.9,3.39,5,
Mercedes-Benz,2021,1,Australia,EQS,Electric,Electric,68281,468530,20.0,1.59,2.54,4.45,1,907
Mercedes-Benz,2019,4,Mexico,GLE,SUV,Hybrid,53374,272805,23.0,1.16,1.65,11.0,3,532
Ford,2020,11,Italy,Edge,SUV,Electric,30500,111115,87.0,1.93,0.94,3.64,4,550
Ford,2019,2,India,F-150 Lightning,Electric,Petrol,86191,721947,101.0,1.09,6.81,6.44,2,96
Ford,2018,10,China,Mustang Mach-E,Electric,Hybrid,26643,624807,72.0,1.19,5.93,3.44,8,
Volkswagen,2022,9,Australia,ID.3,Electric,Hybrid,,91964,66.0,,2.73,4.18,4,543
Toyota,2019,3,INDIA,Yaris,Sedan,Hybrid,28330,375149,91.0,1.1,7.19,6.56,10,520
Porsche,2016,5,France,Macan EV,Electric,Petrol,168190,99363,21.0,1.8,1.14,3.71,9,192
Audi,2020,10,Italy,A4,Sedan,Diesel,68801,68444,42.0,1.78,1.01,3.55,1,1063
Ford,2019,2,Spain,Bronco,SUV,Hybrid,78750,329112,86.0,1.8,0.84,3.37,3,317
BMW,2018,8,France,3 Series,SUV,Hybrid,81854,372534,353.0,1.872338180757469,1.7945954272532854,3.63738863699349,6,887
Mercedes-Benz,2017,1,Spain,GLS,SUV,Electric,43072,126729,11.0,1.68,1.0,3.35,6,800
Toyota,2024,5,Italy,C-HR,SUV,Electric,38366,62763,19.0,1.89,0.76,3.59,9,2250
BMW,2019,3,UK,X1,,Electric,77771,315660,60.0,1.847648227404356,1.844357082739616,4.758849548470547,2,225
Ford,2017,8,China,Expedition,SUV,Hybrid,40227,782002,63.0,1.07,5.93,3.39,6,3753
Tesla,2023,8,Italy,Semi,Electric,Electric,86674,127737,8.0,1.86,1.49,3.42,6,1548
Volkswagen,2017,7,Mexico,Golf,Sedan,Petrol,37382,478267,48.0,1.16,2.32,10.83,10,2663
Volkswagen,2022,10,Italy,Golf,Sedan,Hybrid,32406,303432,89.0,1.8,0.85,3.39,5,2611
FORD,2024,4,USA,Bronco,SUV,Petrol,54463,162283,106.0,0.88,2.87,4.76,6,110
Ford,2019,9,China,F-150 Lightning,Electric,Hybrid,75295,444938,29.0,1.12,5.6,3.48,1,950
Tesla,2016,9,Mexico,Model S,Electric,Electric,57438,,12.0,1.01,1.72,10.85,9,848
Porsche,2017,7,Mexico,718,Sedan,Electric,157846,356411,26.0,1.17,1.85,11.1,1,336
Ford,2020,11,Italy,Expedition,SUV,Electric,26905,265704,27.0,1.91,0.67,3.49,6,632
Tesla,2017,4,UK,Model X,Electric,Electric,74380,264557,30.0,1.78,1.11,5.11,5,
Ford,2024,9,UK,Escape,SUV,Petrol,47603,210057,108.0,1.94,1.3,4.99,6,3441
Tesla,2017,12,Italy,Model Y,Electric,Electric,54575,267395,35.0,1.77,0.89,3.23,3,2160
Toyota,2015,9,Italy,RAV4,SUV,Hybrid,54264,,23.0,1.94,1.21,3.72,7,1665
Mercedes-Benz,2017,1,Netherlands,S-Class,Sedan,Electric,104530,196532,9.0,2.04,2.51,3.58,7,363
BMW,2023,3,Germany,iX,sedan,Petrol,49308,426970,392.0,1.803622036764168,1.805888678884466,3.0668725412607887,10,897
Toyota,2016,11,Australia,Land Cruiser,SUV,,89526,621522,58.0,1.58,3.2,4.08,7,2971
Porsche,2015,10,Canada,Panamera,Sedan,Electric,151086,269587,26.0,1.33,1.76,3.92,6,433
Audi,2019,4,Italy,Q8,SUV,Diesel,44340,484577,20.0,1.94,1.03,3.71,7,554
Tesla,2020,10,USA,Model S,electric,Electric,55504,151406,20.0,0.99,2.73,4.32,7,1926
Ford,2020,1,Spain,Explorer,SUV,Hybrid,66894,289776,23.0,1.8,1.23,3.42,6,1608
Toyota,2024,2,Spain,Highlander,SUV,Petrol,46845,653696,76.0,1.68,1.39,3.61,1,761
Ford,2018,3,Italy,Mustang,Sedan,Electric,53358,522897,15.0,1.86,0.6,3.63,6,2570
Audi,2021,10,UK,A6,Sedan,Electric,78374,83732,41.0,1.8,1.82,5.19,4,80
Porsche,2018,2,Mexico,718,Sedan,Electric,110674,332088,19.0,1.05,1.99,10.7,2,311
Volkswagen,2016,10,Netherlands,Touareg,SUV,Diesal,71880,537783,59.0,2.03,2.36,3.3,10,2339
Toyota,2019,3,usa,RAV4,SUV,Hybrid,35717,668905,22.0,0.99,2.42,4.55,6,613
BMW,2015,12,China,X1,Electric,Hybrid,117476,73777,334.0,1.0925359571339213,5.939134908570218,3.4261666576549445,1,1025
Mercedes-Benz,2015,6,India,A-Class,Sedan,Hybrid,63500,373723,48.0,1.09,7.13,6.62,1,545
Ford,2018,12,USA,Escape,S U V,Petrol,31285,296587,22.0,0.94,2.91,4.73,2,2785
Mercedes-Benz,2023,1,Spain,A-Class,Sedan,Hybrid,62368,308046,54.0,1.83,1.35,3.6,8,1210
BMW,2023,5,Australia,X1,SUV,Hybrid,64968,382745,203.0,1.5549407630095784,3.179620332735108,3.9957435307841385,10,522
Porsche,2019,3,Japan,Macan EV,Electric,Hybrid,137089,298798,10.0,1.6,1.04,0.22,1,276
BMW,2024,9,Canada,i4,Sedan,Hybrid,42951,206688,136.0,1.297514238734677,2.4767105569551813,3.7392196945386313,10,475
Toyota,2015,11,Mexico,bZ4X,Electric,Hybrid,25904,467362,49.0,1.15,2.24,11.18,2,328
Tesla,2021,4,Japan,Model Y,Electric,Electric,103236,127635,13.0,1.45,1.62,0.37,1,2184
Mercedes-Benz,2022,11,,GLC,SUV,Hybrid,108736,163557,8.0,1.01,2.08,4.35,2,1138
Ford,2022,9,Italy,Mustang Mach-E,Electric,Hybrid,62717,258328,111.0,1.89,1.24,3.28,1,3589
Tesla,2017,3,India,Model 3,Electric,Electric,73290,110068,33.0,1.13,6.96,6.32,2,616
Toyota,2019,4,Spain,Yaris,Sedan,Petrol,28475,683169,17.0,1.75,1.24,3.8,6,694
Porsche,2022,11,China,Macan,SUV,Electric,162112,203472,19.0,1.18,5.66,3.63,5,158
Tesla,2024,6,China,Model X,Electric,Electric,46055,299106,11.0,1.01,6.2,3.69,7,378
Audi,2015,9,Germny,Q5,SUV,Hybrid,63900,420503,45.0,1.94,1.32,3.26,7,735
Audi,2022,12,Japan,Q7,,Electric,37025,394976,34.0,,1.41,0.12,10,431
Porsche,2021,7,Canada,Cayenne,SUV,Electric,89495,289722,27.0,1.37,2.5,4.29,7,301
Mercedes-Benz,2021,7,France,GLE,S U V,Petrol,83457,219262,5.0,1.73,1.38,3.47,7,301
Audi,2019,1,Spain,A6,Sedan,Diesel,88693,531320,20.0,1.7,1.73,3.65,3,1036
Audi,2018,5,India,A6,Sedan,Diesel,52888,267626,30.0,1.01,7.17,6.56,3,181
Porsche,2018,9,Germany,Panamera,Sedan,,196776,161494,6.0,1.91,1.78,2.95,9,250
BMW,2020,5,Australia,3 Series,Electric,Hybrid,61312,365288,356.0,1.5918479755193915,3.012502648770332,4.433842170339704,1,964
Porsche,2016,7,Netherlands,Panamera Sport,Sedan,Petrol,152426,,15.0,2.03,2.03,3.72,1,358
BMW,2024,10,China,7 Series,SUV,Electric,69980,,219.0,1.18561672806521,5.6280957463662,3.402960503596699,3,914
Porsche,2018,10,UK,Macan EV,Electric,Petrol,85545,143325,8.0,1.75,1.72,4.94,10,12
Audi,2021,1,Canada,RS6,Sedan,diesel,98229,337867,57.0,1.38,1.76,3.73,10,714
AUDI,2023,5,UK,e-tron,Electric,Diesel,84262,543522,25.0,1.94,1.62,5.2,2,410
Ford,2017,3,UK,Ranger,SUV,Electric,45751,227935,103.0,1.93,1.82,4.79,4,1562
Volkswagen,2019,12,Canada,ID.3,Electric,Diesel,71375,277824,37.0,1.21,2.21,3.9,1,1965
Mercedes-Benz,2022,2,UK,EQS,Electric,Diesel,92261,502958,29.0,1.86,1.51,5.03,9,303
Ford,2024,4,Brazil,Ranger,SUV,Petrol,56304,121797,46.0,1.24,3.4,10.78,1,3316
Porsche,2016,5,Japan,911,Sedan,Hybrid,196005,392665,11.0,,1.0,0.31,7,482
BMW,2023,6,USA,5 Series,SUV,Petrol,41470,231789,35.0,0.9158502790465284,2.7972953657795534,4.289950456409264,4,281
Audi,2017,2,USA,A6,Sedan,Hybrid,92543,172595,22.0,1.03,2.28,4.43,4,688
Tesla,2018,1,Italy,Model X,Electric,Electric,122148,239235,15.0,1.88,1.14,3.7,10,189
Audi,2015,10,Italy,A4,Sedan,Electric,107486,469267,39.0,1.77,0.62,3.21,4,333
AUDI,2018,11,UK,A4,Sedan,Hybrid,91938,405288,32.0,1.9,1.58,4.87,10,936
Toyata,2024,8,Spain,C-HR,SUV,Petrol,28879,282305,21.0,1.73,0.84,3.36,10,1244
Toyota,2022,1,Netherlands,Corolla,Sedan,Electric,61280,505697,45.0,1.95,2.51,3.64,2,165
Tesla,2016,11,Japan,Model S Plaid,Electric,Electric,119909,164862,25.0,1.46,1.21,0.3,3,2308
Tesla,2016,4,Canada,Model 3,Electric,Electric,128933,285658,29.0,1.25,1.81,3.87,1,2428
Porsche,2023,10,Netherlands,Macan,SUV,Petrol,92988,166566,4.0,2.09,2.59,3.45,3,100
Tesla,2019,5,USA,Model 3,Electric,Electric,94656,118092,2.0,0.98,2.89,4.69,6,604
Tesla,2015,8,Japan,Model 3,Electric,Electric,73421,22164,30.0,,1.51,-0.15,7,1445
BMW,2022,11,Japan,7 Series,sedan,Hybrid,70340,127360,264.0,1.4060774119393673,1.5689049844787182,0.1423658479832978,6,902
Tesla,2022,9,Australia,Model S Plaid,Electric,Electric,42608,273448,7.0,1.67,3.37,4.14,10,1752
Porsche,2020,6,Canada,Panamera Sport,Sedan,Electric,149126,367536,9.0,1.2,2.5,3.78,10,398
Audi,2019,12,France,Q7,SUV,Hybrid,108275,386621,4.0,1.87,1.78,3.66,8,259
BMW,2021,4,U.S.A,X7,Sedan,Diesal,51626,405398,165.0,0.9432723686587384,2.139493860652042,4.375286789121131,3,489
Toyota,2015,11,Spain,RAV4,SUV,Petrol,73607,671236,88.0,1.82,0.88,3.23,8,2196
Ford,2015,7,France,Edge,SUV,Electric,26063,262867,66.0,1.82,1.35,3.67,6,3503
Tesla,2023,8,Italy,Model S,Electric,Electric,,60229,14.0,1.92,1.25,3.24,5,844
Toyota,2016,3,Brazil,Camry,Sedan,Petrol,76048,57585,69.0,1.16,3.25,10.63,5,282
Tesla,2015,3,Italy,Semi,Electric,Electric,,94480,6.0,1.93,1.4,3.58,8,2486
Tesla,2021,7,UK,Model X,Electric,Electric,97923,214908,37.0,1.86,1.12,4.73,1,
Audi,2020,2,Mexico,A6,Sedan,Petrol,39740,510838,22.0,1.09,2.44,10.7,4,1091
Mercedes-Benz,2018,10,Germany,S-Class,Sedan,Diesel,78703,369636,60.0,1.85,1.62,2.84,5,1080
Ford,2015,11,Spain,Mustang Mach-E,Electric,Electric,44279,643458,44.0,1.75,1.59,3.36,2,1570
Audi,2020,1,Canada,Q7,SUV,Petrol,52308,471913,48.0,1.26,1.8,4.29,10,290
Volkswagen,2016,3,Italy,Tiguan,SUV,Diesel,69043,211308,58.0,1.92,0.98,3.21,7,763
Mercedes-Benz,2018,11,Netherlands,GLS,SUV,Diesel,49463,70338,51.0,2.06,2.3,3.7,2,800
Mercedes-Benz,2019,2,India,GLC,SUV,Hybrid,98681,532232,,1.08,6.55,6.21,10,1221
Toyota,2015,1,Germany,Corolla,Sedan,Hybrid,29863,323464,46.0,1.87,1.49,3.19,2,2173
Ford,2017,6,Germany,Edge,SUV,Hybrid,43936,328129,19.0,1.89,2.27,2.99,3,1331
Porsche,2021,97,Spain,Taycan,Electric,Hybrid,141288,208508,19.0,1.67,0.82,3.25,5,
Volkswagen,2020,3,Spain,T-Roc,SUV,Petrol,23309,471120,41.0,1.74,0.92,3.21,9,646
Toyota,2020,4,Germany,Corolla,Sedan,Petrol,28234,484787,45.0,1.95,2.06,3.0,4,1229
Ford,2019,12,UK,Edge,SUV,Hybrid,43805,617661,61.0,1.89,1.4,5.2,7,3346
Audo,2015,5,Mexico,RS6,Sedan,Petrol,32606,,,1.16,2.23,11.12,1,34
BMW,2022,11,Germany,i7,Sedan,,58991,456396,99.0,1.9337145293445828,1.6547712918359845,3.265035426971355,5,457
Audi,2021,12,Mexico,RS6,Sedan,Petrol,102758,342017,32.0,1.03,2.43,11.28,5,1118
Mercedes-Benz,2017,9,Canada,GLS,SUV,Electric,72939,239793,45.0,1.36,2.29,4.25,10,296
Volkswagen,2024,2,UK,Tiguan,SUV,Diesel,47799,530360,50.0,1.88,1.43,5.22,9,1839
Porsche,2019,11,Mexico,718,Sedan,Hybrid,102804,169381,26.0,1.1,2.38,10.77,1,342
Audi,2023,5,India,A6,Sedan,Petrole,86277,319734,,1.1,6.8,6.23,1,509
Tesla,2022,7,USA,Model Y,Electric,Electric,41707,137600,39.0,1.06,2.36,4.29,3,1659
Porsche,2017,1,Spain,Macan EV,Electric,Hybrid,121231,382917,13.0,1.83,1.25,3.69,10,178
Tesla,2022,12,USA,Cybertruck,Electric,Electric,39698,234368,19.0,0.98,2.21,4.56,10,1323
Porsche,2015,7,Brazil,911,Sedan,Electric,179589,308721,25.0,1.18,3.03,10.71,5,103
Volkswagen,2023,9,China,Polo,Sedan,Electric,,571820,25.0,1.06,5.6,3.28,2,1228
Tesla,2021,7,Germany,Model 3,Electric,Electric,59707,81044,1.0,1.82,1.6,2.75,5,2205
Ford,2017,8,Italy,Expedition,SUV,Petrol,75604,666895,81.0,1.9,0.59,3.21,6,3173
Tesla,2015,5,USA,Cybertruck,Electric,Electric,128611,296777,24.0,0.9,2.95,4.47,3,1781
Audi,2017,4,UK,RS6,Sedan,Diesel,56721,525150,12.0,1.84,1.43,5.2,1,114
FORD,2019,8,Canada,Ranger,SUV,Petrol,88173,768403,109.0,1.38,1.79,3.83,7,3154
Audi,2018,1,Australia,A6,Sedan,Electric,73699,222646,44.0,1.55,3.38,4.28,2,660
Mercedes-Benz,2021,11,India,C-Class,Sedan,Hybrid,118771,525844,31.0,1.13,7.48,6.52,2,769
bmw,2019,1,Japan,X7,Electric,Diesel,109417,54025,72.0,1.5164845316414493,1.6799703293588506,0.1611289537817933,1,250
Tesla,2022,8,,Model Y,Electric,Electric,,241600,20.0,1.74,1.51,3.78,9,792
Volkswagen,2023,9,Italy,Arteon,Sedan,Electric,61354,505356,14.0,1.91,0.66,3.57,4,1258
Volkswagen,2019,3,France,ID.4,Electric,Petrol,75656,427285,46.0,1.82,1.95,3.26,4,302
BMW,2018,9,Brazil,3 Series,Electric,Electric,105832,79087,256.0,1.2192539756964105,3.828915474150677,10.222204580829295,8,657
Volkswagen,2021,1,Brazil,Arteon,Sedan,Electric,21537,220824,80.0,1.16,3.14,10.55,2,693
Ford,2021,12,Netherlands,Bronco,SUV,Electric,37562,257504,87.0,2.08,2.54,3.51,5,3852
Toyota,2022,12,Germany,C-HR,SUV,Electric,85619,68603,65.0,1.96,1.41,2.73,5,2095
Volkswagen,2022,11,China,Polo,Sedan,Hybrid,70604,245264,65.0,1.02,6.11,3.42,2,1388
Ford,2019,9,USA,Escape,SUV,Petrol,47268,530304,34.0,1.05,2.42,4.24,3,819
Audi,2016,2,USA,A6,Sedan,Electric,95898,326366,33.0,0.96,2.41,4.53,4,122
BMW,2021,11,Canada,3 Series,SUV,Hybrid,107255,427864,239.0,1.2720381282822526,1.7373481887492146,4.1935603363957945,6,630
Volkswagen,2021,2,Canada,Tiguan,SUV,Hybrid,71093,103641,17.0,1.2,1.94,4.12,1,2384
Tesla,2016,10,Spain,Model Y LR,Electric,Electric,100154,36173,9.0,1.77,0.91,3.32,4,525
Porsche,2020,1,Japan,Cayenne Coupe,SUV,Electric,160476,86506,13.0,1.5,0.95,-0.17,3,416
Mercedes-Benz,2019,11,Germany,EQS,Electric,Petrol,60824,211445,14.0,1.98,1.59,3.18,3,230
Toyota,2015,7,Australia,Highlander,SUV,Hybrid,48449,569547,35.0,1.6,2.91,4.09,5,1895
Volkswagen,2021,8,Italy,ID.4,Electric,Petrol,23192,584232,12.0,1.77,1.18,3.29,2,533
Audi,2022,8,France,Q7,SUV,Electric,114246,132183,17.0,1.87,1.37,3.66,10,123
Volkswagen,2023,6,Germany,Touareg,SUV,Diesel,39896,50369,21.0,1.97,2.15,3.22,5,202
Mercedes-Benz,2019,10,UK,EQE,Electric,Diesel,103370,121144,29.0,1.78,1.54,5.19,10,640
Tesla,2017,12,Australia,Model Y LR,Electric,Electric,65783,281350,10.0,1.51,2.99,3.98,1,444
Ford,2015,9,Mexico,Explorer,SUV,Electric,53427,125204,22.0,1.14,2.11,11.24,6,1885
Tesla,2024,1,Japan,Model 3 LR,Electric,Electric,44631,141786,12.0,1.47,0.92,-0.0,7,708
Toyota,2020,4,Germnay,bZ4X,Electric,Electric,64160,,84.0,1.93,1.8,2.83,1,2346
Toyota,2020,10,Mexico,RAV4,SUV,Electric,18931,158890,40.0,1.06,2.46,11.09,3,739
Porsche,2018,6,Australia,911,Sedan,Electric,197122,215488,7.0,1.66,3.24,4.35,8,176
Mercedes-Benz,2022,5,Netherlands,GLC,SUV,Hybrid,86843,460927,18.0,1.99,1.96,3.78,4,491
Porsche,2017,4,Canada,Panamera Sport,Sedan,Electric,79512,173015,29.0,1.29,2.53,3.84,4,483
BMW,2018,7,Canada,iX,Electric,Diesel,36462,69122,60.0,1.3967357850526827,1.7577805609963668,4.117021137315132,8,182
Ford,2018,8,Spain,Mustang Mach-E,Electric,Hybrid,25659,447065,62.0,1.75,1.56,3.29,4,3895
Audi,2019,10,Japan,Q8,SUV,Diesel,38772,293386,25.0,1.51,1.14,0.36,2,734
Volkswagen,2023,9,FRANCE,ID.4,Electric,Diesel,,476773,85.0,1.8,1.34,3.39,3,2518
Porsche,2017,12,Netherlands,Macan,SUV,Petrole,162157,323151,10.0,2.04,2.49,3.67,4,236
Volkswagen,2015,5,France,Golf,Sedan,Electric,57356,353890,80.0,1.85,1.17,3.62,8,215
Porsche,2024,3,Germany,718,Sedan,Hybrid,95682,158868,12.0,1.84,1.98,3.06,1,124
Porsche,2018,1,Spain,Macan,SUV,Electric,195533,390841,8.0,1.84,1.71,3.64,2,163
Ford,2022,11,France,Bronco,SUV,Hybrid,61652,175073,103.0,1.71,1.86,3.6,3,2322
Toyota,2015,11,India,RAV4,SUV,Petrol,70876,148692,77.0,1.08,6.51,6.24,2,2034
Tesla,2017,6,Brazil,Model S Plaid,Electric,Electric,119159,53776,4.0,,3.99,10.21,6,
Porsche,2019,4,Italy,Panamera,Sedan,Petrol,117844,184483,27.0,1.82,0.82,3.74,7,96
BMW,2018,7,France,i4,Sedan,Hybrid,39758,439187,344.0,1.7447635229645246,1.915833124990618,3.334664343101996,10,934
Mercedes-Benz,2023,5,Spain,GLE,SUV,Hybrid,93220,541137,34.0,1.66,1.2,3.26,7,1075
Volkswagen,2018,11,India,Touareg,SUV,Diesel,35724,470365,61.0,1.09,,6.23,2,2648
Toyota,2017,9,Netherlands,Supra,Sedan,Electric,84938,528792,35.0,2.0,1.8,3.78,3,1167
Toyota,2019,6,Japan,C-HR,SUV,Electric,27980,447508,64.0,1.43,1.17,0.32,4,679
Tesla,2021,7,France,Semi,Electric,Electric,101886,172738,31.0,1.87,1.64,3.45,1,2440
Porsche,2024,2,Australia,Macan,SUV,Hybrid,183630,83851,23.0,,3.06,4.08,9,377
Audi,2023,5,Spain,A4,Sedan,Hybrid,32099,359968,14.0,1.71,1.45,3.23,7,244
Tesla,2016,7,Netherlands,Model 3,Electric,Electric,106560,54556,8.0,1.93,2.31,3.73,4,2201
Porsche,2024,3,Canada,Cayenne Coupe,SUV,Petrol,165564,324648,9.0,1.22,2.19,3.88,3,219
TESLA,2021,8,India,Model X,Electric,Electric,120820,93010,11.0,1.11,6.78,6.59,8,2056
Porsche,2020,2,China,Macan,SUV,Electric,88533,379093,16.0,1.07,5.9,3.56,5,50
Ford,2022,5,Mexico,Bronco,SUV,Electric,59703,190036,11.0,1.09,2.03,11.16,10,1738
Toyota,2023,3,,Highlander,SUV,Hybrid,68261,301197,21.0,1.14,7.02,6.32,7,1492
Porsche,2022,7,Japan,Macan,SUV,Petrol,176343,290258,8.0,1.58,1.47,-0.07,8,37
Volkswagen,2017,11,Italy,Golf,Sedan,Electric,62341,480966,42.0,1.88,0.87,3.25,9,862
Volkswagen,2015,2,USA,T-Roc,SUV,Hybrid,72847,217292,26.0,0.89,2.2,4.34,1,2056
Tesla,2024,7,USA,Model Y LR,Electric,Electric,67210,14434,29.0,1.0,2.87,4.23,2,47
Mercedes-Benz,2021,4,Canada,A-Class,Sedan,Diesel,60600,299238,42.0,1.39,1.9,3.78,10,1107
Porsche,2020,4,Spain,Macan EV,Electric,Petrol,128058,214374,27.0,1.72,0.85,3.5,10,9
Volkswagen,2021,2,Australia,ID.3,Electric,Hybrid,54939,536165,25.0,1.61,3.14,4.45,3,736
Ford,2018,6,Spain,F-150,SUV,Petrol,45517,382843,82.0,1.74,1.35,3.29,7,2167
Volkswagen,2024,11,Brazil,T-Roc,SUV,Hybrid,45337,444080,43.0,1.18,3.4,10.29,7,42
Volkswagen,2021,2,Canada,Passat,Sedan,Diesel,28275,531723,83.0,1.37,2.38,4.16,6,2701
Porsche,2017,8,UK,Panamera,Sedan,Petrol,88461,167618,19.0,1.82,1.72,4.95,10,77
Ford,2016,3,Netherlands,Bronco,SUV,Electric,89358,471128,16.0,2.06,1.71,3.36,2,1122
BMW,2015,5,Brasil,X1,SUV,Electric,58760,91269,241.0,1.1754636107926386,3.4338174195765294,10.745965886312636,6,916
Audi,2023,4,Japan,RS6,Sedan,Petrol,95430,342552,37.0,1.46,0.91,-0.16,3,79
Audi,2017,6,Brazil,A3,Sedan,Diesel,106884,79634,32.0,1.17,3.47,10.73,10,56
Porsche,2016,5,Spain,GTS,Sedan,Hybrid,175708,193193,7.0,1.67,1.01,3.8,8,467
Mercedes-Benz,2015,5,Japan,S-Class,Sedan,Petrol,43600,488967,10.0,1.59,1.56,0.01,5,367
Tesla,2015,4,USA,Cybertruck,Electric,Electric,107095,54816,34.0,1.04,2.57,4.61,8,2399
Porsche,2018,8,Brazil,718,Sedan,Hybrid,83972,274711,3.0,1.12,3.06,10.31,8,277
BMW,2021,2,Australia,X7,Sedan,Hybrid,84178,,187.0,1.5598791176743363,3.192532431537108,4.030661077644873,8,401
FORD,2016,4,USA,Explorer,SUV,Hybrid,58188,764011,114.0,0.92,2.88,4.73,6,1158
BMW,2022,9,China,i7,SUV,Hybrid,89460,357268,18.0,1.096268830327065,5.511031264428647,3.4496923989078567,5,
BMW,2017,1,Australia,i4,Electric,Hybrid,97320,211149,,1.6747157248213556,3.127900389490908,3.999055419169323,4,396
Mercedes-Benz,2017,11,India,GLS,SUV,Hybrid,126257,383609,53.0,1.06,6.9,6.4,2,159
Mercedes-Benz,2024,11,Italy,C-Class,Sedan,,56397,150796,63.0,1.89,1.48,3.4,9,810
Audo,2018,9,Netherlands,RS6,Sedan,Hybrid,97110,425806,34.0,2.06,2.35,3.32,1,387
Ford,2020,4,Mexico,F-150 Lightning,Electric,Petrol,86350,460255,46.0,1.08,2.11,11.04,10,2705
BMW,2022,6,China,i7,SUV,Petrol,86375,436154,174.0,1.1948388887632715,5.799800527565236,3.5878752449827584,3,711
BMW,2019,10,France,i4,Electric,Petrol,73737,108560,308.0,1.846614259205935,1.304035634628899,3.533050969581372,10,720
Volkswagen,2016,8,Australia,ID.3,Electric,Diesel,71982,116540,8.0,1.64,3.37,4.09,1,1100
Porsche,2019,12,Mexico,911,Sedan,Electric,64740,173357,3.0,1.09,2.14,11.15,8,74
Mercedes-Benz,2018,11,Brazil,E-Class,Sedan,Petrol,68347,250622,,1.2,3.68,10.32,8,981
BMW,2023,7,Canada,i7,Sedan,Electric,41533,431387,168.0,1.3900822968153117,1.7454463803414582,3.868577913755338,3,465
Tesla,2016,10,France,Cybertruck,Electric,Electric,54442,106893,17.0,1.86,1.3,3.78,1,2262
Volkswagen,2016,10,China,Polo,Sedan,Petrol,63182,193297,77.0,1.11,,3.41,10,434
FORD,2020,1,China,Escape,SUV,Petrol,41442,,81.0,1.19,6.12,3.28,9,487
Volkswagen,2021,1,Canada,Passat,Sedan,Hybrid,74588,573512,54.0,1.31,2.06,3.86,4,1261
Tesla,2016,8,UK,Model 3 LR,Electric,Electric,126536,,5.0,1.91,1.67,4.85,8,1763
BMW,2024,5,India,X7,Electric,Petrol,46360,130674,265.0,1.0874038533006485,7.464078416490108,6.253573714715344,1,695
Mercedes-Benz,2018,5,UK,CLA,Sedan,Hybrid,86050,354973,10.0,1.77,1.85,5.21,3,555
Tesla,2015,1,Frnce,Model X Plaid,Electric,Electric,100426,42876,36.0,1.73,1.22,3.32,9,587
Tesla,2019,4,USA,Model X Plaid,Electric,Electric,63259,24201,4.0,0.92,2.91,4.29,2,2010
Tesla,2015,11,Mexico,Cybertruck,Electric,Electric,68179,166683,18.0,,1.56,11.08,6,1964
Ford,2016,12,Japan,  Mustang Mach-E  ,Electric,Hybrid,,324447,26.0,1.43,1.68,0.17,5,698
Porsche,2022,2,Netherlands,Cayenne,SUV,Electric,166230,293995,11.0,2.1,1.78,3.62,6,27
Ford,2021,1,australia,Mustang Mach-E,Electric,Electrc,36112,143094,119.0,1.55,2.67,4.49,7,1823
Porsche,2023,2,Netherlands,Cayenne,SUV,Petrol,134719,178655,23.0,2.08,1.67,3.32,9,403
Ford,2016,12,Germany,Expedition,SUV,hybrid,59921,578791,116.0,1.88,1.79,3.13,3,1841
Audi,2020,12,Japan,Q7,SUV,Hybrid,112080,337982,54.0,1.55,1.27,0.23,7,26
Mercedes-Benz,2023,1,Brazil,A-Class,Sedan,Petrol,44109,598374,30.0,1.27,3.71,10.42,7,465
Audi,2021,4,Australia,TT,Sedan,Diesel,89917,320288,51.0,1.6,2.88,4.42,3,315
Audi,2021,2,USA,Q3,SUV,Hybrid,101353,243419,7.0,1.01,2.04,4.45,6,95
Ford,2015,1,Japan,Bronco,SUV,Petrol,85574,352992,66.0,1.57,1.25,-0.04,5,782
Ford,2021,9,Germany,Mustang,Sedan,Petrol,,574603,38.0,1.89,1.83,2.71,9,452
Volkswagen,2022,5,USA,Golf,Sedan,Hybrid,44961,54888,26.0,1.04,2.11,4.27,9,1113
Volkswagen,2016,12,USA,Golf,Sedan,Electric,63737,393327,12.0,0.97,2.02,4.68,6,2532
Tesla,2016,12,UK,Model S,Electric,Electric,128164,286807,34.0,1.79,1.66,5.2,1,2121
Audi,2022,6,,A3,Sedan,Diesal,113810,540328,57.0,1.91,2.56,3.44,9,581
Ford,2017,6,Brazil,Explorer,SUV,Petrol,42183,365560,19.0,1.22,3.77,10.42,2,957
Volkswagen,2023,11,India,Taos,SUV,Petrol,40836,545070,52.0,1.06,7.28,6.24,6,963
Porsche,2018,9,India,Cayenne Coupe,SUV,Petrol,124480,138124,10.0,0.99,7.49,6.4,10,153
Volkswagen,2018,12,India,Tiguan,S U V,Diesel,66304,208339,49.0,1.1,,6.52,8,93
Mercedes-Benz,2015,5,Canada,EQS,Electric,Petrol,52845,158014,5.0,1.24,2.58,4.07,1,1007
Mercedes-Benz,2021,11,France,GLC,SUV,Electric,35766,551024,5.0,1.88,1.25,3.75,10,962
Volkswagen,2021,5,Brazil,Polo,Sedan,Petrol,70953,125163,59.0,1.26,3.45,10.73,6,517
Ford,2017,7,Spain,Mustang Mach-E,,Electric,88178,662904,95.0,1.75,1.09,3.76,9,2518
Volkswagen,2022,7,Japan,ID.4,Electric,Petrol,41409,410551,,1.5,1.07,0.11,10,851
Tesla,2019,4,Germany,Model S Plaid,Electric,Electric,63989,286300,30.0,1.92,1.66,3.09,4,2464
BMW,2024,3,Japan,5 Series,Electric,Diesel,36515,262369,48.0,1.5079914260561118,1.692483502158375,0.3562005807545771,2,474
Mercedes-Benz,2019,3,France,CLA,Sedan,Electric,117965,482906,15.0,1.89,1.59,3.58,4,675
Volkswagen,2022,4,Spain,Taos,SUV,Hybrid,36523,145844,27.0,1.83,1.11,3.26,1,651
Audi,2018,5,Australia,A4,Sedan,Hybrid,73512,264064,13.0,1.54,2.69,4.07,8,441
Mercedes-Benz,2020,6,Australia,CLA,Sedan,Petrol,58716,327330,55.0,1.55,3.25,4.03,10,666
Toyota,2017,7,USA,bZ4X,Electric,Electric,87904,585850,97.0,0.97,2.86,4.55,1,2544
Audi,2016,6,Japan,A4,Sedan,Petrol,64547,,29.0,1.42,1.08,0.19,10,287
Porsche,2020,7,Spain,Cayenne,SUV,Hybrid,179196,337194,27.0,1.67,1.59,3.23,5,266
Porsche,2017,8,Mexico,Panamera Sport,Sedan,,68378,211885,21.0,1.03,,11.06,3,214
Mercedes-Benz,2022,2,Netherlands,CLA,,Petrol,42048,458940,62.0,1.99,2.17,3.77,5,888
Ford,2023,5,China,Explorer,SUV,Petrol,69858,192794,79.0,1.2,6.04,3.48,9,3372
Tesla,2022,7,India,Model S,Electric,Electric,113751,21233,20.0,1.15,6.71,6.43,10,1008
Volkswagen,2023,2,Netherlands,Taos,SUV,Hybrid,64029,363188,13.0,1.92,1.75,3.55,5,541
Porsche,2023,6,Australia,718,Sedan,Petrol,152795,,10.0,1.53,3.3,4.18,5,484
Ford,2021,10,China,Explorer,SUV,Electric,60625,401030,47.0,1.1,6.24,3.48,8,1919
Tesla,2015,4,Canada,Model X Plaid,Electric,Electric,84616,,29.0,1.27,1.96,3.89,7,2478
BMW,2017,2,Brazil,iX,SUV,Electric,51932,398848,216.0,1.272666729914365,3.4634940438005724,10.427871468107538,8,711
Tesla,2024,2,Brazil,Model X Plaid,Electric,Electric,56773,269148,26.0,1.14,3.62,10.43,3,1854
BMW,2020,12,UK,X7,Electric,Electric,105934,400722,21.0,1.7624915187238144,1.8469688542070608,5.235854123117249,9,238
Tesla,2020,5,China,Model 3,Electric,Electric,86671,125522,28.0,1.0,6.34,3.67,2,2195
Ford,2016,5,Italy,Edge,SUV,Hybrid,53079,,31.0,1.81,1.48,3.74,3,98
Mercedes-Benz,2016,12,Australia,CLA,Sedan,Diesel,64727,323552,61.0,1.65,2.89,4.31,3,310
Frod,2015,11,USA,Explorer,SUV,Electric,50498,469725,51.0,1.01,2.66,4.26,10,2514
Tesla,2016,2,Spain,Model Y LR,Electric,Electric,64912,155512,8.0,1.78,1.49,3.46,6,763
Ford,2024,9,India,Edge,SUV,Electric,43050,164564,54.0,0.99,7.02,6.22,3,1863
BMW,2023,10,Japan,7 Series,Sedan,Electric,37159,370057,302.0,1.5946977938354794,0.7457420338125128,0.3229220836914258,7,1016
Mercedes-Benz,2019,1,India,CLA,Sedan,Diesel,123825,495980,43.0,0.99,7.48,6.36,6,408
Tesla,2020,11,Netherlands,Model 3 LR,Electric,Electric,76893,162180,38.0,1.97,1.85,3.66,10,1264
Porsche,2019,5,France,Taycan,Electric,Electric,96519,339080,27.0,1.88,1.12,3.74,1,161
Ford,2023,6,China,F-150,SUV,Petrol,58365,546456,85.0,1.18,5.79,3.6,1,147
Mercedes-Benz,2017,4,USA,GLS,SUV,Hybrid,56508,418187,55.0,0.99,2.15,4.64,6,724
Ford,2023,2,Germany,Bronco,SUV,Electric,93807,337293,25.0,1.92,2.24,3.1,4,2293
Volkswagen,2019,7,Australia,Touareg,SUV,Diesel,,568619,87.0,1.54,3.12,4.46,8,1233
Toyota,2021,3,Mexico,bZ4X,Electric,Hybrid,44363,477208,40.0,1.04,2.23,10.89,6,1074
Mercedes-Benz,2019,10,China,A-Class,Sedan,Hybrid,35812,432503,33.0,1.11,5.71,3.24,9,179
Mercedes-Benz,2017,9,Australia,GLS,SUV,Diesel,85792,168152,42.0,1.51,3.24,4.26,8,970
Mercedes-Benz,2020,6,Brazil,S-Class,,Electric,50378,541215,32.0,1.12,3.98,10.23,8,928
Ford,2016,10,Netherlands,F-150,SUV,Electric,62248,173955,115.0,1.95,1.97,3.39,10,2852
BMW,2022,5,Germany,i7,Electrc,Hybrid,41008,75494,94.0,1.990362357084648,2.265118696436045,2.702963988560646,8,398
Audi,2024,2,Mexico,Q5,SUV,Hybrid,83157,394089,14.0,1.06,2.41,11.19,1,986
Volkswagen,2020,10,Canada,Arteon,Sedan,Diesal,64997,117263,65.0,1.25,2.25,3.9,6,1296
Mercedes-Benz,2015,2,Brazil,EQS,Electric,Diesel,82266,345435,53.0,1.24,3.66,10.27,6,961
Ford,2017,7,UK,Mustang Mach-E,Electric,HYBRID,27162,458066,87.0,1.9,1.74,5.03,2,3884
Mercedes-Benz,2022,12,Canada,E-Class,,Diesel,63578,131933,42.0,1.34,2.28,4.12,5,184
Audi,2021,4,China,TT,Sedan,Electric,110589,199403,16.0,1.15,6.45,3.63,7,170
Mercedes-Benz,2015,10,China,GLC,SUV,Electric,54791,275639,29.0,1.07,5.68,3.68,9,1272
Porsche,2015,12,Japan,911,,Petrol,61561,144224,13.0,1.57,1.28,0.23,3,103
Porsche,2018,1,India,Cayenne Coupe,SUV,Electric,183774,227412,5.0,1.12,7.04,6.4,10,110
Ford,2024,12,Brazil,Edge,SUV,Electric,30647,112008,45.0,1.21,3.1,10.63,10,2212
BMW,2024,5,Australia,i7,Sedan,Electric,86628,53681,320.0,1.540030048848962,3.1894649691372656,4.43035201946545,3,638
Porsche,2015,10,Germany,Macan,SUV,Electric,70353,339220,6.0,1.86,1.96,3.25,5,341
BMW,2020,8,UK,iX,Sedan,Diesal,70333,96562,131.0,1.813517359052224,1.0543320348229035,5.14918714047572,1,376
Audi,2020,12,France,A6,Sedan,Electric,,459636,15.0,1.8,1.3,3.27,10,641
Tesla,2019,3,UK,Model Y,Electric,Electric,82425,183550,2.0,1.79,1.72,4.96,3,2474
Tesla,2019,11,USA,Model X Plaid,Electric,Electric,50013,161426,29.0,0.88,2.45,4.21,8,1601
Tesla,2015,1,Canada,Model 3,Electrc,Electric,75307,92113,1.0,1.31,2.08,3.76,5,732
BMW,2021,8,Australia,i7,Sedan,Diesel,39239,469876,126.0,1.6380009781641331,3.4576252845053803,4.055181765414596,7,659
Tesla,2016,6,France,Model 3 LR,Electric,electric,60745,153225,23.0,1.82,1.99,3.57,5,332
Mercedes-Benz,2019,5,UK,GLS,SUV,Electric,129062,73915,41.0,1.94,1.69,4.77,5,864
Ford,2017,12,Australia,Explorer,SUV,Electric,85498,581018,73.0,1.53,2.61,4.11,2,3247
Toyota,2018,7,USA,Land Cruiser,SUV,Electric,25791,394867,83.0,1.05,2.35,4.4,7,1164
Ford,2024,2,Canada,F-150 Lightning,Electric,Hybrid,83161,399160,34.0,1.22,2.34,3.94,4,3565
Ford,2024,5,Brasil,F-150 Lightning,Electric,Electric,29755,776390,85.0,1.21,3.48,10.36,6,135
Audi,2016,3,Netherlands,e-tron,Electric,Petrol,103312,508906,31.0,2.0,2.43,3.52,2,662
Toyota,2021,10,Canada,Camry,Sedan,Petrol,72415,607454,53.0,1.38,2.24,4.04,4,1878
Audi,2024,4,Italy,Q5,SUV,Electric,37895,298758,8.0,1.77,0.63,3.33,6,327
Volkswagen,2019,5,France,T-Roc,SUV,Petrol,31420,45292,79.0,1.8,1.32,3.2,10,2151
Porsche,2021,11,USA,Cayenne Coupe,SUV,Electric,141086,241780,11.0,1.02,2.23,4.31,3,48
Porsche,2024,10,Mexico,911,,Petrole,76200,248464,4.0,1.18,1.67,10.74,1,82
Ford,2021,5,Japan,Mustang,Sedan,Hybrid,64224,494194,88.0,1.46,1.23,0.06,5,864
Audi,2015,8,UK,A4,Sedan,Diesel,98451,536217,15.0,1.81,1.45,5.15,1,238
Audi,2017,3,Japan,A3,Sedan,Diesel,88625,317579,8.0,1.54,1.22,0.31,7,355
Toyota,2020,4,Italy,C-HR,SUV,Electric,57629,498320,97.0,1.77,0.72,3.38,8,2360
Audo,2022,3,France,RS6,Sedan,Hybrid,54542,127042,36.0,1.8,1.2,3.44,6,596
Porsche,2020,8,Brazil,Panamera,Sedan,Petrol,81158,397943,26.0,1.21,3.58,10.43,3,70
Tesla,2016,3,FRANCE,Model Y LR,Electric,Electric,123337,71871,33.0,1.82,1.11,3.34,4,1754
Volkswagen,2021,10,Germany,T-Roc,SUV,Electric,22772,320211,34.0,1.85,2.29,2.84,1,
Toyota,2016,11,Germany,Prius,Hybrid,Petrol,48139,425332,15.0,1.83,1.96,3.01,3,448
Ford,2018,4,China,F-150 Lightning,Electric,Petrol,32883,769859,83.0,1.13,5.61,3.43,4,1765
Ford,2018,11,Canada,Escape,suv,Hybrid,32535,118901,17.0,1.26,2.42,4.29,10,3252
Audi,2020,4,India,A3,Sedan,Hybrid,55143,101278,15.0,,7.42,6.25,2,300
Audi,2024,7,Spain,A3,Sedan,Hybrid,96665,302960,23.0,1.8,1.19,3.78,7,528
Porsche,2023,1,Mexico,Panamera Sport,Sedan,Hybrid,94671,324963,12.0,1.11,,11.22,5,375
Tesla,2018,8,Australia,Model X,Electric,Electric,100333,132041,21.0,1.57,3.36,4.05,3,146
Toyota,2023,11,Brazil,Corolla,Sedan,Petrol,45831,166668,96.0,1.15,3.75,10.38,10,2880
Ford,2021,2,Germany,Escape,SUV,Hybrid,73550,256785,67.0,1.99,1.82,2.7,2,113
Mercedes-Benz,2018,10,Italy,GLS,SUV,Petrol,100918,355779,41.0,1.79,0.97,3.32,6,136
Porsche,2020,8,China,911,Sedan,Electric,169378,371099,8.0,1.08,5.98,3.66,4,291
Audi,2015,2,Germany,A6,Sedan,Electric,58460,80378,25.0,1.91,1.86,3.12,7,240
Tesla,2021,2,BRAZIL,Model Y LR,electric,Electric,109624,19071,30.0,1.15,3.39,10.34,3,2346
Mercedes-Benz,2023,5,UK,GLE,SUV,Diesel,92762,316135,28.0,1.82,1.13,4.95,1,1191
Ford,2016,2,Japan,F-150 Lightning,Electric,ELECTRIC,30947,796932,39.0,1.46,1.52,-0.13,8,1943
FORD,2015,11,USA,Expedition,SUV,Petrol,73338,792667,,0.91,2.59,4.72,7,3679
Volkswagen,2022,1,Spain,ID.4,Electric,Hybrid,31786,204476,66.0,1.85,0.87,3.44,5,1139
BMW,2017,9,Brazil,i4,Sedan,Diesel,112606,160361,225.0,1.263414414189856,3.9694704332753687,10.719304275536388,3,665
Mercedes-Benz,2022,7,France,GLC,SUV,Diesel,125885,275479,55.0,1.72,1.77,3.79,5,261
Mercedes-Benz,2023,11,Brazil,EQE,Electric,Electric,123115,264102,32.0,1.13,3.61,10.37,9,
Volkswagen,2019,6,U.S.A,Golf,Sedan,Diesel,,306507,21.0,1.0,2.32,4.53,3,232
Tesla,2020,12,China,Model 3,Electric,Electric,95811,262073,27.0,1.14,6.11,3.25,5,528
Mercedes-Benz,2022,5,Japan,EQS,Electric,Diesel,68069,348791,64.0,1.56,1.52,0.06,6,627
Mercedes-Benz,2016,10,China,C-Class,SEDAN,Petrol,120468,237394,62.0,1.05,,3.74,5,51
BMW,2019,4,China,i7,Electric,Petrol,44824,152413,352.0,1.1046659262389484,6.464476653900812,3.3222598754766133,5,1007
Mercedes-Benz,2020,1,India,EQE,Electric,Electric,96841,97858,28.0,0.96,6.66,6.7,8,252
TOYOTA,2021,12,India,Yaris,Sedan,Hybrid,26500,198295,27.0,0.96,7.37,6.51,2,
Ford,2021,2,Germany,Mustang Mach-E,,Petrol,49555,398635,64.0,1.83,1.41,2.85,3,3614
Tesla,2021,11,India,Model 3,Electric,Electric,110829,60032,25.0,,7.45,6.61,7,471
Audi,2020,7,Spain,Q5,SUV,Hybrid,86384,223457,21.0,1.72,,3.7,7,519
Toyota,2023,9,India,Prius,Hybrid,Hybrid,57449,651583,58.0,0.95,6.54,6.24,5,1569
Volkswagen,2016,6,Spain,Polo,,Electric,50489,,52.0,1.84,1.14,3.79,3,2519
Mercedes-Benz,2018,9,India,GLE,SUV,Electric,,170330,35.0,0.96,6.52,6.68,3,556
PORSCHE,2015,1,India,Taycan,Electric,Electric,194695,220889,28.0,1.04,7.22,6.49,5,385
AUDI,2020,7,Netherlands,A6,Sedan,Electric,114335,145532,29.0,1.93,1.83,3.49,8,
Ford,2016,1,India,F-150 Lightning,Electric,Petrol,60239,731593,53.0,1.0,6.6,6.72,6,837
Audi,2023,7,Spain,Q3,SUV,Diesel,33049,162537,7.0,1.65,1.56,3.69,6,940
BMW,2024,2,India,3 Series,SUV,Hybrid,77814,454427,99.0,,,6.364433132412324,7,498
Audi,2019,11,Japan,Q3,SUV,Diesel,55645,261232,23.0,1.53,1.3,0.14,9,638
Audi,2022,5,Italy,e-tron,Electric,Electric,40302,182581,44.0,1.87,0.82,3.43,3,130
Audi,2019,10,India,RS6,Sedan,Diesel,70904,252336,11.0,1.07,7.49,6.44,7,830
Tesla,2021,3,Mexico,Model 3,Electric,Electric,49501,43863,15.0,1.03,1.7,10.82,7,706
Tesla,2022,3,India,Model S,Electric,Electric,46171,168573,31.0,0.97,7.2,6.26,7,2376
Mercedes-Benz,2022,12,Australia,  EQE  ,Electric,Hybrid,75061,367536,57.0,1.59,3.03,4.4,9,1208
Audo,2022,10,Netherlands,e-tron,Electric,Electric,111782,176624,4.0,2.06,1.96,3.52,3,530
Ford,2015,3,Australlia,Explorer,SUV,Electric,44254,116059,36.0,,2.56,4.02,6,1154
Porshe,2023,5,Mexico,Panamera Sport,Sedan,Petrole,165143,392309,19.0,1.13,1.59,11.17,9,60
Ford,2021,10,Spain,Escape,SUV,Petrol,82283,292734,51.0,1.85,1.25,3.36,7,2179
Porsche,2024,8,Netherlands,Taycan,Electric,,129472,143625,18.0,1.99,2.45,3.45,10,206
Toyota,2024,7,Mexico,Land Cruiser,SUV,Electric,42490,170030,39.0,1.05,1.87,11.1,4,1847
Mercedes-Benz,2018,12,Canada,CLA,Sedan,Petrole,81812,473180,34.0,1.37,2.35,3.8,1,211
Volkswagen,2018,11,India,Polo,Sedan,Electric,20752,187378,39.0,1.03,7.1,6.53,3,580
Audi,2020,5,France,A6,Sedan,Petrol,74557,290447,38.0,1.84,1.74,3.57,6,676
Porsche,2022,1,Netherlands,Cayenne Coupe,SUV,Electric,144401,266652,26.0,1.96,2.47,3.24,10,382
Volkswagen,2018,8,Germany,Arteon,Sedan,Hybrid,50745,241602,9.0,1.86,1.4,3.27,7,655
Volkswagen,2020,11,France,Touareg,SUV,Diesel,78864,345045,27.0,1.83,1.8,3.78,8,2600
Volkswagen,2020,1,Spain,Taos,SUV,Diesel,42137,51658,38.0,1.7,1.32,3.2,1,296
Tesla,2022,1,India,Semi,Electric,Electric,64204,298631,17.0,1.12,7.27,6.58,3,1269
Ford,2022,9,Spain,Explorer,SUV,Hybrid,44626,730442,45.0,1.8,1.18,3.78,10,1141
B M W,2015,7,India,X5,SUV,Electric,59299,295160,265.0,1.0191869985093926,7.242706521199981,6.455296000668845,10,904
Ford,2023,1,India,Expedition,SUV,Electric,55385,387136,56.0,1.1,7.23,6.51,5,2817
Mercedes-Benz,2018,3,Spain,EQE,Electric,Diesel,103931,475663,63.0,1.66,1.14,3.59,3,754
Porsche,2021,4,Australia,Taycan,Electric,Hybrid,146242,237544,28.0,1.57,3.46,4.07,4,256
Porsche,2023,3,Germany,911,Sedan,Petrol,73427,376483,25.0,1.85,2.05,3.16,9,158
Toyota,2015,7,Netherlands,RAV4,SUV,Hybrid,54849,315037,81.0,2.02,1.87,3.72,5,1303
BMW,2024,7,Japan,7 Series,Sedan,,37887,201770,194.0,1.493480302249974,1.5791183075621646,0.3668392133748461,1,571
Porsche,2021,12,Brazil,Panamera,Sedan,hybrid,107040,211942,18.0,1.25,3.25,10.48,6,425
Tesla,2016,10,Italy,Model S Plaid,Electric,Electric,69002,205688,7.0,1.88,1.28,3.71,4,330
FORD,2018,10,Australia,Escape,SUV,Electric,56851,693545,,1.67,2.53,4.03,4,2719
Ford,2016,1,UK,F-150,SUV,Petrol,49263,241609,21.0,1.8,1.87,4.9,5,2115
Porsche,2018,3,Mexico,Taycan,Electric,Electric,152856,,7.0,1.1,1.81,10.73,1,8
Porsche,2022,4,Brazil,911,Sedan,Hybrid,153548,318630,20.0,1.11,3.13,10.67,4,242
Tesla,2017,6,USA,Cybertruck,Electric,Electric,76473,269906,17.0,0.97,2.91,4.7,2,1784
Audi,2015,12,USA,Q3,SUV,Petrol,67432,541049,46.0,0.95,2.44,4.34,4,1078
BMW,2024,11,Brazil,7 Series,Sedan,Hybrid,58154,494874,,1.1149101287359542,3.1409242249747624,10.681318188452424,1,1061
Mercedes-Benz,2017,11,China,EQS,Electric,Diesel,127481,552185,14.0,1.16,5.92,3.42,5,492
Mercedes-Benz,2018,2,Japan,GLE,SUV,Hybrid,85603,139974,49.0,1.54,0.87,0.15,1,30
BMW,2016,12,Japan,X5,Electrc,Hybrid,110900,108123,236.0,1.4553808974755618,1.557179256998753,0.3436859528594599,9,868
Volkswagen,2024,6,Germany,Tiguan,SUV,Diesel,32487,362578,28.0,1.91,,3.23,5,
Audi,2018,1,Brazil,e-tron,Electric,Electric,75311,,14.0,1.25,3.4,10.68,6,595
Mercedes-Benz,2018,1,USA,CLA,Sedan,Petrol,51099,161645,16.0,0.87,2.59,4.7,8,92
Mercedes-Benz,2024,1,,GLE,SUV,Petrol,76564,368158,31.0,1.67,3.23,4.36,2,551
Audi,2015,8,Brazil,RS6,Sedan,Hybrid,76779,397005,26.0,1.22,3.77,10.24,7,1027
Toyota,2024,3,Netherlands,Supra,Sedan,,67018,309568,60.0,2.06,2.49,3.49,8,
Audi,2016,8,Mexico,Q8,SUV,Diesel,64432,421700,36.0,1.2,1.89,10.99,6,811
BMW,2021,6,India,i7,SUV,Electric,101537,311849,35.0,1.1438824644670575,6.663523872585023,6.434648921991056,4,416
Tesla,2019,12,Germany,Cybertruck,Electric,Electric,112743,90940,30.0,1.8,1.54,3.3,9,2086
Toyota,2021,11,Brazil,Highlander,SUV,Electric,41695,351375,35.0,1.25,3.22,10.62,10,67
Tesla,2017,1,India,Model S,Electric,Electric,84959,53535,31.0,1.02,6.6,6.34,3,707
Toyota,2021,3,USA,Camry,Sedan,Hybrid,62554,633671,39.0,0.97,2.09,4.23,8,2557
Mercedes-Benz,2022,2,Japan,EQS,Electric,Hybrid,52740,531615,8.0,1.5,1.03,-0.01,6,1157
Toyota,2024,2,U.S.A,Supra,Sedan,Electric,39005,331043,19.0,1.02,2.05,4.54,9,818
BMW,2020,5,USA,5 Series,Sedan,Petrol,87413,299141,323.0,0.9704390020662484,2.085349668078644,4.798124551107568,4,1051
Porsche,2019,8,USA,911,Sedan,Petrol,125971,154583,8.0,0.97,2.11,4.31,1,201
Toyota,2021,7,Italy,Land Cruiser,SUV,Petrol,25665,244388,59.0,1.87,1.29,3.43,2,2964
Toyata,2022,5,Brazil,RAV4,SUV,Petrol,72883,80278,99.0,1.24,3.54,10.41,10,1591
Porsche,2022,6,Brazil,718,Sedan,Electric,118052,381567,11.0,1.12,3.93,10.25,3,267
Tesla,2019,3,India,Model 3 LR,Electric,Electric,105245,246820,3.0,0.96,7.3,6.54,7,1460
Toyota,2018,4,Germany,bZ4X,Electric,Hybrid,60250,288874,17.0,1.85,2.05,2.92,6,1435
Volkswagen,2019,5,China,ID.4,Electric,Electric,50339,404417,23.0,1.04,5.69,3.43,7,653
Audi,2016,11,China,TT,Sedan,Electric,58937,450358,15.0,1.19,5.68,3.41,8,662
Mercedes-Benz,2023,8,Italy,GLS,SUV,Electric,96068,590540,59.0,1.92,0.54,3.42,3,582
Ford,2015,9,UK,Mustang,Sedan,Petrol,81010,271866,16.0,1.88,1.59,4.8,5,3870
Volkswagen,2024,6,Italy,Polo,Sedaan,Electric,32210,390956,66.0,1.91,1.34,3.31,5,442
BMW,2023,6,UK,X3,Sedan,Electric,96826,87879,332.0,1.8860455558416709,1.7374337687214856,5.007333152487605,1,905
Toyota,2020,12,Netherlands,RAV4,Suv,Hybrid,42389,138954,64.0,1.97,1.6,3.79,3,1457
Porsche,2020,6,France,Panamera,Sedan,Electric,159257,208957,5.0,,1.22,3.22,5,58
Ford,2016,1,Mexico,Mustang Mach-E,Electric,Electric,30942,362238,42.0,1.05,2.01,11.05,1,3509
Porsche,2016,7,India,Macan,SUV,Electric,76414,204888,,1.03,7.42,6.6,3,71
Teslla,2022,9,China,Model Y,Electric,Electric,60717,194254,34.0,1.11,6.01,3.59,7,583
BMW,2024,11,USA,i7,Electric,Electric,97699,77307,291.0,0.8817101858487958,2.4982556822634536,4.246234967480599,3,730
Porsche,2017,3,Canada,Panamera,Sedan,Electric,133336,131848,22.0,1.38,2.14,4.27,2,282
Ford,2019,9,Germany,Mustang,Sedan,Petrol,32705,739318,31.0,1.81,1.7,2.82,5,319
Porsche,2016,10,India,Macan,SUV,Electric,76272,328947,0.0,1.06,7.28,6.33,5,294
Ford,2018,2,France,Expedition,SUV,Electric,65144,681737,53.0,1.78,1.31,3.22,9,108
Toyota,2017,8,Mexico,C-HR,SUV,hybrid,37032,261692,85.0,1.13,1.73,11.24,7,130
Porsche,2024,11,Mexico,Taycan,Electric,Petrol,167797,379796,27.0,1.02,2.29,10.88,2,442
Audi,2021,4,Spain,A3,Sedan,Hybrid,83606,210895,12.0,1.7,0.97,3.47,4,65
Ford,2024,7,Netherlands,F-150 Lightning,Electric,Hybrid,27003,558278,82.0,1.99,2.16,3.57,8,198
Tesla,2016,8,Japan,Model S Plaid,Electric,Electric,113277,,13.0,1.41,0.88,-0.13,4,2062
Audi,2020,8,China,Q5,SUV,Petrol,56207,116011,47.0,1.12,5.81,3.3,9,28
Volkswagen,2020,6,Frnce,Golf,Sedan,Petrol,20037,298699,,1.84,1.93,3.57,2,2278
Volkswagen,2023,11,USA,Arteon,Sedan,Petrol,67502,328317,39.0,0.88,2.3,4.44,2,2368
Ford,2024,3,Italy,Ranger,SUV,Electric,39384,500350,30.0,1.9,1.21,3.32,2,2240
Toyota,2016,1,Germany,Land Cruiser,SUV,Hybrid,42618,389539,44.0,1.93,1.88,2.75,10,2116
Toyata,2017,12,Brazil,Highlander,SUV,Hybrid,57220,405154,30.0,1.18,3.73,10.21,2,2150
Mercedes-Benz,2022,5,India,EQS,Electric,Electric,105369,,27.0,1.12,6.52,6.63,3,831
BMW,2016,3,India,i4,SUV,Hybrid,98080,233683,78.0,1.0323531083169015,7.169022337329109,6.477377336600364,8,317
Porshe,2018,10,,718,Sedan,Electric,109605,84918,6.0,1.01,2.55,4.28,1,170
Audo,2018,11,Netherlands,Q5,SUV,Petrol,,217304,41.0,2.06,1.99,3.41,5,71
Volkswagen,2018,2,Mexico,Arteon,Sedan,Diesel,38403,432449,61.0,1.18,1.81,11.04,3,222
Volkswagen,2022,10,Canada,Arteon,Sedan,Diesel,42220,446916,41.0,1.27,2.39,3.73,4,2711
Audi,2022,11,Mexico,A3,Sedan,Diesel,91435,109168,18.0,1.0,1.93,11.2,3,73
Toyota,2020,8,Canada,bZ4X,Electric,Electric,22295,299043,90.0,1.21,2.41,3.88,3,762
Audi,2017,9,Japan,Q7,SUV,Electric,73050,96848,57.0,1.42,0.96,0.14,5,713
Toyota,2024,12,Netherlands,bZ4X,Electric,Electric,28713,391397,61.0,1.99,2.23,3.29,5,2771
Porsche,2024,3,China,718,Sedan,Electric,116333,150896,5.0,1.19,6.37,3.26,10,123
Tesla,2015,5,Netherlands,Model 3 LR,Electric,Electric,,245319,31.0,2.06,1.83,3.36,6,408
Porsche,2020,3,Netherlands,911,Sedan,Electric,95851,346511,,1.94,1.62,3.43,3,493
Toyota,2016,10,India,Corolla,Sedan,Hybrid,63784,227667,68.0,1.13,7.29,6.27,7,670
Tesla,2024,5,France,Model Y LR,Electric,Electric,81965,40534,10.0,1.81,2.0,3.45,10,1708
Toyota,2015,1,Japan,bZ4X,Electric,,23008,425662,64.0,1.47,1.1,0.05,5,233
Audi,2018,10,China,Q8,SUV,Electric,106995,173298,15.0,1.06,5.53,3.67,8,1164
Volkswagen,2024,11,Canada,Arteon,Sedan,Diesel,76870,494659,80.0,1.24,2.06,3.72,1,93
Audi,2020,2,India,Q8,SUV,Petrol,40535,81221,50.0,0.96,6.59,6.27,8,1114
Tesla,2021,11,Germany,Semi,Electric,Electric,107596,31428,21.0,1.97,,2.86,6,332
BMW,2019,6,UK,7 Series,SUV,Petrol,37795,337307,35.0,1.8347476507297529,1.274806035548136,5.193568591108207,2,192
BMW,2018,8,Australia,5 Series,Electric,Diesel,80264,198790,361.0,1.624771864935315,3.1675498992914703,4.007321188300801,6,936
Tesla,2018,11,Germny,Model 3 LR,Electric,Electric,68483,156126,39.0,1.84,1.82,3.12,5,1105
Audi,2019,1,Japan,Q3,SUV,Electric,80949,392171,40.0,1.53,0.71,-0.07,2,1017
Mercedes-Benz,2022,12,France,GLS,SUV,Diesel,41410,350716,59.0,1.89,1.93,3.28,8,516
Toyota,2016,2,Canada,Highlander,SUV,Petrol,67174,293800,88.0,1.23,2.58,3.91,7,528
Porsche,2022,6,Japan,Cayenne,SUV,Hybrid,179374,313323,21.0,1.49,1.53,0.15,4,143
Ford,2020,10,China,Ranger,SUV,Hybrid,66594,251508,79.0,1.16,5.74,3.64,7,1276
Volkswagen,2021,9,,Touareg,SUV,Petrol,8487939,528607,26.0,1.05,6.67,6.31,7,1251
B M W,2021,7,Brazil,iX,Electrc,Electric,118053,148707,13.0,1.1160360028163807,3.751178047808418,10.242604598719954,2,290
Ford,2015,8,France,Expedition,SUV,Petrol,86534,386527,86.0,1.75,1.96,3.8,5,1897
Ford,2021,8,Spain,F-150 Lightning,Electric,Petrol,56560,246713,62.0,1.81,1.62,3.22,5,
Tesla,2023,9,India,Model Y LR,Electric,Electric,89688,266212,1.0,1.08,6.66,6.22,3,195
Porsche,2022,11,Canada,Cayenne,SUV,Petrol,136296,171220,19.0,1.32,2.54,3.87,7,301
BMW,2016,12,Japan,i4,SUV,Diesel,69758,72486,290.0,1.5866226662687115,1.4356631142391898,0.3990085068357698,9,977
Volkswagen,2021,6,,  Polo  ,Sedan,Electric,59077,333153,41.0,,2.08,3.14,7,
Mercedes-Benz,2024,1,Canada,C-Class,Sedan,Electric,110427,293860,60.0,1.25,2.44,3.98,4,596
Volkswagen,2022,5,Spain,Polo,Sedan,Diesel,35370,45476,30.0,1.67,1.4,3.78,4,1746
BMW,2021,4,UK,3 Series,SUV,Hybrid,65341,418894,166.0,1.7807791812679712,1.7582384757040912,5.117612370832275,7,730
Volkswagen,2021,10,France,Touareg,SUV,Petrol,24939,130968,26.0,1.83,1.89,3.24,8,1444
Toyota,2022,2,Japan,bZ4X,Electric,Electric,,482052,68.0,1.52,1.66,-0.04,10,1291
BMW,2016,8,UK,X3,Electric,Electric,35490,70836,217.0,1.7940366403899624,1.4958757350787708,4.748627729544589,9,450
Volkswagen,2020,5,USA,Taos,SUV,Electric,31177,,59.0,0.88,2.16,4.41,3,1763
Audi,2019,6,,Q3,SUV,Electric,102950,243879,43.0,1.54,1.08,-0.12,10,759
Volkswagen,2020,1,Italy,Arteon,Sedan,Petrol,48696,420474,68.0,1.88,0.85,3.28,8,1732
Mercedes-Benz,2016,6,India,EQE,Electric,Diesel,40565,117310,34.0,1.05,7.48,6.3,2,225
TOYOTA,2024,2,Mexico,Land Cruiser,SUV,Electric,29534,553846,36.0,1.18,2.06,10.95,6,672
BMW,2019,2,USA,i7,Sedan,petrol,114795,98784,252.0,1.0321757162015837,2.506920437961835,4.445647243090211,9,724
Audi,2023,5,USA,Q7,SUV,Diesel,38902,373602,56.0,0.91,2.47,4.3,5,1174
PORSCHE,2020,2,India,Cayenne,SUV,Petrol,175067,304350,7.0,1.09,7.08,6.3,9,225
Ford,2023,4,Germany,Escape,SUV,Hybrid,62738,287306,42.0,1.88,1.88,2.81,2,2659
Volkswagen,2023,5,China,Taos,SUV,Hybrid,60126,67148,46.0,1.14,5.55,3.35,6,694
Ford,2016,1,Mexico,F-150,SUV,Petrol,70976,652308,93.0,1.14,2.02,11.17,2,2422
BMW,2015,7,China,i7,Sedan,Hybrid,,89148,18.0,1.189992236790045,6.17964728269307,3.3309523327190385,7,467
Toyota,2020,2,China,Prius,Hybrid,Hybrid,68096,521117,68.0,1.2,6.2,3.63,7,327
Volkswagen,2024,3,USA,T-Roc,SUV,Diesel,63746,46947,78.0,0.87,2.12,4.59,5,2768
Mercedes-Benz,2017,10,Netherlands,C-Class,Sedan,Diesel,52811,,18.0,2.05,2.52,3.71,1,20
Volkswagen,2018,4,Japan,Golf,Sedan,Electric,31602,445803,32.0,1.54,1.51,0.29,3,809
Porsche,2021,10,China,Panamera Sport,Sedan,Hybrid,80881,85560,13.0,1.14,5.92,3.76,5,164
Tesla,2020,8,Mexico,Model Y,Electric,Electric,73198,203197,14.0,1.01,1.94,10.83,4,80
Toyota,2020,3,Netherlands,Highlander,SUV,Electric,55045,,68.0,2.0,2.12,3.76,7,1847
Mercedes-Benz,2017,9,China,A-Class,Sedan,Diesel,111172,211023,16.0,1.02,6.37,3.34,6,665
Porsche,2016,9,Australia,Macan EV,Electric,Electric,106872,141051,15.0,1.63,2.57,4.15,8,438
Ford,2024,8,Spain,Ranger,SUV,Electric,92413,431777,20.0,1.72,1.07,3.6,5,2820
Audi,2017,9,Brazil,RS6,Sedan,Electric,75193,156112,33.0,1.14,3.9,10.67,4,922
Toyota,2019,5,Italy,C-HR,SUV,Hybrid,31974,495062,91.0,1.8,0.59,3.64,6,532
Mercedes-Benz,2017,9,UK,E-Class,Sedan,Electric,41148,428024,45.0,1.76,1.94,5.19,10,876
Ford,2018,4,Italy,Explorer,SUV,Petrole,76132,506045,119.0,1.85,0.81,3.32,2,1770
BMW,2015,2,France,3 Series,SUV,Diesel,102695,463083,223.0,1.7843656357077664,1.3747315255195196,3.436745645358588,8,538
Telsla,2017,2,UK,Model X,Electric,Electric,70246,184875,30.0,1.84,1.44,4.92,6,2268
Ford,2021,5,India,Mustang,Sedan,Petrol,52839,611311,117.0,0.98,7.29,6.42,1,262
Toyota,2020,11,Canada,Land Cruiser,SUV,Petrol,,109356,42.0,1.36,1.78,4.08,9,506
BMW,2017,5,BRAZIL,X3,Sedan,Hybrid,116417,54137,,1.2212505875501956,3.922757190513394,10.49223715129136,10,705
Porsche,2022,5,Spain,Panamera Sport,Sedan,Petrol,69926,,15.0,1.8,1.63,3.59,5,162
Audi,2023,10,Netherlands,A3,Sedan,Hybrid,112821,251590,36.0,1.91,2.09,3.24,2,303
Tesla,2022,8,Australia,Model 3,Electric,Electric,122039,14126,31.0,,3.13,4.51,1,2138
Tesla,2020,1,Brazil,Model 3,,Electric,127916,32856,29.0,1.16,3.19,10.43,1,1661
Volkswagen,2022,6,Canada,Arteon,Sedan,Diesel,56184,334231,50.0,1.28,2.19,3.79,10,340
Toyota,2015,9,Frnce,Camry,Sedan,Electric,19978,107872,20.0,1.76,1.72,3.44,2,1607
BMW,2015,2,India,7 Series,Sedan,Electric,37841,347594,152.0,0.987287652428851,,6.332291725442105,4,517
Volkswagen,2020,6,Brazil,Arteon,Sedan,Petrole,21397,503389,21.0,1.22,3.34,10.67,8,630
PORSCHE,2017,4,UK,Macan EV,Electric,Electric,155835,310525,3.0,1.81,1.94,4.72,3,286
Ford,2016,1,Italy,Expedition,SUV,Electric,28517,617874,106.0,1.77,0.72,3.65,10,1373
BMW,2023,8,USA,7 Series,Electric,Electric,99550,274126,163.0,0.9441284294133782,2.9866395785011752,4.424562477453672,5,596
Mercedes-Benz,2017,10,China,EQS,Electric,Diesel,105683,580932,9.0,1.12,6.44,3.52,5,88
Audi,2021,4,Italy,A3,Sedan,Diesel,67128,334126,55.0,1.94,0.53,3.56,3,146
Frod,2023,11,USA,Edge,SUV,Electric,26760,235486,31.0,0.92,2.37,4.27,7,1534
BMW,2024,2,Brazil,5 Series,Sedan,Electric,102163,163768,146.0,1.2887231840335198,3.1510578917809005,10.45940088062556,2,556
Ford,2020,3,Mexico,Edge,SUV,Hybrid,28644,496377,104.0,1.07,2.13,11.01,8,372
Porsche,2018,6,Spain,Cayenne,SUV,Electric,105391,317883,16.0,1.68,1.45,3.33,1,457
Toyota,2021,5,Italy,Land Cruiser,SUV,Electric,51848,675882,41.0,1.86,0.76,3.51,5,2233
Toyoda,2017,5,Netherlands,Prius,Hybrid,Hybrid,33651,49770,34.0,2.05,2.11,3.32,6,613
AUDI,2022,7,UK,A3,Sedan,Hybrid,79959,111312,29.0,1.85,1.49,5.25,4,439
Tesla,2021,4,,Cybertruck,Electric,Electric,76510,282714,30.0,1.35,2.63,3.99,7,2420
Mercedes-Benz,2023,10,France,S-Class,Sedan,Hybrid,33193,448119,48.0,1.7,1.26,3.25,7,679
Porsche,2015,5,France,GTS,Sedan,Petrol,134141,194961,9.0,1.89,1.76,3.55,7,278
Porsche,2021,2,Canada,Cayenne,SUV,Electric,135468,311880,14.0,1.25,2.45,4.14,10,99
Ford,2022,8,Japan,Mustang Mach-E,Electric,Electric,52926,208428,55.0,1.43,1.68,0.15,4,3506
Porsche,2016,5,Brazil,Taycan,Electric,Hybrid,165687,241117,7.0,1.16,3.75,10.51,10,376
Volkswagen,2018,6,Brazil,Passat,Sedan,Hybrid,74003,156894,84.0,1.29,3.62,10.45,3,1938
BMW,2015,3,Australia,X3,Sedan,Diesel,96078,99476,266.0,1.556200899781743,2.7952904940479435,4.089430593833629,5,637
Toyota,2015,5,China,bZ4X,Electric,Hybrid,60801,652837,35.0,1.15,5.94,3.41,7,872
BMW,2015,12,Brazil,X5,Sedan,Electric,81546,287103,78.0,1.1561544724881712,3.1952429877980446,10.633471269156905,3,532
Audi,2018,6,Italy,TT,Sedan,Diesel,40621,406521,15.0,1.89,0.98,3.47,6,380
Volkswagen,2023,9,Mexico,T-Roc,SUV,Petrol,62076,228799,18.0,1.03,1.83,11.14,10,2059
Volkswagen,2023,5,France,T-Roc,SUV,Diesel,37123,71513,65.0,1.8,1.76,3.26,5,941
Ford,2016,12,India,Edge,SUV,Electric,48710,322793,77.0,0.95,,6.59,4,932
Ford,2022,4,Italy,Bronco,SUV,Petrol,29326,632045,72.0,1.89,0.92,3.51,5,436
Ford,2020,10,Netherlands,Explorer,SUV,Petrol,30347,687549,91.0,1.91,1.78,3.5,2,3057
FORD,2019,12,Canada,Mustang,Sedan,Hybrid,38483,709901,71.0,1.24,2.5,4.09,1,3209
BMW,2021,3,Australia,5 Series,SUV,Petrol,75875,392016,254.0,1.5246006590247492,3.077199886734551,3.9762434433853686,3,694
Audi,2015,5,UK,Q8,SUV,Hybrid,89631,466951,49.0,1.93,1.95,5.01,6,819
Toyota,2015,7,USA,Land Cruiser,SUV,hybrid,49380,370004,72.0,0.96,2.86,4.22,10,1134
Toyota,2022,3,Netherlands,C-HR,SUV,,56922,204656,39.0,2.02,1.84,3.74,2,2899
Porsche,2016,11,Mexico,Macan EV,Electric,Hybrid,85161,109406,16.0,1.11,2.07,11.14,5,79
Ford,2018,3,Germany,Ranger,SUV,Electric,47131,157114,51.0,1.86,1.81,3.21,7,117
Ford,2018,5,Australia,Bronco,SUV,Electric,52468,652195,106.0,1.51,2.57,4.43,8,3991
Toyota,2017,7,France,Prius,Hybrid,Hybrid,89790,120649,58.0,1.82,1.3,3.49,2,2382
Ford,2020,10,UK,Escape,SUV,Electric,88529,271796,79.0,1.8,1.67,4.87,8,599
BMW,2024,1,Canada,i7,Electric,Petrol,80201,207699,77.0,1.2961013894515658,2.47985098889335,3.7237712952090143,9,525
BMW,2015,1,China,X1,Sedan,Hybrid,104876,229425,,1.1522055805004057,6.279845395151144,3.264188383296175,7,675
Volkswagen,2020,8,Australia,Taos,SUV,Petrol,65772,556261,41.0,1.66,2.71,4.12,2,332
BMW,2016,9,Brazil,7 Series,SUV,Hybrid,96269,102344,240.0,1.2939169255529115,3.54671027934328,10.310912673315316,5,588
Volkswagen,2016,10,Spain,  ID.3  ,Electric,Hybrid,,255610,71.0,1.77,1.18,3.62,1,1374
Toyota,2024,1,USA,Corolla,Sedan,Electric,54965,465551,15.0,0.91,2.71,4.42,5,2102
Audi,2016,11,France,Q8,SUV,Diesel,107879,305472,33.0,1.78,1.37,3.23,1,575
Audi,2018,11,France,Q7,SUV,Electric,112471,140951,16.0,1.82,1.19,3.46,3,639
Porsche,2018,1,Mexico,Cayenne,SUV,Hybrid,60677,364742,19.0,1.18,,10.78,2,223
Volkswagen,2015,11,Germany,Golf,Sedan,Hybrid,32405,210776,16.0,1.94,1.54,3.01,1,54
Volkswagen,2024,9,India,ID.3,Electric,Diesel,35926,,26.0,1.14,7.44,6.72,6,1099
Toyota,2018,2,UK,C-HR,SUV,Petrol,87750,469316,70.0,1.86,1.62,4.79,4,1893
Porsche,2022,11,Japan,Macan,S U V,Petrol,184382,244539,8.0,1.42,1.57,-0.17,2,69
Mercedes-Benz,2016,9,Spain,S-Class,Sedan,Petrol,67018,477333,53.0,1.68,1.17,3.42,3,216
Volkswagen,2023,3,australia,Polo,Sedan,Petrol,39025,242742,67.0,1.66,3.17,4.04,9,1558
Volkswagen,2017,8,Germany,Polo,Sedan,Diesel,56629,488697,56.0,1.84,1.91,3.16,7,257
Volkswagen,2018,8,USA,Golf,,Electric,30223,109839,45.0,1.02,2.82,4.8,10,
Volkswagen,2024,8,Italy,Polo,Sedan,Petrol,27189,328140,54.0,1.84,0.91,3.67,8,
Toyota,2024,1,Australia,RAV4,SUV,Hybrid,36682,600611,27.0,1.51,3.06,4.38,5,1269
Ford,2016,12,France,Mustang Mach-E,Electric,Petrol,26827,698385,44.0,1.88,2.03,3.63,2,2647
Tesla,2022,8,Brazil,Model S Plaid,Electric,Electric,87443,287091,2.0,1.22,3.07,10.73,5,751
Ford,2016,7,UK,F-150 Lightning,Electric,Petrol,64598,67523,54.0,1.94,1.08,4.73,2,268
Porsche,2023,5,Mexico,Cayenne Coupe,SUV,Electric,164789,135726,4.0,1.18,1.81,11.03,2,123
Ford,2018,7,India,Explorer,SUV,Hybrid,41407,797502,57.0,1.06,7.37,6.22,10,1473
Tesla,2021,4,USA,Model 3,Electric,,90190,254438,30.0,0.99,2.5,4.2,6,-316
Ford,2020,9,UK,Expedition,SUV,Petrol,62869,501623,48.0,1.75,1.79,4.92,1,2702
Porsche,2024,2,Italy,911,Sedan,Petrol,74810,386558,27.0,1.89,,3.45,6,121
Audi,2017,10,UK,e-tron,Electric,Hybrid,49556,249750,7.0,1.79,1.79,5.18,5,285
Porsche,2017,11,UK,Macan,SUV,Hybrid,145571,174207,17.0,1.94,1.85,4.87,8,496
Tesla,2019,3,China,Model S,Electric,Electric,66331,98580,16.0,1.07,5.58,3.69,7,2417
Audi,2016,7,Canada,Q5,SUV,Electric,107259,548836,12.0,1.24,2.03,3.98,6,82
Toyota,2020,2,USA,RAV4,SUV,Electric,74449,125318,92.0,0.93,2.03,4.78,7,1783
Ford,2017,2,USA,Expedition,SUV,Petrol,52809,422277,101.0,0.98,2.55,4.32,1,1824
BMW,2024,11,UK,5 Series,Electric,Petrol,65024,130730,207.0,1.8174006352862573,1.1697579050875406,5.011864369133611,7,626
BMW,2018,1,Brazil,7 Series,Electric,Hybrid,42211,453708,23.0,1.2240265195603073,3.890263783890916,10.473394051671429,10,121
Frod,2018,10,Japan,Mustang Mach-E,electric,Petrol,22249,177910,107.0,1.51,1.64,0.03,1,211
Ford,2022,6,Spain,Mustang Mach-E,Electric,Hybrid,49445,682206,21.0,1.72,1.55,3.46,3,3745
Ford,2024,5,Brazil,Expedition,SUV,,89613,542973,101.0,1.2,3.29,10.23,6,1336
Ford,2022,8,Japan,Mustang,Sedan,HYBRID,29452,131315,,1.48,1.35,0.04,2,2583
Porsche,2015,1,Italy,GTS,Sedan,Petrol,66616,157156,14.0,1.9,1.45,3.46,9,379
BMW,2017,9,Australia,iX,Sedan,Diesel,55470,203857,344.0,1.6683657553516544,3.241120649290059,4.294683867907947,1,1012
Mercedes-Benz,2016,2,India,GLS,SUV,Diesel,55306,139992,44.0,1.13,7.25,6.5,1,891
Porsche,2023,2,US,Panamera Sport,Sedan,Hybrid,78169,96439,18.0,1.02,2.83,4.78,9,473
Audi,2016,5,Spain,A6,Sedan,Petrol,62080,372536,18.0,1.81,1.03,3.3,6,957
Porsche,2022,12,UK,Cayenne Coupe,SUV,Hybrid,76940,164479,15.0,1.76,1.53,4.85,3,417
BMW,2017,4,Australia,3 Series,Electric,Hybrid,35992,127994,296.0,1.5251100429525308,3.021296047654139,4.535608293967528,3,907
Tesla,2020,7,,Model X Plaid,Electric,Electric,92293,10898,11.0,1.03,6.41,3.28,5,1264
Volkswagen,2018,2,USA,ID.4,Electric,Petrol,40811,531672,85.0,1.06,2.29,4.43,4,2487
Porsche,2023,4,China,Taycan,Electric,Electric,118972,104710,,1.08,6.34,3.6,4,44
Ford,2018,10,Spain,Bronco,SUV,Petrol,84877,,101.0,1.74,0.84,3.56,4,2506
Tesla,2024,9,Netherlands,Model S,Electric,Electric,74130,104758,5.0,2.07,1.83,3.79,7,589
Audi,2023,12,Italy,A4,Sedan,Hybrid,59374,376930,44.0,1.84,1.01,3.69,10,903
Porsche,2023,10,Mexico,Macan,SUV,Hybrid,179506,237785,7.0,1.16,2.42,10.9,7,385
Ford,2017,5,Australia,Mustang,Sedan,Electric,28859,345870,99.0,1.57,3.43,4.04,9,1580
Toyota,2019,9,Germany,Camry,Sedan,Petrol,85790,448612,75.0,1.88,1.89,2.79,8,883
Tesla,2023,8,Germany,Model S,Electric,Electric,66762,88143,5.0,1.98,1.39,3.16,10,1504
Tesla,2022,3,,Cybertruck,Electric,Electric,47551,292720,5.0,1.91,,3.72,5,1939
Toyota,2020,1,Germany,RAV4,SUV,Electric,59279,64740,43.0,1.99,2.1,2.96,2,1718
Ford,2018,3,Mexico,Expedition,SUV,Electric,60130,499243,12.0,1.16,1.81,11.22,5,1600
Porsche,2019,4,Japan,Macan,SUV,Electric,131618,343207,3.0,1.4,1.07,0.39,1,146
Mercedes-Benz,2016,7,Mexico,GLC,SUV,Hybrid,78382,409175,54.0,1.04,2.35,11.03,1,83
Volkswagen,2015,5,Netherlands,T-Roc,S U V,Diesel,37693,51133,58.0,2.07,2.12,3.52,9,1633
Mercedes-Benz,2019,2,Netherlands,GLE,SUV,Diesel,41284,551099,16.0,1.91,2.05,3.56,6,552
Audi,2018,2,Australia,A6,Sedan,HYBRID,63663,103613,32.0,1.67,2.97,4.39,4,626
Volkswagen,2016,2,Japan,T-Roc,SUV,Petrol,38598,232480,,1.42,1.61,0.32,6,2638
Porsche,2020,2,Brazil,718,Sedan,Hybrid,112260,90140,14.0,1.14,3.3,10.48,9,363
Porsche,2024,1,Australia,Macan,SUV,Petrol,105401,378966,11.0,1.57,3.22,4.16,2,307
Porsche,2020,4,Mexico,911,Sedan,Petrol,69831,221853,10.0,1.02,2.0,11.17,1,251
Mercedes-Benz,2023,2,,CLA,Sedan,Petrol,121101,227120,63.0,1.89,1.45,3.23,8,380
BMW,2020,9,France,X1,SUV,Hybrid,93866,306157,197.0,1.7586977646416244,1.672048643369301,3.5076006355738496,10,377
Tesla,2020,1,France,Model Y LR,Electric,Electric,105574,280227,38.0,1.78,1.98,3.79,7,2366
Mercedes-Benz,2015,12,,E-Class,Sedan,Hybrid,68529,88585,50.0,1.79,1.24,4.89,2,1242
Audi,2016,1,Germany,Q3,SUV,Electric,61872,284653,18.0,1.83,1.86,3.21,7,230
Toyota,2022,12,Brazil,Yaris,Sedan,Petrol,38375,470467,68.0,1.16,3.29,10.54,2,266
Toyota,2016,4,Mexico,Yaris,Sedan,Electric,25320,424433,71.0,1.1,2.14,11.0,9,2056
Ford,2023,12,Mexico,Bronco,SUV,Hybrid,48141,553004,70.0,1.06,2.33,10.74,2,3280
Porsche,2016,5,USA,Cayenne,SUV,Petrol,95051,377438,24.0,0.88,2.95,4.54,7,174
AUDI,2019,6,UK,e-tron,Electric,Petrol,73920,122820,14.0,1.78,1.41,4.89,3,
BMW,2017,3,India,iX,SUV,Petrol,113863,83477,205.0,1.0303557601308648,7.126234321421064,6.493338699075471,10,693
Mercedes-Benz,2020,4,Germany,S-Class,Sedan,Electric,76251,442635,48.0,1.81,1.66,3.08,1,242
Mercedes-Benz,2019,5,France,GLE,SUV,Diesel,125923,78048,39.0,1.75,1.81,3.31,4,233
Mercedes-Benz,2024,5,GERMANY,C-Class,Sedan,Hybrid,92024,197498,60.0,1.98,1.87,3.12,1,1012
Porsche,2023,11,Spain,Panamera,Sedan,Hybrid,77689,281389,19.0,1.83,1.8,3.41,1,103
Tesla,2018,12,Italy,Semi,Electric,Electric,119041,233169,39.0,1.8,0.72,3.52,4,373
Mercedes-Benz,2024,58,Germany,S-Class,Sedan,Petrol,114152,411425,41.0,1.97,2.12,2.72,10,447
Porsche,2021,7,France,Panamera,Sedan,Electric,169134,396782,9.0,1.85,1.23,3.77,1,458
BMW,2020,10,China,X3,Electric,Electric,105474,104144,100.0,1.008390244686327,6.14390425354113,3.518181279949495,2,355
Porsche,2024,8,Brazil,Cayenne Coupe,SUV,Hybrid,98305,288723,6.0,1.12,3.75,10.54,3,409
BMW,2022,12,UK,X5,Sedan,Hybrid,83940,52637,17.0,1.7760172480261265,1.968877855285692,5.149791099045755,5,386
Porsche,2023,10,Brazil,911,Sedan,Hybrid,174637,142352,10.0,1.25,3.77,10.55,5,90
BMW,2016,9,UK,3 Series,SUV,Electric,95942,250003,297.0,1.836545827203941,,5.000240687426121,2,892
Toyota,2016,12,Germany,RAV4,SUV,Petrol,87884,499111,95.0,1.83,1.63,3.21,2,983
Toyota,2020,1,Australia,C-HR,SUV,Hybrid,43500,668336,72.0,1.54,3.26,3.99,10,2277
Mercedes-Benz,2016,8,Germany,A-Class,Sedan,Hybrid,82075,147438,44.0,1.88,1.75,2.91,2,1297
Tesla,2015,9,UK,Model 3,Electric,,79651,72812,4.0,1.83,1.17,4.82,9,396
Toyota,2022,10,Mexico,Yaris,Sedan,Electric,48053,261486,41.0,1.07,1.66,10.8,6,319
Tesla,2016,7,Spain,Model X Plaid,Electric,Electric,92599,148819,1.0,1.74,1.44,3.25,5,975
Volkswagen,2018,6,Germany,T-Roc,SUV,Hybrid,74240,470132,27.0,1.96,2.22,3.17,5,690
Mercedes-Benz,2016,5,USA,C-Class,Sedan,Hybrid,33554,411712,17.0,0.89,2.86,4.25,1,1159
Tesla,2022,8,Italy,Model 3,Electric,Electric,68834,264315,34.0,1.77,1.4,3.29,7,471
BMW,2016,4,China,i4,Electric,Petrol,41191,331321,383.0,1.194279018808328,5.6796831088702415,3.3425259949543267,5,1197
Ford,2020,11,China,Mustang Mach-E,electric,Electric,78421,504617,53.0,1.03,5.51,3.53,7,3933
Mercedes-Benz,2022,7,Italy,E-Class,Sedaan,Diesel,60871,147423,19.0,1.94,1.02,3.54,5,307
BMW,2016,12,China,X5,Sedan,Diesel,92608,57837,170.0,1.0660430129742997,5.758620834888038,3.2988238120593776,3,622
Ford,2019,6,India,Mustang,Sedan,Hybrid,49300,626238,111.0,0.96,7.05,6.25,10,3662
Porsche,2022,10,France,Cayenne Coupe,SUV,Hybrid,70391,348874,,1.89,1.41,3.37,9,86
Ford,2022,5,UK,Explorer,SUV,Hybrid,52032,394870,46.0,1.79,1.62,4.93,8,1076
Porsche,2023,2,Japan,911,Sedan,Petrol,113577,83301,2.0,1.43,1.29,-0.03,5,31
Mercedes-Benz,2018,2,India,GLS,SUV,Petrol,100713,269494,14.0,0.96,7.08,6.77,4,529
Tesla,2017,10,Netherlands,Semi,Electric,,92456,,12.0,1.97,2.22,3.55,9,413
Volkswagen,2023,8,Germany,Touareg,SUV,Hybrid,37840,570805,29.0,1.89,1.38,3.1,5,
Porsche,2017,12,Spain,Panamera Sport,Sedan,Hybrid,183099,270848,15.0,1.75,1.47,3.28,2,457
Audi,2021,9,Japan,e-tron,Electric,Hybrid,114983,299031,15.0,1.51,0.74,0.14,10,210
Volkswagen,2017,10,China,Passat,Sedan,Diesel,45946,355717,84.0,1.04,6.26,3.48,3,744
Toyota,2023,5,Netherlands,C-HR,SUV,Electric,69049,672511,98.0,2.09,1.79,3.27,2,1932
Toyota,2015,5,Spain,Corolla,Sedan,Petrol,34427,211185,43.0,1.82,1.05,3.23,5,946
Mercedes-Benz,2022,11,Canada,GLC,SUV,,,499672,59.0,1.37,2.63,4.19,8,40
Volkswagen,2020,6,UK,Touareg,SUV,Diesel,20266,,83.0,1.78,1.61,5.0,3,264
Toyota,2018,1,Australia,Camry,Sedan,Petrol,45871,52359,94.0,1.61,2.9,4.49,5,1021
Audi,2022,3,Spain,Q7,SUV,,114216,193795,56.0,1.78,1.16,3.65,1,233
Volkswagen,2021,12,Canada,ID.4,Electric,Electric,41879,552563,78.0,1.33,2.38,4.12,10,1499
Audi,2015,5,USA,e-tron,Electric,Electric,67409,220739,34.0,1.03,,4.78,7,942
Tesla,2016,9,Italy,Model X Plaid,Electric,Electric,46167,40939,1.0,1.9,0.68,3.71,9,1070
Toyota,2020,4,China,Yaris,Sedan,Electric,72056,601728,71.0,1.03,6.45,3.47,8,789
BMW,2022,10,Germany,i7,Sedan,Hybrd,60279,55495,143.0,,2.134144597000676,3.1442856791721114,10,312
BMW,2022,11,India,i4,Electric,Electric,55863,349340,295.0,0.969335289929344,6.700933688659056,6.521496610683849,7,1031
Toyota,2015,12,India,bZ4X,Electric,Electric,70149,581459,22.0,0.99,7.42,6.55,2,2132
Toyota,2024,10,China,Prius,Hybrid,Electric,32091,282821,11.0,1.07,6.28,3.24,9,2526
Volkswagen,2021,11,Netherlands,Arteon,Sedan,Hybrid,48162,569258,43.0,2.06,2.14,3.47,9,589
Ford,2020,8,Italy,  Bronco  ,SUV,Hybrid,91071,592728,59.0,1.77,0.69,3.65,10,1505
Volkswagen,2019,7,Italy,Taos,SUV,Diesel,79472,342243,89.0,1.78,0.62,3.68,4,2102
Audi,2024,8,China,Q7,,Hybrid,97956,145571,47.0,1.14,5.69,3.48,4,741
Audi,2022,12,UK,RS6,Sedan,Petrol,73450,289990,9.0,1.91,1.25,5.29,5,
Tesla,2016,6,Italy,Model X Plaid,Electric,Electric,52670,272795,7.0,1.85,1.21,3.69,10,1003
Mercedes-Benz,2020,1,India,C-Class,Sedan,Petrol,121098,469706,40.0,1.08,7.39,6.55,1,857
Volkswagen,2022,2,India,Arteon,Sedan,Diesel,70256,474831,67.0,1.02,7.25,6.58,5,2516
Mercedes-Benz,2015,12,Spain,EQE,Electric,Diesel,107698,309657,47.0,1.81,0.94,3.78,7,961
Volkswagen,2021,5,Spain,T-Roc,SUV,DIESEL,66431,435066,36.0,,1.73,3.57,3,2104
Porsche,2021,11,Japan,GTS,Sedan,Electric,111846,281719,15.0,1.45,1.44,0.18,7,262
BMW,2023,10,Australia,iX,Sedan,Diesel,,399982,280.0,1.5823681828294538,3.0956387406078445,4.232945713130095,8,899
Tesla,2016,6,Brazil,Model Y,Electric,Electric,104491,267354,9.0,1.22,3.62,10.69,2,295
Porsche,2016,8,Brazil,Macan,SUV,Electric,170823,183062,29.0,1.23,3.29,10.34,8,191
Mercedes-Benz,2020,2,India,E-Class,Sedan,Diesel,,396286,18.0,0.98,7.05,6.45,9,413
Porsche,2019,10,Italy,Panamera,Sedan,Electric,123865,242048,19.0,1.79,0.53,3.45,5,36
Porsche,2019,1,India,Macan EV,Electric,Hybrid,112399,315646,21.0,1.11,7.13,6.39,3,454
Frod,2016,11,Brazil,F-150,SUV,Petrol,32110,138037,37.0,1.17,3.25,10.25,8,1681
Ford,2022,4,Canada,Mustang Mach-E,Electric,HYBRID,64640,778001,15.0,1.36,2.31,4.16,8,1121
Porsche,2024,9,,Taycan,Electric,Petrol,145705,100341,24.0,2.05,2.23,3.47,6,90
Ford,2016,4,Italy,Explorer,SUV,Hybrid,73318,780026,19.0,1.84,0.99,3.45,6,1510
Volkswagen,2020,73,India,ID.4,Electric,hybrid,63770,109632,,0.97,7.15,6.47,6,783
Volkswagen,2021,8,Canada,ID.3,Electric,Petrol,71977,163247,13.0,1.32,2.53,4.05,5,729
Ford,2017,4,Germany,Mustang Mach-E,Electric,Petrol,78295,517368,26.0,1.89,2.08,2.87,2,3736
Porsche,2021,3,Japan,GTS,Sedan,Petrol,133751,379591,29.0,1.44,1.11,0.09,8,333
Porsche,2017,6,Australia,Cayenne,SUV,Petrol,138106,196384,,1.62,3.35,4.46,7,421
Audi,2023,12,Spain,Q8,SUV,Hybrid,98930,382936,,1.79,1.7,3.21,1,462
Ford,2016,3,Netherlands,Edge,SUV,Petrol,79424,199628,59.0,1.94,2.43,3.21,4,3349
Ford,2021,3,India,F-150 Lightning,Electric,Petrol,61417,573551,110.0,1.02,7.45,6.35,3,2668
Porsche,2020,2,Spain,911,Sedan,Hybrid,192870,207680,,1.65,1.37,3.54,10,140
Tesla,2023,9,UK,Model 3 LR,Electric,Electric,93426,274799,6.0,1.91,1.53,4.7,8,177
Volkswagen,2018,3,Spain,Golf,Sedan,Diesel,37161,242958,72.0,,1.59,3.58,6,1238
Volkswagen,2023,9,India,T-Roc,SUV,Electric,27685,555141,22.0,,6.81,6.34,6,2097
Volkswagen,2019,8,Mexico,Arteon,Sedan,Petrol,41395,176735,26.0,1.0,1.68,11.19,4,151
Toyota,2022,8,Mexico,Corolla,Sedan,Petrol,,315105,70.0,1.13,1.83,10.74,4,443
Audi,2017,12,Brazil,RS6,Sedan,Hybrid,101921,253608,27.0,1.11,3.05,10.58,6,193
Ford,2020,1,Canada,F-150,SUV,Electric,82462,659315,63.0,1.22,2.47,3.92,7,1510
Tesla,2021,6,Germany,Model 3,Electric,Electric,77055,81738,25.0,1.88,1.37,3.2,6,358
Toyota,2020,9,Italy,Supra,Sedan,Hybrid,64989,241738,31.0,,0.72,3.49,5,1490
Audi,2021,5,China,Q5,SUV,Electrc,43859,428894,42.0,1.06,5.58,3.21,7,464
Audi,2017,9,USA,A6,Sedan,Petrol,85343,215947,38.0,0.98,2.17,4.76,9,1003
Mercedes-Benz,2016,1,India,GLE,SUV,Petrol,62959,415781,,0.97,7.0,6.64,9,623
Tesla,2023,7,UK,Model 3,Electric,Electric,79578,281257,26.0,1.89,1.76,4.89,1,
BMW,2017,2,Australia,X3,Electric,Hybrid,51574,282931,129.0,1.6803523984270847,3.3408715794259227,3.973055809377395,4,591
Audi,2017,5,China,TT,Sedan,Hybrid,75407,76395,22.0,1.09,5.89,3.6,4,
Toyota,2024,4,Netherlands,Corolla,Sedan,Petrol,69946,98083,66.0,2.04,2.49,3.43,10,1388
BMW,2018,12,Canada,X5,SUV,ELECTRIC,9700344,423513,339.0,1.3281944154690664,2.046099726537786,4.285366120515949,8,1033
Ford,2015,1,Mexico,Mustang Mach-E,Electric,Petrol,89567,431599,103.0,1.11,1.92,10.96,3,238
Volkswagen,2024,7,Brazil,Taos,SUV,Petrol,48794,106604,27.0,,3.87,10.68,7,1393
BMW,2022,11,USA,7 Series,Electric,Electric,43531,474622,124.0,1.0329149440462764,2.1636559428657045,4.298559478758596,8,516
Tesla,2021,10,Germany,Cybertruck,Electric,Electric,122179,169891,18.0,1.99,2.01,3.04,4,37
Toyota,2017,5,Japan,RAV4,SUV,Electric,47266,345841,74.0,1.47,1.25,-0.02,10,
Ford,2018,2,UK,Ranger,SUV,Electric,53671,104414,14.0,1.79,1.66,5.17,5,3461
bmw,2021,11,Australia,iX,Electric,Petrol,47021,340886,78.0,1.6360998604149426,2.7207696127887604,3.9994286273695057,8,248
Mercedes-Benz,2020,5,India,EQE,Electric,Diesel,52882,460677,8.0,1.02,6.7,6.72,1,1111
BMW,2016,3,Germany,X7,Electric,Diesel,,81625,185.0,1.9816901122667256,1.6456959935039197,2.808958630080856,1,540
Volkswagen,2017,3,Brazil,ID.4,Electric,Hybrid,32791,204849,55.0,1.11,3.19,10.69,7,1225
Ford,2024,9,UK,Escape,SUV,Petrol,23327,468355,67.0,1.87,1.69,5.04,8,228
Mercedes-Benz,2024,4,Australia,C-Class,Sedan,Diesel,103575,303885,56.0,,2.84,4.29,4,
Ford,2016,6,Mexico,Ranger,SUV,Hybrid,53244,773979,40.0,1.16,2.32,10.86,5,3926
Tesla,2023,7,Italy,Semi,electric,Electric,64102,139245,9.0,1.86,1.02,3.41,6,154
Porsche,2019,10,,911,Sedan,Petrol,172316,373172,4.0,1.76,1.1,3.8,9,160
Audi,2015,7,Australia,A6,Sedan,Electric,52795,220251,,1.59,2.59,4.36,1,49
Ford,2015,10,France,Explorer,SUV,Petrol,73253,166267,115.0,1.84,1.75,3.6,4,3985
Porsche,2019,12,Australia,Macan EV,Electric,Petrol,67211,262317,5.0,,3.22,4.05,9,242
Porsche,2015,5,Brazil,Macan,SUV,Petrol,67910,373240,8.0,1.21,3.53,10.79,2,-500
BMW,2021,6,Brazil,3 Series,Electric,Petrol,48851,379478,149.0,1.284879239075306,3.69742026724684,10.37840940442353,8,347
Volkswagen,2019,5,Netherlands,T-Roc,SUV,Electric,36245,203686,54.0,2.09,1.96,3.23,9,573
Mercedes-Benz,2018,2,UK,EQE,Electric,Hybrid,72443,266908,52.0,1.85,1.17,4.86,4,604
Ford,2015,6,USA,Edge,SUV,Electric,34041,292503,70.0,1.02,2.31,4.77,2,2832
Ford,2021,3,Mexico,F-150 Lightning,Electric,Petrol,94750,98623,33.0,1.07,1.8,11.19,9,3547
Tesla,2024,10,,Cybertruck,Electric,Electric,65702,216947,14.0,1.69,3.49,4.13,9,1478
Toyota,2023,1,USA,Camry,Sedan,Hybrid,52871,46714,72.0,0.97,2.63,4.56,7,1198
Toyota,2023,6,Canada,RAV4,SUV,Hybrid,41504,313568,50.0,1.32,2.04,4.24,4,2552
Audi,2020,4,Japan,Q3,SUV,Hybrid,56250,515859,33.0,1.59,1.3,-0.13,8,841
Audi,2019,10,Australia,e-tron,Electric,Electric,99209,256761,5.0,1.64,3.36,4.53,3,86
Mercedes-Benz,2022,3,USA,GLS,SUV,Petrol,75859,247228,49.0,1.02,2.76,4.4,4,1163
Volkswagen,2017,2,China,Golf,Sedan,Diesel,41593,339761,27.0,1.0,5.96,3.65,7,876
Audi,2015,6,Netherlands,TT,Sedan,Electric,109633,87112,14.0,2.01,2.47,3.68,1,98
Volkswagen,2022,1,usa,Taos,SUV,Petrol,44791,410656,71.0,0.9,2.17,4.41,4,2761
Tesla,2016,9,India,Model Y LR,Electric,Electrc,65149,77760,14.0,,7.01,6.34,6,2183
Mercedes-Benz,2015,9,France,S-Class,Sedan,Electric,55639,304820,36.0,1.82,1.55,3.67,1,997
Toyota,2019,10,China,Yaris,Sedan,Electric,68022,418942,20.0,1.12,6.32,3.68,1,538
Volkswagen,2023,12,UK,T-Roc,SUV,Hybrid,24228,440821,55.0,1.78,1.2,4.82,7,179
Porsche,2024,11,Brazil,718,Sedan,,,381632,21.0,1.28,3.78,10.69,4,286
Volkswagen,2017,1,Australia,Taos,SUV,Hybrid,57474,266004,11.0,1.56,3.14,4.2,5,2053
BMW,2018,2,Japan,X5,Electric,Petrol,116384,220635,294.0,1.597200212764574,1.5127995672575023,0.3683491464303152,5,769
BMW,2022,10,Germany,i7,SUV,Petrol,85971,306139,334.0,1.894413389022,1.4906877206636666,2.721929800708857,8,1021
Ford,2016,3,Brazil,Mustang Mach-E,Electric,Electric,28221,251796,104.0,1.28,3.58,10.23,7,
BMW,2020,3,UK,i7,Sedan,Diesel,77422,363804,390.0,1.8799293297984736,1.2316717013834433,5.265639064481076,5,1135
Tesla,2015,3,Canada,Model X Plaid,Electric,Electric,92352,256173,1.0,1.28,1.82,4.13,5,2177
Ford,2015,9,Australia,Ranger,SUV,Electric,83262,161548,28.0,1.7,2.82,4.44,5,1719
Ford,2015,4,UK,Ranger,SUV,Hybrid,31271,353701,57.0,1.95,1.24,5.12,5,2889
Ford,2023,9,Australia,F-150,SUV,Electric,44979,534674,59.0,1.57,3.47,4.44,3,2287
Tesla,2022,3,australia,Cybertruck,Electric,Electric,71392,44151,18.0,1.61,3.46,4.17,4,1846
Porsche,2019,10,Germany,Macan EV,Electric,Electric,175173,89476,26.0,1.86,2.02,2.94,4,125
Toyota,2017,11,India,bZ4X,Electric,Electric,37797,190889,89.0,,7.06,6.5,2,1959
BMW,2021,5,India,X3,Sedan,Diesel,40515,275756,216.0,1.1020455719779374,6.754640654763763,6.608901633334358,6,530
Ford,2016,3,Spain,F-150,SUV,Hybrid,29349,557363,44.0,1.72,1.52,3.77,8,1395
Audi,2018,8,China,e-tron,Electric,Hybrid,83152,145814,40.0,,5.93,3.72,1,920
Volkswagen,2015,3,Australia,Passat,Sedan,Diesel,40982,437024,46.0,1.5,3.39,4.02,4,748
Volkswagen,2016,7,Italy,Polo,Sedan,Petrol,20837,315847,41.0,1.91,1.49,3.44,9,800
Ford,2019,11,Australia,F-150 Lightning,Electric,Hybrid,34351,620412,50.0,1.68,2.99,4.23,1,2763
Tesla,2019,2,Australia,Model 3 LR,Electric,Electric,122647,208148,33.0,1.64,3.12,3.99,4,661
Audi,2023,9,Brazil,Q5,SUV,Diesel,62618,107280,43.0,1.21,3.27,10.59,3,397
Audi,2019,7,USA,A6,Sedan,Petrol,108040,528049,54.0,0.96,2.23,4.38,3,328
Mercedes-Benz,2018,9,Brazil,A-Class,Sedan,Petrol,127333,80280,22.0,1.24,3.01,10.35,6,
BMW,2023,2,UK,i7,Electric,Electric,44265,490556,217.0,1.821076913737148,1.6159854502601791,4.812814840769249,2,835
Volkswagen,2023,2,France,Tiguan,SUV,Electric,71414,412901,88.0,1.88,1.22,3.5,10,2326
Audi,2021,8,Germany,Q8,SUV,Electric,81481,497204,13.0,1.82,2.13,2.71,9,515
Audi,2018,9,Canada,A6,Sedan,,101397,,40.0,1.36,2.68,4.21,1,274
Volkswagen,2017,11,Mexico,Tiguan,SUV,Petrol,70423,280226,72.0,1.03,1.57,11.13,9,1164
Toyota,2017,11,Germany,Highlander,SUV,Electric,84280,69039,76.0,1.86,2.14,3.24,9,186
Frod,2021,6,Mexico,Explorer,SUV,Petrol,48615,675050,111.0,1.14,1.99,10.79,1,796
Volkswagen,2021,11,Brazil,Touareg,SUV,Petrol,54146,147160,43.0,1.17,3.77,10.34,7,2154
Audi,2016,8,USA,A4,Sedan,Petrol,97838,129326,39.0,0.96,2.34,4.6,1,400
Porsche,2016,5,Australia,Macan,SUV,Petrol,94035,116907,8.0,1.61,2.55,4.48,1,240
Toyota,2022,12,Spain,Camry,Sedan,Hybrid,65686,370706,69.0,1.76,0.82,3.23,5,2073
Tesla,2015,5,Germany,Model Y,Electric,Electric,83889,192882,27.0,1.94,2.17,2.94,9,1828
Toyota,2020,7,France,RAV4,SUV,Hybrid,47940,146908,26.0,1.7,1.72,3.71,3,278
Ford,2016,7,Japan,Mustang,Sedan,Petrol,48078,288889,39.0,1.56,1.45,-0.04,7,1276
Toyota,2024,4,Germany,Yaris,Sedan,Electric,79883,245363,10.0,,1.39,2.76,8,740
Ford,2015,5,Spain,F-150,SUV,Hybrid,83510,358838,45.0,1.7,1.5,3.54,9,2395
Mercedes-Benz,2023,1,India,CLA,Sedan,Diesel,36984,247535,20.0,1.11,7.45,6.36,8,898
Audi,2016,8,USA,A3,Sedan,Diesel,58864,293248,36.0,0.88,2.59,4.38,4,357
Toyota,2015,8,Australia,bZ4X,Electric,Petrol,69167,464949,79.0,1.5,2.68,4.07,7,1110
Mercedes-Benz,2019,6,UK,EQS,Electric,Hybrid,124667,428571,24.0,1.77,1.65,5.01,3,660
AUDI,2021,12,Italy,TT,Sedan,Petrol,54963,379694,10.0,1.89,1.28,3.31,1,1057
Audi,2016,5,Italy,Q3,SUV,Hybrid,93271,253863,7.0,1.76,0.57,3.75,7,925
Volkswagen,2019,10,USA,Tiguan,SUV,Hybrid,26396,539445,37.0,0.92,2.85,4.21,8,1763
Audi,2017,4,Canada,e-tron,Electric,Hybrid,72073,231065,21.0,1.39,1.92,4.13,4,829
Ford,2022,11,UK,Escape,SUV,Electric,90311,574248,73.0,1.76,1.67,5.24,9,1081
Ford,2015,1,Spain,F-150,SUV,Hybrid,73997,372849,31.0,1.82,,3.7,8,3451
Toyota,2019,4,Netherlands,Yaris,Sedan,Hybrid,31909,669697,28.0,1.97,1.97,3.79,10,2434
Volkswagen,2019,6,France,Taos,SUV,Electric,43626,353855,25.0,1.83,1.64,3.58,4,256
Audi,2021,4,Australia,e-tron,Electric,Diesel,34186,545011,19.0,1.51,3.5,4.31,2,1109
BMW,2018,8,BRAZIL,i4,Electric,Hybrid,44290,301071,300.0,1.2284063292308576,3.887086424265117,10.667925327514574,9,951
Mercedes-Benz,2022,1,Canada,GLE,SUV,Hybrid,35153,224010,60.0,1.36,1.95,4.02,2,430
Audi,2023,12,Netherlands,A3,Sedan,Electric,56285,,7.0,2.02,1.78,3.58,6,179
PORSCHE,2022,3,Brasil,Macan EV,Electric,Hybrid,68945,383761,9.0,1.23,3.83,10.38,7,321
Volkswagen,2018,8,Japan,Passat,Sedan,Electric,44137,420714,21.0,1.44,1.49,-0.15,3,2072
Volkswagen,2019,5,Canada,Arteon,Sedan,Hybrid,55054,455904,60.0,1.36,1.99,4.1,6,1190
Audi,2021,11,Germany,Q5,suv,Electric,36197,299183,19.0,1.86,2.26,2.81,6,403
Audi,2018,4,Mexico,TT,Sedan,Hybrid,76189,499853,57.0,1.19,2.47,11.17,8,908
Frod,2020,3,Brazil,Edge,SUV,Electric,90682,167058,60.0,1.27,3.99,10.67,7,3932
Toyota,2016,4,Germany,Land Cruiser,SUV,Electric,45525,313401,41.0,1.95,1.76,3.11,3,744
Ford,2020,1,Japan,Expedition,,Electric,77463,653080,110.0,1.51,1.56,0.24,5,1501
Ford,2015,1,France,Bronco,SUV,Petrol,88518,83181,49.0,1.76,1.28,3.55,2,3656
Mercedes-Benz,2019,7,France,E-Class,Sedan,Diesel,60495,430848,45.0,1.76,1.13,3.45,7,
BMW,2017,2,France,X1,SUV,Hybrid,45400,274970,67.0,1.78355219585502,1.6052067735766382,3.780275969155502,7,286
Audi,2016,6,Mexico,A3,Sedan,Diesel,82914,69737,31.0,1.16,2.05,10.86,7,968
Ford,2021,12,USA,Escape,SUV,Hybrid,91634,140272,13.0,1.06,2.64,4.59,1,3502
Tesla,2018,12,USA,Model S,Electric,Electric,55167,116498,25.0,0.99,2.08,4.71,8,1525
Volkswagen,2017,4,China,Golf,Sedan,Electric,50209,560175,49.0,1.08,5.86,3.63,1,1425
TESLA,2021,5,Italy,Model Y LR,Electric,Electric,114077,116302,8.0,1.77,0.58,3.45,8,1698
Porsche,2019,8,Spain,Cayenne,SUV,Electric,150318,108904,28.0,1.68,1.41,3.68,2,156
BMW,2016,8,France,7 Series,Electric,Electric,62052,145965,93.0,1.829926579809443,1.4253996981592678,3.647894843070816,4,518
Porsche,2023,5,Netherlands,718,Sedan,Hybrid,80415,130341,24.0,2.09,2.16,3.38,3,415
Toyota,2020,9,Germany,Camry,Sedan,Petrol,,483206,52.0,1.89,1.86,2.77,3,1161
Porsche,2023,3,Spain,Macan,SUV,Electric,171561,319372,12.0,1.72,1.53,3.35,7,304
Tesla,2015,8,Spain,Cybertruck,Electric,Electric,96527,170803,39.0,1.65,1.57,3.41,7,1970
Toyota,2019,7,Japan,RAV4,SUV,Electric,81309,528616,51.0,1.6,,-0.13,3,2953
Tesla,2015,3,UK,Model S,Electric,Electric,80962,121960,14.0,1.9,1.9,4.71,7,849
Porsche,2018,6,Spain,Cayenne Coupe,SUV,Hybrid,159621,147292,24.0,1.81,1.28,3.74,6,158
Mercedes-Benz,2022,5,India,EQE,Electric,Hybrid,60192,,31.0,1.07,6.88,6.23,1,844
Porsche,2023,10,Australia,718,Sedan,Hybrid,89935,250461,4.0,1.54,,4.38,7,311
Audi,2018,1,Canada,A3,Sedan,Electric,103768,513373,5.0,1.37,2.66,3.87,4,78
Mercedes-Benz,2022,4,Mexico,GLS,SUV,Diesel,73660,150829,57.0,1.15,1.73,11.0,6,733
Mercedes-Benz,2019,6,usa,S-Class,Sedan,Hybrid,34039,353898,63.0,0.97,2.36,4.41,6,492
Volkswagen,2017,12,UK,T-Roc,SUV,Hybrid,42293,487013,77.0,1.81,1.28,5.0,5,238
Toyota,2018,9,Germany,Supra,Sedan,Hybrid,,113181,71.0,1.86,2.21,3.22,2,2953
Ford,2017,3,Canada,Expedition,SUV,Hybrid,49198,670085,32.0,1.39,2.16,4.07,10,2576
Audi,2015,7,Italy,A6,Sedan,Hybrid,34026,179373,8.0,1.87,1.27,3.63,5,415
Tesla,2024,10,Japan,Model X Plaid,Electric,Electric,49823,109536,5.0,1.57,0.88,0.27,5,1082
Porsche,2019,5,India,718,Sedan,Electric,156462,98889,15.0,0.96,7.04,6.77,2,386
Toyota,2018,1,Germany,C-HR,SUV,Petrol,57085,81876,72.0,,2.04,3.15,6,232
Porsche,2017,6,China,Taycan,Electric,Electric,80353,235326,28.0,1.19,5.9,3.59,3,245
Mercedes-Benz,2015,3,China,C-Class,Sedan,Diesel,97371,483344,28.0,1.08,5.65,3.76,8,846
Toyota,2022,7,USA,Land Cruiser,SUV,Electric,82841,554888,80.0,0.93,2.36,4.34,9,521
Toyota,2017,11,Mexico,Highlander,SUV,Hybrid,69971,94328,43.0,1.03,2.02,11.09,6,235
Toyota,2023,5,Canada,Corolla,Sedan,Electric,56184,181649,40.0,1.26,1.73,4.06,5,1951
Porsche,2020,1,USA,Panamera,Sedan,Electric,166123,,11.0,0.98,2.94,4.75,3,174
Mercedes-Benz,2019,4,Netherlands,GLE,SUV,Petrol,126773,577394,19.0,1.99,2.5,3.78,9,465
Ford,2015,9,India,Edge,SUV,Petrol,22710,618086,85.0,1.0,7.19,6.52,8,2285
Volkswagen,2017,4,Brazil,T-Roc,SUV,Hybrid,59932,327349,68.0,1.23,3.03,10.58,9,2062
BMW,2021,12,UK,X5,Sedan,Electric,91344,143246,361.0,1.9243567133184405,1.2471032340101464,4.795726808067913,4,884
Porsche,2019,1,usa,Macan,SUV,Petrol,96275,313064,22.0,0.99,2.31,4.76,7,485
Mercedes-Benz,2021,7,Italy,GLC,SUV,Petrol,92311,426389,24.0,1.9,1.45,3.73,6,1105
Audi,2022,6,Canada,Q3,SUV,Electric,95912,,45.0,1.27,1.74,4.29,2,305
Volkswagen,2020,3,Mexico,Polo,Sedan,Hybrid,45971,176222,70.0,1.12,2.17,11.08,6,
BMW,2015,12,China,X3,Electric,Diesel,58649,301063,343.0,,5.647452526706284,3.3969156521655868,4,1071
Mercedes-Benz,2015,1,Brazil,EQE,Electric,Hybrid,127598,581516,17.0,1.24,3.2,10.33,2,1058
Volkswagen,2020,8,Japan,Tiguan,SUV,Diesel,44224,388929,24.0,1.51,0.98,0.13,4,2796
Volkswagen,2018,8,Canada,ID.3,Electric,Electric,20955,73422,82.0,1.28,2.0,3.95,4,1029
Audi,2015,10,INDIA,A6,Sedaan,Electrc,87406,233936,,1.13,6.88,6.63,4,594
Toyota,2018,4,Canada,Land Cruiser,SUV,Petrol,73448,127421,78.0,1.4,1.82,4.29,5,2465
Porsche,2024,4,China,Panamera Sport,Sedan,Hybrid,85987,343229,23.0,1.1,5.59,3.55,1,486
BMW,2017,7,Canada,iX,Sedan,Diesel,82766,123568,51.0,1.360014193739832,1.7991780995872162,3.940896589516773,10,106
Tesla,2017,8,China,Model S Plaid,Electric,Electric,59804,196969,6.0,,6.16,3.63,10,2155
Mercedes-Benz,2020,7,Spain,A-Class,Sedan,Petrol,129450,185673,8.0,1.81,0.84,3.44,2,263
Volkswagen,2020,1,Canada,ID.4,Electric,Hybrid,70948,266205,89.0,1.33,2.06,3.76,10,2068
BMW,2019,10,Brazil,X1,Electric,Electric,117542,330790,196.0,1.2889228438948046,3.6926259522261646,10.702869173788866,1,538
Mercedes-Benz,2018,1,USA,C-Class,Sedan,Petrol,63055,106328,10.0,0.94,2.69,4.28,8,1201
Porsche,2015,4,China,Macan EV,Electric,Electric,83479,222797,11.0,1.11,6.29,3.8,1,430
Tesla,2019,7,Mexico,Model S Plaid,Electric,Electric,4298225,71798,14.0,1.04,2.17,11.2,4,749
Porsche,2022,8,Brazil,Panamera Sport,Sedan,Electric,107825,134000,27.0,1.21,3.44,10.74,1,138
Mercedes-Benz,2016,11,Italy,GLC,SUV,Hybrid,69734,515298,43.0,1.93,1.37,3.74,1,852
Audi,2023,9,Mexico,Q8,SUV,petrol,63511,233397,25.0,1.12,1.82,11.0,1,955
Tesla,2016,1,China,Model S,Electric,Electric,73129,126323,7.0,1.11,6.05,3.31,2,1444
Ford,2022,10,France,Mustang,Sedan,Hybrid,55987,750362,74.0,1.78,1.12,3.6,10,2661
Volkswagen,2019,8,Germany,Golf,Sedan,Petrol,39795,498289,89.0,1.91,1.65,3.13,3,2360
Audi,2015,7,UK,A6,Sedan,Petrol,78787,549936,38.0,1.91,1.49,4.91,2,838
Volkswagen,2018,1,Japan,Golf,Sedan,Electric,79371,365480,47.0,1.46,0.89,0.09,8,1971
Toyota,2023,8,Canada,Corolla,Sedan,Hybrid,84112,697725,95.0,1.31,2.26,4.05,10,2201
Porsche,2023,9,Spain,Panamera Sport,Sedan,Hybrid,145257,113053,25.0,1.78,1.27,3.58,7,432
Porsche,2024,2,Japan,Cayenne,SUV,Electric,124831,154120,25.0,1.44,1.68,0.09,7,50
Toyota,2017,10,France,Corolla,Sedan,Hybrid,60225,625615,57.0,1.74,1.91,3.25,9,2639
Ford,2020,9,Netherlands,Explorer,SUV,Hybrid,79394,269988,46.0,1.96,2.0,3.25,8,693
Volkswagen,2017,7,Spain,Tiguan,SUV,Petrol,,322654,52.0,1.69,0.89,3.44,3,1452
Tesla,2024,2,Spain,Model Y,Electric,Electric,77737,116790,31.0,1.71,1.76,3.45,7,207
Audi,2016,7,UK,Q7,SUV,Petrol,90275,397666,28.0,1.89,1.31,4.89,7,177
Mercedes-Benz,2019,4,India,EQE,Electric,Hybrid,120044,396220,63.0,1.02,7.35,6.24,4,615
Tesla,2015,1,Germany,Model S Plaid,Electric,Electric,121010,157844,26.0,1.83,1.45,3.14,3,2494
Volkswagen,2019,10,Japan,Tiguan,SUV,Petrol,76208,165557,74.0,1.55,0.73,-0.0,6,44
Audi,2023,4,China,Q7,SUV,Petrol,83532,534774,14.0,1.02,6.04,3.6,6,1142
Porsche,2016,5,Netherlands,Macan,SUV,Electric,146568,240744,11.0,2.09,1.88,3.59,1,345
Mercedes-Benz,2015,5,UK,S-Class,Sedan,Electric,116520,,14.0,1.93,1.51,5.09,8,903
Tesla,2022,8,Netherlands,Model S,Electric,Electric,111378,71293,8.0,2.05,2.15,3.53,8,1802
Audi,2022,8,Canada,Q7,SUV,Electric,90815,85912,5.0,1.3,2.43,3.81,2,217
Tesla,2020,10,China,Model 3,Electric,Electric,98417,121912,21.0,1.09,5.55,3.38,3,1641
Ford,2022,11,China,  F-150 Lightning  ,Electric,Hybrid,68280,324574,40.0,1.01,6.25,3.49,10,3974
Porsche,2021,5,Brazil,Macan,SUV,Electric,129579,141917,22.0,1.25,3.18,10.66,4,70
Volkswagen,2017,5,USA,Taos,SUV,Electric,46927,453412,11.0,1.0,2.2,4.66,8,2196
Audi,2019,8,Brazil,RS6,Sedan,Diesel,55302,305966,,1.29,3.12,10.55,5,852
Toyota,2015,9,UK,Highlander,SUV,Petrol,51184,70646,36.0,1.91,1.31,5.11,10,1781
Mercedes-Benz,2016,12,China,S-Class,Sedan,Petrol,40116,418098,40.0,1.04,5.92,3.67,9,551
Volkswagen,2020,3,BRAZIL,Golf,Sedan,Petrol,56577,141160,80.0,1.24,3.11,10.48,4,1626
Mercedes-Benz,2019,4,Netherlands,E-Class,Sedan,Petrol,76560,371911,39.0,1.97,1.92,3.26,3,445
Volkswagen,2016,12,Spain,Tiguan,SUV,Electric,70433,454936,29.0,1.71,1.24,3.58,7,2013
Volkswagen,2017,6,Spain,  Polo  ,Sedan,Diesel,25640,335657,49.0,1.7,1.13,3.76,3,1714
Porsche,2021,11,USA,Cayenne,SUV,Electric,194125,395279,6.0,1.05,2.56,4.47,3,282
Volkswagen,2022,5,Netherlands,T-Roc,SUV,,33183,337154,58.0,2.04,1.74,3.52,4,592
Porsche,2021,11,Brazil,Panamera Sport,Sedan,Hybrid,82267,276547,21.0,1.16,3.31,10.2,1,46
Telsla,2024,8,France,Model S Plaid,Electric,Electric,49739,256858,35.0,1.75,1.72,3.36,3,687
Mercedes-Benz,2022,4,USA,CLA,Sedaan,Petrol,97926,509049,14.0,0.9,2.88,4.39,9,69
Tesla,2016,10,Mexico,Model 3 LR,Electric,Electric,120390,209984,,1.12,1.79,11.22,7,727
Tesla,2018,7,Frnce,Cybertruck,Electric,Electric,71160,123422,2.0,1.85,1.17,3.62,2,2286
Mercedes-Benz,2018,3,UK,CLA,Sedan,Diesel,46955,64654,6.0,1.75,1.46,5.01,8,770
Mercedes-Benz,2017,11,Germany,CLA,Sedan,Diesel,79840,337603,54.0,1.81,1.87,3.02,9,588
Mercedes-Benz,2018,6,Canada,C-Class,Sedan,Hybrid,117736,471911,35.0,1.28,2.55,3.71,9,878
Toyota,2021,11,Japan,Land Cruiser,SUV,Electric,32736,606859,37.0,1.59,0.98,0.36,4,2825
Mercedes-Benz,2018,12,China,CLA,Sedan,Hybrid,51753,573402,29.0,,5.55,3.22,2,617
Volkswagen,2023,7,Germany,Passat,Sedan,Diesel,75621,276849,14.0,1.97,2.16,2.89,9,670
BMW,2019,3,USA,X5,Sedan,Electric,63621,253675,360.0,1.0211102277086097,2.249292229148875,4.4462297538213775,2,
Porsche,2018,1,Canada,Cayenne,SUV,Electric,65806,227352,14.0,1.29,2.44,3.87,2,275
BMW,2022,5,Japan,  5 Series  ,Electric,Petrol,62464,431032,67.0,1.5949586324293563,0.9284547413312988,0.3978003496340452,1,636
Audi,2024,6,Italy,TT,Sedan,Petrol,74856,447458,27.0,1.87,1.49,3.46,5,571
Ford,2015,4,China,Mustang,Sedan,Electric,89269,497777,106.0,1.15,5.73,3.39,6,392
Toyota,2015,12,UK,Camry,Sedan,Electric,59261,99812,93.0,1.78,1.18,5.04,6,1895
Porsche,2022,9,Italy,Macan,SUV,Electric,84210,329639,27.0,1.9,0.51,3.77,8,482
Volkswagen,2024,3,Italy,ID.3,Electric,Electric,74199,64500,67.0,1.75,1.15,3.45,5,1839
Tesla,2019,6,Japan,Model Y LR,Electric,Electric,52981,297065,14.0,1.53,0.75,0.18,1,751
Audi,2023,9,France,Q5,SUV,Hybrid,70462,466371,9.0,1.76,1.41,3.66,2,189
Mercedes-Benz,2024,7,USA,GLS,SUV,Diesel,115891,243602,57.0,0.91,2.78,4.71,3,132
Volkswagen,2016,6,Brazil,ID.3,Electric,Diesel,52359,109714,80.0,1.14,3.78,10.54,6,2308
Toyota,2024,12,Australia,bZ4X,Electric,Electric,47122,607330,91.0,1.53,3.33,4.19,8,2717
Toyota,2016,10,,Prius,Hybrid,Petrol,69103,279466,17.0,1.92,0.84,3.33,5,2535
Mercedes-Benz,2024,3,Mexico,EQE,Electric,Electric,115736,230130,36.0,1.03,1.85,11.23,8,641
Audi,2018,4,Spain,A6,Sedan,Electric,71276,535791,24.0,1.8,1.0,3.27,4,457
Toyota,2021,9,France,C-HR,SUV,Electric,51454,677379,36.0,1.89,1.31,3.54,8,708
Toyota,2024,4,Brazil,Highlander,SUV,Hybrid,71123,265444,99.0,1.16,3.26,10.32,8,2553
Mercedes-Benz,2015,9,Spain,A-Class,Sedan,Hybrid,69668,115590,48.0,1.71,1.51,3.35,3,664
Porsche,2023,3,China,Panamera,Sedan,Hybrid,186629,133181,10.0,1.07,5.98,3.27,10,296
Ford,2015,11,Canada,Ranger,SUV,Petrol,58531,772852,98.0,,2.44,3.97,8,1714
Volkswagen,2022,10,France,Golf,,Electric,1639113,385748,14.0,1.77,1.71,3.58,10,325
Ford,2017,5,Brasil,Mustang Mach-E,Electric,Electric,64320,762388,23.0,1.28,3.69,10.5,8,2039
Teslla,2019,10,Mexico,Semi,Electric,Electric,55273,20407,17.0,1.17,2.37,11.08,9,2472
Ford,2015,6,France,Mustang,Sedan,Electric,62030,77064,26.0,1.86,1.73,3.54,9,734
Tesla,2018,5,Mexico,Model X,Electric,Electric,80712,266721,8.0,1.09,2.46,11.08,9,1434
Porsche,2024,3,Japan,Panamera Sport,Sedan,Hybrid,,306867,23.0,1.4,1.56,0.07,2,106
Mercedes-Benz,2019,10,Brasil,C-Class,Sedan,Diesel,112611,391852,54.0,1.16,3.12,10.21,5,652
Volkswagen,2020,1,UK,Taos,S U V,Diesel,55158,127160,81.0,1.88,,4.88,3,2620
Ford,2018,12,Canada,Explorer,SUV,Hybrid,54712,558435,22.0,,1.85,4.21,5,1894
Toyota,2018,3,India,Highlander,SUV,Hybrid,39632,637084,18.0,1.1,6.88,6.73,1,2615
BMW,2018,2,Japan,X7,Sedan,Electric,95758,,269.0,1.4531200085177411,0.7914868373977548,0.3264765175782282,7,725
Volkswagen,2016,3,Mexico,Polo,Sedan,Petrol,62084,356838,41.0,1.13,2.1,10.83,6,1682
BMW,2021,9,Brazil,X1,SUV,Electric,115409,163034,250.0,1.238723611494759,3.835825927910516,10.399314619869363,4,710
Porsche,2024,11,Japan,GTS,SEDAN,Electric,194189,170918,28.0,1.51,1.45,0.34,2,305
Tesla,2023,10,usa,Cybertruck,Electric,Electric,78980,57163,30.0,0.92,,4.62,1,441
Porsche,2019,10,Australia,Taycan,Electric,Petrol,105611,261794,4.0,1.68,3.2,4.43,1,373
Toyota,2015,9,USA,Highlander,SUV,Hybrid,39518,423070,34.0,0.96,2.21,4.58,8,1304
BMW,2024,6,Japan,5 Series,,Petrol,42354,231089,,1.418241220609738,,0.2737708856767323,4,989
Tesla,2016,7,UK,Model S Plaid,Electric,Electric,109232,188422,15.0,1.88,1.63,5.23,1,503
Toyota,2018,9,Canada,RAV4,SUV,Petrol,20596,96264,73.0,1.37,2.51,3.98,6,2220
Ford,2019,4,Spain,Ranger,SUV,Electric,86925,459071,59.0,1.72,1.71,3.36,8,3579
Ford,2019,8,Canada,F-150,SUV,Electric,71526,247393,45.0,1.33,2.49,4.22,3,1985
BMW,2021,2,China,X7,Electric,Petrol,106537,228446,326.0,1.094233579786563,6.210242798623312,3.388610067910249,2,928
Porsche,2016,12,Italy,718,Sedan,Hybrid,111318,357120,11.0,1.83,,3.23,4,81
Porsche,2019,11,Spain,Cayenne,SUV,Electric,129262,,4.0,1.68,1.69,3.38,1,335
Porsche,2020,12,Mexico,  Panamera  ,Sedan,Electric,191051,319778,20.0,1.06,1.56,10.77,8,424
Tesla,2024,6,Italy,Model S,Electric,Electric,81191,228107,16.0,1.91,0.96,3.77,4,402
Audi,2015,9,France,A3,Sedan,Hybrid,,549476,41.0,1.86,1.34,3.62,6,207
Ford,2020,5,Australia,F-150 Lightning,Electric,Petrol,76864,588949,39.0,1.7,3.34,4.44,8,753
Toyata,2017,3,France,Prius,Hybrid,Hybrid,87192,140566,87.0,1.77,1.83,3.38,6,1291
Porsche,2023,10,Brazil,Panamera,Sedan,Electric,124111,261109,18.0,1.13,3.08,10.65,7,352
BMW,2017,7,India,X5,SUV,Petrol,41772,61831,54.0,1.1401727124500822,,6.363955716198926,5,351
B M W,2019,9,Brazil,i7,Electric,Petrol,52241,209484,198.0,1.265747501830386,3.388677289689482,10.362809419064336,5,544
Mercedes-Benz,2015,3,Canada,CLA,Sedan,Hybrid,98133,401432,16.0,1.26,2.45,3.76,7,555
Volkswagen,2018,1,Brazil,T-Roc,SUV,Petrol,76142,163762,46.0,1.12,3.64,10.48,3,2555
Tesla,2021,7,,Model S,Electric,Electric,92169,272695,36.0,1.82,1.51,3.14,6,1964
Audi,2018,12,Mexico,Q7,SUV,Electric,87303,325524,15.0,1.1,2.3,11.03,7,910
Audi,2015,7,Australia,A4,Sedan,Electric,53102,183204,30.0,,2.62,4.06,4,789
Ford,2018,4,Japan,Expedition,SUV,Hybrid,85001,529641,60.0,1.52,1.49,-0.07,8,1730
Ford,2018,9,Netherlands,Escape,SUV,Electric,34625,235953,23.0,1.92,2.48,3.49,10,727
BMW,2024,4,Canada,7 Series,Electric,Electric,39837,233500,48.0,1.2013904261062385,2.5180147659224934,4.216438349953806,6,429
Audi,2023,1,Australia,Q3,SUV,hybrid,41417,81441,36.0,1.64,2.87,4.36,8,863
Porshe,2017,4,USA,Macan EV,Electric,Electric,103413,220687,7.0,,2.88,4.56,8,305
Audi,2016,10,India,Q5,SUV,Electric,97274,220337,48.0,1.06,7.2,6.38,10,745
Audi,2023,3,Japan,A6,Sedan,Electric,105504,428808,36.0,1.59,1.58,0.07,1,30
Toyota,2017,11,USA,bZ4X,Electric,Electric,59563,137187,32.0,0.9,2.11,4.8,4,1404
Tesla,2022,2,Italy,Model Y LR,Electric,Electric,76219,54002,39.0,1.89,1.39,3.67,10,2255
BMW,2022,8,Brazil,X3,Electric,Hybrid,87664,265705,324.0,1.2616794696232922,3.948885537253333,10.779379219844737,2,827
Tesla,2015,11,Italy,Model S Plaid,Electric,Electric,98537,230170,5.0,1.8,1.11,3.42,3,2476
Mercedes-Benz,2020,12,India,EQS,Electric,Petrol,65141,424857,28.0,1.14,6.95,6.45,8,988
Volkswagen,2019,7,UK,Taos,SUV,Electric,77097,415291,33.0,1.94,1.74,5.24,8,2674
Porsche,2022,2,Italy,GTS,Sedan,Hybrid,115718,324784,10.0,1.76,1.02,3.48,5,366
Mercedes-Benz,2017,4,China,A-Class,Sedan,Electric,70390,145450,46.0,1.04,6.16,3.37,5,155
Audi,2016,1,Spain,Q3,SUV,Hybrid,98096,219663,36.0,1.8,1.75,3.65,9,603
Ford,2022,2,China,Mustang Mach-E,Electric,Hybrid,82229,613041,58.0,1.16,5.95,3.38,6,437
Audi,2016,2,India,TT,Sedan,Electric,106321,,50.0,0.98,7.14,6.75,3,443
Volkswagen,2017,4,USA,T-Roc,SUV,Hybrid,60321,336698,34.0,1.0,2.4,4.42,2,2448
Toyota,2015,1,Mexico,Camry,Sedan,Electric,43806,637661,61.0,1.11,1.62,11.01,5,690
Porsche,2019,8,Germany,Panamera,Sedan,HYBRID,185668,350755,18.0,1.96,1.68,2.93,4,447
Mercedes-Benz,2020,3,Brazil,GLC,SUV,Diesel,63051,194976,35.0,1.27,3.36,10.41,9,705
Toyota,2018,10,France,Corolla,Sedan,Petrol,27464,566316,20.0,1.76,1.42,3.55,1,1253
Audi,2022,9,China,e-tron,Electric,Petrol,92342,265408,53.0,1.16,5.77,3.24,10,215
BMW,2015,11,China,iX,Electric,Hybrid,87057,493942,362.0,1.1881569041006217,5.571158285173433,3.24140455556769,6,1196
Audi,2018,10,Canada,A6,Sedan,Diesel,74915,77634,55.0,1.36,2.6,3.75,8,187
Volkswagen,2016,1,Germany,Touareg,SUV,diesel,71068,562456,84.0,1.91,1.43,3.11,5,702
Audi,2017,9,Canada,TT,Sedan,Petrol,94503,414630,53.0,1.33,2.53,4.15,5,881
Audi,2022,11,Australia,A4,Sedan,Petrol,111523,86583,45.0,1.57,2.54,4.4,1,383
Porsche,2022,5,Canada,Macan,SUV,Petrol,175854,148103,13.0,1.26,2.2,4.25,3,266
Ford,2015,5,Netherlands,Edge,SUV,Electric,63641,103488,82.0,1.99,1.88,3.37,10,640
Porsche,2024,11,France,Panamera,Sedan,,175986,217865,18.0,,1.95,3.47,4,486
Volkswagen,2022,1,Japan,Golf,Sedan,Diesel,59908,414570,28.0,1.44,1.5,0.12,5,326
BMW,2021,4,Canada,iX,Electric,Hybrid,72333,355007,287.0,1.3716683353598242,2.6180765521991507,3.868022397730294,6,644
Toyota,2019,1,UK,Camry,Sedan,Electric,74254,587693,99.0,1.78,1.87,5.27,6,1314
Mercedes-Benz,2019,7,France,GLC,SUV,Petrol,76388,581379,27.0,1.85,1.34,3.47,10,350
Frod,2018,12,Australia,Ranger,SUV,Electric,23369,499850,45.0,1.52,3.1,4.37,1,3338
Ford,2021,6,Brazil,Bronco,SUV,Hybrid,90924,521243,15.0,1.12,3.43,10.78,10,813
Audi,2017,10,India,A6,Sedan,Petrol,75835,494920,24.0,1.14,6.94,6.65,4,1091
Toyota,2023,6,India,Supra,Sedan,Hybrid,26491,80506,37.0,1.07,7.03,6.51,6,452
BMW,2017,1,India,3 Series,Sedan,Petrol,52272,411484,315.0,1.0276331412253992,7.311123769933471,6.581572824298237,9,1036
Ford,2018,5,China,Explorer,SUV,Petrol,43733,459865,50.0,1.0,6.32,3.58,1,218
Ford,2016,8,,Escape,SUV,Electric,93706,238593,21.0,1.3,1.84,4.2,5,1618
Toyota,2020,12,Spain,Camry,Sedan,Electric,83781,141910,15.0,1.65,0.99,3.76,6,1472
Ford,2021,5,Italy,Mustang Mach-E,Electric,Petrole,46292,565465,96.0,1.93,1.17,3.77,3,1635
Volkswagen,2021,10,USA,Touareg,SUV,Diesel,69075,167838,48.0,0.96,2.76,4.2,10,2545
Toyota,2017,7,Germany,Land Cruiser,SUV,Electric,55964,254905,31.0,1.9,1.75,3.25,5,1890
Audi,2020,10,Australia,A4,Sedan,Diesel,109379,,43.0,1.65,2.82,4.14,1,354
Mercedes-Benz,2024,4,Spain,EQE,Electric,Hybrid,51340,546490,45.0,1.67,0.9,3.56,3,830
BMW,2022,7,australia,5 Series,SUV,Hybrid,106289,61332,80.0,1.6466226044830563,3.122966583563483,4.328936132055512,7,432
BMW,2023,10,Japan,X3,Sedan,Diesel,59700,364853,211.0,1.4402624215644866,1.2693773611822827,0.1723962878947504,10,482
Mercedes-Benz,2015,1,FRANCE,EQS,Electric,Petrol,127520,586825,8.0,1.73,1.75,3.59,3,1071
Toyota,2015,7,Canada,Highlander,SUV,Electric,39022,647605,92.0,1.33,2.13,4.12,7,1206
Ford,2018,1,UK,Bronco,SUV,Hybrid,76407,534081,119.0,1.84,1.4,4.82,6,3892
Mercedes-Benz,2017,2,Netherlands,A-Class,Sedan,Hybrid,51265,224016,10.0,2.06,1.7,3.45,10,204
BMW,2016,2,Australia,iX,Electric,,75860,187815,101.0,1.6616470420018443,2.848820533969479,4.016598859274789,2,330
Volkswagen,2018,7,Japan,ID.4,Electric,Hybrid,71274,"$478,095",61.0,1.45,1.15,0.32,4,2261
Mercedes-Benz,2019,12,Mexico,S-Class,Sedan,Electric,57938,318905,27.0,1.08,1.87,10.92,5,1189
Mercedes-Benz,2017,1,Germnay,GLC,SUV,Diesel,66206,475677,38.0,1.92,1.83,3.01,7,1150
Toyota,2021,9,Mexico,Yaris,Sedan,Hybrid,38389,,48.0,1.1,2.31,10.77,4,69
AUDI,2015,2,Spain,A3,Sedan,Diesel,47264,81688,34.0,1.66,1.13,3.57,1,831
Volkswagen,2024,5,Italy,T-Roc,SUV,,45135,261706,53.0,1.8,1.08,3.21,10,297
Mercedes-Benz,2018,10,China,C-Class,Sedan,Hybrid,102450,387955,10.0,1.15,5.56,3.56,7,886
Ford,2022,9,India,Mustang,Sedan,Petrol,47838,678100,56.0,1.01,6.78,6.48,7,3420
BMW,2018,2,China,i4,SUV,Petrol,35066,183501,273.0,1.1954348368442635,6.499413725770666,3.228927223316333,1,878
Audi,2020,3,Netherlands,Q8,SUV,Electric,108603,157826,,2.0,2.37,3.56,7,495
Ford,2024,12,USA,Mustang,Sedan,Hybrid,67789,,68.0,1.04,2.06,4.43,4,3569
Volkswagen,2024,9,USA,Arteon,Sedan,Petrol,53111,86673,58.0,0.98,2.97,4.74,4,1894
Volkswagen,2019,4,Canada,Golf,Sedan,Hybrid,78121,,30.0,1.37,1.89,3.94,1,2273
Volkswagen,2023,8,Spain,Golf,Sedan,Petrol,44590,261246,9.0,1.66,1.6,3.49,8,47
Tesla,2022,7,,Cybertruck,Electric,Electric,110069,255665,30.0,0.89,2.76,4.23,4,213
Audi,2015,2,Netherlands,Q7,SUV,Petrol,111642,,9.0,2.08,2.58,3.64,6,268
Tesla,2022,6,Australia,Model 3,Electric,Electric,115061,100613,6.0,1.55,3.14,4.28,8,137
Ford,2015,6,India,Bronco,SUV,Electric,84115,253863,71.0,1.07,6.82,6.21,1,1386
BMW,2020,6,India,X5,SUV,Diesel,103689,161825,11.0,0.990403133680498,7.483521472715222,6.284426916829255,10,92
Tesla,2023,9,Spain,Model X,Electric,Electric,114513,292504,18.0,1.69,1.57,3.43,10,270
Ford,2015,5,India,Explorer,SUV,Electric,43425,309070,44.0,1.06,6.86,6.5,5,3156
Audi,2021,4,Canada,Q3,SUV,Petrol,78962,513050,5.0,1.3,2.03,3.81,8,855
Audi,2017,1,Australia,A6,Sedan,Electric,98426,364136,29.0,1.6,2.83,4.53,5,275
Ford,2015,5,Canada,Bronco,SUV,Petrol,92592,755406,20.0,1.23,2.52,3.8,1,2483
Mercedes-Benz,2023,6,Spain,E-Class,Sedan,Diesel,102884,212185,16.0,1.68,,3.66,7,70
Ford,2024,12,France,Mustang,Sedan,Petrol,52841,422675,91.0,1.78,1.67,3.6,8,610
Tesla,2018,5,Japan,Model X Plaid,Electric,Electric,55483,,17.0,1.58,1.05,-0.12,1,930
Porsche,2018,7,Italy,718,Sedan,Hybrid,155630,199812,26.0,1.89,0.65,3.56,10,391
Ford,2023,11,Spain,Mustang,Sedan,Electric,60058,239506,25.0,1.84,1.49,3.52,9,3578
Ford,2016,11,Brazil,Mustang Mach-E,Electric,Petrol,69871,295250,15.0,1.16,3.42,10.7,5,369
Volkswagen,2020,5,India,ID.3,Electric,Electric,48956,424984,17.0,1.02,7.4,6.38,8,324
Porsche,2020,7,China,911,Sedan,Hybrid,125403,329215,8.0,1.06,6.46,3.31,8,201
Tesla,2016,9,Mexico,Model X,Electric,Electric,53541,119326,5.0,,2.26,11.16,1,518
Toyota,2018,2,UK,Highlander,SUV,Electric,87651,618830,35.0,1.9,1.06,4.84,4,1546
Mercedes-Benz,2019,9,Germany,EQS,Electric,Hybrid,63680,587078,20.0,1.91,1.33,2.94,7,603
BMW,2024,6,UK,X3,Sedan,Diesel,109797,118369,271.0,1.7890481205912985,1.274071589342191,5.184242542320022,3,720
Tesla,2017,4,USA,Model Y,Electric,Electric,116134,189698,20.0,1.05,2.22,4.53,3,953
Toyota,2022,6,UK,Corolla,Sedan,Electric,62660,605317,56.0,1.85,1.01,5.09,9,733
Porsche,2019,5,Netherlands,GTS,Sedan,Hybrid,197191,391898,8.0,2.05,2.19,3.45,2,55
Ford,2022,4,Canada,Edge,SUV,Hybrid,57265,227046,106.0,1.28,2.3,4.12,7,3072
Ford,2022,2,Japan,Escape,SUV,Electric,74053,616644,109.0,1.59,1.45,0.28,6,2033
Volkswagen,2023,2,Netherlands,Tiguan,SUV,Diesel,36876,291817,8.0,2.03,1.67,3.29,3,1690
Toyota,2018,1,Spain,Yaris,sedan,Petrol,49693,482313,51.0,1.77,0.98,3.61,7,2848
Porsche,2015,2,USA,Panamera Sport,Sedan,,150577,300482,19.0,0.9,2.26,4.36,5,492
Toyota,2022,11,Mexico,Corolla,Sedan,Electric,49402,117594,47.0,1.07,2.12,11.14,4,2524
Porsche,2021,10,India,Macan EV,Electric,Electric,105601,89706,23.0,1.04,6.83,6.68,10,258
Audi,2024,12,,Q3,Suv,Hybrid,105669,335363,40.0,1.83,,3.47,8,418
Ford,2020,1,USA,Bronco,SUV,Petrol,62612,238627,14.0,1.05,2.46,4.74,8,1558
Tesla,2015,4,China,Model Y,Electric,Electric,97710,260347,9.0,1.12,5.6,3.53,5,1602
Porsche,2023,2,,Macan EV,Electric,Electric,,293306,6.0,0.96,7.01,6.73,2,141
Volkswagen,2024,9,UK,ID.4,Electric,Hybrid,77275,390457,86.0,1.82,1.92,4.77,6,988
Toyota,2017,4,Canada,Corolla,Sedan,Electric,33612,610790,87.0,1.33,1.78,4.02,2,2857
Toyota,2018,3,UK,Camry,Sedan,Hybrid,30273,132639,66.0,1.88,1.44,4.92,2,967
Mercedes-Benz,2016,4,China,S-Class,Sedan,hybrid,111359,434154,38.0,1.13,5.91,3.28,5,915
Ford,2015,1,Germany,Mustang,Sedan,Hybrid,69245,,105.0,1.93,1.49,2.84,6,1266
Tesla,2016,2,USA,Model X,Electric,Electric,121283,10763,25.0,0.92,2.51,4.65,6,1048
Porsche,2020,9,China,Panamera Sport,,Petrol,194262,342270,18.0,1.19,5.67,3.5,10,88
Mercedes-Benz,2023,9,China,E-Class,Sedan,Diesel,121002,459769,37.0,1.13,5.85,3.51,1,697
Mercedes-Benz,2020,1,Netherlands,A-Class,Sedan,Diesel,33807,294134,10.0,1.95,2.51,3.46,4,977
BMW,2021,12,Brazil,X1,Electric,Hybrid,117839,175865,106.0,1.1564069145142613,3.735071043803886,10.682088558230909,8,626
Mercedes-Benz,2023,5,China,EQS,Electric,Electric,57975,133257,20.0,1.17,6.44,3.57,10,512
Ford,2019,8,Australia,Expedition,SUV,Petrol,52104,89654,12.0,1.64,3.46,4.14,1,244
Volkswagen,2015,5,U.S.A,Touareg,SUV,Diesel,26774,309067,77.0,1.04,2.35,4.72,6,1056
Toyota,2019,5,India,Prius,Hybrid,Electric,57880,,98.0,1.09,6.78,6.62,7,2186
Bmw,2018,12,Germany,i7,Electric,Electric,107902,497728,337.0,1.857481919293116,1.4992152748940533,3.234129001581705,3,719
Audi,2019,1,Australia,A3,SEDAN,Diesel,57467,105456,7.0,1.68,3.3,4.5,9,430
Mercedes-Benz,2024,5,Spain,A-Class,Sedan,Diesel,123975,352873,51.0,1.65,,3.5,6,134
Telsla,2015,3,India,Model X,Electric,Electric,123517,146621,39.0,1.12,7.21,6.59,4,417
Toyota,2020,6,Netherlands,C-HR,SUV,Petrol,54804,644063,14.0,1.92,1.67,3.28,5,2442
Tesla,2017,11,UK,Model S,Electric,Electric,52615,81968,37.0,1.77,1.7,5.28,5,486
Porsche,2015,7,Italy,Cayenne,SUV,HYBRID,142001,147179,3.0,1.84,1.37,3.79,10,443
Porsche,2020,12,France,Panamera,Sedan,Electric,121713,175907,10.0,1.86,,3.65,9,390
Toyota,2017,12,China,RAV4,S U V,Petrol,35953,67671,28.0,1.08,,3.64,10,641
Tesla,2022,4,Spain,Model 3,Electric,Electric,88896,237051,33.0,1.8,1.1,3.69,10,1676
Ford,2018,8,Canada,Ranger,SUV,Hybrid,69005,727775,92.0,1.34,2.3,3.83,3,1422
Audi,2019,12,Japan,A4,Sedan,Diesel,114587,67629,52.0,1.55,1.06,-0.1,2,22
Porsche,2024,8,UK,Cayenne,SUV,Hybrid,78169,277236,21.0,1.9,1.32,5.23,6,330
Porsche,2021,9,Australia,Panamera Sport,Sedan,Petrol,182290,346764,26.0,1.7,2.74,3.97,3,69
Volkswagen,2022,1,Italy,Touareg,SUV,Petrol,25007,,80.0,1.92,0.66,3.74,7,1392
Ford,2017,1,India,Explorer,SUV,Petrole,53554,773974,17.0,0.96,6.7,6.45,9,725
Ford,2016,11,Mexico,Explorer,SUV,Petrol,60728,522479,43.0,,1.82,10.74,5,3193
Mercedes-Benz,2016,3,Netherlands,GLE,SUV,Electric,100128,135593,29.0,2.1,2.0,3.51,1,722
Toyota,2019,7,Australia,Prius,Hybrid,Petrol,54373,431317,78.0,1.69,,4.42,1,1841
Volkswagen,2019,2,France,Polo,Sedan,,31126,83327,29.0,1.8,1.41,3.7,7,1179
Ford,2020,11,Australia,Edge,SUV,Petrol,,335226,14.0,1.51,2.55,4.06,5,2554
Ford,2018,8,Spain,Mustang Mach-E,Electric,Hybrid,23882,609469,110.0,1.75,1.42,3.23,5,2374
Volkswagen,2016,2,Italy,Passat,Sedan,Petrol,42651,305798,29.0,1.9,1.28,3.35,4,1669
Mercedes-Benz,2021,9,Spain,GLE,SUV,Diesel,43921,280200,58.0,1.78,1.76,3.61,10,80
Audi,2022,2,Germany,Q5,SUV,Hybrid,112862,,7.0,1.86,1.87,2.97,5,903
Audi,2016,1,USA,Q7,,Hybrid,41767,142049,45.0,0.95,2.01,4.6,8,625
BMW,2015,3,Frnce,i4,Sedan,Petrol,104453,192226,44.0,1.7693906403792456,2.019855616412761,3.407807596619577,6,265
Mercedes-Benz,2016,12,Brazil,GLC,SUV,Petrol,49654,330060,0.0,1.12,3.63,10.52,1,1134
Mercedes-Benz,2016,12,Japan,EQE,Electric,Electric,68912,465690,58.0,1.48,0.88,0.37,2,1103
Porsche,2023,10,Spain,Panamera,Sedan,electric,77640,193452,28.0,1.73,1.39,3.54,6,364
Mercedes-Benz,2024,6,China,A-Class,Sedan,Hybrid,91552,101568,9.0,1.12,5.8,3.26,10,1237
Tesla,2015,6,Italy,Model S Plaid,Electric,Electric,109365,219626,30.0,1.87,1.49,3.66,6,1094
Volkswagen,2020,3,India,Touareg,SUV,Diesel,59871,235503,59.0,1.14,6.79,6.39,9,732
Tesla,2016,8,USA,Model 3,Electric,Electric,122073,212355,9.0,0.99,2.03,4.57,8,810
Toyota,2020,8,USA,bZ4X,Electric,Petrol,50535,45981,81.0,0.97,2.01,4.68,3,890
Audi,2022,9,Brazil,A3,Sedan,Diesel,110619,527306,57.0,1.17,3.19,10.33,1,972
Toyota,2017,7,France,Corolla,Sedan,Petrol,49085,417931,26.0,1.77,1.32,3.24,1,806
Mercedes-Benz,2023,5,Brazil,A-Class,sedan,Petrol,116228,598719,19.0,1.1,3.41,10.28,2,71
Porsche,2018,1,Australlia,GTS,Sedan,Electric,130402,162448,28.0,1.6,2.77,4.49,2,35
Volkswagen,2017,3,Australia,Golf,Sedan,Electric,38363,352361,46.0,1.6,3.31,4.19,4,2797
Volkswagen,2015,5,UK,Arteon,Sedan,Diesel,78654,285379,51.0,1.83,1.95,5.05,6,73
BMW,2020,6,Canada,7 Series,SUV,Diesel,73417,358474,89.0,1.2829248247454048,2.661070317469455,3.789197636651868,10,447
Mercedes-Benz,2022,9,Canada,GLC,SUV,Petrol,129726,361892,24.0,1.21,2.05,3.92,2,301
Mercedes-Benz,2021,7,Japan,E-Class,SEDAN,Hybrid,64643,468343,28.0,1.45,1.14,0.25,8,798
Porshe,2024,6,Spain,Cayenne Coupe,SUV,Electric,187672,299091,21.0,1.8,1.77,3.7,1,473
BMW,2024,11,Japan,X5,Sedan,Hybrd,47379,103997,15.0,1.5946156325944665,1.2225101810855885,-0.1672193479994166,2,59
Audi,2022,7,Germany,Q3,SUV,,94951,214021,9.0,1.81,1.39,3.05,5,102
Toyota,2016,5,France,Yaris,Sedan,Electric,74311,498490,98.0,1.8,1.53,3.37,5,1555
Mercedes-Benz,2017,5,India,E-Class,Sedan,Diesel,37979,265281,25.0,0.99,7.24,6.23,2,938
Mercedes-Benz,2016,9,Canada,E-Class,Sedan,Hybrd,106702,242964,62.0,1.21,2.3,4.23,3,964
BMW,2023,11,China,i4,Electric,Petrol,49559,333539,217.0,1.1456981354323228,5.96053949727414,3.705199131734037,10,668
Volkswagen,2018,10,Mexico,Tiguan,SUV,Diesel,26851,87913,10.0,1.12,2.44,10.76,10,361
Mercedes-Benz,2021,10,Mexico,S-Class,Sedan,Petrol,69646,231009,45.0,1.04,2.08,10.74,8,390
Mercedes-Benz,2016,7,India,GLC,SUV,Petrol,112682,251194,,1.08,7.18,6.61,6,707
Audi,2016,5,Germany,Q7,SUV,Petrol,53589,521242,,1.93,1.67,2.76,3,1000
Porsche,2019,3,India,Cayenne,SUV,Hybrid,181816,269998,29.0,0.98,7.33,6.68,4,NA
Mercedes-Benz,2015,6,ITALY,GLE,SUV,Petrol,79928,324842,12.0,1.93,0.75,3.74,7,1047
Mercedes-Benz,2019,11,USA,EQS,Electric,Petrol,98487,285422,48.0,1.04,2.07,4.32,10,687
Audi,2019,1,Brazil,RS6,Sedan,Electric,56562,,15.0,1.24,3.55,10.56,8,179
Audi,2023,2,India,Q3,SUV,Petrol,45739,254352,,1.14,7.26,6.49,10,491
Volkswagen,2017,8,France,Polo,Sedan,Hybrid,58348,495291,36.0,1.72,2.01,3.64,8,616
Porsche,2015,11,Brazil,911,Sedan,Petrol,151264,241854,9.0,1.16,3.66,10.71,1,429
Ford,2020,4,Mexico,Expedition,SUV,Electric,40269,118298,59.0,1.07,2.07,11.01,2,3425
Porsche,2017,9,Spain,Cayenne,SUV,HYBRID,98128,219496,28.0,1.69,1.59,3.29,3,151
Audi,2023,5,Italy,Q5,SUV,Hybrid,40176,332525,10.0,1.88,0.67,3.24,4,268
Audi,2021,10,Mexico,RS6,Sedan,Electric,73928,477942,44.0,1.05,2.46,10.86,10,938
Mercedes-Benz,2021,8,,A-Class,Sedan,Petrol,45734,227233,17.0,1.76,1.86,3.61,1,1183
Porsche,2018,4,UK,Macan EV,Electric,Petrol,79408,155802,27.0,1.83,1.66,5.08,4,24
Volkswagen,2016,9,Italy,Touareg,SUV,Hybrid,23554,473693,77.0,1.94,0.74,3.42,10,2776
BMW,2021,2,France,7 Series,Sedan,Hybrid,111106,108560,98.0,1.899339370770596,1.162291798130063,3.505653276889874,4,381
Audi,2021,4,China,TT,Sedan,Electric,36526,471893,39.0,1.0,5.52,3.56,6,495
Porsche,2020,7,Italy,GTS,Sedan,Electric,179759,326123,16.0,1.86,1.48,3.44,7,333
Porsche,2015,10,India,Cayenne Coupe,SUV,Petrol,152201,254523,29.0,1.0,7.18,6.36,5,445
Frod,2018,11,UK,Bronco,,Petrol,83402,730399,41.0,1.79,1.31,4.88,8,3149
Volkswagen,2024,2,Italy,T-Roc,SUV,Petrol,53380,404720,70.0,1.91,1.3,3.76,9,2632
Ford,2021,11,India,Expedition,SUV,Petrol,83467,111992,82.0,1.04,7.1,6.51,3,1938
Mercedes-Benz,2021,3,Netherlands,GLS,SUV,Hybrid,85932,170194,22.0,2.09,2.08,3.33,10,
Ford,2023,8,France,F-150,SUV,Electric,42986,666848,57.0,1.8,2.05,3.21,9,1518
Teslla,2019,1,Netherlands,Cybertruck,Electric,Electric,97637,256302,38.0,2.08,1.8,3.79,9,1924
Porsche,2023,11,Netherlands,Macan,SUV,Petrol,143634,332123,28.0,2.09,,3.6,2,181
Tesla,2016,11,Japan,Model 3 LR,Electric,Electric,93709,74124,22.0,1.48,1.28,0.16,6,414
Mercedes-Benz,2022,12,Spain,EQE,electric,Diesel,98253,269050,20.0,1.8,1.15,3.65,10,232
Audi,2020,3,Canada,RS6,Sedan,Petrol,103566,248305,32.0,1.24,2.67,3.86,10,1099
BMW,2019,11,China,X3,SUV,Hybrid,87151,161776,297.0,1.0226476091681511,6.425568512906777,3.47050362284248,10,1001
BMW,2016,10,Australia,X1,Sedan,Petrol,87091,313551,360.0,1.6983619902698728,2.746678864521623,4.385877029067803,8,829
Volkswagen,2023,8,Germany,ID.4,Electric,Electric,36688,502897,68.0,1.85,2.2,3.22,2,1759
Audi,2022,10,Germany,A3,Sedan,Hybrid,106601,443060,46.0,1.82,2.29,3.05,1,1113
Toyota,2017,10,Brazil,RAV4,SUV,Hybrid,55602,651993,15.0,1.19,3.6,10.41,9,384
Porsche,2022,1,India,Cayenne Coupe,SUV,Hybrid,150556,"$255,218",15.0,1.1,6.84,6.25,5,498
Ford,2021,11,Mexico,Ranger,SUV,Petrol,44302,621187,63.0,1.05,2.44,11.28,10,3401
Volkswagen,2019,6,USA,Touareg,SUV,Petrol,56962,173183,19.0,1.06,2.63,4.24,7,2465
Toyota,2022,12,Brazil,bZ4X,Electric,Electric,85517,470329,24.0,1.17,3.54,10.72,3,1760
Toyota,2017,11,Canada,Yaris,Sedan,Electric,88458,554023,11.0,1.36,1.79,4.24,5,1653
Ford,2020,9,Italy,Bronco,SUV,,86320,397384,41.0,1.85,1.2,3.54,8,1316
Tesla,2017,11,Netherlands,Model Y LR,Electric,,99901,118709,25.0,2.0,2.59,3.41,7,
Tesla,2019,10,Italy,Model 3,Electric,Electric,118219,142301,15.0,1.89,0.73,3.33,5,2458
Mercedes-Benz,2023,11,Italy,C-Class,Sedan,Electric,125695,75460,16.0,1.85,0.91,3.34,1,330
Frod,2023,11,Germany,Explorer,SUV,Petrol,47176,559557,111.0,1.99,1.31,2.86,8,2357
Volkswagen,2023,1,Italy,Polo,Sedan,Electric,66508,539303,70.0,1.9,0.97,3.69,9,1592
Mercedes-Benz,2020,8,China,EQE,Electric,Petrol,65876,502440,12.0,1.07,5.84,3.45,8,241
BMW,2017,10,France,i4,SUV,Hybrid,98927,333353,,1.7127116700572047,1.723298126827558,3.3985388149115896,9,523
Mercedes-Benz,2021,4,Spain,C-Class,Sedan,Hybrid,72723,262354,60.0,1.74,0.91,3.26,4,1081
Toyota,2021,9,Netherlands,Prius,Hybrid,Hybrid,69434,392446,83.0,2.05,2.38,3.76,4,1456
Audi,2023,4,USA,Q5,SUV,Diesel,75484,355954,57.0,1.05,2.32,4.31,1,371
Audi,2023,12,Brazil,RS6,Sedan,Electric,106764,503732,48.0,1.15,3.72,10.44,2,461
Tesla,2017,4,France,Semi,Electric,Electric,91348,88055,20.0,1.79,1.12,3.32,2,2408
Toyota,2018,3,,Yaris,Sedan,Hybrid,46541,648265,16.0,1.9,1.74,5.3,6,2159
BMW,2021,2,Canada,5 Series,Electric,Diesel,47242,173745,126.0,1.361366947853453,1.8774395437797229,4.150368850984515,7,632
Volkswagen,2015,3,India,Taos,SUV,Hybrid,33662,295887,,1.08,7.29,6.53,7,1994
Porsche,2024,10,Australia,Macan,SUV,Electric,150076,255374,6.0,1.59,3.47,4.33,2,276
Audi,2017,12,USA,Q7,SUV,Electric,,189860,33.0,0.88,2.99,4.28,7,871
Toyota,2019,2,Brazil,Corolla,Sedan,Petrol,24368,382702,36.0,1.27,3.57,10.55,4,1642
BMW,2017,1,Germany,X3,SUV,Electric,78059,,384.0,1.8990353820222536,1.7401524937396011,2.773222940906867,8,1181
Ford,2016,11,Germany,Explorer,SUV,Hybrid,36726,614413,94.0,1.89,2.19,2.76,9,3803
Toyota,2020,4,China,RAV4,SUV,Petrol,83953,664157,30.0,1.1,6.22,3.23,10,474
Porsche,2019,3,Japan,Cayenne,SUV,Petrol,137785,157825,22.0,1.58,0.91,-0.1,1,441
Mercedes-Benz,2017,2,Australia,EQE,Electric,Electric,116298,,20.0,1.55,3.03,4.34,10,730
Tesla,2017,1,China,Model S,Electric,Electric,90198,211637,20.0,1.19,5.87,3.36,4,1224
Audi,2022,11,Mexico,A6,Sedan,Electric,97980,533502,43.0,1.04,2.15,10.83,2,1191
Toyota,2018,1,Canada,bZ4X,Electric,Petrol,65153,91147,15.0,1.27,2.66,3.96,4,1481
Audi,2023,11,USA,A3,Sedaan,Diesel,57974,339210,,1.02,2.46,4.32,5,596
BMW,2021,10,UK,3 Series,Suv,Hybrid,84002,82152,251.0,1.8810483961278044,1.8621276172654504,5.185709644834927,7,662
Volkswagen,2024,11,Australia,Taos,SUV,Hybrid,74411,427737,46.0,1.68,2.75,4.28,5,327
Porsche,2024,9,Australia,Taycan,Electric,Hybrid,98818,387080,21.0,1.64,2.78,4.09,8,202
BMW,2023,10,Japan,X7,Sedan,Electric,111646,351763,142.0,1.5283943000886533,0.7957145555201617,-0.1858168483721981,9,-53
BMW,2021,9,Brazil,7 Series,electric,Diesel,79755,441351,290.0,1.1714058687940023,3.012103116776108,10.205423081447575,8,602
Audi,2017,9,Brazil,Q8,SUV,Petrol,74769,97809,43.0,1.25,3.9,10.54,3,1002
Tesla,2015,2,China,Model 3 LR,Electric,Electric,126644,179206,6.0,1.0,,3.54,8,1378
Toyota,2016,8,France,RAV4,SUV,Petrol,66205,500259,93.0,1.85,1.39,3.47,6,2651
Porsche,2021,3,USA,Taycan,Electric,Hybrid,150073,296564,17.0,1.06,2.48,4.44,8,110
Mercedes-Benz,2020,5,Brazil,GLS,SUV,Electric,34501,207375,5.0,1.29,3.73,10.68,5,552
Tesla,2015,10,France,Model Y LR,Electric,Electric,45360,150712,13.0,1.71,1.81,3.72,3,2129
Ford,2023,3,USA,Mustang Mach-E,Electric,Petrol,62634,744598,33.0,0.99,,4.43,4,1422
Audi,2018,12,Japan,A3,Sedan,Petrol,108423,536935,36.0,1.5,1.44,-0.0,9,586
Porsche,2017,10,Mexico,Macan,SUV,Petrol,97375,358749,2.0,1.07,1.88,11.06,2,280
Toyota,2016,11,UK,Land Cruiser,SUV,Petrol,41838,267028,36.0,1.9,1.34,5.03,7,1393
BMW,2024,12,France,X1,Electrc,Hybrid,36605,258726,186.0,1.8435195531316355,1.5043187681042922,3.456919768955369,8,622
Ford,2023,5,Brazil,Mustang,Sedan,Hybrid,66187,228170,103.0,1.16,3.93,10.24,7,742
Ford,2019,1,Italy,F-150,SUV,Electric,27284,378165,117.0,1.78,0.87,3.6,5,98
Tesla,2022,2,UK,Model 3,Electric,Electric,74058,282191,11.0,1.93,1.21,4.75,2,568
Mercedes-Benz,2022,8,France,E-Class,Sedan,Hybrid,50475,119326,58.0,1.84,1.78,3.22,1,458
Toyota,2018,7,Netherlands,Camry,Sedan,Electric,71361,289551,95.0,1.96,2.42,3.37,6,
Mercedes-Benz,2023,38,Netherlands,E-Class,Sedan,Diesel,75463,227600,50.0,2.07,2.54,3.3,1,1218
Tesla,2019,8,UK,Model X,Electric,ELECTRIC,44853,103243,14.0,1.75,1.74,5.11,3,2029
Toyota,2023,1,Mexico,RAV4,SUV,Hybrid,70718,98057,75.0,1.1,1.84,11.27,9,453
Toyata,2022,2,France,Supra,Sedan,Petrol,60046,347542,58.0,1.89,1.71,3.59,6,2435
Mercedes-Benz,2023,9,USA,A-Class,Sedan,Hybrid,38969,205785,51.0,0.96,2.22,4.48,8,1152
Audi,2024,2,Canada,A6,Sedan,Electric,111246,404582,57.0,1.26,1.73,4.2,1,830
Mercedes-Benz,2018,10,Brazil,C-Class,Sedan,Petrol,52980,443019,6.0,1.21,3.78,10.4,9,556
Volkswagen,2022,7,UK,Polo,Sedan,Petrol,56814,523537,81.0,1.85,1.12,4.7,10,126
Audi,2022,9,UK,Q3,SUV,Petrol,100478,472723,40.0,1.87,1.04,5.26,10,378
Toyota,2016,1,UK,Yaris,Sedan,Hybrid,38111,485343,80.0,,1.16,5.19,8,2628
Tesla,2020,11,USA,Semi,Electric,ELECTRIC,90001,190824,9.0,0.97,2.62,4.59,7,2070
Volkswagen,2024,3,Germany,Polo,Sedan,Petrol,31568,174578,54.0,1.98,2.13,2.76,9,926
Mercedes-Benz,2023,3,UK,CLA,Sedan,Electric,86737,348661,16.0,1.82,1.92,4.9,1,232
Porsche,2022,8,Netherlands,Panamera Sport,Sedan,Electric,140941,301741,29.0,2.02,2.16,3.62,5,198
Tesla,2017,7,BRAZIL,Semi,Electric,Electric,94142,168597,32.0,1.17,3.77,10.5,10,1884
Volkswagen,2024,12,Netherlands,Golf,Sedan,Hybrid,52003,291634,65.0,2.08,1.71,3.3,10,1432
Ford,2021,2,Italy,Mustang,Sedan,petrol,54407,703136,53.0,1.76,1.34,3.66,5,3370
BMW,2015,10,France,3 Series,Sedan,Hybrid,112004,498927,18.0,1.8517552507514647,1.6800888346694547,3.5100190311357604,7,130
Porsche,2021,6,Mexico,Panamera Sport,Sedan,Electric,86561,116027,2.0,1.09,1.85,10.75,7,456
Volkswagen,2023,2,India,Arteon,Sedan,Hybrid,59657,542104,8.0,,6.53,6.21,9,2743
Ford,2021,5,Mexico,Explorer,SUV,Electric,92764,773099,42.0,1.17,2.18,11.18,6,3325
FORD,2016,4,France,Expedition,SUV,Hybrid,71806,651781,73.0,1.85,1.39,3.75,2,2120
Ford,2021,1,USA,Edge,SUV,Hybrid,36617,319891,20.0,0.87,2.94,4.3,3,2376
Porsche,2020,1,Canada,Panamera,Sedan,Hybrid,173060,255967,27.0,1.3,2.17,3.83,1,483
BMW,2019,10,China,X7,Sedan,Hybrid,96075,411652,398.0,1.0902774048659352,6.497124500157711,3.455708781341584,7,1083
Mercedes-Benz,2023,4,UK,A-Class,,Electric,90241,220942,7.0,1.81,1.03,5.14,4,67
Ford,2024,2,Italy,Expedition,SUV,Hybrid,42807,696415,68.0,1.76,1.21,3.29,5,575
Mercedes-Benz,2019,2,France,C-Class,Sedan,Petrol,111668,523852,64.0,1.78,1.81,3.27,4,396
BMW,2024,7,FRANCE,7 Series,SUV,Hybrid,78390,190399,102.0,1.7147593129470795,1.6277011090863,3.79577887767158,10,448
Porsche,2020,4,Australia,Macan EV,Electrc,Hybrid,107954,296302,17.0,,3.12,4.08,10,465
Volkswagen,2021,8,UK,ID.4,Electric,Diesel,56021,174170,71.0,1.85,1.57,5.2,2,1817
Toyata,2020,9,Mexico,RAV4,SUV,Petrol,64119,361515,10.0,1.02,1.92,10.91,3,1966
Tesla,2024,1,USA,Model Y,Electric,Electric,89926,39607,17.0,0.98,2.87,4.55,3,2309
BMW,2019,11,USA,7 Series,Electric,Diesel,102657,93481,96.0,0.8735104726733257,2.1202072291205765,4.359349699775164,5,186
BMW,2017,7,Japan,X5,Sedan,Petrol,116533,400218,346.0,1.4959751240607817,1.4671882889311267,0.0411585481655452,2,1019
Tesla,2021,6,France,Model Y LR,Electric,Electric,101023,264805,2.0,1.71,1.8,3.3,7,2183
Porsche,2020,10,UK,718,Sedan,Hybrid,166735,298802,27.0,1.81,1.13,4.74,10,247
Porsche,2021,11,Netherlands,Taycan,Electric,Petrol,141459,102941,,2.04,2.08,3.31,6,96
Toyota,2019,8,Italy,bZ4X,Electric,Electric,64720,320546,83.0,1.76,1.1,3.64,1,2760
Toyota,2015,2,France,bZ4X,Electric,Hybrid,62841,116173,21.0,1.82,1.79,3.5,1,262
BMW,2019,10,China,X7,SUV,Diesel,105167,112501,374.0,1.121417915743751,6.392523289954847,3.4660280086275126,2,824
Porsche,2016,6,Germany,GTS,Sedan,Petrol,91711,132181,23.0,1.92,,3.28,2,478
AUDI,2023,4,Japan,e-tron,Electric,Electric,45922,77558,52.0,,1.4,0.3,5,657
Mercedes-Benz,2021,11,France,S-Class,Sedan,Diesel,119283,260592,,1.8,1.84,3.5,7,646
AUDI,2023,7,Japan,e-tron,Electric,Diesel,64772,181134,12.0,1.57,0.79,0.36,4,836
BMW,2016,3,China,iX,S U V,Diesel,119817,359732,294.0,1.054461465303874,6.025690182302686,3.303007571508982,1,730
Volkswagen,2016,6,Italy,Arteon,Sedan,Petrol,49784,560275,37.0,1.91,1.29,3.78,9,2486
Tesla,2024,9,USA,Model Y,Electric,Electric,47251,241373,20.0,0.9,2.95,4.42,7,989
BMW,2020,11,France,5 Series,SUV,Electric,48668,126050,292.0,1.716120302751425,1.5829688720853552,3.280087983449566,1,995
Volkswagen,2017,6,Netherlands,Passat,Sedan,Diesel,74295,56390,62.0,2.06,1.88,3.33,2,835
Mercedes-Benz,2016,1,Spain,GLE,SUV,Diesel,92566,347231,10.0,1.83,1.8,3.7,8,589
Toyota,2023,1,China,RAV4,SUV,Petrol,24268,363033,10.0,1.07,6.25,3.3,1,
BMW,2018,11,France,X3,Sedan,Diesel,75644,446875,393.0,1.8736935951795823,1.8636057941597608,3.284067905459872,6,887
Audi,2017,5,Germany,Q8,SUV,Hybrid,99398,132179,46.0,1.97,1.49,3.09,10,
Tesla,2018,5,Italy,Model S,Electric,Electric,99608,111315,12.0,1.9,0.93,3.68,6,1619
Audi,2022,11,UK,Q8,SUV,Diesel,59880,121448,8.0,1.9,1.66,5.03,2,1190
Toyota,2017,12,Germny,C-HR,SUV,Hybrid,68341,329806,75.0,1.83,2.05,2.97,5,2786
Toyota,2022,11,Australia,bZ4X,Electric,Petrol,67698,80282,87.0,1.57,3.49,4.51,1,2458
Mercedes-Benz,2022,9,Mexico,GLS,SUV,Electric,68242,330729,7.0,1.09,1.68,11.09,5,466
Ford,2015,12,France,Ranger,SUV,Petrol,53408,449381,88.0,1.87,1.18,3.72,2,651
Toyota,2017,7,India,bZ4X,Electric,Electric,86313,419221,78.0,1.13,6.99,6.74,10,314
Bmw,2019,6,Brazil,X7,Sedan,Electric,112733,399345,221.0,1.1229865994119133,3.8313735143857097,10.559387104906326,10,861
TOYOTA,2021,11,Germany,C-HR,SUV,Electric,19311,281930,75.0,1.93,1.32,2.74,10,1310
Volkswagen,2017,5,Mexico,Tiguan,SUV,Electric,52806,403828,34.0,1.16,1.56,11.27,6,911
Volkswagen,2017,7,Spain,Touareg,SUV,Electric,49898,599666,45.0,1.77,1.47,3.51,5,1962
Mercedes-Benz,2024,11,Spain,CLA,Sedan,Electric,39696,240786,23.0,1.77,1.16,3.29,10,833
Volkswagen,2017,2,France,Arteon,Sedan,Electric,38148,81896,47.0,1.76,1.49,3.67,1,2529
Audi,2020,9,Netherlands,A6,Sedan,Electric,96911,141784,,2.03,2.28,3.49,10,802
Toyota,2021,2,India,Land Cruiser,SUV,Petrol,41376,341831,29.0,1.06,7.09,6.77,10,
Mercedes-Benz,2019,11,Mexico,EQS,Electric,Diesel,35503,70951,42.0,1.07,1.81,10.89,3,866
Volkswagen,2020,12,France,Golf,Sedan,Petrol,71740,133773,39.0,1.88,1.32,3.44,2,351
Volkswagen,2017,11,France,Touareg,SUV,Petrol,28688,287518,31.0,1.78,1.52,3.24,8,2763
Volkswagen,2015,7,France,Tiguan,SUV,Diesel,72405,560761,,1.83,1.77,3.43,4,2149
Tesla,2023,12,France,Model 3,Electric,Electric,121064,161704,32.0,1.8,2.04,3.75,3,1402
Toyota,2016,5,Italy,RAV4,SUV,Hybrid,47780,511272,88.0,1.95,1.19,3.41,5,588
Tesla,2021,6,Italy,Model S Plaid,Electric,Electric,42754,189580,10.0,1.93,1.48,3.38,9,454
Tesla,2017,12,India,Model S,Electric,Electric,53192,96056,15.0,1.08,6.75,6.47,9,836
Volkswagen,2023,1,China,Taos,SUV,Hybrid,47806,300193,53.0,1.16,5.75,3.6,9,1186
BMW,2017,9,CANADA,X3,Electric,Petrol,100497,147493,298.0,,2.267312219628904,3.853937670220818,7,622
BMW,2023,5,Australia,X1,Electric,Electric,42382,151121,95.0,1.567469109353819,2.514693388654954,4.177456429203161,3,465
BMW,2019,11,France,iX,SUV,Diesel,58464,397236,41.0,1.7818668012630086,1.3742152023486702,3.7903865887758967,8,147
Volkswagen,2024,4,China,Polo,Sedan,Electric,26237,267048,43.0,1.16,5.77,3.58,3,2436
Ford,2016,1,USA,F-150 Lightning,Electric,Petrol,48944,777966,98.0,0.89,2.41,4.73,9,2962
Toyota,2019,8,Japan,RAV4,SUV,Electric,23042,393442,99.0,1.55,1.03,0.3,8,
Bmw,2021,8,UK,3 Series,Sedan,Hybrid,81041,194179,276.0,1.904584296375223,1.311863857916883,5.164394826891657,1,636
BMW,2017,2,France,X1,SUV,Hybrid,52857,239216,213.0,1.7969045970382045,,3.422283261674829,1,523
Tesla,2016,12,Australia,Cybertruck,Electric,Electric,63581,111248,39.0,1.63,3.37,4.43,7,-410
BMW,2016,8,India,i7,SUV,Electric,119518,270326,332.0,1.0390610510005331,6.747231074403177,6.722449940763507,4,847
Audi,2020,1,Spain,e-tron,Electric,Petrol,78939,370465,43.0,1.82,1.76,3.58,5,232
BMW,2022,10,Australia,X1,Sedan,Electric,73220,,187.0,1.6255416106142837,2.616898040708364,4.513899274168085,3,811
Ford,2016,3,Netherlands,Edge,SUV,Hybrid,67011,330049,109.0,2.06,2.03,3.65,2,233
Tesla,2018,9,Spain,Model S Plaid,Electric,,110543,71320,30.0,,0.91,3.5,1,1467
Mercedes-Benz,2016,11,USA,EQS,Electric,Petrol,118804,543603,59.0,0.91,2.69,4.36,7,421
Audi,2022,1,Germany,TT,Sedan,Electric,68240,188180,41.0,1.93,1.35,3.16,8,167
Porsche,2020,5,India,Panamera Sport,Sedan,Petrol,168830,237047,25.0,1.02,7.23,6.77,4,69
Mercedes-Benz,2024,3,Japan,GLC,SUV,Diesel,55157,207966,23.0,1.49,0.97,-0.07,8,169
Toyota,2024,8,Italy,Prius,Hybrid,Petrol,73208,426047,17.0,1.93,1.05,3.75,1,2553
Tesla,2018,5,India,Semi,Electric,Electric,50271,53331,31.0,0.99,7.34,6.26,9,1884
BMW,2024,2,Germany,i4,Electric,Electric,39567,223979,47.0,1.871559653065088,2.121636897710472,2.9755591183039285,9,123
Volkswagen,2015,4,Germany,Passat,Sedan,Petrol,39758,165131,44.0,1.88,1.39,3.18,8,1487
BMW,2022,9,Australia,X5,SUV,Diesel,118087,130691,143.0,1.5793963034148568,3.0538022407123764,4.133314586394814,7,311
Mercedes-Benz,2022,6,India,GLS,SUV,Petrol,77685,225827,7.0,1.02,7.04,6.53,2,433
Audi,2022,5,France,Q7,SUV,Hybrid,87997,82541,,1.71,1.44,3.38,10,608
Ford,2022,11,Australia,F-150,SUV,Electric,37158,652121,11.0,1.64,3.09,4.24,10,3510
Audi,2022,6,China,A3,Sedan,Petrol,80016,143586,39.0,1.04,6.32,3.65,10,1189
Porsche,2017,5,Japan,Cayenne,SUV,Hybrid,196929,142221,16.0,1.42,1.13,-0.17,9,377
Mercedes-Benz,2024,11,USA,S-Class,Sedan,Hybrid,95700,354495,8.0,0.97,2.51,4.59,3,974
Mercedes-Benz,2019,8,Japan,GLC,SUV,Diesel,112072,588582,57.0,1.46,0.81,-0.13,3,378
BMW,2024,4,India,X3,SUV,Hybrid,50386,200953,201.0,1.0991467565462465,7.260990760028093,6.221186812964143,8,815
Porsche,2021,1,France,GTS,Sedan,Electric,188283,144936,6.0,1.79,1.62,3.55,7,314
BMW,2017,12,Brazil,iX,Sedan,Electric,74884,87860,345.0,1.2201033720867307,3.8738900775625154,10.558447861302184,6,836
Ford,2015,1,Netherlands,Ranger,SUV,Electric,54682,346279,13.0,2.02,2.37,3.67,5,2509
Ford,2015,3,Brazil,Bronco,SUV,Hybrid,78960,403019,38.0,1.14,3.21,10.49,7,2553
Tesla,2015,5,China,Model Y LR,Electric,Electric,75317,161403,21.0,1.17,5.62,3.23,3,361
BMW,2019,8,Japan,7 Series,SUV,Electric,74255,156471,150.0,1.4019541694838369,1.402464970544104,0.1357892100921484,9,552
Volkswagen,2020,11,UK,Taos,Suv,Electric,22673,246142,8.0,1.86,1.95,4.79,8,935
BMW,2019,3,Canada,7 Series,Electric,,77832,247780,132.0,1.2346588640141691,2.3959742060936984,3.945371766648562,8,658
Audi,2022,2,UK,A3,Sedan,Petrol,51270,410754,33.0,1.93,1.81,4.85,7,546
Toyota,2023,5,China,Prius,Hybrid,Electric,30486,354188,52.0,1.14,6.04,3.22,9,1502
Mercedes-Benz,2024,11,Brazil,E-Class,Sedan,Petrol,89631,422503,64.0,1.23,3.67,10.37,4,136
Mercedes-Benz,2021,1,China,EQS,Electric,Hybrid,78440,383085,6.0,1.18,5.53,3.45,3,371
BMW,2017,6,India,iX,SUV,Hybrid,70932,286042,58.0,1.008718368852899,7.202484083987109,6.415694690731853,9,502
Volkswagen,2022,4,Spain,Arteon,Sedan,Electric,73371,495056,54.0,1.74,0.87,3.72,1,2783
Volkswagen,2022,11,Germany,Passat,Sedan,Hybrid,76636,256014,67.0,1.99,1.42,3.23,5,1173
Audi,2019,7,Australia,Q7,SUV,Petrol,92529,217778,39.0,1.69,3.07,4.41,5,348
Audi,2019,1,Germany,e-tron,Electric,Diesel,40241,402368,23.0,1.83,2.13,3.21,6,811
Volkswagen,2024,5,Mexico,Golf,Sedan,,28071,181058,33.0,1.14,1.87,10.8,4,
Porsche,2019,4,USA,Panamera Sport,Sedan,Hybrid,114495,356851,26.0,0.89,2.64,4.32,3,455
Mercedes-Benz,2015,4,Australia,EQE,Electric,Diesel,45819,263249,45.0,1.54,3.03,4.3,8,1021
Toyota,2018,8,Japan,Supra,Sedaan,Petrol,71771,312099,70.0,1.48,1.14,-0.03,3,1494
Ford,2020,1,Canada,Ranger,SUV,Hybrid,26938,196657,54.0,1.25,1.84,3.93,1,2494
Audi,2018,5,Germany,RS6,Sedan,Diesel,62786,140457,17.0,1.92,1.74,2.86,2,1055
Porsche,2017,12,USA,Macan,SUV,Electric,150535,383906,6.0,0.99,2.58,4.47,4,211
BMW,2018,8,Australia,i4,Sedan,Electric,82291,447798,234.0,1.531198904067241,3.0986584841970366,4.043611184265462,7,
Porsche,2022,2,UK,Cayenne Coupe,SUV,Petrol,192351,319374,6.0,1.95,1.76,5.24,2,198
Toyota,2015,1,Mexico,Yaris,Sedan,Hybrid,42309,324340,55.0,1.17,1.89,10.9,2,2285
Porsche,2015,2,Canada,911,Sedan,Electric,188241,392191,27.0,1.26,2.57,4.12,5,499
BMW,2015,11,Brazil,5 Series,Sedan,Hybrid,67919,435546,190.0,1.1323342872473925,3.977307907991504,10.654386124280665,1,600
BMW,2022,5,Australlia,5 Series,SUV,Hybrid,39897,143448,264.0,1.608158750997109,3.358177053157164,4.441438108316993,7,631
Audi,2018,10,Canada,A6,Sedan,Hybrid,76376,64996,12.0,1.23,2.42,4.05,10,776
Ford,2019,7,Netherlands,F-150 Lightning,Electric,Hybrid,74586,602958,32.0,1.93,2.47,3.64,10,1565
Tesla,2023,11,UK,Model X,Electric,Electric,65085,184564,38.0,1.76,1.23,4.88,5,2386
Volkswagen,2018,11,Spain,ID.4,Electric,Petrol,34301,321944,14.0,,1.3,3.47,2,989
BMW,2018,10,China,iX,Electric,Hybrid,50240,80270,239.0,1.0630813791496023,6.455334686503928,3.672142031753177,5,703
Volkswagen,2020,9,Mexico,Polo,Sedan,Hybrid,22761,300574,50.0,1.01,1.96,11.22,7,1616
Ford,2024,9,Australia,F-150 Lightning,Electric,Petrol,53211,501557,50.0,1.54,2.73,4.23,6,868
Volkswagen,2018,6,,ID.3,Electric,Petrol,24856,551934,17.0,0.9,2.86,4.48,7,1467
Audi,2015,4,China,Q7,SUV,Hybrid,44909,532025,55.0,1.16,6.14,3.52,5,415
Ford,2021,7,Australia,F-150 Lightning,Electric,Petrol,63717,543290,28.0,1.66,3.43,4.51,3,138
Audi,2023,2,France,A4,Sedan,Petrol,109838,57119,51.0,1.78,2.05,3.37,9,96
Mercedes-Benz,2019,11,China,EQE,Electric,Petrol,89820,376854,31.0,1.11,5.76,3.47,3,-443
Ford,2017,3,China,Escape,SUV,Hybrid,22780,579506,59.0,1.12,6.48,3.67,10,773
BMW,2018,11,Japan,3 Series,SUV,Hybrid,79116,181827,221.0,1.4644158331166357,1.0772841631046226,-0.1879572813333641,10,781
BMW,2020,4,Germany,X1,SUV,Electric,81040,208998,155.0,1.891247301791108,1.4144876380659053,2.930303329826988,4,707
Tesla,2021,2,UK,Model Y LR,Electric,Electric,60888,72557,22.0,1.9,1.07,5.06,7,missing
Toyota,2017,4,Brasil,RAV4,SUV,Hybrid,32415,74339,49.0,1.14,3.59,10.56,7,2429
Ford,2022,11,USA,Explorer,SUV,Electric,unknown,99609,67.0,0.87,2.06,4.22,6,2143
Mercedes-Benz,2020,7,Spain,C-Class,Sedan,Electric,112600,129092,64.0,1.7,1.52,3.74,10,350
Ford,2023,7,Mexico,Mustang,Sedan,Hybrid,67595,792153,74.0,1.01,2.38,10.86,4,734
Tesla,2022,12,India,Model Y LR,Electric,Electric,77523,257882,21.0,1.0,6.95,6.45,4,799
Porsche,2021,6,Mexico,718,Sedan,Electric,97523,359053,6.0,1.18,1.66,10.77,7,
Mercedes-Benz,2021,10,Netherlands,GLS,SUV,Diesel,78669,167422,41.0,,2.01,3.53,7,97
B M W,2015,5,Brazil,X7,SUV,Petrol,112463,239167,234.0,1.115546927392997,3.353352228026053,10.550193667110523,1,507
Tesla,2021,9,India,Cybertruck,Electric,Electric,73946,143859,11.0,1.04,6.56,6.57,10,707
Toyota,2024,2,Italy,bZ4X,Electric,Hybrid,86106,374933,93.0,1.88,1.22,3.49,4,1043
Volkswagen,2019,6,Canada,Touareg,SUV,Petrol,65415,596249,36.0,1.26,2.27,4.16,2,383
Ford,2021,2,Mexico,Ranger,SUV,Petrol,60413,375864,14.0,1.08,2.46,10.95,10,2741
Tesla,2024,12,USA,Model S,Electric,Electric,97845,275715,7.0,0.98,2.16,4.5,10,1027
Mercedes-Benz,2024,12,Spain,GLE,SUV,Electric,48657,260877,55.0,1.79,1.18,3.55,3,1079
BMW,2021,7,Germany,7 Series,Sedan,Diesel,93861,262803,197.0,1.8009264046009206,1.6351972416459009,3.1817120691588068,6,615
Toyota,2019,1,India,C-HR,SUV,Petrol,70758,122547,34.0,1.09,6.88,6.66,4,702
Toyota,2015,12,Canada,RAV4,SUV,Petrol,19818,259572,33.0,1.38,2.11,4.07,8,191
Ford,2018,10,Australia,Ranger,SUV,Electric,59180,"$244,120",108.0,1.66,2.97,4.3,2,642
Tesla,2015,12,India,Model S,,,69164,285866,27.0,1.09,6.75,6.21,2,48
BMW,2024,6,India,7 Series,Electric,Petrol,116720,409014,384.0,0.970501945598136,7.1326218931339485,6.75921686330601,2,868
BMW,2020,8,Japan,iX,SUV,Hybrid,58474,,61.0,1.4430403744034477,0.837109705728999,0.121186078871555,2,245
Ford,2023,2,Mexico,F-150,SUV,Electric,62333,375683,32.0,1.01,1.78,10.96,7,2519
FORD,2016,7,,F-150 Lightning,Electric,Electric,75875,694862,20.0,1.07,6.83,6.51,9,2331
BMW,2024,8,Canada,X3,SUV,Electric,80875,322502,,1.3006272517160176,2.074612614626472,4.075515949428542,2,857
Porsche,2022,1,Spain,Macan,SUV,Electric,125874,95407,10.0,1.85,1.29,3.74,4,67
Ford,2019,7,India,Escape,SUV,Hybrid,74675,247887,91.0,1.05,6.72,6.77,7,2443
Porsche,2020,8,UK,Macan,SUV,,153670,286639,9.0,1.86,1.99,5.02,9,
Ford,2017,8,Germany,F-150 Lightning,Electric,Hybrid,88237,,59.0,1.92,1.52,3.2,4,
Ford,2017,1,France,Edge,SUV,Hybrid,91580,293494,,1.73,1.49,3.31,10,725
Ford,2020,5,Canada,Escape,SUV,Hybrid,43018,240023,90.0,1.37,2.31,4.21,9,1146
BMW,2018,12,UK,i7,Electric,Petrol,60363,171648,144.0,1.9061051030487723,1.353421379302718,4.84212233538469,6,561
Mercedes-Benz,2021,4,India,GLC,SUV,Petrol,86785,157090,,0.96,,6.69,8,1259
Mercedes-Benz,2024,3,USA,CLA,Sedaan,Diesel,126290,284524,41.0,1.02,2.95,4.35,1,928
Tesla,2016,10,Spain,Model 3,Electric,Electric,83091,252973,13.0,1.84,1.13,3.21,5,960
Toyota,2015,2,Australia,C-HR,SUV,Hybrid,28174,243924,13.0,1.55,2.56,4.09,4,962
Audi,2023,7,Japan,TT,Sedan,Diesel,74125,224359,34.0,1.51,1.21,0.02,3,81
Porsche,2022,5,Australia,911,Sedan,Hybrid,92856,86426,20.0,1.62,3.49,4.47,8,80
Audi,2017,5,Japan,A4,Sedan,Petrol,41159,173546,15.0,1.51,1.01,-0.12,2,1184
Porshe,2019,3,India,Macan EV,Electric,Hybrid,101314,389111,15.0,1.0,6.56,6.4,6,54
Audi,2024,5,India,Q8,SUV,Diesel,86137,305986,12.0,0.98,6.64,6.63,5,407
BMW,2021,2,France,i7,SUV,Diesel,35731,324270,115.0,1.746389419223195,1.707094036088781,3.528018447628442,10,524
Volkswagen,2017,10,Netherlands,ID.4,Electric,Hybrid,55075,89809,21.0,,2.59,3.68,10,2671
Ford,2020,7,Germany,F-150 Lightning,Electric,Petrol,59048,112895,118.0,1.99,1.46,2.95,1,
Audi,2017,12,Italy,Q3,SUV,Diesel,67118,502140,30.0,1.86,0.99,3.64,3,696
Toyota,2019,10,Brazil,Prius,Hybrid,Hybrid,19757,127287,22.0,1.23,3.12,10.75,8,119
Toyota,2015,1,France,Corolla,Sedan,Petrol,78757,647654,53.0,1.76,1.1,3.35,1,1937
Tesla,2016,8,Netherlands,Model X Plaid,Electric,Electric,110816,233566,18.0,1.98,1.99,3.26,4,1830
BMW,2019,4,France,7 Series,SUV,Petrol,91597,462375,174.0,1.896997931228175,1.3387962113815393,3.470743606508593,9,769
Porsche,2015,12,USA,Taycan,Electric,Petrol,151166,84442,19.0,1.06,2.16,4.46,9,328
BMW,2020,8,India,7 Series,Sedan,Petrol,61870,64799,158.0,0.9872271795506696,6.704680109057284,6.55467818195511,8,740
Toyota,2023,9,Japan,Land Cruiser,SUV,Hybrid,72351,405893,94.0,1.59,1.7,0.2,10,2931
Ford,2016,6,Canada,F-150,SUV,Hybrid,74153,580439,56.0,1.36,1.7,3.75,6,3865
PORSCHE,2015,5,India,718,Sedan,Electric,177319,355750,9.0,1.13,6.73,6.57,3,332
Porsche,2021,11,Canada,Panamera Sport,Sedan,Petrol,112746,188971,6.0,1.33,,3.96,2,170
Toyota,2018,9,India,Supra,Sedan,Petrol,81364,359011,42.0,,,6.53,3,1010
Porsche,2023,4,France,GTS,Sedan,Electric,103660,363870,13.0,1.9,1.88,3.69,1,428
Mercedes-Benz,2024,2,Mexico,S-Class,Sedan,Petrol,53846,289419,59.0,1.14,1.69,10.75,4,669
Bmw,2019,47,China,i4,SUV,Diesal,105714,172026,300.0,1.178416937788047,5.959446768405987,3.671009926302234,7,609
BMW,2023,8,Germany,X7,SUV,Hybrid,42601,481739,288.0,1.980004624679602,1.7110284698067049,3.203916781720032,1,711
Audi,2020,8,Brazil,Q8,SUV,Petrol,112752,92414,4.0,1.2,3.6,10.58,10,467
Toyota,2020,3,China,Prius,Hybrid,Petrol,52018,679929,59.0,1.05,5.83,3.59,4,1405
Tesla,2021,12,Mexico,Model S,Electric,Electric,76735,263576,22.0,1.04,,10.72,8,1881
Ford,2024,2,Japan,Edge,SUV,Hybrd,24738,529385,54.0,1.49,1.31,0.3,3,866
Porsche,2015,10,Brazil,911,Sedan,Petrol,176633,185147,10.0,1.2,,10.53,5,460
Tesla,2020,3,Brazil,Model 3,Electric,ELECTRIC,105020,13188,32.0,1.23,3.14,10.41,9,1854
Mercedes-Benz,2021,9,China,GLC,SUV,Hybrid,111804,520833,59.0,1.11,6.4,3.39,1,359
Toyota,2021,1,Brazil,C-HR,SUV,Electric,53891,163630,67.0,1.21,3.65,10.22,10,1791
Frod,2018,10,Australia,Bronco,SUV,Hybrid,86553,298017,83.0,1.59,3.44,4.05,1,1911
Porsche,2021,11,USA,Cayenne Coupe,SUV,Petrol,189644,107694,19.0,1.06,2.83,4.24,7,127
Ford,2022,11,Germany,Explorer,SUV,Electric,29236,636704,56.0,1.84,1.95,3.03,3,2616
Mercedes-Benz,2017,9,Australia,C-Class,,Electric,81303,359251,38.0,1.66,2.68,4.1,4,924
Volkswagen,2015,1,Germany,ID.3,Electric,Electric,65865,114694,42.0,1.84,1.99,3.14,9,1773
BMW,2020,10,India,X1,Electric,Diesel,53300,277467,298.0,1.0050762348510838,6.929931077390148,6.60377997343666,7,782
BMW,2017,11,India,X3,Electric,Electric,99384,196025,162.0,1.0392839032803165,6.806313498778213,6.673391095952476,10,515
Mercedes-Benz,2024,9,China,EQE,Electric,Diesel,100561,263062,61.0,1.04,6.09,3.35,1,1067
Ford,2015,3,Italy,F-150,SUV,Electric,71537,397580,82.0,1.77,1.28,3.38,7,2800
Mercedes-Benz,2016,11,France,A-Class,Sedan,,115356,341663,60.0,1.79,1.79,3.2,10,
AUDI,2021,5,Canada,Q8,SUV,Electric,,422224,42.0,1.3,2.25,4.08,8,366
Toyota,2024,8,France,Corolla,Sedan,Electric,54589,47723,37.0,1.79,1.41,3.42,4,TBD
BMW,2015,6,China,X1,Sedan,Petrol,113518,206164,373.0,1.181579758755924,5.690107649783728,3.67555706977303,10,1156
Toyota,2022,9,Italy,Land Cruiser,SUV,Electric,37995,239925,30.0,1.93,0.68,3.24,6,477
Volkswagen,2021,7,Italy,Taos,SUV,Electric,61421,406572,53.0,1.8,0.63,3.71,4,
Volkswagen,2024,10,UK,Arteon,Sedan,Hybrd,20085,85463,37.0,1.94,1.27,5.12,1,559
Tesla,2022,7,Japan,Cybertruck,Electric,Electric,60172,37503,39.0,1.52,0.7,0.1,3,1081
Tesla,2015,12,USA,Model X,Electric,Electric,128532,29206,23.0,0.88,2.69,4.64,2,2474
Mercedes-Benz,2017,9,China,GLE,SUV,Electric,65418,73900,25.0,1.09,6.4,3.51,10,1048
Toyota,2022,9,,C-HR,suv,Petrol,67535,210333,93.0,,1.6,3.23,1,2035
Toyota,2017,7,UK,Highlander,SUV,Hybrid,50103,93750,44.0,1.92,1.05,5.12,1,2982
Ford,2018,9,USA,Escape,SUV,Petrol,76637,318435,54.0,0.87,2.27,4.43,9,3241
Porsche,2017,3,Brazil,911,Sedan,Hybrid,142904,119414,6.0,1.12,3.27,10.61,2,396
Toyota,2016,2,Italy,Camry,Sedan,Electric,44818,295217,89.0,1.85,1.1,3.36,3,2568
BMW,2018,6,Australia,3 Series,SUV,Hybrid,74779,321733,347.0,1.645411352323078,3.3565372237479267,4.370701916954156,6,726
Volkswagen,2016,4,USA,Passat,Sedan,Petrol,34931,325577,27.0,1.01,2.64,4.44,10,2037
Ford,2017,1,China,Expedition,SUV,Petrol,78864,422550,111.0,1.1,6.19,3.29,7,3432
Ford,2015,10,Brazil,F-150 Lightning,Electric,Hybrid,88858,58852,74.0,1.18,3.73,10.59,7,3100
Toyota,2024,2,China,RAV4,SUV,Hybrid,23185,69970,23.0,1.0,5.63,3.72,3,1183
Audi,2023,12,USA,A3,Sedan,Petrol,109005,366349,46.0,0.91,2.21,4.52,6,220
Toyota,2018,4,USA,bZ4X,Electric,Electric,30628,499506,97.0,0.95,2.28,4.45,1,2262
Teslla,2020,6,France,Model 3 LR,Electric,Electric,54687,86933,20.0,,1.38,3.29,9,2099
Ford,2021,5,Spain,Ranger,SUV,Hybrid,70837,476160,22.0,1.75,1.25,3.67,9,2148
Audi,2015,10,Japan,Q5,SUV,Diesel,51815,336105,49.0,1.58,1.41,-0.16,9,245
Audi,2015,4,India,A3,Sedan,Hybrid,69399,246952,16.0,1.06,6.61,6.78,5,458
Tesla,2018,4,Germany,Model S Plaid,Electric,Electric,104944,181638,6.0,1.85,,3.3,3,1313
Porsche,2016,4,Brazil,Taycan,Electric,Electric,164826,90893,7.0,1.2,3.19,10.24,5,22
Audi,2016,8,China,Q5,SUV,Hybrid,101820,226215,37.0,,6.47,3.77,3,596
Ford,2024,6,Netherlands,Ranger,S U V,Hybrid,80792,313104,34.0,1.97,1.79,3.28,4,1386
Mercedes-Benz,2020,9,India,  GLE  ,SUV,Hybrid,123127,269154,8.0,1.11,7.33,6.51,2,44
Ford,2016,7,Canada,F-150,S U V,Petrol,28908,780320,24.0,1.37,2.51,3.85,8,2143
Audi,2015,3,Germany,A4,Sedan,Petrol,48965,176901,54.0,1.97,2.09,2.76,3,911
BMW,2021,6,France,5 Series,SUV,Hybrid,96247,292330,46.0,1.7944563608325963,1.3119940546986582,3.594412089302077,8,136
Audi,2018,9,Australia,A3,Sedan,Petrol,114660,349797,,1.64,2.85,4.17,3,927
Bmw,2016,9,Japan,7 Series,Sedan,Hybrid,116418,355063,358.0,1.5607344153798228,1.3334037565104233,0.3228763541126306,10,743
Volkswagen,2023,7,Germany,Passat,Sedan,Petrol,76842,509029,33.0,1.95,1.6,2.97,1,2686
Porsche,2017,6,Mexico,Panamera Sport,Sedan,Electric,71238,385866,15.0,1.09,2.07,10.86,8,
Porsche,2020,6,China,718,Sedan,Electric,139539,244493,,1.16,6.27,3.21,8,121
BMW,2024,5,Japan,iX,Electric,Diesel,35178,196800,238.0,1.5100453084312524,1.1835456467199248,0.2835955298650948,10,805
Audi,2017,9,USA,TT,Sedan,Electric,99619,210817,25.0,0.95,2.89,4.75,10,304
Tesla,2024,2,Australia,Model S,Electric,Electric,124454,86212,16.0,1.56,2.74,4.08,4,974
Mercedes-Benz,2023,1,Canada,S-Class,Sedan,Petrol,93706,89435,55.0,1.23,2.23,4.04,2,675
Toyota,2017,6,Germany,C-HR,,Petrol,58562,85835,63.0,1.86,1.62,3.26,2,90
Toyota,2024,10,China,Supra,Sedan,Electric,81134,300218,72.0,1.11,6.21,3.78,7,309
Ford,2017,7,India,Edge,SUV,Electric,41175,458676,73.0,0.95,7.3,6.62,1,3051
Tesla,2015,1,Mexico,Model X,Electric,Electric,110497,73695,33.0,1.02,2.12,11.23,2,331
Audi,2016,8,UK,A4,Sedan,Petrol,36371,495126,15.0,1.92,1.58,5.03,5,820
Audi,2021,11,Netherlands,Q5,SUV,Hybrid,105836,506283,36.0,2.07,2.34,3.6,4,923
Toyota,2017,2,Spain,Highlander,SUV,Petrol,87305,141971,92.0,1.78,1.18,3.34,10,1313
Volkswagen,2021,7,Japan,Polo,Sedan,Hybrid,21662,258434,80.0,1.51,1.23,0.21,1,1433
Ford,2023,1,Australia,Mustang Mach-E,Electric,Electric,87918,294765,28.0,1.68,3.46,4.4,4,1317
BMW,2023,10,Germany,i4,Electric,Petrol,54572,494854,38.0,1.979712120934968,2.1470608269839,2.714156978787317,5,253
BMW,2021,60,India,X7,Sedan,Electric,119719,157051,,1.095921235667613,6.810982321715662,6.395109993216048,5,782
Ford,2024,2,USA,Bronco,SUV,Petrol,63280,206287,30.0,0.96,2.01,4.29,8,2884
Audi,2020,4,Brazil,A3,Sedan,Electric,40430,226778,33.0,1.18,3.22,10.68,10,976
Audi,2024,1,Mexico,Q5,SUV,Diesel,89511,484471,23.0,1.19,2.47,10.71,9,69
Tesla,2017,2,Germany,Model S,Electric,Electric,119283,188473,32.0,1.89,1.71,2.89,6,947
Tesla,2015,2,China,Model S,Electric,Electric,123887,163420,11.0,1.12,6.13,3.49,7,2339
BMW,2024,8,Australia,3 Series,SUV,Diesel,57813,85362,181.0,1.5964082116224163,3.471532690901051,4.14880820426183,1,514
Toyota,2020,12,Netherlands,Supra,Sedan,Hybrid,26453,315158,42.0,2.03,2.49,3.29,3,590
Tesla,2020,4,France,Model 3,Electric,Electric,85144,254560,21.0,1.82,1.35,3.54,8,334
BMW,2020,1,France,X5,Sedan,Diesel,94213,249488,74.0,1.7410279280964014,1.309905593095586,3.738832573664428,10,197
BMW,2020,12,USA,3 Series,SUV,Diesel,114335,219957,108.0,0.8824546211763771,2.650973467150954,4.527259121644144,2,461
Tesla,2021,11,US,Model X,Electric,Electric,116301,297609,14.0,0.9,2.14,4.66,3,349
Volkswagen,2018,2,Japan,ID.3,Electric,Diesel,30196,538612,21.0,1.47,1.13,0.09,10,989
Audi,2021,10,Brazil,A3,Sedan,Hybrid,88457,199704,21.0,1.17,3.35,10.33,7,823
Porsche,2016,3,Canada,Taycan,Electric,Hybrid,190335,339427,6.0,1.38,2.51,4.23,2,375
Audi,2023,7,Spain,A3,Sedan,Petrol,49271,245173,33.0,1.8,1.27,3.69,5,742
Toyota,2023,10,Brazil,C-HR,SUV,Electric,39922,156429,58.0,1.26,3.83,10.47,8,1720
BMW,2015,6,UK,X1,SUV,petrol,87975,160489,356.0,1.85853921663165,1.3567533266935894,4.8685607058124285,1,751
Audi,2019,4,Germany,Q7,SUV,Electric,84841,202488,13.0,1.8,1.53,2.75,5,746
BMW,2019,7,China,iX,Sedan,,106376,149468,375.0,1.1700696002239792,5.916504431903879,3.693307932089854,10,749
Ford,2016,8,China,Explorer,SUV,Electric,27076,419551,72.0,1.03,5.62,3.59,8,2774
BMW,2019,9,USA,5 Series,SUV,Diesel,61619,322168,175.0,0.939038441698842,2.674130295536063,4.3559429875457,4,606
Ford,2017,10,Mexico,Escape,SUV,Petrol,,251849,40.0,1.2,2.38,11.07,8,2586
Mercedes-Benz,2016,1,Australia,EQE,Electric,Petrol,76775,159058,56.0,1.58,2.97,4.0,7,1149
Porsche,2016,7,India,Panamera Sport,Sedan,Petrol,91087,398616,23.0,1.01,6.57,6.62,3,128
Tesla,2015,6,Australia,Model X,Electric,Electric,50312,157111,3.0,1.65,3.12,4.45,10,823
Volkswagen,2018,9,Germany,Arteon,Sedan,Diesel,69700,474260,79.0,1.94,1.67,3.28,7,2457
Mercedes-Benz,2022,8,Spain,E-Class,Sedan,Diesel,51625,138851,61.0,1.81,1.69,3.58,10,1194
Toyota,2023,8,China,Corolla,Sedan,Petrol,59776,515578,39.0,1.14,6.32,3.26,10,1828
Ford,2024,8,Spain,Mustang,Sedaan,Electric,84744,701248,113.0,1.68,1.7,3.52,8,795
Volkswagen,2021,1,USA,T-Roc,SUV,Hybrid,69048,510024,31.0,0.97,2.56,4.45,10,788
Ford,2017,2,Brazil,Edge,SUV,Hybrid,26611,180552,33.0,1.18,3.82,10.41,4,1886
BMW,2017,2,France,5 Series,Electric,Diesel,49506,71341,295.0,1.7352773973012448,1.5524395161326936,3.28451421222788,5,674
Tesla,2015,12,UK,Model S Plaid,Electric,Electric,98433,,35.0,,1.72,5.28,3,1884
Mercedes-Benz,2023,5,Spain,EQS,Electric,Petrol,110859,135344,51.0,1.82,1.21,3.35,10,821
Mercedes-Benz,2024,10,UK,GLE,SUV,Hybrid,64122,381867,64.0,1.76,1.92,4.91,2,577
Audi,2022,9,Mexico,TT,Sedan,Petrol,59964,427833,19.0,1.15,2.25,10.85,6,920
BMW,2024,5,France,X1,Electric,Diesel,90192,260047,287.0,,1.5598004237693202,3.234898277303285,9,784
Mercedes-Benz,2021,3,Australia,S-Class,Sedan,Hybrid,106610,117130,35.0,1.69,3.44,4.26,9,1062
Tesla,2015,8,Brazil,Cybertruck,Electric,Electric,97867,,15.0,1.23,3.28,10.44,5,441
Volkswagen,2019,7,Australia,Taos,SUV,Electric,50005,256046,64.0,1.5,3.12,4.41,1,152
Tesla,2017,9,Netherlands,Semi,Electric,Electric,69269,171510,2.0,1.92,1.7,3.37,9,2288
Porsche,2022,11,India,Panamera,Sedan,Hybrid,117981,348144,10.0,1.13,6.99,6.57,7,243
Audi,2024,8,Spain,Q8,SUV,Hybrid,36331,519915,14.0,1.65,1.27,3.49,7,252
Tesla,2022,7,Germany,Model Y LR,Electric,Electric,82966,284374,12.0,1.94,2.2,2.79,6,538
Mercedes-Benz,2023,2,,C-Class,Sedan,Electric,58634,170879,33.0,1.59,,0.19,7,363
Porsche,2021,4,France,Panamera,Sedan,Hybrid,147525,355271,15.0,1.77,1.15,3.74,4,324
Porsche,2017,12,USA,911,Sedan,Hybrid,77795,370793,7.0,1.04,2.35,4.37,8,163
Toyota,2021,7,Netherlands,Land Cruiser,SUV,Hybrid,72867,158377,31.0,1.93,1.91,3.39,3,1214
Volkswagen,2018,5,China,Tiguan,SUV,Hybrid,70264,420689,88.0,1.02,5.7,3.47,6,2316
Ford,2019,9,India,Bronco,SUV,Petrol,38271,669409,111.0,1.14,7.46,6.32,6,1742
Ford,2022,1,Brazil,Explorer,SUV,Petrol,91812,565854,100.0,1.25,3.78,10.58,7,2900
Toyota,2032,1,Italy,C-HR,S U V,Hybrid,,223171,92.0,1.83,,3.38,9,1381
Mercedes-Benz,2017,1,USA,GLS,SUV,Petrol,79170,596637,48.0,1.03,2.83,4.74,10,1239
Tesla,2016,10,India,Model Y,Electric,Electric,88712,58281,11.0,1.01,6.91,6.55,8,360
Mercedes-Benz,2019,1,India,GLS,SUV,Diesel,127544,133148,18.0,0.96,7.43,6.45,9,1131
Audi,2020,1,China,Q5,SUV,Electric,51079,,16.0,1.14,5.93,3.27,2,817
Ford,2016,1,Canada,Edge,SUV,Petrol,50745,555540,63.0,1.31,2.65,3.84,10,681
Tesla,2019,1,USA,Model Y LR,Electric,Electric,68981,110629,17.0,1.06,2.57,4.25,6,964
Mercedes-Benz,2023,12,Frnce,GLC,SUV,Electric,42723,447590,45.0,1.77,1.14,3.21,5,1083
BMW,2015,11,UK,3 Series,Sedan,Diesel,115863,99156,190.0,1.909983217074638,1.019710537754364,4.762465149190744,6,473
Mercedes-Benz,2018,9,UK,GLC,SUV,Diesel,36110,390648,47.0,1.79,1.76,4.84,9,553
BMW,2020,6,Canada,X7,Electric,Electric,87335,200823,195.0,1.34747141547756,1.8500486646939844,3.894805556134036,5,451
Volkswagen,2018,11,Australia,Polo,Sedan,Diesel,48250,124119,30.0,1.55,2.94,4.34,10,225
Audi,2020,12,Mexico,Q7,SUV,Electric,53528,419051,33.0,1.12,,11.24,7,387
Audi,2016,6,Brazil,Q5,SUV,Diesel,77735,126604,,1.1,3.2,10.66,3,1121
Mercedes-Benz,2015,6,Mexico,S-Class,Sedan,Hybrid,96655,388729,29.0,1.05,1.91,11.21,9,626
Toyota,2021,6,Spain,Highlander,SUV,Petrol,36967,444824,41.0,1.69,1.01,3.45,1,961
Mercedes-Benz,2019,12,Australia,CLA,Sedan,Petrol,67571,463731,38.0,1.62,3.46,4.43,7,1065
Toyota,2022,4,Germany,bZ4X,Electric,Hybrid,49187,648733,72.0,1.85,1.48,2.84,3,780
Toyota,2021,12,Canada,Camry,Sedan,Electric,47079,491163,19.0,1.31,1.84,3.73,8,442
Ford,2021,4,UK,Explorer,SUV,Petrol,83138,411467,52.0,1.83,1.01,5.08,4,2755
Audi,2017,5,Netherlands,Q7,SUV,Petrol,108264,356495,47.0,,2.07,3.72,10,471
Ford,2015,9,UK,Expedition,SUV,Hybrid,,773007,70.0,1.81,1.83,5.2,6,1851
Toyota,2018,1,India,Land Cruiser,SUV,Petrol,21758,355928,76.0,1.09,6.57,6.46,2,1565
Porsche,2023,4,Netherlands,911,Sedan,petrol,70984,241891,17.0,2.08,2.58,3.53,3,171
Tesla,2022,12,UK,Model S,Electric,Electric,100937,129963,26.0,1.76,1.43,4.83,5,666
Audi,2023,12,Spain,  A4  ,Sedan,Diesel,64809,541665,17.0,1.75,1.1,3.27,5,462
Ford,2023,11,Germany,  F-150 Lightning  ,Electric,Petrol,38134,504964,101.0,1.91,1.88,2.79,9,730
BMW,2015,10,USA,7 Series,Sedan,Diesel,71561,253179,115.0,0.946124658695316,2.116366397885476,4.6904698250947146,6,284
Volkswagen,2023,12,France,Touareg,SUV,Hybrid,66322,566320,52.0,1.75,1.37,3.78,2,1910
Porsche,2022,4,USA,GTS,Sedan,Hybrid,190678,107074,25.0,0.9,2.77,4.29,10,246
Ford,2021,10,UK,Mustang Mach-E,Electric,Hybrd,47443,401688,58.0,1.86,1.77,5.21,7,175
Tesla,2024,1,Canada,Model X,Electric,Electric,49460,117170,15.0,1.4,1.8,3.93,5,332
Audi,2018,12,Canada,RS6,Sedan,Electric,51532,330971,55.0,1.25,2.1,3.87,1,1057
Toyota,2017,8,Netherlands,C-HR,SUV,Hybrid,34378,310090,23.0,1.94,1.91,3.49,1,1630
Toyota,2017,12,Germany,bZ4X,Electric,Petrol,53370,282979,46.0,,1.31,3.1,3,2355
Ford,2024,6,Spain,Escape,SUV,Electric,54354,347768,94.0,1.77,1.23,3.62,2,811
Tesla,2022,5,Mexico,Model X Plaid,Electric,Electric,58419,83245,,1.18,1.96,10.9,7,1912
Mercedes-Benz,2015,6,France,GLC,SUV,Hybrid,94759,179468,45.0,1.79,1.57,3.57,9,1008
Audi,2015,2,Mexico,A3,Sedan,Hybrid,32143,103344,9.0,1.19,1.7,11.24,6,851
Bmw,2020,9,Germany,i4,Electric,Petrol,98723,485686,38.0,1.9982337252273952,1.913411389210708,2.8002203676552453,4,206
Porshe,2022,3,Netherlands,Macan EV,Electric,Electric,116132,198509,22.0,2.02,2.2,3.27,10,306
Mercedes-Benz,2019,2,Mexico,S-Class,Sedan,Diesel,107934,151170,54.0,1.05,2.1,10.9,8,1004
Porsche,2020,3,Italy,GTS,Sedan,Petrol,72687,269639,26.0,1.82,1.13,3.69,9,227
Volkswagen,2018,2,Mexico,Golf,Sedan,Diesel,59359,437497,42.0,1.02,1.92,10.84,3,2695
Porsche,2015,3,Spain,Panamera Sport,Sedan,Hybrid,104096,104845,3.0,1.77,1.05,3.73,2,91
Porsche,2017,5,USA,718,Sedan,hybrid,137908,237670,25.0,1.01,2.88,4.44,6,159
Mercedes-Benz,2024,8,Germany,EQS,Electric,Petrol,97830,459680,31.0,1.91,2.04,2.97,4,1220
Audi,2015,12,UK,A6,Sedan,Diesel,#N/A,162078,31.0,,1.95,5.11,4,1159
Audi,2023,7,Italy,A4,Sedan,Hybrid,94065,251739,15.0,1.78,1.42,3.58,8,
Volkswagen,2021,9,ITALY,Taos,SUV,Electric,38789,328405,23.0,1.76,0.51,3.75,2,468
Toyota,2024,10,Mexico,C-HR,SUV,Electric,31827,411525,76.0,1.01,2.1,11.14,8,1917
Mercedes-Benz,2023,9,China,GLE,SUV,Petrole,120047,124465,24.0,1.09,6.1,3.44,9,1064
Porsche,2015,11,UK,718,Sedan,Electric,75549,328498,23.0,1.91,1.33,4.83,6,157
Mercedes-Benz,2024,1,Australia,E-Class,Sedan,Diesal,125828,92635,31.0,1.69,2.99,4.45,7,258
Toyota,2018,8,BRAZIL,RAV4,SUV,Electric,21196,283629,54.0,1.22,3.17,10.51,9,673
PORSCHE,2017,1,Netherlands,Cayenne Coupe,SUV,Electric,63835,392466,28.0,1.96,1.65,3.57,9,214
Porsche,2023,2,UK,Panamera,Sedan,Electric,68714,275879,17.0,1.86,1.22,5.26,2,38
Volkswagen,2020,3,France,Tiguan,SUV,,31071,274562,23.0,1.89,1.43,3.66,5,2471
Mercedes-Benz,2024,4,Japan,CLA,Sedan,Hybrid,93747,421288,12.0,1.45,0.83,0.26,8,1230
Ford,2018,5,Brasil,Mustang Mach-E,Electric,Petrol,81274,564296,61.0,1.24,3.18,10.27,1,2120
Audi,2018,9,China,A4,Sedan,Diesel,46818,241192,29.0,1.15,5.68,3.75,3,513
BMW,2022,3,,X1,SUV,Diesel,104322,252630,197.0,1.932882389184992,1.6650366745462557,4.80522276717407,9,609
Porsche,2021,5,UK,GTS,Sedan,Petrol,118637,107762,18.0,1.76,1.21,5.17,6,9
Ford,2017,9,India,F-150,SUV,Petrol,82137,432095,31.0,1.07,,6.28,3,1688
Audi,2022,7,Canada,Q7,SUV,Electric,33090,230458,44.0,1.2,2.27,3.96,7,110
Tesla,2015,12,Spain,Model Y,Electric,Electric,64473,195547,13.0,1.7,1.18,3.75,4,1143
Tesla,2023,12,USA,Model S Plaid,Electric,Electric,101460,81538,18.0,1.01,2.63,4.77,7,2410
Toyota,2021,9,Netherlands,Supra,Sedan,Hybrid,45740,634802,83.0,2.09,2.25,3.25,1,1931
BMW,2021,12,UK,X3,Electric,Electric,61532,405113,66.0,1.8702148333600463,1.582198746594114,4.922703454062576,6,201
Audi,2022,12,China,Q7,SUV,Hybrid,90085,529484,36.0,1.15,6.35,3.6,8,770
Mercedes-Benz,2016,8,Germany,GLS,SUV,Diesel,106474,455120,47.0,1.84,1.51,3.11,6,276
Audo,2022,2,Germany,Q8,SUV,Petrol,77912,217705,,1.82,1.3,2.94,6,569
BMW,2023,8,Australia,i4,SUV,Diesel,111441,279167,156.0,1.5579502905827538,2.7287981654916225,3.996187945897276,6,705
BMW,2022,8,France,iX,SUV,Hybrid,39823,375188,253.0,1.745076253601353,1.1756050406167509,3.4194084489568226,4,794
Tesla,2017,5,USA,Model 3 LR,Electric,Electric,42828,141998,30.0,0.94,2.59,4.63,5,2232
Tesla,2017,1,Spain,Semi,Electric,Electric,62748,191937,24.0,1.68,1.21,3.42,4,725
Toyota,2021,4,Spain,Corolla,Sedan,Electric,,518960,62.0,1.73,1.11,3.33,1,479
Tesla,2023,6,Spain,Model Y LR,Electric,Electric,48808,167081,15.0,1.77,0.83,3.54,8,505
Porsche,2023,7,Australia,911,Sedan,Petrol,69134,92642,5.0,1.64,3.04,4.52,4,292
Toyota,2019,7,China,Supra,Sedan,Hybrd,72436,215896,,1.17,6.32,3.63,1,841
BMW,2018,7,Canada,i4,Electric,Electric,35786,266398,246.0,1.274188201631553,2.5167794665056364,3.808968380653962,9,575
Volkswagen,2016,3,Brazil,T-Roc,SUV,Diesel,57318,232741,38.0,1.25,3.59,10.59,5,331
BMW,2017,1,China,i4,Sedan,Hybrid,92204,139326,335.0,1.1394418763819274,6.432924862569672,3.696503791923933,4,698
Volkswagen,2023,8,Brazil,ID.3,Electric,Hybrid,51078,537559,50.0,1.29,3.37,10.44,8,1580
Bmw,2018,12,Australia,X3,,Petrol,98752,486670,343.0,1.5873228379537534,3.450459170575296,4.2989733757935165,1,1116
Mercedes-Benz,2015,7,,GLC,SUV,Petrol,108351,423646,41.0,1.8,0.58,3.4,6,1162
Volkswagen,2019,12,Spain,Passat,Sedan,Diesel,24544,332632,15.0,1.71,1.49,3.45,4,970
Mercedes-Benz,2016,3,Mexico,  GLC  ,SUV,,123637,86170,17.0,1.08,2.12,10.72,2,744
Toyota,2024,10,Mexico,RAV4,SUV,Electric,87012,65212,93.0,1.19,2.41,10.73,2,584
Tesla,2015,2,USA,Model X,Electric,Electric,94849,33186,3.0,1.0,2.43,4.37,8,783
Tesla,2023,7,France,Model S Plaid,Electric,Electric,92541,119825,30.0,1.75,1.78,3.51,10,1087
Mercedes-Benz,2024,7,USA,GLE,SUV,Electric,128774,"$181,586",44.0,1.02,2.92,4.29,4,800
Frod,2017,8,Mexico,F-150,SUV,Petrol,31325,408559,67.0,1.06,1.57,11.2,4,167
Tesla,2016,3,UK,Model Y,Electric,Electric,92864,220395,4.0,1.85,1.31,5.18,3,1922
Ford,2019,9,UK,Explorer,SUV,Electric,,243668,65.0,1.83,1.68,4.87,4,3896
Volkswagen,2016,1,Germany,Golf,Sedan,Hybrid,21209,208974,54.0,1.85,1.89,2.72,2,2262
Volkswagen,2020,9,Spain,Touareg,SUV,Hybrid,33566,443692,63.0,1.76,0.83,3.21,8,1202
BMW,2019,5,China,X3,Electric,Petrol,119269,251893,292.0,1.1957050936778282,5.845341952244888,3.401366272561906,6,910
Audi,2021,2,Brazil,Q3,SUV,Electric,,420586,18.0,1.28,3.48,10.72,4,37
Volkswagen,2024,7,USA,Passat,Sedan,petrol,35611,102944,82.0,1.05,2.61,4.74,3,1659
Tesla,2021,5,UK,Cybertruck,Electric,Electric,49604,225533,32.0,1.81,1.15,5.17,5,1373
Mercedes-Benz,2020,12,China,EQE,Electric,Diesel,66267,134652,31.0,1.08,5.9,3.61,2,655
Mercedes-Benz,2022,5,UK,CLA,sedan,Electric,62369,347534,38.0,1.87,1.17,4.93,7,788
Toyota,2019,11,Germany,Supra,Sedan,Petrol,73779,306845,54.0,1.89,2.29,3.12,7,1102
Mercedes-Benz,2023,6,UK,S-Class,Sedan,Electric,50857,117051,53.0,1.89,1.62,5.17,9,760
Mercedes-Benz,2022,8,Japan,EQE,Electric,Petrol,123541,256091,55.0,1.55,1.14,0.18,5,555
Tesla,2022,2,UK,Model S Plaid,Electric,Electric,,217941,15.0,1.75,1.76,5.17,5,902
Audi,2020,11,Japan,A4,Sedan,Electrc,37328,321271,42.0,1.48,1.42,0.29,2,272
Audi,2020,1,Australia,Q5,SUV,Diesel,104368,536450,45.0,1.64,2.87,4.06,3,737
Mercedes-Benz,2017,11,Netherlands,S-Class,Sedan,ELECTRIC,127670,238855,12.0,2.02,2.51,3.67,10,750
BMW,2015,2,Brazil,3 Series,Sedan,Hybrid,50630,101024,191.0,1.1223024424642551,3.367785987756153,10.23485517124821,8,780
Volkswagen,2023,7,India,Arteon,Sedan,Petrol,50894,227844,8.0,1.14,7.27,6.25,1,152
Toyota,2016,10,Japan,Yaris,Sedan,Electric,44036,607247,94.0,1.59,,-0.05,5,699
Volkswagen,2017,1,China,ID.3,,Diesel,41084,329903,29.0,1.18,6.12,3.25,3,1791
Toyota,2016,8,China,Land Cruiser,SUV,Hybrid,77335,151630,45.0,1.1,5.71,3.72,1,2476
B M W,2022,12,USA,5 Series,Electric,Hybrid,40594,259755,25.0,0.9902230023486416,2.0580836121682,4.719705687464961,7,152
Mercedes-Benz,2016,12,China,EQE,Electric,Diesel,55006,489455,42.0,,5.85,3.49,8,772
BMW,2020,2,Germany,i7,Electric,Electric,43997,286774,146.0,1.8132019688280483,1.7075430310324309,2.9442638934753766,9,389
Audi,2022,8,Australia,TT,Sedan,,59676,273551,32.0,1.53,2.99,4.13,6,549
Audi,2020,1,Mexico,Q8,SUV,Petrol,87463,409857,35.0,1.19,1.52,11.14,2,1151
Volkswagen,2016,11,Mexico,Passat,Sedan,Petrol,38540,225101,41.0,1.18,1.62,10.71,3,
Mercedes-Benz,2020,11,Germany,GLE,SUV,Hybrid,80368,72187,46.0,1.83,1.86,2.88,9,396
Mercedes-Benz,2015,3,India,EQS,Electric,Electric,69699,464851,10.0,0.99,7.49,6.66,5,629
Porsche,2023,4,Japan,718,Sedan,Electric,67132,81586,24.0,1.57,1.61,-0.07,2,154
Mercedes-Benz,2024,10,,CLA,Sedan,Diesel,129865,187119,48.0,1.84,1.01,4.71,9,503
Telsla,2022,5,China,Cybertruck,Electric,Electric,88892,199034,6.0,1.17,5.59,3.56,5,1196
Ford,2020,8,Canada,Edge,SUV,Hybrid,47196,516427,31.0,1.23,2.15,3.89,6,1100
Tesla,2024,6,China,Model X Plaid,Electric,Electric,52066,88986,24.0,1.02,5.77,3.72,8,1889
Audi,2018,9,Spain,A3,Sedan,Petrol,111213,159429,31.0,1.7,1.05,3.56,1,822
BMW,2022,3,China,X5,Sedan,Electric,111981,86160,270.0,1.0610621353393463,6.194150573509831,3.507592851887032,5,573
Volkswagen,2023,5,Australia,T-Roc,SUV,Petrol,36134,484562,37.0,1.58,2.79,4.02,4,1147
BMW,2016,2,India,X7,SUV,Petrol,95739,307831,30.0,1.076461166118716,7.228216348611859,6.420669879631552,7,184
Mercedes-Benz,2019,9,Australia,E-Class,Sedan,Electric,60826,205032,56.0,1.57,3.18,4.05,5,109
Volkswagen,2021,1,Australia,Tiguan,SUV,Electric,22388,523840,72.0,1.61,3.1,3.98,4,2289
Toyota,2017,3,USA,Highlander,SUV,Petrol,61375,683921,94.0,1.05,2.72,4.7,9,1311
Porsche,2018,11,Canada,Cayenne Coupe,SUV,Hybrid,127775,211381,20.0,1.26,1.74,4.13,5,211
Porsche,2018,11,USA,Panamera Sport,Sedan,Electric,82584,235719,4.0,0.87,2.47,4.47,2,393
Audi,2016,7,Brazil,A4,Sedan,Hybrid,57668,373373,51.0,1.17,3.07,10.51,2,493
Audi,2019,11,Australia,e-tron,Electric,Petrol,60328,533474,36.0,1.66,2.76,4.08,7,964
bmw,2023,4,France,3 Series,Sedan,Petrol,92196,256717,87.0,1.7494680631638166,1.5769001064679702,3.6309987052232016,4,566
Audi,2022,5,UK,TT,Sedan,Diesel,41960,318326,23.0,1.75,1.76,5.25,6,954
BMW,2018,6,Brazil,i4,Sedan,Electric,40269,348162,20.0,1.2066773257530723,3.909454610937242,10.633285941273543,10,476
Toyota,2018,9,Japan,C-HR,SUV,Electric,68065,43988,46.0,1.53,1.37,0.38,10,173
Volkswagen,2019,7,France,Golf,Sedan,Hybrid,50364,185809,37.0,1.8,1.58,3.63,7,
Toyota,2017,2,France,bZ4X,Electric,Petrol,19303,441523,54.0,1.76,2.1,3.74,9,628
Mercedes-Benz,2018,1,Italy,CLA,Sedan,Diesel,46714,130373,43.0,1.93,0.6,3.3,9,272
Toyota,2017,4,Italy,Yaris,Sedan,Petrol,33443,230688,97.0,1.85,1.29,3.58,9,2965
Volkswagen,2023,6,Canada,Passat,Sedan,Hybrid,25838,123030,72.0,1.26,2.27,3.96,5,672
BMW,2024,2,Brazil,iX,SUV,Diesel,117203,116381,347.0,1.2535135257035837,3.3698132559871765,10.231413012112483,6,926
Tesla,2016,5,Italy,Model Y LR,Electric,Electric,113349,107786,32.0,1.79,0.73,3.63,3,2041
Volkswagen,2022,8,France,Arteon,Sedan,Hybrd,67225,57191,10.0,1.7,1.8,3.36,8,959
Volkswagen,2024,4,Germany,Golf,Sedan,Petrol,41665,284893,65.0,1.94,2.17,3.26,1,1515
Volkswagen,2018,12,Germany,Taos,SUV,Diesel,27134,120885,36.0,1.84,1.3,2.81,7,1486
Tesla,2024,12,Australia,Model 3,Electric,Electric,60355,138738,2.0,1.63,3.43,3.96,9,1264
Tesla,2017,12,UK,Model X,Electric,Electric,102022,,32.0,1.93,1.93,4.9,7,131
Teslla,2017,7,Brazil,Model X,Electric,Electric,127848,44168,6.0,1.16,3.84,10.48,2,941
Porsche,2021,1,UK,Taycan,Electric,Hybrid,161541,199645,10.0,1.88,1.21,5.16,6,479
Volkswagen,2022,5,Canada,Arteon,Sedan,Electric,20777,"$408,758",66.0,1.33,2.26,4.12,6,2032
Volkswagen,2015,11,Australia,Tiguan,SUV,Hybrid,20703,261888,29.0,1.69,2.78,4.47,6,1507
Porsche,2017,8,China,Panamera,Sedan,Hybrid,116573,127521,4.0,1.15,,3.71,6,373
Mercedes-Benz,2018,9,Canada,S-Class,Sedan,Petrol,109066,472174,48.0,1.27,2.04,3.98,7,281
Tesla,2020,12,Mexico,Model 3 LR,Electric,electric,,185367,19.0,1.04,2.1,11.28,9,1435
BMW,2018,5,UK,5 Series,Electric,Electric,92514,228986,178.0,,1.6075448519014384,4.802314474212375,2,447
Toyota,2018,4,Spain,Prius,Hybrid,Petrol,49104,251770,73.0,1.67,1.58,3.52,1,2617
Teslla,2017,11,Germnay,Model 3,Electric,Electric,65357,64071,14.0,2.0,1.69,3.13,3,
Volkswagen,2022,2,Netherlands,Touareg,SUV,Electric,62681,167704,69.0,2.07,2.53,3.47,5,904
Mercedes-Benz,2021,9,China,EQS,Electric,Electric,,353828,49.0,1.16,6.11,3.3,8,988
BMW,2018,5,BRAZIL,X3,Electric,Electric,115859,326601,298.0,1.1320049872926388,3.0309557909193434,10.432792055968122,8,640
Tesla,2016,6,China,Semi,Electric,Electric,126967,91969,7.0,1.18,6.11,3.31,9,740
Ford,2019,6,Canada,Mustang Mach-E,Electric,Petrol,29817,727410,76.0,1.26,2.54,4.1,2,2380
Volkswagen,2023,2,Canada,Golf,Sedan,Electric,75984,243383,16.0,1.3,1.88,3.78,3,268
Volkswagen,2019,3,Spain,Passat,Sedan,Petrol,53306,242945,36.0,1.71,,3.64,8,300
Toyota,2017,2,USA,RAV4,SUV,Electric,44072,610646,38.0,1.0,2.3,4.63,4,327
Audi,2019,12,India,Q7,SUV,Hybrid,63587,435842,42.0,1.15,7.05,6.25,5,
Ford,2021,7,Mexico,Edge,SUV,Electric,22479,761184,89.0,1.02,2.42,11.29,7,3146
Volkswagen,2022,10,USA,ID.3,Electric,Petrol,73322,542194,47.0,0.97,2.84,4.2,2,107
Toyota,2023,11,UK,Yaris,Sedan,,28135,364147,47.0,1.78,1.92,5.27,2,1991
BMW,2015,1,China,iX,Sedan,Petrol,63633,176218,280.0,1.1643720118580714,6.20096913145912,3.243657803818516,5,941
Porsche,2020,6,Brazil,Macan,SUV,Petrol,78597,143250,18.0,1.27,3.37,10.76,2,146
Mercedes-Benz,2021,5,Spain,GLS,SUV,Electric,65068,524676,33.0,1.72,1.38,3.66,8,1043
Mercedes-Benz,2019,9,Spain,C-Class,,Diesel,34251,351761,56.0,1.67,1.37,3.51,3,1245
Mercedes-Benz,2017,10,China,A-Class,Sedan,Petrol,89097,432184,11.0,1.16,,3.24,9,1071
Toyota,2018,9,Germany,Prius,,Hybrid,51873,686861,27.0,1.92,1.88,3.04,5,1927
Toyota,2019,9,France,Prius,Hybrid,Electric,72305,64309,45.0,1.71,2.0,3.56,6,2333
Toyoda,2018,7,France,bZ4X,Electric,Hybrid,47842,61689,22.0,1.85,1.44,3.74,10,993
Volkswagen,2022,9,China,Arteon,Sedan,Hybrid,54433,335502,65.0,1.06,5.67,3.28,1,2767
Ford,2020,4,France,Bronco,SUV,Hybrid,83243,572836,55.0,1.73,1.93,3.25,8,1514
Volkswagen,2018,3,USA,Polo,Sedan,PETROL,67352,116202,67.0,1.02,2.39,4.57,7,1497
Toyota,2019,5,Mexico,Corolla,Sedan,Hybrid,83268,139980,44.0,1.16,1.97,11.15,1,177
Mercedes-Benz,2023,6,Germany,EQS,Electric,Hybrid,76641,523521,62.0,1.91,2.23,3.05,9,658
Toyota,2016,8,UK,Supra,Sedan,Hybrid,66440,368308,74.0,1.79,1.22,4.9,3,2481
BMW,2022,1,Canada,X7,Sedan,Electric,68073,283996,342.0,1.3037676114252146,2.6208418826173725,4.221937817237277,3,937
Mercedes-Benz,2020,3,Italy,E-Class,Sedan,Diesel,34790,354628,47.0,1.85,0.69,3.36,1,1031
Ford,2015,12,Australia,Mustang,Sedan,Electric,42304,655536,,1.7,3.07,4.1,6,2511
Toyota,2020,12,Japan,Prius,Hybrid,Electric,87847,555319,35.0,1.47,1.1,0.09,3,1713
Toyota,2016,12,UK,Camry,Sedan,Electric,36088,446656,83.0,1.77,1.38,5.28,8,1384
BMW,2016,8,Japan,X1,SUV,Diesel,95430,369532,214.0,,0.9346420818554536,0.0395895494855848,1,510
Audi,2017,2,China,  Q7  ,SUV,Hybrid,43762,286527,23.0,1.1,6.21,3.61,5,668
Volkswagen,2015,1,Spain,Touareg,SUV,Electric,39159,243116,36.0,1.74,1.01,3.43,9,2584
BMW,2017,12,Germany,X5,Electric,Diesel,38720,107836,99.0,1.9261843580458329,,2.7047049544631503,6,349
Ford,2018,12,Canada,Explorer,SUV,Hybrid,50855,696120,49.0,1.39,1.91,3.83,3,249
Porsche,2024,7,Germany,Cayenne Coupe,SUV,Electric,195355,303443,21.0,1.99,2.11,3.24,3,229
Volkswagen,2020,12,Spain,Tiguan,SUV,Petrol,50291,309932,40.0,1.74,0.95,3.69,4,907
Volkswagen,2022,7,Brazil,Passat,Sedan,Electric,64524,235930,10.0,1.12,3.54,10.46,5,1442
Toyota,2024,9,China,C-HR,SUV,Petrol,70954,636245,14.0,1.04,6.25,3.55,1,1395
Audi,2022,7,France,A4,Sedaan,Electric,99433,,35.0,1.81,1.53,3.78,7,655
BMW,2018,7,Australia,X3,Sedan,Electric,43947,474041,208.0,1.5744036171585567,3.490505142000673,4.197570606146856,3,837
Volkswagen,2021,12,Germany,Polo,Sedan,Hybrid,33232,366364,29.0,1.83,1.35,3.24,9,986
Audi,2021,1,Italy,Q8,SUV,Diesel,64386,301779,51.0,1.76,1.29,3.3,1,146
Volkswagen,2017,8,Brazil,  Golf  ,Sedan,Electric,59193,188449,37.0,1.11,3.92,10.63,9,415
Audi,2024,3,Spain,Q8,SUV,Diesel,85439,112822,24.0,1.8,1.68,3.65,9,182
Volkswagen,2020,1,Canada,Tiguan,SUV,Petrol,52309,68725,63.0,1.26,2.64,3.81,6,1028
Tesla,2017,4,Spain,Semi,Electric,Electric,125354,115063,29.0,1.81,1.1,3.32,7,896
BMW,2024,11,Australia,i4,SUV,Diesel,89970,168910,342.0,1.6886151675489416,2.9394049896944523,4.317763749496716,5,798
Frod,2019,11,Mexico,Explorer,SUV,Hybrid,83952,165775,105.0,1.04,2.16,11.29,10,3972
Mercedes-Benz,2019,1,India,CLA,Sedan,Electric,,586370,55.0,1.01,7.48,6.26,2,661
Toyota,2021,2,China,Corolla,Sedan,Hybrid,76366,113369,13.0,1.11,6.13,3.68,3,1035
Audi,2020,6,Italy,Q5,SUV,Hybrid,78567,356541,51.0,1.84,1.1,3.65,7,984
Audi,2022,5,UK,A3,,Diesel,60093,380685,42.0,1.81,1.06,4.8,6,677
Tesla,2020,12,Italy,Model Y LR,Electric,Electric,113199,35056,10.0,1.77,1.21,3.38,7,1405
Audi,2016,3,Mexico,e-tron,Electric,Diesel,41770,508474,38.0,1.01,,10.97,7,1014
Porsche,2019,8,China,Cayenne,SUV,Hybrid,105280,"$305,496",16.0,1.14,5.67,3.63,8,98
Mercedes-Benz,2018,11,Brazil,E-Class,Sedan,Petrol,52513,103234,33.0,1.25,3.08,10.68,6,32
Mercedes-Benz,2023,3,Germany,EQE,Electric,Diesel,119936,430284,56.0,1.84,2.16,2.89,8,133
FORD,2023,3,India,Bronco,SUV,Hybrid,35291,481769,14.0,1.03,7.33,6.36,8,3891
Toyota,2024,9,Mexico,RAV4,SUV,Electric,31892,136730,81.0,1.04,2.29,11.12,8,1421
Volkswagen,2015,2,Brazil,Polo,Sedan,Electric,20321,267848,70.0,1.13,3.55,10.72,7,2310
Toyota,2018,9,Japan,Prius,Hybrid,Petrol,31297,243456,53.0,1.54,1.63,0.03,9,1841
Bmw,2023,7,Germany,i7,Electric,Electric,119307,208177,67.0,1.9263627054033337,1.9169269183757425,3.288711706816454,7,353
Ford,2020,9,Germany,Bronco,SUV,Electric,67132,604799,11.0,1.87,2.07,2.94,2,1398
Volkswagen,2021,10,Australia,ID.4,Electric,petrol,28634,135822,52.0,,2.95,4.07,4,1764
Porsche,2019,5,China,718,Sedan,Petrol,164850,83914,9.0,1.19,6.01,3.45,7,413
Tesla,2015,11,Spain,Model Y,electric,Electric,76403,256489,10.0,1.75,0.86,3.35,6,803
Ford,2022,8,USA,Expedition,SUV,Petrol,67696,463673,75.0,0.91,2.68,4.63,2,1171
Ford,2023,9,USA,F-150 Lightning,Electric,Electric,38072,472340,83.0,1.02,2.42,4.5,3,1576
Volkswagen,2022,12,UK,ID.3,Electric,Electric,26338,237967,33.0,1.78,1.33,5.16,8,1031
Toyota,2020,7,Australia,Yaris,,hybrid,74759,353624,37.0,1.54,3.0,4.32,1,
Ford,2016,3,Netherlands,F-150 Lightning,Electric,Hybrid,39272,754108,115.0,1.91,2.25,3.68,7,
Porsche,2018,10,Mexico,Cayenne,SUV,Hybrid,195001,208598,6.0,1.02,2.3,11.17,9,442
Tesla,2017,3,Italy,Model 3,Electric,Electric,122062,166673,14.0,,0.63,3.56,8,892
Audi,2017,6,France,Q7,SUV,Electric,49921,492813,8.0,1.76,1.95,3.57,8,543
Tesla,2020,6,Mexico,Cybertruck,Electric,Electric,95550,229770,22.0,1.0,1.82,11.03,4,423
Mercedes-Benz,2023,8,USA,C-Class,Sedan,Diesel,122381,588393,5.0,0.92,2.41,4.72,8,817
Ford,2018,10,UK,Explorer,SUV,Hybrid,70602,378905,69.0,1.81,1.45,4.96,3,1173
BMW,2022,7,Germany,i4,Electric,Electric,118232,67143,153.0,1.8361150690254664,2.0055751725156883,3.2551489904493995,1,497
Mercedes-Benz,2023,3,,C-Class,Sedan,Petrol,126795,368447,56.0,2.02,2.17,3.72,5,198
Ford,2022,6,Japan,Mustang,Sedan,Electric,52679,542869,13.0,1.55,1.27,-0.07,7,358
Volkswagen,2016,11,Germany,Golf,Sedan,Hybrid,24688,218548,88.0,1.97,1.72,2.79,2,-338
Toyota,2020,6,Spain,Land Cruiser,SUV,Hybrid,50335,170646,17.0,1.77,1.69,3.76,4,2167
BMW,2023,9,Japan,3 Series,Electric,Hybrid,56042,55636,108.0,1.56382046353484,1.1348273386037462,-0.0521587800565359,4,552
Ford,2021,1,France,Ranger,SUV,Petrol,69408,309189,94.0,1.76,1.66,3.22,10,177
Audi,2015,12,Netherlands,A4,Sedan,Electric,9549500,215813,31.0,2.0,1.94,3.71,3,543
Porsche,2018,6,Canada,Panamera Sport,Sedan,Electric,151603,192138,19.0,1.3,2.68,3.75,8,112
Toyota,2020,1,Spain,Yaris,Sedan,Hybrid,47708,651653,44.0,1.69,1.1,3.5,2,324
Audi,2020,8,France,A3,Sedan,Petrol,98191,349924,20.0,1.9,1.63,3.69,2,681
Porsche,2018,9,Spain,718,Sedan,Electric,163475,213458,5.0,1.77,1.48,3.4,3,131
Volkswagen,2021,1,Australia,ID.4,Electric,hybrid,26292,542430,,1.52,2.91,4.03,6,2360
Toyota,2016,2,Spain,bZ4X,Electric,Hybrid,31395,60478,87.0,1.73,1.06,3.54,9,1219
Toyota,2017,10,USA,RAV4,SUV,Petrol,89789,669765,94.0,0.91,2.22,4.52,1,
Toyota,2022,4,Japan,Supra,Sedan,Petrol,85978,630958,10.0,1.41,0.84,-0.18,10,2805
Ford,2017,1,France,Ranger,SUV,Electric,58584,125049,47.0,1.79,1.63,3.27,4,241
Porsche,2019,10,China,Panamera,Sedan,Petrol,131180,236379,23.0,1.09,5.85,3.47,6,433
Mercedes-Benz,2024,4,USA,S-Class,Sedan,Hybrid,82736,275055,34.0,0.96,2.01,4.72,10,874
BMW,2018,11,Canada,X5,SUV,Diesel,56199,429553,173.0,1.3849387236557127,2.041066351050259,3.7680841127443534,3,534
Mercedes-Benz,2024,11,Brazil,A-Class,Sedan,Petrol,59244,194347,61.0,1.13,3.78,10.44,5,401
Tesla,2021,8,Canada,Model 3 LR,Electric,Electric,114934,286816,6.0,,2.52,3.93,7,2063
Tesla,2023,6,China,Model Y LR,Electric,Electric,79056,245481,13.0,1.13,5.99,3.72,8,1126
Mercedes-Benz,2016,12,France,GLC,SUV,Diesel,115896,314538,57.0,1.82,1.23,3.71,10,393
Mercedes-Benz,2021,11,Mexico,EQS,Electric,Electric,47742,130371,25.0,1.03,1.75,10.74,8,1053
Volkswagen,2023,1,France,ID.3,Electric,Diesel,79064,118636,68.0,1.81,1.98,3.63,7,1201
BMW,2022,4,Germany,X1,Sedan,Petrol,106947,444890,383.0,1.9298420604232127,1.418817916268072,2.7705157480662628,9,849
BMW,2024,4,Brazil,X1,Sedan,Petrol,44873,444051,190.0,1.135429957889477,3.443750219304571,10.720885352626505,3,805
Porsche,2018,3,Spain,718,Sedan,Electric,148662,253601,20.0,1.67,0.92,3.26,4,19
Volkswagen,2024,11,India,Taos,SUV,Hybrid,44913,520948,62.0,1.04,7.35,6.61,1,326
Volkswagen,2022,10,,Touareg,SUV,Hybrid,37036,547537,30.0,1.23,2.65,3.94,3,1799
Mercedes-Benz,2016,5,Canada,S-Class,Sedan,Electric,109223,309726,61.0,1.36,2.16,4.17,10,642
Volkswagen,2023,8,France,T-Roc,SUV,Diesel,55677,104532,59.0,1.79,1.43,3.79,3,1070
Ford,2015,5,China,F-150 Lightning,Electric,Hybrid,61181,612302,71.0,1.18,5.97,3.63,5,2586
Volkswagen,2019,12,Germany,T-Roc,SUV,Petrol,40453,490629,48.0,1.81,1.46,2.81,4,1304
Porsche,2023,1,Netherlands,Macan EV,Electric,Hybrid,82104,392259,13.0,2.09,2.31,3.56,2,422
Tesla,2023,8,China,Model Y,Electric,Electric,115646,83906,39.0,1.14,5.89,3.27,7,907
Audo,2017,12,Canada,A4,Sedan,Hybrid,49034,399188,,1.27,2.04,4.29,8,324
Porsche,2017,9,USA,Macan EV,Electric,Petrol,117476,248320,24.0,1.04,2.94,4.52,9,137
Toyota,2023,4,Spain,Highlander,SUV,Hybrid,,433340,52.0,1.84,1.75,3.25,1,869
Ford,2019,5,India,Ranger,suv,Hybrid,75389,615257,26.0,0.95,,6.46,4,3643
Ford,2019,7,ITALY,Edge,SUV,Electric,58010,538571,23.0,1.79,1.34,3.52,8,3324
Ford,2023,8,Spain,Escape,SUV,Hybrid,35662,361454,103.0,1.66,1.46,3.38,3,1859
Toyota,2020,9,Italy,Corolla,Sedan,Electric,45826,393627,68.0,1.79,0.79,3.49,3,1076
Toyota,2020,1,India,Camry,Sedan,Electric,33659,690696,74.0,0.96,6.59,6.38,6,2486
Ford,2022,12,Brazil,Bronco,SUV,Petrol,52985,577795,24.0,1.28,3.88,10.44,1,3893
Tesla,2022,9,Germany,Cybertruck,Electric,Electric,85659,92999,34.0,1.97,1.88,3.1,5,1504
Audi,2018,9,UK,Q5,SUV,Electric,42079,194359,6.0,1.77,1.07,4.82,3,831
Mercedes-Benz,2022,11,Japan,E-Class,Sedan,Hybrid,87765,196254,59.0,1.53,1.6,-0.14,5,360
Porsche,2021,11,UK,Macan EV,Electric,Petrol,167188,365431,11.0,1.95,1.65,4.9,9,266
Audi,2023,6,Germany,Q8,SUV,Electric,,440395,21.0,1.8,1.69,2.91,1,579
Ford,2024,12,Canada,Mustang Mach-E,Electric,Hybrid,73520,487314,115.0,1.28,2.03,4.12,1,1777
Toyota,2016,2,Italy,Corolla,Sedan,Petrol,56063,232242,97.0,1.82,1.23,3.76,10,2578
Ford,2017,6,India,F-150,SUV,Electric,65795,86362,59.0,,7.21,6.74,9,2457
Ford,2019,4,Germany,Bronco,SUV,Electric,92660,75597,,2.0,1.36,3.09,6,887
Audi,2016,3,UK,Q8,SUV,Petrol,40565,318856,9.0,1.83,1.57,5.13,6,952
Audi,2019,5,India,A3,Sedan,Electric,73370,299685,35.0,1.14,7.11,6.73,3,446
Porsche,2022,2,Germany,Panamera,Sedan,Electric,176223,116427,26.0,1.92,1.63,3.22,9,343
Toyota,2017,5,France,C-HR,SUV,Electric,56507,662781,17.0,1.7,1.87,3.56,6,1567
B M W,2019,11,USA,iX,Sedan,Electric,76505,268547,241.0,1.0350098820360123,2.80498899968077,4.361892432076929,5,557
Ford,2021,6,China,Bronco,SUV,Electric,51924,786241,11.0,1.15,6.17,3.68,7,2045
Mercedes-Benz,2017,10,Japan,A-Class,Sedan,Hybrid,104760,441205,37.0,1.48,1.57,0.06,10,888
BMW,2023,6,Japan,3 Series,Sedan,Hybrid,80747,153463,38.0,1.4948428433314929,1.6710582451653675,0.3665598934680604,6,158
Volkswagen,2016,8,Germany,Taos,SUV,Diesel,52241,114185,38.0,1.92,2.26,3.15,8,281
Mercedes-Benz,2021,5,Netherlands,CLA,Sedan,Hybrid,49338,470650,64.0,2.04,1.8,3.73,3,1230
Volkswagen,2021,3,Canada,Tiguan,SUV,Petrol,74757,504695,52.0,1.34,2.64,4.07,7,1451
Tesla,2021,6,UK,Model Y,Electric,Electric,106714,280221,7.0,1.83,1.32,4.91,5,1180
Volkswagen,2020,3,China,Touareg,SUV,Petrol,44551,87938,17.0,1.12,6.05,3.53,6,637
Ford,2023,2,UK,F-150,SUV,Hybrid,44093,339721,,,1.72,5.27,10,121
Tesla,2015,10,Canada,Model X,Electric,,70249,254269,31.0,1.22,2.07,4.24,10,2458
Ford,2019,1,US,Explorer,SUV,Electric,28444,,92.0,1.06,2.29,4.68,7,1726
BMW,2022,1,UK,7 Series,Electric,Hybrid,117666,397186,60.0,1.8030404735363448,1.0936747678280925,4.92062948183566,3,260
Ford,2019,5,USA,Ranger,SUV,Hybrid,92723,404515,86.0,0.91,2.62,4.34,2,829
Mercedes-Benz,2020,8,Germany,EQS,Electric,Electric,69564,114198,43.0,1.97,2.19,3.27,1,1146
Audi,2021,6,China,Q7,SUV,Diesel,39035,422096,41.0,1.15,5.75,3.58,5,
Mercedes-Benz,2016,5,France,CLA,Sedan,Electric,42650,473961,62.0,1.84,1.97,3.56,4,1261
Porsche,2022,8,China,911,Sedan,Electric,165694,126560,19.0,1.19,6.4,3.51,10,237
Volkswagen,2016,11,Germany,Golf,Sedan,Diesel,32300,291637,63.0,1.95,1.33,2.79,4,2186
Mercedes-Benz,2017,5,USA,A-Class,Sedan,Diesel,66297,520106,38.0,1.06,2.1,4.21,7,678
Ford,2022,3,China,Edge,SUV,Petrol,74631,424622,104.0,1.02,6.13,3.67,8,2311
Audi,2024,10,Italy,e-tron,Electric,Hybrid,99507,103882,7.0,1.86,1.26,3.63,6,199
Audi,2022,6,China,RS6,Sedan,Electric,107674,180898,45.0,1.0,5.71,3.77,9,331
Audi,2021,8,Canada,A3,Sedan,Electric,46170,485812,26.0,1.3,2.2,4.14,1,791
Audi,2017,8,Mexico,Q3,SUV,Petrol,101889,411560,48.0,1.0,2.39,10.89,7,255
Tesla,2016,1,USA,Model S,Electric,Electric,73789,119361,10.0,0.92,2.68,4.37,5,2194
Toyota,2017,10,Italy,Corolla,Sedan,Electric,23351,250267,38.0,1.84,1.0,3.37,8,1022
Ford,2021,3,,Ranger,SUV,Petrol,64106,340273,48.0,1.23,3.97,10.43,1,3489
Mercedes-Benz,2021,1,Canada,C-Class,Sedan,Petrol,55211,344386,32.0,1.29,2.58,4.22,2,761
Mercedes-Benz,2018,9,Italy,EQE,Electric,Diesel,120977,151124,63.0,1.81,1.45,3.61,5,599
Ford,2019,11,Mexico,F-150 Lightning,Electric,Electric,40969,489052,76.0,1.01,1.64,10.82,8,275
Ford,2018,3,Germany,Expedition,SUV,Hybrid,72379,616963,23.0,1.87,2.02,2.73,3,673
Volkswagen,2015,5,Brazil,Polo,Sedan,Petrol,74751,343951,15.0,1.29,3.19,10.74,10,2626
Mercedes-Benz,2016,10,Mexico,S-Class,Sedan,Hybrid,98354,303189,49.0,1.15,2.13,10.81,3,476
bmw,2023,8,France,i4,Electric,Diesel,58065,79661,160.0,1.80109102358209,1.585589699659398,3.2165220319216794,2,786
Mercedes-Benz,2021,2,Canada,E-Class,Sedan,,123377,171710,26.0,1.38,2.21,3.98,2,211
Ford,2018,4,Japan,Ranger,SUV,Hybrid,27011,480625,29.0,1.49,1.3,0.32,4,3415
Toyota,2016,2,Mexico,C-HR,SUV,Petrol,,58588,52.0,1.13,2.09,10.94,7,590
Ford,2024,7,Germany,F-150,SUV,Hybrid,91175,261921,99.0,1.89,1.37,3.19,6,1146
Tesla,2015,5,Brazil,Model Y LR,Electric,Electric,82241,241124,14.0,1.26,3.54,10.48,10,2268
Toyota,2018,6,Australia,Yaris,Sedan,Petrol,89771,62204,15.0,1.62,3.24,4.03,2,279
Porsche,2023,5,Australia,Cayenne,SUV,Hybrid,169192,328644,29.0,1.68,3.0,4.2,6,442
Porsche,2020,5,India,Taycan,Electric,Electric,196865,352084,21.0,1.0,7.17,6.52,1,194
Toyota,2016,4,USA,Corolla,Sedan,Electric,46101,506579,97.0,0.92,2.41,4.26,5,545
Toyota,2022,7,Italy,C-HR,SUV,Electric,44410,219687,50.0,1.95,0.96,3.71,2,2431
Toyoda,2021,1,Mexico,Highlander,SUV,Hybrid,89317,376091,20.0,,1.68,11.06,3,1437
Toyota,2015,11,Australia,Camry,Sedan,Electric,37864,167587,72.0,1.65,3.1,4.4,8,1632
Mercedes-Benz,2022,10,Netherlands,GLE,SUV,Petrol,37306,501467,64.0,2.03,1.61,3.3,3,540
Toyota,2015,10,Mexico,Prius,Hybrid,Petrol,68861,506421,96.0,1.06,2.38,10.71,5,1072
Porsche,2017,12,Mexico,Cayenne Coupe,SUV,Hybrid,125832,188725,16.0,,1.5,11.23,7,365
BMW,2022,1,China,5 Series,Electric,Electric,36552,,220.0,1.1324868023402137,,3.4885340879618054,4,724
BMW,2019,3,China,3 Series,SUV,Petrol,115356,209788,353.0,1.0951092074973654,5.895137743264319,3.22367571973454,9,980
Tesla,2020,9,Spain,Model S Plaid,Electric,Electric,77916,168524,14.0,1.7,1.43,3.61,2,1988
Porsche,2024,9,Spain,GTS,Sedan,Petrol,141397,332633,17.0,1.66,1.42,3.59,5,407
TESLA,2023,9,Italy,Model S Plaid,Electric,Electric,117002,70890,26.0,1.88,1.04,3.32,8,1304
Toyota,2024,1,Japan,Prius,Hybrid,Electric,30708,101289,31.0,1.54,1.61,0.32,2,1405
Audi,2017,5,Germany,Q5,SUV,Diesel,39186,348260,44.0,1.95,1.87,3.19,2,243
Tesla,2017,8,India,Model X Plaid,Electric,Electric,112233,197588,31.0,0.95,6.76,6.34,4,1470
Ford,2019,9,,Ranger,SUV,Electric,82130,774947,46.0,1.71,1.3,3.44,7,796
Audi,2018,2,Japan,Q7,SUV,Electric,112152,174875,42.0,1.47,0.92,0.1,5,910
Toyota,2022,2,Canada,C-HR,SUV,Hybrid,54420,465499,91.0,1.4,1.75,4.2,9,2137
Volkswagen,2022,12,Spain,Polo,Sedan,Hybrid,78025,,12.0,1.85,0.84,3.27,10,905
Porsche,2024,9,Italy,GTS,Sedan,Petrol,151568,332258,19.0,1.89,0.78,3.32,2,435
Audi,2016,7,France,RS6,Sedan,Petrol,,134749,36.0,1.77,1.56,3.37,2,422
Audi,2016,1,Germany,A6,Sedan,Electric,93193,501484,16.0,1.9,1.48,2.92,5,557
Volkswagen,2021,1,Mexico,ID.3,Electric,,71373,330863,22.0,1.05,2.42,10.71,5,1928
Porsche,2015,2,Australia,Macan,SUV,Electric,138870,381937,28.0,1.5,3.43,4.39,10,114
BMW,2019,4,Australia,7 Series,Sedan,Petrol,92233,192692,16.0,1.696147868716686,3.077279029233132,4.469346287374731,3,70
Volkswagen,2022,2,Canada,Passat,Sedan,Electrc,57686,275526,72.0,1.34,2.51,3.76,8,981
BMW,2022,7,Australia,i7,Electric,Petrol,108369,450705,48.0,1.5180579540108818,,4.271464810444855,7,205
Toyota,2015,6,Japan,bZ4X,Electric,Electric,62179,204048,0.0,1.56,1.65,0.2,7,1859
Porsche,2015,2,China,Macan,SUV,Hybrid,185040,148830,23.0,,6.32,3.56,9,29
Mercedes-Benz,2024,10,UK,A-Class,Sedan,Petrol,48934,332008,54.0,1.93,1.34,5.26,6,869
Tesla,2020,11,UK,Model S,Electric,Electric,56210,206939,4.0,1.83,1.15,4.82,5,1400
Volkswagen,2023,3,China,Passat,Sedan,Diesel,59366,399901,81.0,1.16,6.07,3.41,7,2782
Audi,2022,10,Japan,A3,Sedan,Petrol,85963,153825,35.0,1.42,1.7,-0.18,8,818
Porsche,2024,1,Italy,Cayenne,SUV,Electric,96974,188714,27.0,1.82,1.29,3.58,4,170
TESLA,2021,1,Canada,Model X Plaid,Electric,Electric,116362,250503,19.0,1.2,2.41,4.11,10,1414
Tesla,2017,5,UK,Model Y,Electric,Electric,125613,85004,20.0,1.76,1.48,5.22,5,2380
Ford,2024,4,UK,Expedition,suv,Petrol,49492,151711,93.0,1.84,1.03,5.17,5,1976
Tesla,2023,12,Brazil,Model X Plaid,Electric,Electric,95383,130924,31.0,1.27,3.01,10.55,5,2372
Porsche,2015,11,Germany,Macan,SUV,Petrol,192195,395423,2.0,1.96,1.57,3.22,8,366
Tesla,2023,6,Australia,Cybertruck,Electric,Electric,44477,277489,35.0,1.53,2.99,4.44,9,1280
BMW,2022,6,USA,X1,Electric,Petrol,107104,255827,24.0,0.8874185533591543,2.9317537194328165,4.438209024742315,3,185
Mercedes-Benz,2020,2,Mexico,CLA,Sedan,Hybrid,77538,195965,27.0,1.11,2.02,11.0,1,45
Ford,2021,6,Spain,Escape,SUV,Hybrid,39847,272461,80.0,1.73,1.14,3.67,5,2806
Volkswagen,2016,6,China,Polo,Sedan,Hybrid,39243,456270,67.0,1.05,,3.65,4,2300
Toyota,2024,11,China,Prius,Hybrid,Hybrid,32998,172749,71.0,1.18,6.22,3.59,6,2486
Audi,2015,11,Frnce,e-tron,Electric,Hybrid,89136,189830,48.0,1.88,1.87,3.26,7,116
Mercedes-Benz,2019,2,USA,GLC,SUV,Hybrid,89588,464992,35.0,1.06,,4.39,5,154
BMW,2017,1,France,3 Series,SUV,Petrol,105190,284561,,1.8011915815469863,2.018239086675437,3.261082209769722,1,515
Volkswagen,2016,1,UK,ID.4,Electric,Diesel,76925,466874,31.0,1.77,1.59,5.19,2,1764
Audi,2022,5,India,A4,Sedan,Diesel,70006,335746,52.0,0.97,7.13,6.66,6,1164
Mercedes-Benz,2020,12,Spain,CLA,Sedan,Electric,91694,273702,22.0,1.75,1.55,3.71,8,1129
Toyota,2020,4,Canada,Corolla,Sedan,Hybrid,34776,575239,55.0,1.39,2.15,3.84,2,2110
Porsche,2015,2,India,Taycan,Electric,Electric,118113,"$230,088",23.0,0.99,6.59,6.32,6,242
TESLA,2015,11,France,Model 3,Electric,Electric,58525,26593,26.0,1.74,1.21,3.42,6,1386
Toyota,2017,8,China,Corolla,Sedan,Petrol,35508,266021,81.0,1.01,5.75,3.69,2,1779
Toyota,2018,7,USA,bZ4X,Electric,Petrol,21122,569697,57.0,0.9,2.54,4.57,10,1205
BMW,2017,8,Brazil,5 Series,Sedan,Petrol,101985,246292,225.0,1.1402727564271948,3.0519565775542685,10.67176691963042,10,453
Toyota,2021,4,France,C-HR,SUV,Electric,56218,294379,23.0,,1.32,3.26,7,115
Tesla,2024,7,Italy,Model Y LR,Electric,Electric,77681,45772,36.0,1.95,0.72,3.69,10,711
BMW,2020,7,Canada,5 Series,Electric,Electric,35153,250598,104.0,1.2255733602444836,2.125228185437694,3.722542654239344,9,630
Ford,2017,4,France,Mustang Mach-E,Electric,Petrol,34232,548384,,1.74,,3.3,1,3208
Audi,2021,7,Italy,Q7,SUV,ELECTRIC,80138,172547,25.0,1.76,1.15,3.31,7,914
Ford,2015,8,Brazil,Bronco,SUV,Petrol,78382,582471,109.0,1.26,3.26,10.35,3,614
Porsche,2019,9,UK,Panamera Sport,,Petrol,136211,103904,4.0,1.82,1.88,4.96,4,448
Porsche,2024,9,Italy,Cayenne Coupe,SUV,Petrol,85341,276250,20.0,1.76,1.04,3.67,6,17
Toyota,2021,6,Mexico,Highlander,SUV,Petrol,31794,404012,95.0,1.13,1.54,10.79,1,
Tesla,2021,7,Japan,Cybertruck,Electric,Electric,64007,15524,37.0,1.45,1.25,-0.01,8,780
Mercedes-Benz,2019,6,UK,S-Class,Sedan,Diesel,112852,115642,18.0,1.84,1.3,4.77,10,
Mercedes-Benz,2024,7,Canada,GLS,SUV,Hybrid,60218,248966,51.0,1.37,1.94,4.22,6,1290
Tesla,2023,7,UK,Model S Plaid,Electric,Electric,105028,139065,30.0,1.84,1.03,4.81,2,1793
Porsche,2020,8,Mexico,Taycan,Electric,Hybrid,163087,341436,16.0,1.05,2.29,10.79,5,
Toyota,2020,5,Canada,RAV4,SUV,Petrol,19558,432048,87.0,1.34,1.91,3.75,1,1774
Porsche,2019,4,Germany,911,Sedan,Petrol,131182,246728,17.0,1.85,1.35,3.16,6,475
Volkswagen,2019,7,India,ID.4,Electric,Diesel,74946,516266,39.0,1.0,7.09,6.46,7,440
Volkswagen,2016,12,Spain,Passat,Sedan,Diesel,,160997,76.0,1.68,1.68,3.37,9,2411
Mercedes-Benz,2019,9,China,GLC,SUV,Diesel,40633,344747,29.0,1.03,5.59,3.46,1,773
BMW,2023,10,Japan,X5,SUV,Hybrid,60791,,288.0,1.5760158175122916,0.933712081910433,0.1240071487627063,4,625
Volkswagen,2016,1,Germany,Arteon,Sedan,Hybrid,51524,150735,64.0,1.83,1.45,2.74,1,1461
Toyota,2022,5,Australia,RAV4,SUV,Electric,33406,656929,56.0,1.59,2.93,4.37,6,1407
Porsche,2021,9,Netherlands,GTS,Sedan,Petrol,125809,399371,11.0,2.05,2.03,3.25,3,216
Toyota,2022,12,,Prius,Hybrid,Electric,84128,410517,53.0,1.95,1.86,2.95,10,182
Ford,2018,7,Canada,Expedition,SUV,Hybrid,40632,749518,80.0,1.29,1.72,3.9,8,3234
Volkswagen,2024,8,China,Polo,Sedan,Petrol,22225,390431,24.0,1.05,5.91,3.47,4,1098
Audi,2016,5,Spain,Q8,SUV,Electric,,468714,36.0,1.83,1.3,3.66,10,
Tesla,2016,7,Germany,Model 3,Electric,Electric,68096,84804,14.0,1.84,1.7,3.24,6,433
Porsche,2020,6,Brazil,Macan,SUV,Electric,160325,313151,27.0,1.2,3.01,10.79,1,172
Tesla,2020,12,India,Model 3,Electric,Electric,51215,252726,30.0,1.07,7.33,6.25,4,974
Toyota,2020,1,Australia,bZ4X,Electric,Hybrid,21063,125175,19.0,1.62,2.74,4.05,6,1776
Mercedes-Benz,2023,9,Germany,EQE,Electric,Petrol,95445,239721,,1.8,1.94,3.03,2,850
Ford,2017,7,Italy,Edge,SUV,Electric,75925,253516,75.0,1.95,1.03,3.56,4,2156
Audo,2022,11,Spain,Q3,SUV,Electric,96618,217514,29.0,1.73,0.85,3.3,9,962
Mercedes-Benz,2023,7,Canada,EQS,Electric,Hybrid,112595,214031,,1.3,,3.92,2,1027
Toyota,2024,7,Italy,Yaris,Sedan,Hybrid,82953,263720,41.0,1.87,1.23,3.24,10,1759
Toyota,2017,12,India,Highlander,SUV,Hybrid,73113,276206,82.0,1.06,7.26,6.22,4,1078
Ford,2017,9,UK,Edge,SUV,Electric,49324,531685,108.0,1.88,1.35,5.25,2,2923
Mercedes-Benz,2018,4,Australia,E-Class,Sedan,Hybrid,71611,337362,53.0,1.68,2.89,4.01,6,
Toyota,2021,7,Canada,RAV4,SUV,Petrol,55273,430721,79.0,1.33,2.48,4.04,1,316
Audi,2021,7,Netherlands,Q3,SUV,Petrol,78673,91936,22.0,2.05,2.32,3.49,5,284
Volkswagen,2017,10,China,ID.4,Electric,Diesel,23401,447547,41.0,1.19,6.47,3.47,4,2636
Ford,2023,12,Italy,Escape,SUV,Hybrid,46406,51640,43.0,1.76,1.12,3.37,7,871
Tesla,2015,1,Germany,Model S Plaid,Electric,Electric,null,223720,7.0,1.95,1.33,3.13,1,1537
Porsche,2019,8,Netherlands,911,Sedan,Petrol,104709,110243,4.0,2.01,2.21,3.26,1,72
BMW,2018,7,Australia,X1,Electric,Diesel,98965,417371,226.0,1.5236329655243313,3.314468482588936,4.11911286486404,2,551
Porsche,2020,7,Italy,GTS,Sedan,Hybrid,61187,299979,7.0,1.85,0.71,3.21,5,243
Toyota,2016,5,Netherlands,Camry,Sedan,Electric,27653,167427,97.0,1.98,1.78,3.7,5,1670
Toyota,2018,10,India,Corolla,Sedan,Petrol,81524,681738,23.0,1.0,7.16,6.38,3,1214
Volkswagen,2019,12,China,Taos,SUV,Diesel,59909,387503,85.0,1.09,6.44,3.78,8,
Toyota,2018,10,Australia,RAV4,SUV,Hybrid,47154,571050,52.0,1.54,2.84,4.52,6,2533
BMW,2022,12,UK,5 Series,Electric,Electric,84589,347515,262.0,1.779759193881023,1.877090581018189,5.266425256295238,6,820
Volkswagen,2018,6,,Taos,SUV,Electric,63163,393657,42.0,1.77,1.06,5.18,9,794
BMW,2018,7,Australia,3 Series,Electric,Petrol,55085,469972,380.0,1.6841989042193153,3.2143266357349978,4.227029686287872,1,880
Volkswagen,2017,5,Brazil,Taos,SUV,Electric,,528835,60.0,1.16,3.04,10.63,6,2724
Audi,2021,2,Brazil,A6,Sedan,Electric,57018,154431,45.0,1.28,3.63,10.43,1,860
BMW,2022,9,UK,7 Series,SUV,Hybrid,49745,320590,364.0,1.8949533543057524,1.6962887758781398,4.903924978260839,3,958
BMW,2020,6,India,  i7  ,,Diesel,54782,155723,335.0,1.038088270062485,7.26190181260487,6.700189977162552,4,1066
Porsche,2022,8,Germany,Panamera,Sedan,Hybrid,196714,100530,3.0,1.97,1.55,2.95,9,299
Mercedes-Benz,2019,9,UK,A-Class,Sedan,Petrol,44443,509933,47.0,1.79,1.89,5.12,8,758
Bmw,2017,2,USA,i4,SUV,Petrol,95892,285652,286.0,1.041512467532257,2.7983803405183525,4.693453424200967,2,804
Porsche,2021,1,Mexico,911,Sedan,Petrol,170444,303667,25.0,1.19,1.76,11.03,8,8
Audi,2022,12,India,A3,Sedan,Diesel,,225004,37.0,1.13,6.85,6.35,1,131
BMW,2021,1,Germany,X3,Electric,Petrol,49693,312678,227.0,1.9156560281992348,1.6755829526399442,2.756389163904521,7,592
Toyota,2019,6,Canada,RAV4,,Electric,25802,214935,15.0,1.36,2.7,3.76,1,1827
Toyota,2017,3,China,Prius,Hybrid,Petrol,53868,124068,20.0,1.04,6.25,3.63,10,519
AUDI,2024,4,,A6,Sedan,Electric,109366,278895,43.0,1.94,2.2,3.38,2,610
Audi,2018,5,Germany,Q3,SUV,Petrol,,328346,34.0,1.88,1.78,2.98,8,345
Audi,2017,1,,e-tron,Electric,Petrol,36866,60720,41.0,1.77,0.83,3.53,7,348
Volkswagen,2022,3,Mexico,Passat,Sedan,Diesel,37878,426650,31.0,1.11,2.23,10.89,4,142
Porsche,2015,4,Brazil,Cayenne Coupe,SUV,Petrol,122568,213981,23.0,,3.49,10.7,10,464
Ford,2019,3,USA,Mustang,Sedan,Electric,36766,85703,98.0,1.0,2.14,4.25,7,1722
Volkswagen,2024,4,Australia,Polo,Sedan,Hybrid,43090,166450,26.0,1.56,3.39,4.07,3,1338
Porsche,2020,8,Australia,Macan EV,Electric,Electric,107244,204312,,1.61,3.47,4.06,7,332
Mercedes-Benz,2017,6,France,A-Class,Sedan,Electric,125207,523930,18.0,1.87,1.3,3.75,9,301
Tesla,2019,7,Japan,Model Y,Electric,Electric,47331,287706,26.0,1.52,1.52,-0.01,9,283
Audi,2018,8,China,RS6,Sedan,Electric,46118,299981,29.0,1.19,5.93,3.67,2,1148
Audi,2015,2,Italy,A3,Sedan,Hybrid,73127,107776,22.0,1.95,1.14,3.77,7,193
Tesla,2017,2,India,Semi,Electric,,79549,,9.0,0.99,6.98,6.52,6,2467
Audi,2023,8,Brazil,A4,Sedan,Petrol,52972,216959,33.0,1.13,3.81,10.66,8,268
BMW,2021,5,USA,3 Series,SUV,Petrol,108591,299836,160.0,0.9083185891469652,2.656631073707876,4.344239347736104,6,403
Mercedes-Benz,2016,7,USA,EQS,Electric,Electric,84562,77635,33.0,1.06,2.16,4.59,6,541
Audi,2020,9,,Q8,SUV,Diesel,32644,290270,14.0,1.81,1.78,3.48,3,759
BMW,2021,10,USA,X7,Sedan,Diesel,64863,119202,262.0,0.9863942803828796,2.491594546741437,4.23852536224508,3,724
BMW,2018,11,Australia,X1,Sedan,Petrol,50696,305095,340.0,1.6001207142309417,3.02965972394562,4.095135976467733,7,898
Tesla,2018,9,UK,Semi,Electric,Electric,102929,117708,13.0,1.81,1.33,5.04,7,1688
Tesla,2016,7,Netherlands,Model S,Electric,Electric,124586,123237,8.0,2.09,2.46,3.22,7,324
Volkswagen,2019,12,Spain,Golf,Sedan,Hybrid,47692,532503,75.0,1.67,1.41,3.58,7,1340
Tesla,2022,2,Netherlands,Model X,Electric,Electric,117497,286017,18.0,2.06,2.06,3.6,8,1058
Volkswagen,2018,7,China,Touareg,SUV,Electric,53837,533162,78.0,1.07,5.65,3.49,6,318
Mercedes-Benz,2016,8,Spain,GLE,SUV,Hybrid,72846,324407,29.0,1.67,1.14,3.31,2,50
Tesla,2016,9,Canada,Semi,Electric,Electric,82884,141746,31.0,1.28,1.85,4.1,4,506
Ford,2021,3,Italy,Expedition,SUV,Petrol,79415,375960,46.0,1.82,0.65,3.36,5,3626
Mercedes-Benz,2016,9,Australia,GLS,SUV,Petrol,57526,339396,5.0,1.69,3.01,4.29,2,358
Toyota,2021,3,Spain,Land Cruiser,SUV,Electric,48971,52270,58.0,1.67,1.15,3.78,9,2968
Toyota,2015,1,Italy,Camry,Sedan,Electric,33838,47417,30.0,1.86,0.53,3.56,5,1031
Mercedes-Benz,2020,9,USA,GLE,SUV,Petrol,94522,251109,41.0,0.98,2.91,4.72,10,419
Toyota,2015,8,India,C-HR,SUV,Hybrid,46783,150591,27.0,1.01,7.46,6.66,7,1204
Mercedes-Benz,2021,5,Canada,CLA,Sedan,Electric,82702,248369,27.0,1.21,2.42,3.77,4,815
Mercedes-Benz,2022,9,Spain,A-Class,Sedan,Hybrid,68223,573865,0.0,1.73,0.98,3.72,8,205
Audi,2015,1,India,A6,Sedan,Diesel,95146,279099,46.0,1.14,7.17,6.71,9,926
Mercedes-Benz,2015,4,Italy,GLC,SUV,Diesel,113897,135753,58.0,1.81,0.66,3.54,1,954
Tesla,2022,12,Canada,Semi,Electric,Electric,67502,71590,5.0,1.32,2.24,3.74,9,962
Tesla,2024,8,UK,Semi,Electric,Electric,78014,171848,33.0,1.76,1.12,4.85,4,1914
Porsche,2016,7,Spain,Panamera Sport,Sedan,Electric,90828,332007,8.0,1.66,1.75,3.57,2,59
Volkswagen,2018,12,UK,Touareg,SUV,,75414,518005,34.0,1.9,1.21,4.82,9,2347
Porsche,2019,3,Italy,Taycan,Electric,Hybrid,157220,142157,5.0,1.87,1.17,3.3,3,262
Mercedes-Benz,2024,9,France,C-Class,Sedan,Hybrid,49233,330194,46.0,1.73,1.75,3.37,3,912
BMW,2019,4,France,X3,Electric,Petrol,101151,53626,338.0,,2.0565013982994804,3.642505015675404,4,976
Toyota,2024,2,China,Prius,Hybrid,Petrol,47331,641651,80.0,1.09,6.03,3.73,2,2182
Volkswagen,2024,4,Australia,T-Roc,SUV,Hybrid,24405,454004,59.0,1.55,3.21,4.55,5,1303
BMW,2023,10,UK,3 Series,Sedan,Electric,52304,382255,,1.848503538763773,1.502637093105192,5.046142330775815,10,370
Volkswagen,2021,6,Germany,Polo,Sedan,Electric,unknown,173955,42.0,1.86,1.55,2.89,5,918
Audi,2019,6,Netherlands,e-tron,Electrc,Diesel,114401,363182,5.0,2.06,1.92,3.32,8,38
Tesla,2015,11,Brazil,Semi,Electric,Electric,100367,246718,27.0,1.18,3.85,10.74,3,1551
Ford,2018,6,India,F-150,SUV,Hybrid,83269,658290,83.0,0.98,6.52,6.37,7,2053
Porsche,2024,2,UK,Cayenne,SUV,Petrol,194001,166518,9.0,1.94,1.77,5.29,10,324
Volkswagen,2015,10,Mexico,Golf,Sedan,Petrol,56152,115378,68.0,1.17,2.19,11.26,4,995
Teslla,2017,10,Netherlands,Model 3,Electric,Electric,83130,69875,26.0,2.05,1.87,3.24,5,
Porsche,2017,3,Mexico,Panamera Sport,Sedan,Petrol,171147,181110,,1.14,2.3,11.08,3,484
Audi,2023,6,Japan,A4,Sedan,Electric,,407047,24.0,1.49,1.07,0.12,8,506
Tesla,2018,11,Japan,Model 3,Electric,Electric,88593,98329,27.0,1.47,1.38,0.37,6,1788
Audi,2022,11,Spain,A4,Sedan,Petrol,46369,78666,17.0,1.66,1.36,3.31,2,187
Volkswagen,2017,11,Germany,Golf,Sedan,Electric,65963,96805,24.0,1.99,1.73,3.1,3,1740
Audi,2022,11,Mexico,TT,Sedaan,Petrol,65212,497557,30.0,1.03,2.46,11.23,9,661
Tesla,2021,1,UK,Model S,Electric,Electric,49899,277729,26.0,1.91,1.58,4.98,3,2380
Toyota,2015,4,Brazil,bZ4X,Electric,Petrol,57718,208562,49.0,1.12,3.1,10.65,6,1573
Ford,2024,9,France,Bronco,SUV,Electric,34613,295546,93.0,1.85,1.55,3.67,8,1747
Mercedes-Benz,2022,5,Netherlands,A-Class,Sedan,Hybrid,114042,147832,56.0,1.98,2.12,3.7,5,899
BMW,2019,7,Japan,X5,SUV,Electric,46781,353446,252.0,1.5619748891709269,1.6899602323899452,-0.0065876930151662,2,644
Mercedes-Benz,2019,8,UK,GLC,SUV,Electric,124900,288613,5.0,1.82,1.05,5.03,5,586
Volkswagen,2019,7,Brazil,Touareg,SUV,Diesel,32074,434478,40.0,1.19,3.34,10.54,6,1829
Mercedes-Benz,2015,12,Mexico,E-Class,Sedan,Hybrid,97689,186375,40.0,1.1,1.98,11.03,10,750
Audi,2024,8,India,RS6,Sedan,Petrol,77713,178998,24.0,1.15,6.73,6.74,3,132
Ford,2016,4,China,F-150 Lightning,Electric,Petrol,35786,154656,11.0,1.02,5.67,3.35,4,1165
Mercedes-Benz,2018,6,Germany,S-Class,Sedan,Hybrid,102647,260903,10.0,1.85,1.69,3.22,9,
Ford,2019,12,Netherlands,Mustang,Sedan,Hybrid,74056,719461,20.0,1.92,1.76,3.29,8,556
Mercedes-Benz,2021,3,USA,E-Class,Sedan,Hybrid,83293,250246,19.0,0.98,2.27,4.59,7,83
Tesla,2024,1,India,Model S Plaid,Electric,Electric,49071,191988,36.0,1.03,7.13,6.57,7,1147
Mercedes-Benz,2024,8,Mexico,EQE,Electric,Petrol,51178,302042,41.0,1.06,2.28,11.2,4,439
Ford,2016,10,UK,Ranger,SUV,Electric,50175,779970,67.0,1.87,1.09,5.2,5,2894
Audi,2018,12,France,A4,,Petrol,42466,249514,49.0,1.84,1.61,3.56,8,1089
Porsche,2016,12,Japan,Macan EV,Electric,electric,154445,372338,15.0,1.41,1.62,0.38,8,210
BMW,2016,1,Germany,X3,Sedan,Hybrid,76798,197764,366.0,1.8503598117813904,1.9939484444671,3.025634666008558,7,1104
Ford,2017,10,UK,Escape,SUV,Petrol,58566,397739,52.0,1.84,1.92,5.14,3,1210
Toyota,2020,2,USA,Camry,,Petrol,59618,385051,53.0,1.05,2.14,4.65,6,-194
Mercedes-Benz,2021,4,China,EQS,Electric,Diesel,70626,263018,43.0,1.03,6.35,3.72,10,653
Porsche,2023,1,Italy,Cayenne Coupe,SUV,Petrol,82064,297495,27.0,1.77,0.57,3.76,10,75
Toyota,2024,1,Mexico,Land Cruiser,SUV,Electric,20134,132622,17.0,1.1,1.94,11.09,6,826
Mercedes-Benz,2016,3,Brazil,EQS,Electric,Petrol,83193,559151,37.0,1.26,3.4,10.77,6,766
Mercedes-Benz,2017,6,France,GLE,SUV,Electric,46285,333655,12.0,1.8,,3.35,7,630
Porsche,2024,12,Japan,911,Sedan,Electric,113934,376815,8.0,1.54,1.43,-0.02,7,185
Ford,2024,8,UK,Mustang,Sedan,Hybrid,60198,546772,89.0,1.94,1.26,4.99,8,1937
Porsche,2023,9,Australia,Panamera,Sedan,Hybrid,74742,297726,2.0,1.56,3.28,3.99,6,
Toyota,2016,7,China,RAV4,SUV,Hybrid,78193,631679,24.0,1.08,6.24,3.31,4,2371
BMW,2021,10,China,5 Series,SUV,Electric,70892,294255,320.0,1.0820793653979324,5.580233745661642,3.514706833742153,5,1099
Porsche,2019,8,UK,Panamera Sport,Sedan,Petrol,84504,377307,18.0,1.94,1.51,5.2,7,215
Ford,2020,12,China,Mustang,Sedan,Petrol,79384,381841,70.0,1.07,6.0,3.46,7,188
BMW,2019,5,Japan,X5,Electric,Electric,,,292.0,1.531708103134011,1.453427922256969,0.2613536692645846,9,977
Toyoda,2015,12,China,Corolla,Sedan,Hybrid,24522,143475,22.0,1.18,5.95,3.42,5,815
Tesla,2019,10,Spain,Model 3 LR,Electric,Electric,64799,163128,27.0,,1.15,3.68,3,339
Audi,2024,5,Netherlands,e-tron,Electric,Hybrid,104698,314521,26.0,2.08,1.9,3.38,7,384
BMW,2021,7,Japan,i4,Sedan,Petrol,40867,446456,158.0,1.432586885416286,1.556489841188322,0.195216178971367,7,426
Porsche,2024,8,France,718,Sedan,Petrol,178743,132069,20.0,1.87,2.07,3.24,4,212
Volkswagen,2022,2,Brazil,T-Roc,SUV,Electric,35663,192217,21.0,1.22,3.57,10.78,2,789
Bmw,2024,12,China,i7,Electric,Diesel,118564,349155,172.0,1.1049512863264477,5.683404509853434,3.382545345775722,6,687
Tesla,2024,7,Italy,Model Y,Electrc,Electric,67672,254811,36.0,1.83,0.52,3.72,9,719
Toyota,2021,11,Mexico,Camry,Sedan,Hybrid,29088,575134,16.0,1.1,1.84,10.77,2,328
Mercedes-Benz,2017,12,Spain,S-Class,Sedan,Hybrid,84184,174283,64.0,1.79,1.45,3.68,8,1275
Audi,2024,3,Brazil,A4,Sedan,Diesel,34390,260341,27.0,1.16,3.7,10.39,9,570
Ford,2019,5,Netherlands,Escape,SUV,Hybrid,,186150,38.0,1.95,2.0,3.72,5,2365
Toyota,2022,2,India,bZ4X,Electric,Petrol,43139,232027,64.0,1.09,6.96,6.58,9,2337
Toyota,2018,8,Germany,Prius,Hybrid,Hybrid,51972,369074,89.0,1.81,1.99,2.93,6,1831
Porsche,2021,10,France,718,Sedan,Electric,96326,197754,2.0,1.76,1.5,3.42,8,84
Porsche,2018,4,India,Taycan,Electric,Petrol,133586,327037,,0.97,7.02,6.47,6,400
Tesla,2015,9,,Model X Plaid,Electric,Electric,116380,48801,18.0,1.5,1.47,-0.13,5,2369
Mercedes-Benz,2017,11,Mexico,E-Class,Sedan,Petrol,78923,391111,57.0,1.18,1.93,11.19,5,867
Mercedes-Benz,2024,11,USA,E-Class,Sedan,PETROL,92031,584288,27.0,1.06,2.06,4.44,8,892
Ford,2021,6,Netherlands,Ranger,SUV,Electric,54967,723675,111.0,2.03,2.6,3.78,6,554
Toyota,2018,6,UK,bZ4X,Electric,Petrol,48768,634952,50.0,1.9,1.16,4.98,4,631
Ford,2018,5,China,Explorer,SUV,Hybrid,32715,426746,13.0,1.03,6.46,3.42,5,1759
Mercedes-Benz,2016,1,Mexico,GLE,SUV,Hybrid,120600,526684,32.0,1.09,2.12,11.18,3,972
Audi,2021,7,UK,Q3,SUV,Hybrid,57328,,42.0,1.77,1.29,5.01,10,404
Audi,2021,1,Brazil,Q7,Suv,Electric,83110,368725,33.0,1.16,3.93,10.51,3,1114
Porsche,2024,5,Mexico,Panamera,Sedan,Hybrid,134308,240453,7.0,1.13,2.37,11.21,4,217
Porsche,2016,3,Canada,Taycan,Electric,Hybrid,84709,277292,3.0,1.35,2.14,4.19,1,74
Volkswagen,2017,1,Italy,Passat,Sedan,Hybrid,73508,598954,36.0,1.77,0.57,3.42,4,2095
Toyota,2020,1,Australia,Camry,Sedan,Petrol,44950,284809,97.0,1.5,3.32,4.37,9,737
Porsche,2016,12,Brazil,GTS,Sedan,Petrol,112669,138680,17.0,1.17,,10.51,6,241
BMW,2016,6,Australia,iX,Sedan,,,91139,37.0,1.5308725430548409,2.788630553240256,4.298742932853568,7,411
Volkswagen,2017,9,France,ID.3,Electric,Electric,34054,332846,29.0,1.77,1.39,3.2,4,1549
Porsche,2016,9,Canada,Macan,SUV,Hybrid,164417,181975,8.0,1.37,2.13,3.7,5,482
Porsche,2017,3,China,Cayenne Coupe,SUV,Hybrid,120649,193431,2.0,1.15,5.61,3.8,9,408
Tesla,2018,4,Canada,Cybertruck,Electric,Electric,97654,227968,13.0,1.23,2.09,4.13,9,1478
BMW,2018,1,Canada,5 Series,Sedan,Hybrid,45310,463440,183.0,1.204654387147165,2.0189756302937614,4.206925186581673,8,421
Volkswagen,2016,10,USA,ID.3,Electric,Hybrid,62366,165809,67.0,1.01,2.75,4.75,2,1961
Porsche,2022,12,Netherlands,911,Sedan,Hybrid,78836,177864,,2.0,2.54,3.78,8,212
Mercedes-Benz,2018,7,Australia,A-Class,Sedan,Hybrid,80046,106117,63.0,1.6,3.11,4.09,2,683
Mercedes-Benz,2015,10,Italy,EQS,Electric,Hybrid,48769,597578,12.0,1.9,1.39,3.35,5,39
Ford,2017,11,Australia,Mustang Mach-E,Electric,Petrole,,687648,91.0,1.69,2.69,4.29,5,1433
TESLA,2021,5,China,Model 3,Electric,Electric,122492,249719,23.0,1.04,6.39,3.76,4,2283
Volkswagen,2017,9,China,Arteon,Sedan,Petrol,55228,352310,58.0,1.04,5.79,3.26,5,1429
AUDI,2015,6,Japan,Q7,SUV,Electric,42305,305988,5.0,1.48,0.77,0.09,5,480
Ford,2020,5,UK,Explorer,SUV,Hybrid,39983,400260,13.0,1.88,1.69,4.77,3,819
Porsche,2021,7,Brazil,718,Sedan,Electric,136545,233328,27.0,1.22,3.14,10.43,4,280
Ford,2015,5,France,Bronco,SUV,Petrol,53231,440370,89.0,1.83,1.95,3.31,1,2621
Volkswagen,2021,10,,ID.3,Electric,Electric,44289,87195,67.0,1.42,1.05,0.14,9,2003
Volkswagen,2022,12,Australia,T-Roc,SUV,Petrol,,537025,65.0,1.62,2.66,4.38,4,1129
Ford,2018,12,Italy,Mustang Mach-E,Electric,Hybrid,85090,526680,113.0,1.93,1.07,3.36,4,3964
Porsche,2024,11,France,Macan EV,Electric,Electric,74074,257954,12.0,1.83,1.69,3.6,4,225
Porsche,2019,11,Spain,Taycan,Electric,Petrol,169813,161134,7.0,1.83,1.36,3.23,3,437
Audi,2017,10,Germany,Q5,SUV,Diesel,94358,521419,25.0,1.86,1.85,2.77,9,261
BMW,2019,6,China,i7,Sedan,Hybrid,110069,,288.0,1.0939976536315874,6.41748584313199,3.374302703402852,9,791
Mercedes-Benz,2017,8,Mexico,EQE,Electric,Diesel,87353,453452,26.0,1.13,2.09,11.03,2,804
Telsla,2020,7,Mexico,Model S Plaid,Electric,Electric,123299,36497,17.0,1.11,1.7,11.26,3,2300
Tesla,2024,4,Japan,Model 3 LR,Electric,Electric,47739,289657,35.0,1.47,0.76,-0.01,10,1635
Tesla,2021,11,China,Model S Plaid,Electric,Electric,121380,14716,13.0,1.04,6.15,3.52,1,2360
Porshe,2015,10,Australia,Taycan,Electric,Electric,178198,263148,10.0,1.63,2.52,4.39,8,65
BMW,2019,8,China,7 Series,Sedan,Diesel,86413,497126,123.0,1.0461339623435515,6.107736794878859,3.507613106609905,5,453
Mercedes-Benz,2017,8,Netherlands,C-Class,Sedan,Diesel,62498,302851,37.0,1.92,2.53,3.42,9,148
BMW,2018,2,Canada,3 Series,Electric,Electric,36893,403791,232.0,1.2373037020799709,2.5353024955892383,3.8924680389830417,2,
BMW,2021,7,Japan,X5,Sedan,Electric,82662,230775,267.0,1.577239156093015,1.1486106309545423,0.2332425629216422,9,641
bmw,2015,8,Canada,X5,Electric,Hybrid,114823,110282,,1.2518846866862583,2.517443561738441,3.9050904110187257,2,398
Porsche,2015,5,Brazil,Taycan,Electric,Electric,171922,215708,19.0,1.19,3.14,10.61,6,147
Mercedes-Benz,2020,5,Brazil,S-Class,Sedan,Hybrid,126270,300220,34.0,1.25,3.91,10.54,7,470
Toyota,2015,6,France,bZ4X,Electric,Hybrid,19953,681126,83.0,1.87,2.1,3.56,10,327
Toyota,2020,12,China,Yaris,Sedan,Petrol,65965,281110,15.0,1.12,5.67,3.42,9,2498
Toyota,2024,1,Germany,Corolla,SEDAN,Petrol,22374,438766,96.0,1.85,,2.83,2,1533
Audi,2018,1,France,A4,Sedan,Diesel,97179,400084,23.0,1.81,2.08,3.53,9,1066
Porsche,2015,10,UK,Cayenne Coupe,,Hybrid,151722,222260,,1.82,1.91,4.92,10,484
Tesla,2015,3,India,Model 3,Electric,Electric,104987,249791,8.0,0.96,7.26,6.65,9,568
Ford,2019,6,Japan,Mustang Mach-E,Electric,Petrol,87796,296276,17.0,1.45,1.31,0.39,4,2707
Porsche,2020,3,Netherlands,Cayenne,SUV,Electric,123930,387626,19.0,1.99,2.27,3.22,8,323
Volkswagen,2020,6,Italy,ID.3,Electric,Hybrid,51235,118352,68.0,1.94,0.68,3.29,8,277
Audi,2023,11,Germany,Q5,SUV,Electric,104448,257700,13.0,1.92,2.13,3.23,6,912
Audi,2022,12,UK,Q8,SUV,Hybrid,43376,140735,6.0,1.92,1.84,4.92,1,794
B M W,2019,11,Australia,7 Series,SUV,Hybrid,107833,137508,21.0,1.5336028415489729,2.9517676787372293,4.301965077905285,9,395
Porsche,2016,6,Canada,Macan EV,Electric,Petrol,81163,122999,5.0,1.25,2.53,3.85,1,167
Porsche,2021,3,Mexico,Cayenne Coupe,SUV,Petrol,115561,227773,9.0,1.11,1.59,11.12,2,409
Toyota,2017,11,Japan,Corolla,Sedan,Petrol,24731,224598,38.0,1.6,,0.06,2,2907
Ford,2016,3,Spain,Bronco,SUV,Electric,84190,418118,41.0,1.74,1.02,3.57,7,3850
Ford,2024,1,Australia,Bronco,SUV,Electric,68834,78426,47.0,1.6,2.73,4.18,10,629
Volkswagen,2018,6,China,Passat,Sedan,Hybrid,20825,288738,78.0,1.02,6.1,3.29,9,2347
Volkswagen,2019,8,Netherlands,T-Roc,SUV,Petrol,29247,106910,22.0,2.08,2.29,3.61,4,2257
Porsche,2019,12,India,Macan EV,Electric,Electric,180349,,3.0,1.14,6.97,6.37,2,319
BMW,2015,12,UK,3 Series,Sedan,Diesel,54065,402513,177.0,1.8322191205201408,1.1392453711175952,5.0194524093651305,8,713
Toyota,2018,7,China,Yaris,Sedan,Petrol,27139,211425,19.0,1.09,5.57,3.33,1,1564
BMW,2019,2,India,X1,Electric,Electric,50804,"$430,457",365.0,1.0023411367471813,6.557054721151254,6.36931224481592,6,1193
Audi,2024,7,Spain,e-tron,Electric,Electric,36866,129090,44.0,1.67,1.04,3.68,4,238
Mercedes-Benz,2019,4,UK,A-Class,Sedan,Petrol,89552,550815,61.0,1.82,1.4,4.71,5,102
Ford,2015,8,Canada,Expedition,SUV,PETROL,38747,310785,15.0,1.38,2.26,4.28,9,2534
Volkswagen,2022,12,UK,Polo,Sedan,Diesel,77846,556576,57.0,1.88,1.45,4.81,8,202
Porsche,2024,5,China,Cayenne Coupe,SUV,Petrol,100560,351657,19.0,1.14,6.09,3.59,3,180
PORSCHE,2019,5,Germany,GTS,Sedan,Hybrid,60489,382223,9.0,1.89,2.12,2.8,5,416
Porsche,2016,5,Germany,Cayenne,SUV,Electric,114414,387369,29.0,1.85,2.13,2.82,4,98
Volkswagen,2017,12,UK,Polo,Sedan,Electric,30144,278999,79.0,1.83,1.13,5.24,3,233
BMW,2016,12,USA,7 Series,SUV,Electric,108531,188439,377.0,0.9644986710013028,2.254391580841847,4.417111855923083,1,
Porsche,2023,6,Germany,Taycan,Electric,Hybrid,124724,354715,7.0,1.93,1.78,2.88,5,176
Mercedes-Benz,2017,12,Australia,EQS,Electric,Diesel,114812,471341,,1.63,3.25,4.47,3,1297
Toyota,2022,8,UK,Corolla,Sedan,Electric,42931,96453,36.0,1.84,1.47,4.79,10,455
Porsche,2022,7,Italy,Panamera,Sedan,Electric,109365,314216,,1.77,0.62,3.24,7,160
Tesla,2017,1,Germany,Model Y LR,Electric,Electric,55348,125828,12.0,1.89,1.88,2.92,4,446
Volkswagen,2019,3,Germany,Golf,Sedan,Petrol,61724,514373,44.0,1.84,2.1,3.03,2,699
Toyota,2017,4,Canada,Highlander,SUV,Electric,29065,"$64,395",58.0,1.31,2.54,4.27,7,1609
Porsche,2022,6,Japan,Cayenne,SUV,Hybrid,95149,240744,12.0,1.47,0.99,0.39,4,70
Toyota,2017,2,Australia,Camry,Sedan,ELECTRIC,51584,420007,59.0,1.56,3.05,4.46,4,2882
Audi,2019,6,Brazil,e-tron,,Hybrid,38944,190289,20.0,,3.26,10.24,2,680
Tesla,2021,12,Australlia,Cybertruck,,Electric,95774,,1.0,1.57,3.32,4.53,8,2304
Toyata,2023,4,Netherlands,Camry,Sedan,Electric,61889,513399,43.0,1.96,2.14,3.7,4,685
Porsche,2018,12,India,Taycan,Electric,Hybrid,192387,324534,14.0,0.97,7.15,6.32,7,241
BMW,2019,7,Australlia,7 Series,Electric,Electric,46618,380763,285.0,1.6146875776246574,3.450061967050805,4.520364288162534,2,848
Volkswagen,2023,3,GERMANY,Tiguan,SUV,Hybrid,50694,450711,25.0,1.96,1.66,3.09,5,740
Tesla,2024,4,Germany,Model S Plaid,Electric,Electric,124837,265700,35.0,1.9,1.45,3.08,9,743
Mercedes-Benz,2022,3,Spain,EQE,Electric,Petrol,59488,223416,41.0,1.78,1.53,3.74,1,581
Volkswagen,2024,8,Germany,Taos,SUV,Electric,26162,,49.0,1.91,1.71,2.88,1,1194
Audi,2020,4,,Q3,SUV,Electric,58137,348375,23.0,1.83,1.2,3.37,8,42
Tesla,2020,8,USA,Model 3 LR,Electric,Electric,61155,192371,9.0,0.9,2.86,4.64,7,988
Tesla,2015,12,UK,Model X,Electric,Electrc,69126,131201,16.0,1.79,1.0,5.24,7,243
Tesla,2021,11,France,Model S Plaid,Electric,Electric,94013,"$145,265",35.0,1.85,1.68,3.38,1,814
Volkswagen,2024,6,Spain,Touareg,SUV,Hybrid,28979,541514,20.0,1.77,1.09,3.53,3,2149
Toyota,2023,10,Spain,Land Cruiser,SUV,Hybrid,72214,240284,,1.68,1.48,3.76,9,1440
Mercedes-Benz,2016,3,Italy,EQE,Electric,Diesel,126010,137119,39.0,1.95,0.78,3.44,2,381
Volkswagen,2023,4,,Golf,Sedan,Electric,40746,309487,33.0,1.58,0.88,0.29,1,895
Volkswagen,2024,3,Australia,Taos,SUV,Petrol,24262,524902,58.0,1.62,3.35,4.47,3,2752
Porsche,2016,6,Canada,GTS,Sedan,Petrol,61883,243024,15.0,1.34,2.28,4.14,1,175
Ford,2019,1,Netherlands,Explorer,,Petrole,83740,73908,28.0,1.97,2.57,3.23,8,3690
Porsche,2022,1,China,Panamera,Sedan,Petrol,75711,343625,15.0,1.0,6.0,3.65,2,176
Toyota,2022,3,Australia,Land Cruiser,SUV,Petrol,64554,459091,22.0,1.67,3.09,4.03,7,1079
Tesla,2024,10,Mexico,Model X Plaid,Electric,Electric,58992,221378,14.0,1.19,1.62,11.12,10,1677
Porsche,2015,6,Netherlands,Cayenne Coupe,SUV,Electric,116548,95829,8.0,2.0,1.94,3.59,1,55
Mercedes-Benz,2017,5,India,GLE,SUV,diesel,85224,595753,56.0,0.95,7.21,6.41,5,144
Audi,2018,7,China,A6,Sedan,Diesel,98150,450206,45.0,1.04,5.78,3.69,2,638
Audi,2020,12,Brazil,Q5,SUV,Petrol,83616,300536,20.0,1.14,3.41,10.22,4,158
Tesla,2022,1,France,Semi,Electric,Electric,98473,166454,24.0,1.81,1.3,3.45,5,1379
Tesla,2016,7,Australia,Model Y LR,Electric,Electric,114126,128021,27.0,1.69,2.94,4.49,4,778
Volkswagen,2016,11,France,ID.3,Electric,Diesel,43440,83834,19.0,1.85,1.48,3.2,10,1688
Ford,2015,2,India,Escape,SUV,Hybrid,70467,130393,86.0,1.0,7.26,6.24,5,2609
Ford,2018,8,Brazil,Expedition,SUV,Petrol,35765,382011,114.0,1.2,,10.42,2,2474
Mercedes-Benz,2024,9,Italy,GLS,SUV,Electric,39068,173673,53.0,1.78,0.84,3.72,2,208
Toyata,2017,8,Canada,C-HR,SUV,Petrol,70817,642053,44.0,1.35,2.17,4.26,8,1568
BMW,2024,7,Germany,5 Series,Electric,Electric,41080,348451,328.0,1.898709316068024,1.807411938717809,3.2245335148111054,9,967
BMW,2015,7,Germnay,3 Series,Sedan,petrol,46279,398594,306.0,1.9248475991827985,1.8435528611139889,3.2438832665787283,1,999
Volkswagen,2015,10,Australia,Taos,SUV,hybrid,33875,230565,27.0,1.64,3.25,4.0,4,2240
Toyota,2020,8,UK,Prius,Hybrid,Hybrid,71108,566297,32.0,1.78,1.81,4.92,3,2161
Tesla,2021,3,Netherlands,Model S,Electric,Electric,126164,40846,34.0,1.95,2.41,3.71,3,858
Toyota,2016,9,China,Prius,Hybrid,Electric,39158,52977,52.0,1.08,6.36,3.69,4,2317
Tesla,2024,9,Brazil,Model S,Electric,Electric,83639,43910,12.0,1.19,3.78,10.31,3,659
Volkswagen,2020,7,Germany,Arteon,Sedan,Petrol,62274,179171,11.0,1.9,1.79,3.21,2,824
BMW,2017,6,Canada,iX,SUV,Diesel,109807,231143,157.0,1.2670416094741743,2.1942124472503,4.196949551462331,1,380
Ford,2015,4,USA,Expedition,SUV,Petrol,31995,210024,27.0,0.9,,4.36,4,2020
Mercedes-Benz,2019,10,Canada,S-Class,Sedan,Electric,57255,285206,26.0,1.23,1.83,4.04,1,1119
Porshe,2019,1,Mexico,GTS,Sedan,Electric,125392,209971,19.0,1.18,1.65,10.76,4,206
Porsche,2023,6,Japan,Macan EV,Electric,Electric,193477,314037,,1.44,0.88,-0.11,3,107
Volkswagen,2017,8,Netherlands,Taos,SUV,Petrol,27708,308752,89.0,1.98,2.17,3.41,1,451
Toyota,2023,10,Japan,Highlander,SUV,Electric,45126,396824,30.0,1.46,1.48,0.38,10,721
Tesla,2024,12,China,Semi,Electric,Electric,113778,92440,11.0,1.07,6.47,3.75,8,1317
Ford,2022,2,Japan,Bronco,SUV,Petrol,45093,636175,51.0,1.45,1.48,0.22,2,508
Volkswagen,2019,7,China,Tiguan,SUV,Petrol,37633,136513,58.0,1.1,6.48,3.6,4,
Volkswagen,2020,6,China,  ID.3  ,Electric,Diesel,43155,311094,26.0,1.18,6.44,3.46,9,2235
Mercedes-Benz,2020,5,India,GLC,SUV,Hybrid,110449,441903,,0.97,6.61,6.58,7,489
Porshe,2019,9,Spain,911,SEDAN,Petrol,79944,379459,26.0,1.83,0.81,3.67,10,210
Mercedes-Benz,2017,6,Spain,EQS,Electric,Diesel,69243,239772,15.0,1.66,1.28,3.72,2,797
Volkswagen,2023,6,UK,Arteon,Sedan,Hybrid,72741,325436,85.0,1.81,1.28,5.09,10,447
BMW,2020,2,Germany,5 Series,Electrc,Diesel,82204,132464,383.0,1.9387364451562976,1.4636238211916692,3.1768857292499577,6,978
BMW,2021,11,USA,3 Series,SUV,Petrol,38159,200259,329.0,0.9937222756430368,2.6974714616692834,4.60808446305618,10,1013
Ford,2020,8,Mexico,Ranger,suv,Hybrid,26988,598041,51.0,1.15,1.79,10.7,2,1253
Ford,2016,5,Spain,Mustang,Sedan,Hybrid,65491,444071,118.0,1.7,1.4,3.56,8,3199
Mercedes-Benz,2023,6,Italy,S-Class,Sedan,Petrol,77629,164461,17.0,1.8,1.4,3.33,2,49
Ford,2024,11,Netherlands,Explorer,Suv,Hybrid,28249,572462,22.0,2.08,2.26,3.27,10,1090
Tesla,2015,7,Mexico,Model X,Electric,,94004,134360,33.0,1.04,2.08,10.89,8,1830
Ford,2024,11,Canada,Explorer,SUV,Electric,87858,546138,18.0,1.22,2.18,3.91,5,1558
Porsche,2024,5,Mexico,Macan EV,Electric,Petrol,166087,253037,28.0,1.01,1.65,10.99,1,320
Toyota,2020,11,USA,C-HR,SUV,Electric,80425,244762,17.0,0.99,,4.22,9,1362
Toyota,2015,12,India,Highlander,SUV,Electric,23700,424421,92.0,1.02,7.13,6.48,2,78
Volkswagen,2018,2,UK,Arteon,Sedan,Diesel,20543,177878,38.0,1.9,1.81,4.82,7,366
Ford,2020,5,Canada,F-150 Lightning,Electric,Hybrid,66277,218700,11.0,1.27,2.4,3.84,8,2911
Mercedes-Benz,2015,6,U.S.A,C-Class,Sedan,Hybrid,33424,207890,40.0,1.05,2.13,4.27,1,1043
Mercedes-Benz,2021,5,Mexico,C-Class,Sedan,Hybrid,75137,450661,5.0,1.05,2.11,11.08,2,774
Tesla,2022,1,India,Model X,Electric,Electric,47020,,19.0,0.95,7.32,6.39,5,2057
Volkswagen,2019,1,France,T-Roc,SUV,Diesel,73107,386456,13.0,1.77,1.16,3.26,4,2259
Volkswagen,2017,10,UK,Touareg,SUV,Electric,78174,47480,81.0,1.86,1.66,5.21,2,1235
Audi,2015,10,Italy,A6,Sedan,Hybrid,64423,288609,50.0,1.75,,3.53,1,780
BMW,2019,8,UK,7 Series,SUV,Petrol,41828,92317,359.0,1.7592900825439997,,5.0554487413172255,10,1080
Tesla,2021,12,usa,Model S,Electric,Electric,64541,262707,35.0,0.98,2.77,4.57,3,1637
BMW,2017,10,China,X3,Sedan,Petrol,91652,494503,213.0,1.17535312735235,,3.6574752114444142,6,725
Volkswagen,2015,8,Brazil,ID.4,Electric,Diesel,46635,321691,72.0,1.13,3.29,10.67,5,826
Tesla,2021,2,Australia,Model 3,Electric,Electric,121134,297801,,1.65,2.74,3.97,7,880
Audi,2021,7,India,RS6,Sedan,Electric,86403,435031,30.0,1.03,6.54,6.34,8,1189
Volkswagen,2020,6,USA,Touareg,SUV,Hybrid,51260,523247,77.0,0.95,2.2,4.64,4,1404
BMW,2024,5,Japan,X3,SUV,Electric,88364,311176,132.0,1.509315428406459,1.5069654908839936,0.0757989222415967,3,411
Volkswagen,2016,5,Australia,ID.3,Electric,Diesel,53516,,11.0,1.57,2.6,4.13,6,1321
Porsche,2017,3,Spain,GTS,Sedan,Petrol,123499,334810,19.0,1.84,1.08,3.25,4,98
Tesla,2021,1,Australia,Model X,Electric,Electric,111799,68347,12.0,1.69,2.8,4.21,2,270
Volkswagen,2020,2,Canada,ID.4,Electric,Petrol,26096,467772,16.0,1.27,2.58,4.02,4,2750
Volkswagen,2017,6,China,Passat,Sedan,Electric,24102,579474,70.0,1.02,6.2,3.41,1,2576
Porsche,2020,7,UK,Cayenne,SUV,Electric,108450,308681,17.0,1.92,1.86,4.98,8,273
Toyota,2022,11,Germany,Yaris,Sedan,Electric,21656,442201,65.0,1.9,1.61,3.02,6,1524
Tesla,2021,7,UK,Model Y LR,Electric,Electric,69124,153719,3.0,1.83,1.26,4.92,8,247
Tesla,2024,3,UK,Model 3 LR,Electric,Electric,115789,41782,2.0,1.85,1.47,5.04,3,889
B M W,2015,8,UK,X7,SUV,Diesel,35893,327648,27.0,1.8961301020478487,1.6618391898493785,5.034670050422015,10,212
Volkswagen,2015,6,Brazil,Tiguan,SUV,Electric,75879,173877,15.0,1.2,3.27,10.37,6,2744
Audi,2021,12,India,TT,Sedan,Electric,76772,481047,9.0,1.14,6.91,6.72,10,302
Toyota,2018,1,Germany,Corolla,Sedan,Electric,88977,662109,74.0,1.92,1.46,2.93,7,1589
Porsche,2015,3,Spain,Taycan,Electric,Electric,152657,356073,11.0,1.65,0.83,3.27,10,44
Toyota,2017,4,India,C-HR,SUV,Electric,40777,307903,92.0,1.11,7.28,6.44,3,287
BMW,2019,3,Canada,X1,Electric,Petrol,49626,277369,37.0,1.2499092399699012,1.946978799072,4.243752748312622,5,226
Volkswagen,2019,1,Brazil,Tiguan,SUV,Electric,30081,192793,81.0,1.21,3.36,10.75,6,2648
Ford,2021,6,Germany,Bronco,SUV,Petrol,42349,708089,77.0,1.83,1.91,2.88,2,
Tesla,2023,7,France,Model 3 LR,Electric,Electric,91750,215996,27.0,1.88,1.24,3.5,4,1002
Mercedes-Benz,2020,4,France,A-Class,Sedan,PETROL,63344,"$92,888",47.0,1.84,1.51,3.4,8,32
Volkswagen,2018,1,China,Tiguan,SUV,Petrol,68757,276515,60.0,1.18,5.59,3.49,1,323
Ford,2017,10,USA,F-150,SUV,Electric,84686,558064,94.0,1.0,2.75,4.62,4,3719
Ford,2019,1,Italy,Explorer,SUV,Petrol,33524,473949,45.0,1.9,1.01,3.6,9,363
Audi,2017,12,Australia,e-tron,Electric,Hybrid,107305,510909,32.0,,2.77,4.51,4,622
Audi,2021,6,India,TT,Sedan,Diesel,100469,324945,15.0,0.95,6.88,6.78,3,416
Volkswagen,2023,9,Netherlands,Arteon,Sedan,Petrol,77605,373510,78.0,1.96,,3.3,6,2626
Toyata,2024,9,France,Yaris,Sedan,Petrol,51547,479808,70.0,1.88,1.3,3.48,9,623
Ford,2023,10,UK,Bronco,SUV,Petrol,,131973,15.0,,1.49,5.07,3,945
Tesla,2022,6,India,Model S,Electric,Electric,113393,168533,36.0,1.04,7.29,6.44,1,1229
Audi,2016,8,Canada,A6,Sedan,Hybrid,107627,306326,25.0,1.28,1.89,3.78,9,713
Mercedes-Benz,2016,6,Australia,C-Class,Sedan,Electric,38842,,22.0,1.52,2.66,4.42,10,430
Porsche,2019,11,Brazil,911,Sedan,Hybrid,159638,245580,9.0,1.23,3.88,10.6,2,379
Tesla,2015,1,,Model Y,Electric,Electric,73107,297921,27.0,1.82,1.98,3.01,4,1077
Toyota,2020,9,China,Land Cruiser,suv,Electric,88234,355224,79.0,1.05,6.0,3.68,5,2316
Tesla,2019,2,Japan,Model Y LR,Electric,Electric,115545,131926,34.0,1.44,1.17,0.23,4,1329
Mercedes-Benz,2021,3,China,GLC,SUV,Electric,87010,417223,40.0,1.02,6.07,3.24,2,962
Porsche,2021,9,Japan,911,Sedan,Electric,194268,156203,17.0,1.5,1.24,-0.04,8,207
Ford,2016,12,Brazil,Bronco,SUV,Electric,83654,393922,46.0,1.21,3.65,10.78,6,2980
Mercedes-Benz,2015,3,Netherlands,GLS,SUV,Electric,53363,479122,34.0,2.06,1.8,3.3,1,307
BMW,2020,9,Canada,X1,Electric,Electric,83785,446419,209.0,1.380510581335913,2.4545428740846824,3.76187432130156,8,753
Teslla,2017,8,Australia,Model X,Electric,Electric,125466,176587,33.0,1.6,2.92,4.06,8,675
BMW,2022,1,USA,X7,SUV,Hybrid,54385,411087,283.0,1.06212539510264,2.853784921704667,4.345186278190227,10,881
BMW,2020,3,Japan,7 Series,Electric,Diesel,111427,390281,350.0,1.5928057694331028,1.2430245839576632,-0.0633501583380742,3,1075
Volkswagen,2018,11,India,Tiguan,SUV,Electric,48396,507184,52.0,1.08,,6.21,10,1294
Mercedes-Benz,2019,6,Japan,C-Class,Sedan,Electric,,184596,22.0,1.49,0.78,0.3,2,
Mercedes-Benz,2020,9,India,GLS,SUV,Petrol,58349,286313,40.0,1.05,6.79,6.2,6,677
BMW,2023,11,Germany,3 Series,Electric,Electric,62777,372926,49.0,1.839155597136709,2.2555236959549347,2.710939549605817,4,157
PORSCHE,2022,6,China,718,Sedan,Hybrid,144381,378284,6.0,1.04,5.66,3.47,7,260
Audi,2015,1,China,Q3,,Petrol,82593,392459,31.0,1.03,5.67,3.71,10,838
Ford,2017,6,France,Mustang Mach-E,Electric,Electric,60461,79230,96.0,1.9,1.82,3.44,2,1156
Porsche,2019,3,Mexico,Cayenne Coupe,SUV,petrol,159537,273626,3.0,1.1,1.58,11.0,10,454
Toyota,2024,1,Canada,RAV4,SUV,Hybrid,63390,572495,,1.34,2.49,4.25,9,1391
Tesla,2018,4,Brazil,Model Y LR,Electric,Electric,114217,273169,5.0,1.2,3.08,10.76,9,388
Tesla,2018,10,USA,Model Y LR,Electric,Electric,86096,124777,19.0,1.02,,4.29,9,516
Toyota,2018,3,UK,Corolla,Sedan,Hybrid,73397,269392,57.0,1.88,1.61,5.14,2,1847
Ford,2020,5,Canada,Escape,SUV,Electric,83671,342931,90.0,1.39,2.41,3.91,2,2595
Toyota,2023,6,UK,Supra,Sedan,Petrol,82781,185008,76.0,1.84,1.62,5.22,8,519
Tesla,2023,2,Japan,Model 3,Electric,Electric,115449,23003,36.0,1.6,0.87,0.07,9,1360
Porsche,2024,7,Japan,Macan EV,Electric,Electric,154046,119476,29.0,1.42,1.44,0.12,7,44
Mercedes-Benz,2017,5,Germany,EQS,Electric,Hybrid,124875,133403,34.0,1.83,1.36,2.9,6,294
Toyota,2015,5,Brazil,Yaris,Sedan,Hybrid,85996,508112,47.0,1.24,3.92,10.55,7,1308
Volkswagen,2017,12,Mexico,ID.3,Electric,Diesel,45888,241408,21.0,1.04,2.36,10.92,2,349
Mercedes-Benz,2015,3,USA,S-Class,Sedan,Electric,116212,224647,16.0,0.96,2.3,4.67,2,185
Toyota,2017,9,China,C-HR,SUV,Hybrid,70662,,61.0,1.13,6.34,3.49,6,764
Volkswagen,2015,10,India,T-Roc,SUV,Hybrid,33144,83655,84.0,0.97,7.44,6.69,6,497
Ford,2020,3,USA,Bronco,SUV,Petrol,77758,232928,21.0,1.04,2.98,4.6,5,3251
Ford,2017,2,UK,Edge,SUV,Petrol,65142,450323,16.0,1.79,1.98,5.01,4,3983
Tesla,2015,7,Japan,Model X,Electric,Electric,60381,237213,2.0,1.41,1.23,0.21,7,1239
Porsche,2015,10,Canada,Macan,SUV,Electric,121569,,3.0,1.34,1.77,4.18,5,269
Audi,2023,11,Mexico,Q7,SUV,Hybrid,113467,153665,7.0,1.1,2.37,10.98,4,1033
Ford,2023,6,France,Mustang,Sedan,petrol,,740184,,1.75,2.02,3.42,6,1903
Porshe,2019,1,India,Macan EV,Electric,Electric,84877,323598,23.0,1.01,7.28,6.29,6,497
Mercedes-Benz,2023,3,Netherlands,EQE,Electric,Hybrid,120533,266936,17.0,2.07,1.65,3.69,2,586
Tesla,2016,11,France,Model Y,Electric,Electric,53867,101569,20.0,1.73,1.85,3.33,10,
Mercedes-Benz,2022,6,Italy,GLS,SUV,Electric,78336,214212,62.0,,0.6,3.52,10,420
Volkswagen,2019,1,China,T-Roc,SUV,Petrol,67459,299529,8.0,1.12,6.5,3.44,6,633
Audi,2017,1,Germany,Q5,SUV,Electric,98648,490265,54.0,1.94,1.87,3.17,10,497
BMW,2024,3,Germany,7 Series,Sedan,Hybrid,67363,53880,269.0,1.8564957487954048,1.4752217721058274,3.2200622127036,7,607
Volkswagen,2015,7,USA,Tiguan,SUV,Petrol,61889,273263,75.0,0.98,,4.62,2,636
Tesla,2023,12,China,Model X Plaid,Electric,Electric,110936,268468,29.0,1.09,5.77,3.75,8,463
Porsche,2021,3,Italy,Cayenne,SUV,Electric,64554,258095,7.0,1.75,0.66,3.66,2,121
Volkswagen,2022,12,Mexico,Touareg,SUV,Diesel,56301,583239,68.0,1.08,2.24,11.0,7,2758
Toyota,2023,6,China,RAV4,SUV,Petrol,26517,437219,98.0,1.12,6.35,3.8,10,910
Tesla,2016,3,Netherlands,Model Y LR,Electric,Electric,83377,28454,9.0,1.97,1.69,3.45,2,1459
Tesla,2016,3,Italy,Model S Plaid,Electric,Electric,90830,261414,20.0,1.76,1.26,3.46,7,1529
Porsche,2017,6,China,Taycan,Electric,Petrol,147452,358166,2.0,1.19,5.6,3.26,1,110
TESLA,2022,4,Japan,Model 3 LR,Electric,Electric,124277,127562,26.0,1.46,1.47,0.24,6,1837
Tesla,2020,3,USA,Model X Plaid,Electric,Electric,48366,189164,7.0,0.94,2.43,4.33,2,215
Volkswagen,2022,8,India,T-Roc,SUV,Hybrid,30223,288838,84.0,1.14,7.28,6.41,10,2232
Mercedes-Benz,2018,11,Spain,EQS,Electric,Electric,36881,239447,33.0,1.8,1.5,3.7,8,422
Toyota,2024,8,Japan,Highlander,SUV,Petrol,25500,588813,71.0,1.53,0.83,0.18,8,145
Volkswagen,2021,3,UK,T-Roc,SUV,Hybrd,36202,73112,70.0,1.89,1.95,5.23,8,845
Tesla,2022,3,UK,Model 3,Electric,Electric,94929,76790,19.0,1.88,1.68,5.02,9,156
Volkswagen,2021,1,France,T-Roc,SUV,Diesel,45882,428216,14.0,1.74,2.03,3.66,4,2001
Toyota,2018,1,India,Camry,Sedan,Electric,73748,465542,88.0,1.09,7.02,6.79,10,2142
Volkswagen,2020,4,Germany,Passat,Sedan,Petrol,79997,428618,80.0,1.83,2.1,3.19,1,437
Tesla,2023,1,Australia,Model X Plaid,Electric,Electric,53945,79054,3.0,1.64,2.51,4.08,1,193
Ford,2022,1,Mexico,Edge,SUV,Electric,63704,447708,42.0,1.12,,10.9,8,1039
Frod,2017,8,India,Explorer,SUV,Hybrid,44735,238324,33.0,1.02,7.23,6.35,8,2244
Audi,2016,2,UK,A3,Sedan,Petrol,74211,95816,43.0,1.87,1.95,4.81,2,663
BMW,2015,11,Brazil,i4,Sedan,Hybrid,112239,170507,34.0,1.2651956425416162,,10.627208412198469,1,446
AUDI,2023,9,UK,Q8,SUV,Diesel,35847,327086,29.0,1.83,1.26,4.86,5,1114
Toyota,2019,9,USA,RAV4,SUV,Hybrid,19966,472543,64.0,1.05,2.12,4.55,1,130
Toyota,2018,12,Japan,Highlander,SUV,Hybrid,42974,572451,81.0,1.44,1.17,0.15,5,1509
Ford,2015,1,Netherlands,F-150 Lightning,Electric,Petrol,51748,416489,11.0,1.91,1.93,3.63,7,3272
BMW,2015,9,USA,i4,SUV,Hybrid,75734,265657,362.0,0.8835674118210344,2.937228487236452,4.612731433380488,7,836
Volkswagen,2023,9,Netherlands,Golf,Sedan,Hybrid,21585,535241,27.0,1.91,1.72,3.53,4,1556
Ford,2018,8,Canada,Edge,SUV,Hybrid,77360,592806,107.0,1.26,1.98,4.22,3,2246
Toyota,2018,11,Australia,Supra,Sedan,Petrol,61298,309854,91.0,1.52,2.51,4.07,10,922
Ford,2016,7,Netherlands,F-150,SUV,Petrol,33457,792574,12.0,1.96,2.37,3.51,4,1288
Ford,2022,3,Canada,Ranger,SUV,Petrol,40953,476931,99.0,1.24,2.26,4.2,1,147
Porsche,2016,9,Mexico,Cayenne Coupe,SUV,Petrol,111149,223413,27.0,1.18,2.31,10.71,7,96
Tesla,2017,2,Germany,Model 3 LR,Electric,Electric,51915,215251,35.0,1.84,1.48,3.16,4,716
Audi,2017,11,Canada,Q8,SUV,Hybrid,35776,525729,35.0,1.38,2.13,3.97,4,958
Tesla,2022,8,China,Model 3,Electric,Electric,48590,36150,2.0,1.1,6.09,3.6,8,1658
Toyota,2021,7,Australia,Highlander,SUV,Hybrid,84284,538661,70.0,1.68,3.11,4.01,1,1424
Volkswagen,2016,3,Australia,Touareg,SUV,Petrol,21511,72745,56.0,,3.12,4.27,2,1890
Porsche,2024,7,Spain,Cayenne Coupe,SUV,Hybrid,65405,171117,6.0,,1.26,3.66,8,231
Mercedes-Benz,2023,2,Mexico,GLE,SUV,,46376,379271,23.0,1.18,2.45,11.08,9,87
Tesla,2020,9,Japan,Model X Plaid,Electric,Electric,128711,61224,23.0,1.57,1.07,0.37,2,1436
Tesla,2018,7,Australia,Model S Plaid,Electric,Electric,87671,126375,,1.52,2.52,4.44,9,1199
Mercedes-Benz,2021,2,Spain,EQS,Electric,Electric,121422,246634,42.0,1.8,0.99,3.7,9,69
Toyota,2021,2,Italy,Supra,Sedaan,Hybrid,39094,366301,13.0,1.85,0.92,3.7,9,617
Audi,2023,3,China,Q7,SUV,Petrol,62242,519607,39.0,1.1,6.27,3.43,7,1016
Audi,2024,7,UK,TT,Sedan,Petrol,78840,478708,52.0,1.83,1.73,5.03,1,784
Audi,2018,5,usa,A3,Sedan,Hybrid,,96192,53.0,0.96,2.39,4.38,7,495
Porsche,2015,8,Canada,Macan,SUV,Hybrid,115744,316082,2.0,1.36,1.81,3.96,3,272
Ford,2023,6,USA,Escape,SUV,Electric,86271,660073,84.0,0.99,2.63,4.33,5,2321
Volkswagen,2020,2,Brazil,ID.3,Electric,Hybrid,57691,97961,52.0,1.3,3.87,10.55,1,2481
BMW,2016,9,Japan,X3,Electric,Diesel,37809,126208,57.0,1.5742408964526104,1.3531627905312829,0.3629828910690896,10,529
Volkswagen,2015,4,Brazil,ID.3,Electric,Petrol,74433,331953,41.0,1.23,3.75,10.72,9,2333
Volkswagen,2021,11,Canada,ID.4,Electric,Electric,42833,248780,79.0,1.2,2.08,4.23,3,510
BMW,2019,1,Canada,X7,Electric,Diesel,96497,438681,76.0,1.3936386855829443,2.5643582498396373,3.9839259440149344,7,369
Tesla,2024,10,Japan,Model S Plaid,Electric,Electric,128354,270915,8.0,1.58,1.3,0.29,9,1277
Volkswagen,2024,8,Mexico,Golf,Sedan,PETROL,37094,212045,39.0,1.08,1.75,10.91,2,796
BMW,2024,1,Germany,i4,Electric,Petrol,78880,189133,356.0,1.9581019588549768,2.169969159647685,2.778391406294077,7,1122
Audi,2023,4,USA,Q5,SUV,Hybrid,68310,66416,22.0,1.05,2.09,4.73,7,844
Toyota,2021,4,Brazil,Land Cruiser,SUV,Hybrid,67332,571640,44.0,1.11,3.88,10.66,4,2253
Ford,2018,9,Netherlands,F-150,SUV,Hybrid,24056,262475,37.0,1.97,2.48,3.39,9,86
Ford,2019,7,Netherlands,F-150,SUV,Electric,45523,777178,88.0,1.93,2.08,3.6,3,316
BMW,2024,12,Brazil,X7,Electric,Hybrid,118597,367188,140.0,1.12503715844051,3.48152235151255,10.270384913377436,7,281
Porsche,2016,4,Germany,Panamera Sport,Sedan,Hybrid,183484,361971,13.0,1.99,,3.16,7,122
Ford,2022,9,USA,Expedition,SUV,Hybrid,45406,719060,110.0,1.07,2.33,4.44,2,118
Mercedes-Benz,2022,1,Mexico,GLS,SUV,Electric,120877,546520,63.0,1.08,1.63,11.19,3,1174
FORD,2021,1,Brazil,F-150 Lightning,Electric,Hybrid,89881,121896,34.0,1.18,3.29,10.66,8,2879
AUDI,2017,5,USA,A6,Sedan,Diesel,38506,65278,24.0,0.93,2.17,4.56,5,899
Tesla,2023,11,China,Semi,Electric,Electric,63506,38256,,1.07,5.71,3.21,10,1503
Toyota,2019,3,China,RAV4,,Electric,87399,427553,37.0,1.14,5.68,3.63,5,1175
Toyota,2017,2,Germany,Corolla,Sedan,Electric,89190,141239,64.0,1.98,1.72,2.99,10,1988
Volkswagen,2019,4,Italy,Passat,Sedan,Hybrd,32730,466337,15.0,1.95,0.68,3.79,1,2489
Mercedes-Benz,2019,6,Australia,S-Class,Sedan,Petrol,94686,383623,15.0,1.67,2.96,4.35,1,922
Toyota,2017,10,Australia,Corolla,Sedan,Petrol,37028,519962,85.0,1.58,2.77,4.19,1,2363
Tesla,2019,4,Germany,Model Y,Electric,Electric,45156,236573,20.0,1.88,2.07,3.22,6,1653
Volkswagen,2015,10,Mexico,Polo,Sedan,Hybrid,76245,364580,42.0,1.11,1.51,11.24,5,1596
Telsla,2020,12,India,Model X Plaid,Electric,Electric,123986,263744,29.0,1.07,6.8,6.5,2,
Telsla,2023,5,Mexico,Model S Plaid,Electric,Electric,76745,281415,4.0,1.18,2.18,10.81,4,246
Audi,2020,11,Brazil,Q8,SUV,Hybrid,35930,152009,35.0,1.25,3.17,10.27,6,947
Tesla,2017,4,Spain,Model Y,Electric,Electric,67421,289350,39.0,1.75,0.91,3.36,5,1676
Toyota,2019,2,Italy,C-HR,SUV,Petrol,67358,348596,15.0,1.87,1.48,3.46,9,2759
Audi,2017,12,Mexico,Q5,SUV,Diesel,34046,504802,31.0,1.19,1.61,10.93,9,106
Porsche,2021,5,USA,718,Sedan,Petrol,66178,228236,2.0,1.01,2.46,4.75,9,279
Mercedes-Benz,2024,9,Canada,S-Class,Sedan,Electric,35028,180468,8.0,1.3,2.13,3.84,6,152
BMW,2018,4,France,i4,Sedan,Hybrid,38225,,326.0,1.8910230414583404,2.047688025964471,3.243389885154764,2,
Porsche,2018,11,UK,Macan EV,Electric,Petrol,71767,212876,,1.84,1.16,4.78,1,478
Porsche,2017,4,Canada,Panamera Sport,Sedan,Petrol,109455,389406,26.0,1.35,2.05,3.93,5,294
Ford,2021,8,France,Mustang,,Petrol,62662,298951,105.0,1.75,1.72,3.5,9,2510
Audi,2020,12,Italy,Q8,Suv,Petrol,76397,282376,53.0,1.79,0.51,3.24,4,216
Tesla,2023,3,Mexico,Model Y LR,Electric,Electric,85720,43032,26.0,1.1,1.72,10.91,2,1132
Audi,2018,8,UK,A6,Sedan,Petrol,89269,485530,47.0,1.82,1.77,4.86,7,427
Porsche,2016,10,UK,Panamera Sport,Sedan,Electric,68428,127879,9.0,1.77,1.85,4.83,8,399
Volkswagen,2023,11,USA,ID.4,Electric,Hybrid,56542,253220,28.0,1.05,2.87,4.28,5,72
Audi,2021,4,Mexico,Q5,,Diesel,43794,183398,33.0,1.15,2.18,10.99,8,298
Porsche,2023,1,Brazil,911,Sedan,,149704,276953,7.0,1.28,3.14,10.36,4,25
Porsche,2021,5,Netherlands,Panamera,Sedan,Hybrid,108862,387601,4.0,2.05,2.32,3.5,1,90
Toyota,2019,10,Netherlands,Camry,,Electric,76589,687049,79.0,1.99,2.04,3.52,2,1594
Volkswagen,2018,5,Brazil,Touareg,SUV,Electric,33794,302222,86.0,1.22,3.98,10.76,1,2046
Porsche,2017,5,Italy,Taycan,Electric,Petrol,166525,129438,4.0,1.76,0.51,3.68,3,317
Audi,2023,1,Japan,Q3,SUV,Diesel,85472,65068,43.0,1.46,1.7,0.32,1,60
Porsche,2023,12,Spain,GTS,Sedan,Petrol,114212,260096,14.0,1.68,1.3,3.39,1,298
Mercedes-Benz,2024,8,UK,C-Class,Sedan,Petrol,37172,529829,45.0,1.85,1.61,5.21,6,865
Tesla,2015,5,Spain,Model Y,electric,Electric,51187,141655,20.0,1.82,1.52,3.36,6,662
Audi,2020,11,USA,Q7,SUV,Petrol,43121,98816,53.0,0.98,2.86,4.23,8,650
Volkswagen,2018,4,Canada,T-Roc,SUV,Hybrid,36571,171189,28.0,1.2,2.02,3.87,3,2056
Toyota,2016,2,France,Supra,Sedan,Hybrid,87461,54930,63.0,,1.89,3.22,4,2340
Mercedes-Benz,2021,10,Spain,GLS,SUV,Hybrid,74259,193491,49.0,1.69,1.68,3.74,2,355
Toyota,2018,7,Canada,Highlander,SUV,Electric,43121,442936,60.0,1.24,2.5,4.28,4,334
Audi,2018,12,Canada,Q5,SUV,Diesel,91002,306349,37.0,1.39,1.95,4.19,3,845
Volkswagen,2020,10,Japan,  Tiguan  ,SUV,Diesel,53071,58006,41.0,1.4,1.65,0.32,6,2115
Volkswagen,2016,11,Netherlands,T-Roc,SUV,Hybrid,28960,584158,81.0,1.93,1.71,3.49,5,2660
BMW,2023,1,Brazil,i4,Sedan,Hybrid,48386,313312,260.0,1.253860978728268,3.8275378955668735,10.64016862833684,10,615
Toyota,2024,5,Germany,Corolla,Sedan,Hybrid,,44677,13.0,1.84,1.49,3.16,3,485
Audo,2017,8,Italy,Q5,SUV,Petrol,73498,337432,42.0,1.81,0.77,3.29,1,937
Volkswagen,2022,8,Canada,Golf,Sedan,Diesel,58887,,88.0,1.38,1.74,3.86,3,1447
Toyota,2019,2,Netherlands,Corolla,Sedan,Hybrid,73779,536490,91.0,2.06,2.07,3.72,6,956
BMW,2018,6,India,X5,SUV,Petrol,36577,316294,81.0,1.0889902177804924,6.902980178765161,6.304114708991905,3,626
Tesla,2018,3,Japan,Model 3,Electric,Electric,46296,204935,13.0,1.53,1.08,0.16,7,596
Volkswagen,2017,12,UK,Polo,Sedan,Diesel,39615,80959,,1.82,,4.86,10,2771
BMW,2021,9,UK,7 Series,SUV,DIESEL,96084,184563,197.0,1.7862876695391254,1.1811493495346803,5.10867071237899,8,430
Mercedes-Benz,2020,7,France,GLE,SUV,Electric,97719,479606,56.0,1.9,1.64,3.7,5,421
Mercedes-Benz,2023,11,Mexico,A-Class,Sedan,Electric,64000,379576,9.0,1.15,1.57,11.19,8,208
Mercedes-Benz,2021,5,Canada,GLE,SUV,Hybrid,102871,345895,28.0,1.33,2.31,4.26,3,432
Ford,2018,6,Netherlands,F-150,SUV,Electric,36605,232913,,2.1,,3.27,5,
Mercedes-Benz,2024,11,China,GLC,SUV,Hybrid,123640,432107,54.0,1.16,6.28,3.21,4,731
Audi,2017,3,China,e-tron,Electric,Electric,98390,513037,51.0,1.13,5.83,3.22,6,421
Porsche,2024,10,China,Taycan,Electric,Hybrid,170328,180072,16.0,1.03,6.43,3.51,3,133
FORD,2018,10,Netherlands,Bronco,SUV,Electric,69011,378146,38.0,2.02,2.18,3.58,5,2096
FORD,2021,11,India,F-150,SUV,Electric,62707,501892,37.0,0.96,7.34,6.72,5,2897
Tesla,2019,6,Brazil,Model S Plaid,Electric,Electric,105627,201487,19.0,1.23,,10.3,10,159
BMW,2023,10,Canada,iX,Electric,Electric,93565,464021,378.0,1.3523596382755394,1.9857835555258705,3.821933854651652,7,928
Ford,2020,9,Brazil,Ranger,SUV,Electric,22333,313222,,1.1,3.64,10.26,6,1108
Tesla,2022,8,UK,Model 3 LR,Electric,Electric,42988,18589,32.0,1.85,1.49,5.17,5,766
Ford,2021,10,Germany,Ranger,SUV,Hybrid,39412,737777,48.0,1.81,1.56,3.13,1,3066
B M W,2022,1,China,i4,SUV,Hybrid,72425,267364,169.0,1.073588150260417,5.702480560165237,3.774844088071628,7,719
Toyota,2017,10,UK,RAV4,S U V,Petrol,83328,159101,13.0,1.77,1.35,4.94,10,1783
PORSCHE,2021,3,France,Panamera,Sedan,Hybrid,83963,356878,9.0,1.88,1.99,3.31,10,117
Volkswagen,2015,10,India,Arteon,SEDAN,Petrol,49855,482198,18.0,1.11,6.98,6.28,9,2405
Volkswagen,2022,1,USA,Golf,Sedan,Electric,43345,353295,87.0,0.89,2.82,4.34,2,2298
Porsche,2015,4,India,Macan EV,Electric,Petrol,175659,145344,20.0,0.98,6.62,6.76,4,99
Toyota,2020,5,,bZ4X,Electric,Petrol,21486,256141,,1.92,2.24,3.77,1,
Volkswagen,2020,5,China,Arteon,Sedan,Electric,69377,391972,52.0,1.1,6.29,3.68,7,672
BMW,2020,6,USA,i4,Electric,Electric,45313,354606,33.0,0.9965423757497202,2.493814040456929,4.432589283273388,3,530
Tesla,2018,11,Canada,Semi,,Electric,78956,156257,5.0,1.24,2.3,4.24,8,1874
Tesla,2017,10,China,Model S,Electric,Electric,54189,246222,35.0,1.11,6.49,3.25,7,1776
Tesla,2021,5,Italy,Model X,Electric,Electric,40075,296441,24.0,1.81,0.6,3.62,8,1074
BMW,2021,12,Brazil,X5,SUV,Diesel,82315,482015,367.0,1.1363649934414202,3.832442640800422,10.327403466406963,2,1156
Audi,2016,3,Netherlands,A6,Sedan,Electric,50908,,38.0,1.94,1.83,3.75,6,686
Tesla,2015,3,China,Model X Plaid,Electric,Electric,48748,225736,23.0,1.01,5.58,3.56,6,914
Audi,2017,4,Japan,Q8,SUV,Electric,74677,256106,6.0,1.55,1.65,-0.03,9,1149
Audi,2019,6,France,A6,Sedan,Petrol,96619,478430,27.0,1.85,1.85,3.75,7,464
Toyota,2016,11,UK,Land Cruiser,SUV,Hybrid,69089,543763,75.0,1.77,1.9,4.76,5,2469
Tesla,2024,6,Spain,Model X,Electric,Electric,,121114,18.0,1.72,1.46,3.66,3,1074
Volkswagen,2021,5,France,Touareg,SUV,Diesel,22145,467735,21.0,1.83,1.8,3.42,9,1680
Porsche,2018,11,Italy,911,Sedan,PETROL,95434,305173,15.0,1.8,0.55,3.73,1,307
Porsche,2021,5,UK,GTS,Sedan,Hybrid,75106,390378,3.0,1.77,1.54,5.17,1,221
Mercedes-Benz,2024,8,USA,EQS,Electric,Electric,127796,488661,44.0,0.96,2.87,4.37,5,759
BMW,2023,4,Canada,i7,Electric,Hybrid,50511,113879,113.0,1.3384322683388263,2.003275147567596,3.760627486606388,8,309
Toyota,2019,9,Germany,Prius,Hybrid,Electric,87725,180671,27.0,1.8,1.54,3.26,4,1999
Toyota,2020,3,Netherlands,Highlander,SUV,Petrol,65355,332710,36.0,1.92,2.05,3.75,3,1284
BMW,2020,7,USA,X7,Sedan,Petrol,98656,229845,112.0,1.0114172954533396,2.5006242680704176,4.676709326694449,3,479
Porsche,2021,10,Brazil,GTS,Sedan,Hybrid,72323,241616,17.0,1.21,3.46,10.55,6,229
Porsche,2021,8,UK,Panamera Sport,Sedan,Petrol,153507,233110,18.0,1.82,,4.89,6,283
Porsche,2018,10,India,Panamera,Sedan,Hybrid,156785,330332,13.0,1.0,6.53,6.58,2,91
Toyota,2022,7,Germany,Corolla,Sedan,Electric,31537,,69.0,2.0,1.67,3.21,8,2045
Volkswagen,2022,10,Japan,Passat,Sedan,Petrol,79260,469885,16.0,1.4,0.96,0.38,7,2049
Porsche,2019,2,Italy,GTS,Sedan,Petrol,75591,345703,9.0,1.81,0.91,3.41,9,284
Audo,2020,2,Mexico,Q8,SUV,Electric,34897,323112,24.0,1.15,2.3,11.25,4,
Tesla,2016,9,Australia,Model X Plaid,Electric,Electric,101209,42669,19.0,1.53,2.54,4.15,7,447
Volkswagen,2016,8,Mexico,Touareg,SUV,ELECTRIC,62714,442612,35.0,1.08,2.34,11.07,9,2120
Audi,2019,9,China,  A3  ,Sedan,Diesel,34530,65280,25.0,1.11,6.37,3.51,2,1130
Tesla,2015,1,Germany,Model Y LR,Electric,Electric,123230,159300,19.0,1.97,1.68,3.21,2,2490
Porsche,2019,6,Japan,Macan,SUV,Petrol,164360,240586,12.0,1.44,1.64,0.37,7,484
Ford,2018,3,Italy,Ranger,SUV,Electric,22151,398756,89.0,1.91,0.99,3.7,9,3709
Mercedes-Benz,2018,3,China,A-Class,Sedan,Hybrid,100717,227925,10.0,1.1,6.33,3.79,3,368
Porshe,2018,12,Australia,Panamera Sport,Sedan,Electric,121645,160049,5.0,1.7,3.42,3.98,8,204
BMW,2024,3,Australia,3 Series,Sedan,Petrol,105610,230388,362.0,1.5648667506230751,3.150877369047194,4.269774671930801,10,1022
Audi,2017,4,UK,  Q7  ,SUV,Hybrid,106479,197786,17.0,1.79,1.81,5.19,5,1128
Porsche,2016,8,Mexico,911,Sedan,Electric,70285,265718,28.0,1.06,1.59,11.13,1,58
Tesla,2017,11,Spain,Semi,Electric,Electric,60334,104717,11.0,1.7,1.69,3.58,5,1487
Volkswagen,2015,9,Brazil,Polo,Sedan,Petrol,30704,69223,73.0,1.25,3.25,10.6,4,1595
Volkswagen,2024,3,Japan,Golf,,Petrol,75425,498402,23.0,,1.56,0.12,10,-78
Volkswagen,2019,3,Australlia,Touareg,SUV,Diesel,77424,233689,66.0,1.56,3.0,4.03,3,2121
Volkswagen,2021,5,Canada,ID.3,Electric,Petrol,71163,380793,69.0,1.36,2.21,4.19,5,2182
BMW,2022,6,India,iX,Sedan,Diesel,116463,480147,25.0,1.0947946110932187,7.112573468344819,6.724219156079807,4,244
Mercedes-Benz,2021,12,Germany,EQE,Electric,Hybrid,74000,447756,31.0,1.92,1.53,3.19,9,957
BMW,2023,4,USA,X5,Electric,Petrol,74133,126411,46.0,1.0624345096949084,2.7460448792654235,4.550021259058296,1,122
Volkswagen,2024,7,,Touareg,SUV,Electric,58918,434265,80.0,1.09,,3.59,5,2548
Audi,2019,3,China,A6,Sedan,Hybrid,34732,457163,34.0,1.17,6.46,3.65,2,663
Toyota,2021,3,Spain,Camry,Sedan,Petrol,36992,198605,65.0,1.72,0.85,3.56,1,1882
Volkswagen,2021,11,Australia,Taos,SUV,Electric,26570,415641,30.0,1.61,3.11,4.47,10,2369
Toyota,2023,10,Netherlands,Supra,Sedan,Hybrid,32570,505062,85.0,2.0,1.92,3.49,5,1642
Audi,2019,2,China,Q8,SUV,Petrol,113743,506012,5.0,1.05,5.61,3.22,6,929
Mercedes-Benz,2022,3,Netherlands,CLA,Sedan,Hybrid,37340,220077,21.0,2.0,1.89,3.39,9,
Tesla,2023,2,Spain,Model S Plaid,Electric,Electric,116939,66642,37.0,1.75,1.61,3.43,3,1992
BMW,2017,10,China,X5,Sedan,Electric,98772,385834,149.0,1.1300402184796308,5.7160381825096,3.571752772938698,2,406
Porshe,2019,12,,Cayenne Coupe,SUV,Hybrid,71566,202869,11.0,2.03,1.78,3.54,7,284
Porsche,2024,1,Germany,Cayenne,SUV,Electric,115460,379933,10.0,1.9,1.38,3.04,6,499
Mercedes-Benz,2019,11,Canada,A-Class,Sedan,Petrol,97420,290359,58.0,1.38,2.23,4.11,2,1101
Ford,2015,5,USA,Bronco,SUV,Hybrid,46155,85090,101.0,1.04,2.77,4.68,1,3740
Audi,2018,9,Netherlands,TT,Sedan,Hybrid,85850,211013,42.0,1.97,2.5,3.37,10,1170
Audi,2022,12,Mexico,Q8,SUV,Electric,92765,422225,57.0,1.03,2.33,11.27,5,966
Ford,2015,7,Netherlands,Expedition,SUV,Hybrid,39414,258870,54.0,2.08,2.59,3.77,3,null
Audi,2016,12,Australia,A3,sedan,Diesel,38569,345740,5.0,1.51,3.05,4.3,10,
BMW,2018,8,Japan,7 Series,Sedan,Hybrid,73762,243587,165.0,1.4593119824411862,0.9653261375554668,0.1609323275798944,9,
BMW,2018,3,India,i4,Electric,Diesel,38956,223501,,1.029308556464254,7.013989489159811,6.670191807644686,1,457
Tesla,2020,6,Japan,Semi,Electric,Electric,81846,69726,18.0,1.51,1.3,0.39,4,716
BMW,2017,9,Australia,7 Series,SUV,hybrid,58488,180193,139.0,1.5791940945324912,3.134582417550304,4.428748495769536,3,426
Ford,2024,6,Brazil,Mustang Mach-E,Electric,Petrol,31098,483604,54.0,1.2,3.85,10.43,7,300
BMW,2024,6,China,X1,Electric,Petrol,103694,459861,103.0,1.041137452439111,6.124663568854264,3.4291637837917377,6,527
BMW,2022,9,Germnay,X5,Electric,Electric,102567,249271,178.0,1.978534342215395,1.883041560969692,2.9528547303554986,2,554
Toyota,2023,12,Canada,Supra,Sedan,Petrol,24621,419751,98.0,1.26,2.14,4.02,3,2477
Ford,2021,3,Brazil,Explorer,SUV,Petrol,58861,537015,30.0,1.19,3.63,10.31,9,2801
Mercedes-Benz,2024,4,Germany,GLE,SUV,Hybrid,107142,396821,50.0,1.91,2.14,3.07,6,69
Toyota,2024,8,Netherlands,Camry,Sedan,Petrol,64948,342553,93.0,2.01,2.1,3.62,8,2500
Mercedes-Benz,2017,7,Netherlands,GLC,SUV,Diesel,122366,374923,,1.98,1.65,3.22,1,474
Audi,2017,2,Canada,Q3,SUV,Petrol,74146,300440,54.0,1.31,2.49,3.88,10,1069
Volkswagen,2022,7,Brazil,Tiguan,SUV,Electric,32477,400288,26.0,1.27,3.1,10.23,10,1827
Ford,2023,2,Mexico,Mustang Mach-E,Electric,Petrol,26296,301223,34.0,1.06,2.45,10.96,3,1307
Volkswagen,2018,1,Brazil,Passat,Sedan,Hybrid,75783,179852,59.0,1.19,3.84,10.74,2,1907
Tesla,2020,9,Italy,Model Y,Electric,Electric,,224888,9.0,1.85,0.65,3.26,5,1486
Volkswagen,2016,2,Spain,Arteon,Sedan,Electric,61314,580601,14.0,1.84,1.67,3.64,7,1111
Ford,2021,1,Netherlands,Explorer,SUV,,40963,259753,116.0,1.93,1.66,3.67,1,3135
Volkswagen,2024,2,USA,ID.3,Electric,Hybrid,57519,105840,47.0,0.92,2.55,4.65,7,2026
Tesla,2018,1,India,Model S Plaid,Electric,Electric,113145,274930,9.0,1.08,6.58,6.27,3,1481
Volkswagen,2017,5,India,T-Roc,SUV,Electric,41223,444010,58.0,0.96,6.8,6.44,7,885
Tesla,2015,5,Brazil,Semi,Electric,Electric,47985,206486,22.0,1.19,3.61,10.54,6,2161
BMW,2024,4,UK,X3,Electric,Hybrid,,490041,340.0,1.8295711198091484,1.9823786169086064,4.767223341300832,9,894
Audi,2016,8,Japan,e-tron,Electric,,56269,483995,22.0,1.45,1.35,0.4,6,164
Porsche,2024,2,Netherlands,Macan EV,,Hybrid,95240,291334,5.0,1.93,2.13,3.23,7,97
Ford,2018,11,Spain,Expedition,SUV,Petrol,26935,,76.0,1.69,1.5,3.55,7,3834
Mercedes-Benz,2021,6,Italy,GLE,SUV,Electric,100705,486740,22.0,1.8,0.92,3.45,8,654
Porsche,2019,2,UK,Taycan,Electric,Hybrid,118803,124825,15.0,1.91,1.75,5.21,7,460
Mercedes-Benz,2018,7,Australia,EQE,Electric,electric,97183,321354,5.0,,,4.28,1,1049
TOYOTA,2020,3,France,Corolla,Sedan,Electric,87340,406777,64.0,1.76,1.8,3.24,4,597
Volkswagen,2021,10,,Golf,Sedan,Diesel,63674,163766,55.0,1.74,1.81,3.79,6,1973
Ford,2020,8,Japan,F-150,SUV,Petrol,32469,765543,72.0,1.58,1.65,0.38,10,688
Tesla,2015,8,Germany,Model X,Electric,Electric,128178,54511,37.0,1.88,1.94,3.23,2,1320
Toyota,2016,10,Spain,RAV4,SUV,Petrol,32806,420865,10.0,1.8,1.21,3.32,2,2153
Mercedes-Benz,2020,3,Brazil,GLC,SUV,Diesel,105736,553042,39.0,1.15,3.27,10.32,10,251
Porsche,2021,9,Mexico,Cayenne Coupe,SUV,Petrol,154287,339800,9.0,1.09,1.84,10.88,1,50
Toyota,2024,7,USA,Supra,Sedan,Electric,71656,681077,89.0,0.91,2.34,4.35,8,399
Tesla,2018,9,USA,Model S Plaid,Electric,Electric,110844,134545,5.0,1.07,2.16,4.73,5,324
TOYOTA,2016,3,Canada,Corolla,Sedan,Electric,40967,585079,68.0,1.3,2.49,4.0,7,548
Porsche,2018,11,Brazil,Panamera Sport,Sedan,Electric,181104,312822,20.0,,3.1,10.32,6,395
Ford,2022,12,Spain,F-150,SUV,Petrol,40792,,69.0,1.67,1.78,3.66,2,2118
BMW,2018,4,China,X3,SUV,Diesel,91398,93539,130.0,1.1788188605066503,5.782496065972852,3.411830234960181,4,559
AUDI,2022,7,Netherlands,Q8,SUV,Petrol,114230,429606,49.0,2.09,2.47,3.59,9,694
Toyota,2023,8,France,bZ4X,Electric,Hybrid,22799,297037,70.0,1.74,1.59,3.47,5,
Tesla,2019,12,FRANCE,Cybertruck,Electric,Electric,121324,52484,11.0,1.85,1.26,3.63,6,2489
Audi,2016,4,Brazil,TT,Sedan,Diesel,44223,279019,,1.14,3.84,10.55,7,515
BMW,2023,8,Brazil,i4,SUV,Diesel,99757,348254,264.0,1.253998710619722,3.1270605126518847,10.513345956032882,1,845
Ford,2017,12,Brazil,Escape,SUV,Electric,68975,656910,85.0,1.13,3.37,10.75,3,2284
Audi,2017,11,BRAZIL,Q7,SUV,Petrol,42198,181166,47.0,1.18,3.84,10.51,1,749
Ford,2016,8,UK,Ranger,SUV,Hybrid,43248,201288,92.0,1.87,1.57,4.82,3,1489
Toyota,2022,9,Italy,Prius,Hybrid,Hybrid,87268,281120,44.0,1.93,0.92,3.77,3,1977
Tesla,2021,12,US,Cybertruck,Electric,,73821,47989,39.0,1.05,2.72,4.33,2,732
Mercedes-Benz,2017,7,China,E-Class,Sedan,Hybrid,109536,249526,29.0,1.12,5.69,3.24,3,523
Porsche,2019,8,France,718,Sedan,Hybrid,103557,192984,24.0,1.8,2.07,3.7,2,
Porsche,2016,12,USA,718,Sedan,Petrol,186190,280602,11.0,0.96,2.97,4.73,5,216
Toyota,2020,11,Canada,RAV4,SUV,Electric,37007,124454,83.0,1.39,2.05,4.29,9,1264
Mercedes-Benz,2023,9,Italy,EQS,,Hybrid,107552,182187,46.0,1.79,1.13,3.65,8,318
Audi,2018,6,Netherlands,Q7,SUV,Hybrid,62543,386949,16.0,2.05,2.17,3.54,7,302
Volkswagen,2023,4,Mexico,Polo,Sedan,Diesel,57769,149036,88.0,1.0,2.29,10.79,4,2237
Volkswagen,2019,9,India,Polo,Sedan,Hybrid,39281,377768,26.0,1.02,6.6,6.37,6,139
AUDI,2016,5,India,Q5,SUV,Hybrid,92164,357941,10.0,1.02,7.14,6.69,10,211
Toyota,2022,10,Spain,Corolla,Sedan,Petrol,19736,265316,71.0,1.72,1.6,3.75,8,430
Mercedes-Benz,2022,11,Italy,A-Class,Sedan,Diesel,101365,548742,31.0,1.85,1.43,3.51,8,644
Ford,2017,11,USA,Mustang Mach-E,Electric,Hybrid,53634,187852,67.0,0.9,2.41,4.42,9,3136
Ford,2023,11,USA,Mustang,Sedan,Petrol,55901,406142,27.0,0.91,2.0,4.45,9,2986
BMW,2020,5,Brazil,7 Series,SUV,Diesel,54880,,88.0,1.1924011607288263,3.58339179476612,10.440510850058184,9,457
Toyota,2016,2,UK,Yaris,Sedan,Hybrid,80376,518592,29.0,1.86,1.45,4.8,2,1864
Teslla,2015,1,Italy,Cybertruck,Electric,Electric,91658,153209,15.0,1.86,0.83,3.52,10,2310
Porsche,2018,5,Mexico,Cayenne,SUV,Electric,153838,,16.0,1.03,1.67,10.92,9,324
Volkswagen,2024,4,China,T-Roc,SUV,Hybrid,47089,179056,54.0,1.02,5.89,3.33,2,291
Volkswagen,2015,4,Brazil,Taos,SUV,Electric,26902,537233,44.0,1.13,3.28,10.52,3,2770
Tesla,2015,1,Spain,Model Y LR,Electric,Electric,77101,162882,1.0,1.67,1.09,3.76,8,1256
Audi,2015,11,Italy,Q7,SUV,Hybrid,83051,129642,49.0,1.8,0.64,3.49,10,1124
Porsche,2021,8,Japan,Cayenne,SUV,Electric,102055,244224,10.0,1.55,1.44,0.18,9,217
Tesla,2015,11,Germany,Model S Plaid,Electric,Electric,123143,52246,13.0,1.9,1.53,2.79,7,881
Mercedes-Benz,2023,11,Canada,GLC,SUV,Hybrid,54963,319585,0.0,1.34,1.97,3.8,6,295
Audi,2020,1,Brazil,A6,Sedan,Hybrid,79590,470058,43.0,1.11,3.59,10.6,3,173
Ford,2016,2,India,Mustang Mach-E,Electric,Electric,94955,646253,79.0,1.12,6.86,6.35,1,513
Mercedes-Benz,2022,8,Italy,E-Class,,Electric,121520,481481,50.0,1.88,1.13,3.58,4,796
Mercedes-Benz,2016,5,Germany,E-Class,Sedan,Petrol,85281,215454,12.0,,1.94,2.92,4,920
Audi,2016,2,Australia,e-tron,Electric,Electric,71980,316981,55.0,1.6,3.1,4.27,10,104
Ford,2015,5,Mexico,Edge,SUV,PETROL,90608,761222,88.0,1.16,1.68,11.0,10,1727
Mercedes-Benz,2021,1,UK,EQE,Electric,Electric,47432,361527,60.0,1.78,1.84,4.7,1,521
Volkswagen,2024,4,Netherlands,Touareg,SUV,Hybrid,40164,120114,60.0,1.98,2.13,3.58,2,1035
Audi,2017,6,Germany,Q7,SUV,Electric,80691,507833,21.0,1.95,1.31,2.7,9,987
BMW,2019,5,INDIA,i7,Electric,Diesel,49645,453964,258.0,,6.929656812738935,6.723638150290761,7,739
Audi,2016,2,Germany,Q8,SUV,Electric,71998,534488,40.0,1.95,1.43,2.82,1,199
Toyota,2015,2,Brazil,Prius,Hybrid,Petrol,60877,698668,56.0,1.19,3.79,10.68,5,2812
Ford,2015,6,Canada,Escape,SUV,Electric,25778,431557,49.0,1.28,,4.11,9,3255
Porsche,2018,8,USA,GTS,Sedan,Electric,103243,370334,17.0,0.96,2.92,4.3,7,394
Mercedes-Benz,2023,4,Japan,GLS,SUV,Electric,85819,347447,9.0,1.49,1.32,-0.09,2,913
Volkswagen,2020,11,Australia,T-Roc,SUV,Diesel,49529,358843,32.0,1.52,2.58,3.97,10,648
BMW,2018,10,China,X7,Sedan,Hybrid,98851,375897,,,6.140874744803215,3.3091280506394867,10,173
Volkswagen,2020,8,USA,ID.4,Electric,Petrol,77610,428667,69.0,0.95,2.6,4.29,4,427
Audi,2017,12,,A4,Sedan,Electric,108741,411246,10.0,1.51,1.49,0.3,4,228
Volkswagen,2022,2,australia,Tiguan,SUV,Diesel,25773,575183,52.0,1.52,2.71,4.03,10,1895
Audi,2017,7,France,A4,Sedan,Petrol,32948,266588,26.0,1.88,1.57,3.35,7,1186
Ford,2021,5,UK,Escape,SUV,Hybrid,44578,,107.0,1.83,1.24,4.99,3,1539
Toyota,2018,1,Netherlands,Highlander,SUV,Petrol,33733,629480,20.0,1.98,1.81,3.56,9,1907
BMW,2023,2,Australia,X1,Sedan,Petrol,113545,266916,75.0,1.6006834541709716,2.7063337184057925,4.168561916628845,7,375
Toyota,2020,5,China,Camry,sedan,Electric,69271,146682,11.0,1.16,6.44,3.57,9,1808
Tesla,2018,2,India,Model X,Electric,Electric,125132,51577,1.0,1.07,6.96,6.62,10,219
Tesla,2020,8,UK,Model X,Electric,Electric,86999,148499,14.0,1.88,1.45,5.02,5,2274
Tesla,2020,6,UK,Model S Plaid,Electric,Electric,110208,43475,3.0,1.78,1.77,5.16,6,422
Mercedes-Benz,2022,2,UK,GLE,SUV,Hybrid,60050,573114,8.0,1.86,1.06,5.24,8,791
Tesla,2019,6,Netherlands,Model 3 LR,Electric,Electric,59149,255395,36.0,1.95,1.66,3.25,2,580
Tesla,2024,1,China,Model X,Electric,Electric,76110,71621,27.0,1.13,6.44,3.42,9,634
Porsche,2024,8,USA,Cayenne,SUV,Hybrid,,326330,7.0,1.02,2.26,4.77,2,125
Ford,2016,1,Netherlands,F-150,SUV,Electric,67476,183943,97.0,1.98,1.77,3.76,8,1168
Porsche,2023,2,Italy,Cayenne,SUV,Electric,95749,383554,19.0,1.81,0.88,3.63,3,-250
Volkswagen,2021,2,GERMANY,Passat,Sedan,Electric,32485,52620,54.0,1.88,1.73,3.04,9,2284
BMW,2020,10,Japan,X5,Sedan,Diesel,86880,369186,64.0,,0.7502260114639737,-0.1562588987792579,9,194
Tesla,2023,12,Japan,Model Y,Electric,electric,80798,284765,36.0,1.47,1.29,-0.03,6,1762
BMW,2016,4,UK,5 Series,Electric,Diesel,61950,101012,386.0,1.865518673176232,1.2871379580845757,5.175712651420303,9,931
Toyota,2024,11,GERMANY,Yaris,Sedan,Petrol,51727,104483,52.0,1.99,1.98,3.17,5,290
Mercedes-Benz,2018,11,Germany,A-Class,SEDAN,Hybrid,58983,386162,57.0,1.85,1.91,2.94,10,1298
Volkswagen,2015,8,France,T-Roc,,Hybrid,29263,551832,35.0,1.71,2.03,3.66,1,1312
Volkswagen,2021,4,Canada,ID.4,Electric,Petrol,31005,371463,30.0,1.31,2.62,3.72,6,979
Toyota,2022,7,Germany,Prius,Hybrid,Hybrid,43330,248448,65.0,1.81,1.55,2.73,9,441
Mercedes-Benz,2017,4,,A-Class,Sedan,Electric,127072,452920,60.0,1.83,1.69,3.32,10,995
Porsche,2021,7,Italy,Macan EV,Electric,Hybrid,118774,330666,7.0,,1.29,3.63,2,367
Mercedes-Benz,2017,10,USA,GLC,SUV,Electric,90858,208488,9.0,1.01,2.55,4.4,2,569
Tesla,2024,5,USA,Semi,Electric,Electric,122215,22546,31.0,0.99,2.22,4.48,2,448
Toyota,2019,12,Australia,Prius,Hybrid,Petrol,46405,343539,69.0,1.59,2.52,4.03,8,819
Audi,2019,2,Australia,Q8,SUV,Petrol,113612,201669,16.0,1.56,2.88,4.33,7,772
Mercedes-Benz,2019,12,Italy,GLC,SUV,Electrc,38369,350585,9.0,1.91,1.27,3.59,2,1215
Volkswagen,2020,10,Canada,ID.3,Electric,Petrol,46183,347919,64.0,1.2,1.91,3.94,2,1049
Mercedes-Benz,2017,1,GERMANY,GLS,SUV,Diesel,64505,218430,7.0,1.89,1.75,2.9,7,1064
BMW,2019,10,USA,3 Series,Electric,Electric,46357,124231,,0.9017816335338706,2.7295082286523966,4.659307739394666,5,895
Toyota,2023,3,Japan,Land Cruiser,SUV,Petrol,82090,641899,81.0,1.58,1.52,-0.03,3,569
Toyota,2016,9,China,Highlander,SUV,Electric,,321557,66.0,1.16,5.58,3.25,7,154
Tesla,2022,10,Mexico,Model Y LR,Electric,Electric,106067,224965,33.0,1.09,1.51,10.86,1,962
Tesla,2018,9,France,Model S,Electric,Electric,127576,24390,,1.72,2.08,3.69,9,2356
Ford,2015,7,France,F-150 Lightning,Electric,Petrol,25081,190641,79.0,1.87,1.43,3.59,7,1645
Volkswagen,2018,12,Italy,ID.4,Electric,Electric,62943,593060,68.0,,0.98,3.26,9,2369
Porshe,2023,10,Canada,718,Sedan,Hybrid,162141,123574,3.0,1.37,2.6,4.16,7,388
Porsche,2017,11,France,Macan,SUV,Hybrid,147619,212125,27.0,1.78,1.98,3.74,7,418
Mercedes-Benz,2016,9,Germany,E-Class,Sedan,Hybrid,89426,473827,29.0,1.92,1.95,3.24,9,1146
Volkswagen,2017,5,Italy,Tiguan,SUV,Petrol,53190,208112,57.0,1.94,1.31,3.54,9,1252
Tesla,2021,3,Germany,Model S Plaid,Electric,Electric,73323,68968,36.0,1.95,1.64,2.87,1,1873
Mercedes-Benz,2023,1,Spain,CLA,Sedan,Diesel,65270,296681,20.0,1.69,1.49,3.51,7,230
Tesla,2017,1,UK,Model Y LR,Electric,Electric,99496,58726,32.0,1.87,1.33,4.99,9,428
Toyota,2023,12,India,Yaris,Sedan,Hybrid,33635,530709,13.0,0.98,7.34,6.7,9,2503
Audo,2015,3,Spain,Q3,S U V,Petrol,92579,425891,14.0,1.79,1.66,3.5,6,571
Porsche,2016,8,India,Panamera,Sedan,Hybrid,142914,386192,24.0,1.03,6.64,6.48,5,176
Audi,2023,10,Japan,A4,Sedan,Diesel,33343,92839,35.0,1.52,0.74,0.03,9,180
Porsche,2019,2,Italy,GTS,Sedan,Hybrid,88774,223545,16.0,1.89,0.7,3.48,10,209
Mercedes-Benz,2016,2,Netherlands,S-Class,Sedan,HYBRID,67961,483218,38.0,1.9,2.25,3.34,9,420
Tesla,2020,10,USA,Model Y,Electric,Electric,92371,66976,18.0,0.99,2.09,4.22,10,2186
Audi,2018,3,Japan,e-tron,Electric,Electric,70539,251918,50.0,1.47,0.96,0.25,5,409
Mercedes-Benz,2017,5,Mexico,E-Class,Sedan,Diesel,49613,460484,23.0,1.03,1.66,11.11,8,
Porsche,2015,2,Germany,Macan,SUV,Electric,196369,94351,12.0,1.85,1.34,2.86,8,83
Porsche,2020,4,India,Cayenne Coupe,S U V,Electric,127103,99829,2.0,1.02,6.92,6.23,2,110
Volkswagen,2023,4,China,ID.3,electric,Electric,53770,576674,67.0,1.02,6.11,3.71,8,1595
Porsche,2018,2,USA,Panamera,Sedan,Hybrid,147354,334925,2.0,1.02,2.87,4.4,7,227
Tesla,2021,6,US,Model Y,Electric,Electric,48293,,32.0,0.97,2.63,4.78,2,482
Ford,2018,7,Australia,F-150 Lightning,Electric,Hybrid,33099,505454,34.0,1.65,2.61,4.15,10,2844
Volkswagen,2020,1,UK,Taos,SUV,Hybrid,44424,414137,22.0,1.88,1.39,4.87,6,369
Audi,2015,3,Spain,Q7,SUV,Petrol,39260,379645,53.0,,1.06,3.74,10,128
BMW,2017,5,JAPAN,X1,SUV,Diesel,83128,119093,191.0,1.560791701510504,1.41395263250659,0.293520876630518,8,512
Volkswagen,2024,4,Mexico,Passat,Sedan,Petrol,39012,350390,,1.01,2.42,11.14,1,619
Volkswagen,2016,9,ITALY,Golf,Sedan,Hybrid,47442,207764,15.0,1.93,1.05,3.65,3,669
Volkswagen,2016,6,France,ID.3,Electric,Diesel,45250,439258,71.0,1.87,1.79,3.35,3,1108
Porsche,2019,67,Canada,GTS,,Petrol,134388,90571,29.0,1.21,2.33,3.74,6,413
Tesla,2017,3,UK,Model 3 LR,Electric,Electric,95378,225740,14.0,1.81,1.28,5.05,10,2496
BMW,2018,8,India,3 Series,SUV,Electric,74516,477991,11.0,0.9869042038712756,7.306201279793061,6.648955814230195,8,142
Toyota,2015,3,India,Yaris,Sedan,Petrol,74221,383778,43.0,1.01,6.66,6.52,10,2897
Porsche,2016,8,India,Cayenne,SUV,Electric,70860,181074,25.0,1.03,7.5,6.3,3,329
Ford,2015,6,France,Mustang,Sedan,Electric,92992,620942,36.0,1.87,1.4,3.65,7,2881
Porsche,2018,4,Italy,718,Sedan,Petrol,145911,,24.0,,1.17,3.4,3,81
B M W,2015,8,Canada,X3,Sedan,Diesel,59648,,220.0,1.321581018558689,2.280172369227333,4.020161528036127,9,724
Volkswagen,2023,10,UK,ID.4,Electric,Electric,30082,,45.0,1.91,1.34,5.22,4,
Mercedes-Benz,2019,4,USA,E-Class,Sedan,Hybrid,124288,,11.0,0.91,2.55,4.5,1,522
Toyota,2021,9,UK,Corolla,Sedan,Hybrid,67922,493308,56.0,1.87,,5.17,1,2610
Volkswagen,2015,6,USA,Touareg,SUV,Diesel,29998,473639,83.0,0.93,2.57,4.22,2,505
Teslla,2016,5,Brazil,Cybertruck,Electric,Electric,99874,288429,28.0,,3.42,10.26,8,2014
Volkswagen,2016,5,Canada,Touareg,SUV,Diesel,31377,591900,52.0,1.32,1.87,4.22,10,565
Audi,2019,7,Italy,A6,Sedan,Diesel,106234,,36.0,1.87,0.54,3.51,8,690
Ford,2023,9,France,Explorer,Suv,Petrol,69663,799564,61.0,1.76,2.02,3.21,6,3254
Audi,2020,3,Spain,e-tron,Electric,Hybrid,56675,287918,9.0,1.75,0.91,3.31,4,72
Volkswagen,2018,1,Brazil,Arteon,Sedan,Electric,21016,298030,67.0,1.2,3.08,10.37,10,2691
Audi,2021,7,Canada,Q7,SUV,Diesel,76938,359144,29.0,1.33,1.88,3.99,7,725
Ford,2023,6,Japan,Explorer,SUV,Hybrid,70051,646039,76.0,1.49,1.03,0.28,2,853
Porsche,2019,3,France,GTS,Sedan,Petrol,79048,,29.0,1.74,1.76,3.65,7,
Audi,2015,8,Japan,TT,Sedan,Petrol,61866,86192,36.0,1.57,1.5,0.19,5,165
Porsche,2024,12,UK,Cayenne Coupe,SUV,Hybrid,191141,334291,20.0,1.76,1.7,4.87,1,145
Toyota,2015,5,Canada,RAV4,SUV,Electric,20758,72008,35.0,1.34,2.28,4.08,8,1905
Porsche,2019,7,Canada,Panamera,Sedan,Hybrid,108523,177482,20.0,1.31,2.62,4.16,8,298
BMW,2019,8,UK,5 Series,,Hybrid,64320,444093,,1.8579970759431712,1.2598035810641597,5.080403421859767,2,620
Porsche,2015,11,Canada,Macan EV,Electric,Petrol,175262,378166,21.0,1.33,,4.2,1,498
Tesla,2018,6,Spain,Model X Plaid,Electric,Electric,56735,270377,28.0,1.67,0.92,3.28,9,1981
Tesla,2019,12,Germany,Model 3,Electric,Electric,69530,240808,8.0,1.92,1.36,3.03,8,886
Mercedes-Benz,2024,6,Germany,EQS,Electric,Hybrid,46214,400416,23.0,1.99,2.19,2.84,8,43
Tesla,2017,10,Spain,Cybertruck,Electric,Electric,74809,121793,12.0,1.68,0.87,3.59,1,2496
Volkswagen,2023,7,Spain,Passat,Sedan,Petrol,56687,143808,59.0,1.73,1.04,3.39,9,1919
BMW,2016,3,UK,X5,Electric,Electric,50989,,202.0,1.8178059582097403,1.9004180571633305,5.079860874363961,9,651
Mercedes-Benz,2018,9,China,CLA,Sedan,Petrol,121065,256122,22.0,1.14,5.96,3.41,5,660
Tesla,2019,8,Japan,Model X Plaid,Electric,Electric,104189,249127,24.0,1.59,1.21,0.3,1,2183
Ford,2016,5,India,  Mustang Mach-E  ,Electric,Electric,84231,760186,116.0,1.04,7.11,6.55,9,2153
Ford,2024,4,Germany,Bronco,SUV,Petrol,73750,617522,77.0,1.97,2.28,3.14,10,1915
Porsche,2022,4,Germany,911,Sedan,Petrol,121546,362806,13.0,1.96,1.31,3.28,5,140
Tesla,2016,3,Netherlands,Cybertruck,Electric,Electric,104412,118562,32.0,1.96,1.7,3.6,6,93
Tesla,2018,2,Canada,Model S,Electric,Electric,99222,249236,12.0,,2.27,4.01,4,1030
Ford,2024,11,India,F-150 Lightning,Electric,Hybrid,,688854,117.0,1.04,6.79,6.66,8,1458
BMW,2018,6,Brazil,X3,SUV,Petrol,49130,335291,200.0,1.2932095010257354,3.713046050634319,10.599831248146923,9,
Ford,2023,7,China,Mustang Mach-E,Electric,Petrol,71439,188176,67.0,1.18,6.33,3.57,5,2061
Volkswagen,2021,5,Canada,ID.4,Electric,Diesel,39604,64394,52.0,1.24,2.56,4.2,5,2360
Porsche,2017,3,France,GTS,Sedan,Hybrid,96556,174765,12.0,1.72,2.04,3.45,1,125
Volkswagen,2016,8,China,Touareg,SUV,Hybrid,66165,229637,48.0,1.17,5.7,3.68,1,2172
Porsche,2016,2,Italy,Macan,SUV,Electric,138078,265408,12.0,1.93,0.55,3.26,9,87
Volkswagen,2019,5,Australia,Taos,SUV,Hybrid,79484,398145,74.0,1.63,2.72,4.12,9,1824
Mercedes-Benz,2018,11,India,CLA,Sedan,Hybrid,102263,109351,16.0,1.0,7.24,6.21,8,1143
Volkswagen,2018,12,China,ID.3,Electric,Petrol,44316,314606,10.0,1.05,5.67,3.37,10,1147
BMW,2024,10,UK,i4,,Electric,64813,126425,177.0,1.8509591196609056,1.9670352752561464,4.731001232994776,1,570
Toyota,2019,6,China,RAV4,SUV,Petrol,85293,292586,11.0,1.02,6.39,3.63,6,132
BMW,2022,10,Japan,3 Series,SUV,Diesel,40209,288441,175.0,1.580231602098198,1.3275580800840634,0.1505885871538601,9,806
Tesla,2015,10,France,Semi,Electric,Electric,108905,60231,15.0,1.75,1.93,3.4,3,106
Porsche,2019,9,Frnce,Panamera Sport,Sedan,Hybrid,131779,244935,12.0,1.8,1.45,3.46,8,56
Volkswagen,2017,2,Canada,Arteon,Sedan,Petrol,33996,506303,36.0,1.39,2.59,4.18,8,1320
Toyota,2018,1,Spain,Land Cruiser,SUV,Petrol,65468,650902,97.0,1.83,1.61,3.41,9,745
Mercedes-Benz,2021,7,Spain,EQS,Electric,Petrol,97646,485188,32.0,1.74,1.05,3.62,10,826
Audi,2023,2,Japan,Q3,SUV,Petrol,65267,92252,33.0,1.51,1.64,0.24,5,809
Volkswagen,2017,11,China,Polo,Sedan,Hybrid,40093,237025,28.0,1.13,5.53,3.79,3,412
Toyota,2022,10,,Prius,,Hybrid,39156,222281,88.0,1.08,7.0,6.77,4,477
Mercedes-Benz,2017,1,UK,EQS,Electric,Diesel,90470,511208,7.0,1.79,1.89,4.71,9,322
Audi,2016,8,UK,Q7,SUV,Diesel,80570,426839,14.0,1.92,1.65,5.24,7,807
Ford,2015,9,Germany,Expedition,SUV,Hybrid,42485,324180,11.0,1.81,1.49,2.78,2,1065
BMW,2017,8,Canada,iX,Electric,Diesel,76081,265757,339.0,1.2003130210382946,2.655060511484989,4.192718969530136,5,879
Volkswagen,2022,1,Netherlands,Arteon,Sedan,Electric,75481,266786,33.0,2.09,1.74,3.27,7,2484
Tesla,2021,10,USA,Model Y LR,Electric,Electric,4443106,90134,12.0,0.9,2.4,4.66,4,1019
Porsche,2020,3,USA,GTS,Sedan,Electric,155181,227009,18.0,1.06,2.37,4.76,3,299
Volkswagen,2024,6,Germany,Arteon,Sedan,Electric,40871,218399,78.0,1.84,1.7,2.71,9,2450
Audi,2016,3,Netherlands,Q8,SUV,Petrol,69305,396222,7.0,,2.38,3.35,3,1034
Volkswagen,2019,10,China,Touareg,SUV,Petrol,29752,74183,21.0,1.03,6.25,3.3,5,735
Ford,2018,7,Italy,Bronco,SUV,Hybrid,80331,747575,97.0,,1.34,3.31,5,2001
Tesla,2019,7,USA,Model S,Electrc,Electric,62422,92115,39.0,0.94,2.42,4.79,6,838
Ford,2023,10,Japan,F-150,SUV,Hybrid,52077,333298,19.0,1.5,1.18,-0.18,3,missing
Toyota,2021,2,Mexico,Highlander,SUV,Electric,60398,163170,54.0,1.09,2.3,10.89,7,1141
Toyoda,2015,8,Spain,Camry,sedan,Hybrid,30667,645911,32.0,,1.61,3.26,1,770
Mercedes-Benz,2024,2,France,A-Class,Sedan,Petrol,97200,251986,53.0,1.78,1.67,3.65,5,397
Mercedes-Benz,2022,2,UK,GLS,SUV,Diesel,111995,266346,12.0,1.88,1.24,4.88,8,271
Mercedes-Benz,2015,11,Canada,GLS,SUV,Petrol,87812,,59.0,1.22,2.5,4.27,4,1140
Tesla,2018,4,Canada,Model S Plaid,Electric,Electric,60963,231007,23.0,1.26,2.24,4.18,5,108
Audi,2018,11,Canada,Q7,SUV,Diesel,101116,107083,11.0,1.3,2.29,4.01,4,1173
Audi,2022,8,USA,TT,Sedan,Diesel,54355,460562,42.0,1.01,2.71,4.45,2,1178
BMW,2021,12,China,X7,SUV,Electric,40606,65734,,1.06965109340466,5.937474922023729,3.742495216696249,8,790
Ford,2019,12,Japan,Edge,SUV,Hybrid,94256,594868,88.0,1.49,1.32,0.15,7,3058
Audi,2024,4,Italy,Q8,SUV,Hybrid,106090,147483,37.0,1.84,0.96,3.26,3,1102
Mercedes-Benz,2021,5,India,GLE,SUV,Electric,117629,444514,39.0,1.11,7.19,6.3,5,133
Volkswagen,2018,1,Australia,Polo,Sedan,Diesel,33511,200345,11.0,1.53,2.92,4.03,10,490
Audi,2015,11,Brazil,e-tron,Electric,Petrol,108513,72944,50.0,1.22,3.85,10.28,3,290
Ford,2022,9,,F-150,SUV,Petrol,51941,179233,77.0,1.73,1.19,3.74,6,235
Frod,2021,6,France,Explorer,SUV,Electric,25270,673506,,1.87,1.97,3.73,10,290
Porsche,2015,2,France,Panamera Sport,Sedan,Petrol,189397,108198,18.0,1.86,1.52,3.68,4,436
Audi,2017,5,Australia,A6,Sedan,Electric,48908,375001,41.0,1.59,3.1,4.36,5,319
Toyota,2022,11,Spain,  Yaris  ,Sedan,Electric,39373,85730,35.0,1.8,1.3,3.63,4,323
Porsche,2021,7,Australia,Cayenne,SUV,Petrol,92566,184111,21.0,1.68,2.71,4.37,8,123
Tesla,2015,1,Japan,Model Y LR,Electric,Electric,40444,,1.0,1.5,0.97,-0.11,8,612
Audi,2019,10,Mexico,e-tron,Electric,Electric,61885,263166,9.0,1.09,,11.02,1,68
Porsche,2024,10,Italy,Panamera,Sedan,Petrol,198534,173736,19.0,1.81,0.71,3.55,1,348
BMW,2015,9,USA,X3,Sedan,Hybrid,119577,252918,301.0,0.9390446285603384,2.6170665161178013,4.26830303608596,1,678
Mercedes-Benz,2023,7,Japan,GLS,SUV,Electric,,565900,14.0,1.42,0.96,-0.18,2,318
Ford,2024,3,Germany,F-150 Lightning,Electric,Electric,43602,363232,81.0,1.87,2.13,3.1,1,1618
Tesla,2021,11,Canada,Model X Plaid,Electric,Electric,83548,27788,4.0,1.29,2.64,4.25,7,1011
Toyota,2016,5,Mexico,RAV4,SUV,Electric,21503,469794,19.0,1.14,2.15,10.72,2,2544
bmw,2024,9,Australia,X5,Sedan,Diesel,65734,287474,197.0,1.53340838158019,3.11714498660403,4.374066330131267,10,
Porsche,2015,5,Canada,Panamera Sport,Sedan,Petrol,176436,184424,13.0,1.25,2.34,3.97,9,397
Tesla,2021,8,USA,Semi,electric,Electric,71402,63032,9.0,0.95,2.6,4.22,4,1300
Tesla,2021,3,Canada,Model X,Electric,Electric,113729,146114,9.0,,2.42,3.87,8,2279
Tesla,2023,2,Spain,Semi,Electric,Electric,46584,32237,,1.72,1.36,3.56,6,2242
BMW,2016,3,France,X1,Sedan,Diesel,38114,486946,246.0,,1.2229206784653877,3.7331954481592393,2,968
Volkswagen,2019,10,Spain,Golf,Sedan,Hybrid,20970,355224,36.0,1.83,1.22,3.59,9,180
Mercedes-Benz,2021,11,Mexico,EQS,Electric,Electric,47742,130371,25.0,1.03,1.75,10.74,8,1053
Audi,2023,12,Germany,Q7,SUV,Hybrid,51962,206800,55.0,1.89,2.29,2.92,8,701
BMW,2018,3,Australia,i4,Sedan,Electric,39011,449346,228.0,1.6083409624820009,2.654145043178487,4.282226891214807,4,951
Ford,2020,6,Mexico,Edge,SUV,Petrol,30564,149967,48.0,1.02,2.2,11.27,8,874
Ford,2016,1,India,F-150 Lightning,Electric,Petrol,60239,731593,53.0,1.0,6.6,6.72,6,837
Ford,2023,2,Mexico,F-150,SUV,Electric,62333,375683,32.0,1.01,1.78,10.96,7,2519
Audi,2015,2,Mexico,Q7,SUV,Diesel,77561,56737,6.0,1.06,1.69,10.85,8,255
Mercedes-Benz,2016,4,Spain,EQS,Electric,Hybrid,38040,524263,32.0,1.83,1.04,3.49,9,355
Tesla,2020,5,China,Model 3,Electric,electric,86671,125522,28.0,1.0,6.34,3.67,2,2195
Volkswagen,2016,6,Germany,Golf,Sedan,Electric,50484,550227,11.0,1.95,2.24,2.78,4,370
Ford,2018,6,Spain,F-150,SUV,Petrol,45517,382843,82.0,1.74,1.35,3.29,7,2167
Mercedes-Benz,2019,7,Brazil,E-Class,Sedan,Petrol,81338,385752,18.0,1.3,3.69,10.51,8,716
Ford,2018,3,Brazil,Mustang Mach-E,Electric,Hybrid,46933,439968,113.0,1.26,3.03,10.42,3,1427
Toyota,2022,2,Canada,C-HR,SUV,Hybrid,54420,465499,91.0,1.4,1.75,4.2,9,2137
Ford,2018,10,Japan,Mustang Mach-E,Electric,Electric,39309,370030,42.0,1.57,1.04,0.39,7,3050
Volkswagen,2024,3,Japan,T-Roc,SUV,Hybrid,,246820,56.0,1.46,1.04,0.24,7,1153
Porsche,2021,7,Canada,Cayenne,SUV,Electric,89495,289722,27.0,1.37,2.5,4.29,7,301
BMW,2024,5,Japan,X7,SUV,Hybrid,47632,405266,306.0,1.5418121038901833,0.7519712836514724,0.1247778011806422,10,947
BMW,2020,3,Japan,X3,SUV,Diesel,90565,66535,311.0,1.4993390845635892,1.4753461504031355,-0.0371543717319713,5,1051
Volkswagen,2015,5,Netherlands,ID.3,Electric,Hybrid,68375,127358,29.0,1.9,2.31,3.3,5,641
Ford,2023,9,Germany,Mustang,Sedan,Electric,80651,686065,69.0,1.83,1.98,3.17,5,2166
Tesla,2024,8,USA,Model S Plaid,Electric,Electric,50395,78590,27.0,1.04,2.76,4.64,2,1454
Toyota,2023,5,Netherlands,Yaris,Sedan,Electric,59364,229457,69.0,2.05,1.93,3.7,9,1532
Mercedes-Benz,2017,8,Spain,GLC,SUV,Petrol,42569,394310,13.0,1.79,,3.39,10,688
BMW,2019,8,Canada,iX,SUV,Hybrid,73498,249215,285.0,1.2649171659800542,2.24448909796085,3.703455196298873,3,929
Mercedes-Benz,2023,8,India,S-Class,Sedan,Electric,94277,340123,8.0,0.99,6.99,6.39,8,318
Porsche,2015,3,Spain,Taycan,Electric,Electric,152657,356073,11.0,1.65,0.83,3.27,10,44
Volkswagen,2016,1,Mexico,Touareg,SUV,Electric,57544,268400,,1.14,2.11,11.0,9,1726
Ford,2022,11,USA,Explorer,SUV,Electric,87904,99609,67.0,0.87,2.06,4.22,6,2143
Porsche,2018,10,Italy,Cayenne,SUV,Petrol,158429,251928,18.0,1.84,0.65,3.59,3,497
BMW,2015,2,Brazil,7 Series,Electric,Diesel,79462,351566,98.0,1.1208449605616695,3.2374334683748063,10.507418266527475,10,298
Porsche,2016,4,Brazil,Panamera Sport,Sedan,Petrol,185419,220183,21.0,1.16,3.24,10.69,8,489
BMW,2020,12,USA,3 Series,SUV,Diesel,114335,219957,108.0,0.8824546211763771,2.650973467150954,4.527259121644144,2,461
Volkswagen,2017,12,UK,ID.4,Electric,Hybrid,23402,570975,62.0,1.8,1.53,5.08,6,729
Mercedes-Benz,2021,6,France,EQS,Electric,Electric,47502,371531,44.0,1.75,1.49,3.77,4,269
Porsche,2024,3,UK,Cayenne Coupe,,Petrol,122347,167113,,1.93,1.84,4.81,8,337
Volkswagen,2021,2,Canada,Passat,Sedan,Diesel,28275,531723,83.0,1.37,2.38,4.16,6,2701
Ford,2018,10,Netherlands,Escape,SUV,Electric,84544,188467,27.0,2.05,2.47,3.24,3,3143
Volkswagen,2016,1,India,Tiguan,SUV,Diesel,36067,,,0.99,6.87,6.58,10,1249
Toyota,2021,2,Italy,Supra,Sedan,Hybrid,39094,366301,13.0,1.85,0.92,3.7,9,617
BMW,2015,4,USA,  X7  ,SUV,Diesel,48029,159321,217.0,0.9497009468794748,2.173201869910016,4.460310989542784,7,622
Mercedes-Benz,2015,3,China,C-Class,Sedan,Diesel,97371,483344,28.0,1.08,5.65,3.76,8,846
BMW,2018,12,Australia,X3,,Petrol,98752,486670,343.0,1.5873228379537534,3.450459170575296,4.2989733757935165,1,1116
Tesla,2024,8,India,Model X Plaid,Electric,Electric,87253,171239,18.0,0.95,6.72,6.37,5,472
Audi,2023,9,UK,A4,Sedan,Hybrid,97498,317133,5.0,1.84,1.61,5.18,9,65
Ford,2019,1,Italy,F-150,SUV,Electric,27284,378165,117.0,1.78,0.87,3.6,5,98
Audi,2019,12,Netherlands,e-tron,Electric,Hybrid,,63332,25.0,1.91,1.85,3.46,2,791
Tesla,2019,3,India,Model Y LR,Electric,Electric,96434,240098,1.0,1.1,7.45,6.55,7,2204
Tesla,2020,9,France,Model 3 LR,Electric,Electric,66661,150288,,1.89,1.76,3.46,3,1089
Mercedes-Benz,2021,6,India,E-Class,Sedan,Petrol,84958,511503,54.0,1.11,6.99,6.4,7,1099
Volkswagen,2018,3,China,ID.3,Electric,Petrol,62321,353192,79.0,1.17,6.07,3.28,2,1367
Volkswagen,2024,7,Canada,Polo,Sedan,Petrol,67014,108677,73.0,1.24,1.99,3.91,1,1745
Mercedes-Benz,2017,10,Netherlands,C-Class,Sedan,Diesel,52811,,18.0,2.05,2.52,3.71,1,20
BMW,2017,5,USA,X5,Sedan,Petrol,108984,210212,241.0,1.0482286227396145,2.969878826707639,4.225895947170345,8,472
Ford,2018,5,India,Mustang Mach-E,Electric,Petrol,50313,548051,72.0,1.13,6.95,6.7,1,1242
Porsche,2024,4,Mexico,Cayenne Coupe,SUV,Hybrid,122503,275741,28.0,1.18,2.22,10.88,3,370
Mercedes-Benz,2024,10,,CLA,Sedan,Diesel,129865,187119,48.0,1.84,1.01,4.71,9,503
Tesla,2023,10,Australia,Model Y,Electric,Electric,47598,179588,39.0,1.53,3.05,3.97,8,1412
Toyota,2016,3,Germnay,bZ4X,Electric,Petrol,89508,539249,71.0,1.81,1.86,2.85,4,1245
Mercedes-Benz,2016,4,Japan,CLA,Sedan,Hybrid,34609,417328,41.0,1.57,0.93,-0.19,5,228
Audi,2023,3,Brazil,Q8,SUV,,73795,474528,50.0,1.28,3.93,10.5,8,746
Audo,2021,11,Netherlands,Q5,SUV,Hybrid,105836,506283,36.0,2.07,2.34,3.6,4,923
Volkswagen,2016,8,France,Passat,Sedan,Diesel,66093,72140,34.0,1.82,2.02,3.31,8,644
Volkswagen,2015,11,Netherlands,Touareg,SUV,Hybrid,42043,393987,77.0,2.06,2.2,3.49,1,747
Tesla,2018,9,Japan,Model Y,Electric,Electric,55068,148431,16.0,1.46,1.64,0.19,10,1230
BMW,2022,4,Germany,X1,Sedan,Petrol,106947,444890,383.0,1.9298420604232127,1.418817916268072,2.7705157480662628,9,849
Toyota,2015,2,Brazil,Highlander,SUV,Hybrid,30012,204812,22.0,1.22,3.23,10.29,6,2402
Ford,2021,8,Spain,F-150 Lightning,Electric,Petrol,56560,246713,62.0,1.81,1.62,3.22,5,
bmw,2018,7,Australia,X1,Electric,Diesel,98965,417371,226.0,1.5236329655243313,3.314468482588936,4.11911286486404,2,551
Audi,2021,6,Australia,Q7,SUV,Hybrid,72118,219186,13.0,1.68,3.33,4.32,1,306
Mercedes-Benz,2016,4,China,S-Class,Sedan,Hybrid,111359,434154,38.0,1.13,5.91,3.28,5,915
Mercedes-Benz,2019,9,Canada,GLE,SUV,Diesel,103286,120260,41.0,1.36,1.87,3.93,8,379
Toyota,2022,10,Brazil,Corolla,Sedan,Petrol,40469,563617,53.0,,3.88,10.4,10,469
Ford,2015,7,Netherlands,Expedition,SUV,Hybrid,39414,258870,54.0,2.08,2.59,3.77,3,2342
Mercedes-Benz,2017,4,USA,GLC,SUV,Diesel,110733,274722,25.0,1.0,2.48,4.53,1,320
Ford,2021,11,Mexico,Mustang Mach-E,Electric,Petrol,92259,81703,29.0,1.14,2.12,10.9,10,1557
Tesla,2020,3,Brazil,Semi,Electric,Electric,123500,294956,18.0,1.27,3.83,10.33,10,1425
BMW,2021,2,Australia,X7,Sedan,Hybrid,84178,,187.0,1.5598791176743363,3.192532431537108,4.030661077644873,8,401
Volkswagen,2015,5,Mexico,Taos,SUV,Hybrid,41985,321574,60.0,1.18,1.75,10.85,10,118
BMW,2024,4,Canada,7 Series,Electric,Electric,39837,233500,48.0,1.2013904261062385,2.5180147659224934,4.216438349953806,6,429
Porsche,2019,4,Italy,Panamera,Sedan,Petrol,117844,184483,27.0,1.82,0.82,3.74,7,96
BMW,2016,8,Canada,7 Series,Sedan,Petrol,45345,274866,398.0,1.3269342546507883,2.684110319036498,4.100751999282176,8,916
Porsche,2022,6,Brazil,Macan,SUV,Petrol,191759,345739,23.0,1.25,3.81,10.57,8,56
BMW,2016,7,India,X1,SUV,Diesel,43320,189681,227.0,1.0051535136502714,6.624820813966848,6.676526397529643,4,641
Porsche,2020,7,Germany,GTS,Sedan,Electric,,308535,12.0,1.92,1.3,3.06,2,407
BMW,2018,7,Canada,i4,Electric,Electric,35786,266398,246.0,1.274188201631553,2.5167794665056364,3.808968380653962,9,575
Porsche,2023,4,Germany,Macan EV,Electric,Petrol,176336,288601,2.0,1.9,2.27,3.25,7,472
Porsche,2020,7,China,911,Sedan,Hybrid,125403,329215,8.0,1.06,6.46,3.31,8,201
Porsche,2015,11,Australia,Panamera Sport,Sedan,Electric,101119,102969,6.0,1.65,2.68,4.2,5,52
Volkswagen,2023,9,Netherlands,Golf,Sedan,Hybrid,21585,535241,27.0,1.91,1.72,3.53,4,1556
Toyota,2022,10,Mexico,Yaris,Sedan,Electric,48053,261486,41.0,1.07,1.66,10.8,6,319
Ford,2021,4,France,Edge,SUV,Petrol,75431,708382,63.0,1.89,1.91,3.73,9,1851
AUDI,2019,4,Brazil,Q3,SUV,Electric,61460,541361,13.0,1.3,3.09,10.64,1,716
Mercedes-Benz,2022,6,Germany,S-Class,Sedan,Diesel,118217,222990,44.0,1.87,1.69,2.86,1,441
Ford,2021,8,,Mustang,Sedan,Hybrid,55034,116334,78.0,1.84,1.72,3.52,7,452
Ford,2021,3,Japan,Explorer,SUV,Hybrid,77109,616693,20.0,1.42,1.06,0.13,8,2476
Toyota,2017,2,Australia,Camry,Sedan,Electric,51584,420007,59.0,1.56,3.05,4.46,4,2882
Porsche,2019,11,China,  Panamera Sport  ,Sedan,Hybrid,193397,107322,24.0,1.14,5.88,3.38,9,446
Audi,2017,8,Canada,Q8,SUV,Electric,56952,337819,12.0,,2.03,4.05,1,944
Mercedes-Benz,2015,11,Canada,GLS,SUV,Petrol,87812,,59.0,1.22,2.5,4.27,4,1140
Porsche,2021,6,China,Macan EV,Electric,Petrol,192028,343345,27.0,1.02,6.36,3.74,8,343
Toyota,2016,8,UK,Supra,Sedan,Hybrid,66440,368308,74.0,1.79,1.22,4.9,3,2481
Mercedes-Benz,2021,7,Italy,GLC,SUV,Petrol,92311,426389,24.0,1.9,1.45,3.73,6,1105
Toyota,2016,8,France,RAV4,SUV,Petrol,66205,500259,93.0,1.85,1.39,3.47,6,2651
Toyota,2016,9,Brazil,Corolla,Sedan,Electric,62914,288666,16.0,1.27,3.59,10.37,3,1233
Porsche,2021,2,Netherlands,Macan,SUV,Electric,136619,210707,23.0,,1.69,3.68,8,465
Audi,2024,6,Germany,A4,Sedan,Hybrid,51041,133071,37.0,1.92,2.02,2.91,6,1082
Audi,2019,4,Germany,Q5,SUV,Diesel,109684,136546,6.0,1.98,2.1,3.16,8,554
Porsche,2024,9,,Taycan,Electric,Petrol,145705,100341,24.0,2.05,2.23,3.47,6,90
Porsche,2024,5,Mexico,Panamera,Sedan,Hybrid,134308,240453,7.0,1.13,2.37,11.21,4,217
Porsche,2021,11,Japan,GTS,Sedan,Electric,111846,281719,15.0,1.45,1.44,0.18,7,262
Tesla,2023,8,Italy,Model S,Electric,Electric,,60229,14.0,1.92,1.25,3.24,5,844
Toyota,2021,4,Brazil,Highlander,SUV,Hybrid,56444,563992,34.0,1.15,3.56,10.77,5,1548
Porsche,2015,8,China,911,Sedan,Petrol,89093,210805,3.0,1.11,5.98,3.6,4,294
Porsche,2019,5,India,Panamera,Sedan,Petrol,118279,,8.0,1.14,7.39,6.72,4,
Porsche,2024,2,Australia,Macan,,Electric,154624,111016,12.0,1.63,3.35,4.26,8,151
Toyota,2021,9,France,C-HR,SUV,Electric,51454,677379,36.0,1.89,1.31,3.54,8,708
BMW,2020,6,India,X5,SUV,Diesel,103689,161825,11.0,0.990403133680498,7.483521472715222,6.284426916829255,10,92
Mercedes-Benz,2023,12,Germany,S-Class,Sedan,Electric,56393,186126,9.0,1.88,1.86,2.87,4,259
Volkswagen,2023,10,Spain,Polo,Sedan,Diesel,43350,181619,69.0,1.83,1.01,3.68,8,1804
Tesla,2020,12,India,Model X Plaid,Electric,Electric,123986,263744,29.0,1.07,6.8,6.5,2,
Tesla,2019,11,China,Cybertruck,Electric,Electric,102103,27573,32.0,1.13,5.64,3.37,9,136
Volkswagen,2022,5,Mexico,ID.4,Electric,Electric,61764,94128,79.0,1.14,2.42,10.97,2,1527
Porsche,2023,11,Australia,GTS,Sedan,Hybrid,63463,113749,14.0,1.53,2.91,4.02,2,135
Ford,2024,6,Canada,Edge,SUV,Electric,69354,469015,77.0,1.32,2.57,3.79,1,3556
Mercedes-Benz,2016,1,Mexico,GLE,SUV,Hybrid,120600,526684,32.0,1.09,2.12,11.18,3,972
Tesla,2022,4,Spain,Model S,Electric,Electric,105763,189334,4.0,1.8,,3.64,10,790
Mercedes-Benz,2021,4,China,EQS,Electric,Diesel,70626,263018,43.0,1.03,6.35,3.72,10,653
Volkswagen,2016,11,Germany,Golf,Sedan,Hybrid,24688,218548,88.0,1.97,1.72,2.79,2,1374
Audi,2024,4,Spain,e-tron,Electric,Diesel,74321,482198,26.0,1.73,1.66,3.39,5,897
Audi,2017,5,China,Q7,SUV,Electric,68564,312129,38.0,1.11,5.95,3.69,2,964
Tesla,2016,8,Netherlands,Cybertruck,Electric,Electric,,271947,5.0,1.95,1.69,3.22,8,2112
